Coverage	Set up job	﻿2026-02-20T20:29:32.5526881Z Current runner version: '2.331.0'
Coverage	Set up job	2026-02-20T20:29:32.5551518Z ##[group]Runner Image Provisioner
Coverage	Set up job	2026-02-20T20:29:32.5552421Z Hosted Compute Agent
Coverage	Set up job	2026-02-20T20:29:32.5553293Z Version: 20260123.484
Coverage	Set up job	2026-02-20T20:29:32.5553926Z Commit: 6bd6555ca37d84114959e1c76d2c01448ff61c5d
Coverage	Set up job	2026-02-20T20:29:32.5554690Z Build Date: 2026-01-23T19:41:17Z
Coverage	Set up job	2026-02-20T20:29:32.5555303Z Worker ID: {3e24d7ce-b3a4-419e-91cf-dd6f38acf5bc}
Coverage	Set up job	2026-02-20T20:29:32.5556006Z Azure Region: westus
Coverage	Set up job	2026-02-20T20:29:32.5556583Z ##[endgroup]
Coverage	Set up job	2026-02-20T20:29:32.5557971Z ##[group]Operating System
Coverage	Set up job	2026-02-20T20:29:32.5558569Z Ubuntu
Coverage	Set up job	2026-02-20T20:29:32.5559048Z 24.04.3
Coverage	Set up job	2026-02-20T20:29:32.5559515Z LTS
Coverage	Set up job	2026-02-20T20:29:32.5559969Z ##[endgroup]
Coverage	Set up job	2026-02-20T20:29:32.5560502Z ##[group]Runner Image
Coverage	Set up job	2026-02-20T20:29:32.5561020Z Image: ubuntu-24.04
Coverage	Set up job	2026-02-20T20:29:32.5561528Z Version: 20260201.15.1
Coverage	Set up job	2026-02-20T20:29:32.5562574Z Included Software: https://github.com/actions/runner-images/blob/ubuntu24/20260201.15/images/ubuntu/Ubuntu2404-Readme.md
Coverage	Set up job	2026-02-20T20:29:32.5564364Z Image Release: https://github.com/actions/runner-images/releases/tag/ubuntu24%2F20260201.15
Coverage	Set up job	2026-02-20T20:29:32.5565316Z ##[endgroup]
Coverage	Set up job	2026-02-20T20:29:32.5566375Z ##[group]GITHUB_TOKEN Permissions
Coverage	Set up job	2026-02-20T20:29:32.5568365Z Checks: write
Coverage	Set up job	2026-02-20T20:29:32.5569017Z Contents: read
Coverage	Set up job	2026-02-20T20:29:32.5569472Z Metadata: read
Coverage	Set up job	2026-02-20T20:29:32.5569971Z ##[endgroup]
Coverage	Set up job	2026-02-20T20:29:32.5572125Z Secret source: Actions
Coverage	Set up job	2026-02-20T20:29:32.5572823Z Prepare workflow directory
Coverage	Set up job	2026-02-20T20:29:32.5982517Z Prepare all required actions
Coverage	Set up job	2026-02-20T20:29:32.6020394Z Getting action download info
Coverage	Set up job	2026-02-20T20:29:33.1316954Z Download action repository 'actions/checkout@v4' (SHA:34e114876b0b11c390a56381ad16ebd13914f8d5)
Coverage	Set up job	2026-02-20T20:29:33.2246458Z Download action repository 'dtolnay/rust-toolchain@nightly' (SHA:0f1b44df7e9cbb178d781a242338dfa5e243ad7f)
Coverage	Set up job	2026-02-20T20:29:33.5905972Z Download action repository 'Swatinem/rust-cache@v2' (SHA:779680da715d629ac1d338a641029a2f4372abb5)
Coverage	Set up job	2026-02-20T20:29:34.1940261Z Download action repository 'taiki-e/install-action@cargo-llvm-cov' (SHA:bfb23b8b9788713603d1b9344203cd17d846a776)
Coverage	Set up job	2026-02-20T20:29:34.7314276Z Download action repository 'codecov/codecov-action@v4' (SHA:b9fd7d16f6d7d1b5d2bec1a2887e65ceed900238)
Coverage	Set up job	2026-02-20T20:29:35.4256421Z Complete job name: Coverage
Coverage	Initialize containers	﻿2026-02-20T20:29:35.4747297Z ##[group]Checking docker version
Coverage	Initialize containers	2026-02-20T20:29:35.4760353Z ##[command]/usr/bin/docker version --format '{{.Server.APIVersion}}'
Coverage	Initialize containers	2026-02-20T20:29:35.5535037Z '1.48'
Coverage	Initialize containers	2026-02-20T20:29:35.5547051Z Docker daemon API version: '1.48'
Coverage	Initialize containers	2026-02-20T20:29:35.5548175Z ##[command]/usr/bin/docker version --format '{{.Client.APIVersion}}'
Coverage	Initialize containers	2026-02-20T20:29:35.5713181Z '1.48'
Coverage	Initialize containers	2026-02-20T20:29:35.5726286Z Docker client API version: '1.48'
Coverage	Initialize containers	2026-02-20T20:29:35.5732131Z ##[endgroup]
Coverage	Initialize containers	2026-02-20T20:29:35.5735430Z ##[group]Clean up resources from previous jobs
Coverage	Initialize containers	2026-02-20T20:29:35.5741747Z ##[command]/usr/bin/docker ps --all --quiet --no-trunc --filter "label=ae61b3"
Coverage	Initialize containers	2026-02-20T20:29:35.5882759Z ##[command]/usr/bin/docker network prune --force --filter "label=ae61b3"
Coverage	Initialize containers	2026-02-20T20:29:35.6017633Z ##[endgroup]
Coverage	Initialize containers	2026-02-20T20:29:35.6018449Z ##[group]Create local container network
Coverage	Initialize containers	2026-02-20T20:29:35.6029873Z ##[command]/usr/bin/docker network create --label ae61b3 github_network_f0143026daf24d609252de54623a6931
Coverage	Initialize containers	2026-02-20T20:29:35.6606868Z 6db879398ce1dfa7d00b132352e11ce43c1f91eb38ead6f7ce810327a267942a
Coverage	Initialize containers	2026-02-20T20:29:35.6629479Z ##[endgroup]
Coverage	Initialize containers	2026-02-20T20:29:35.6654021Z ##[group]Starting job container
Coverage	Initialize containers	2026-02-20T20:29:35.6678576Z ##[command]/usr/bin/docker --config /home/runner/work/_temp/.docker_f5b2efd3-aa78-4a4d-8e30-f43ab1a23d97 login ghcr.io -u lexoliu --password-stdin
Coverage	Initialize containers	2026-02-20T20:29:36.1981544Z ##[command]/usr/bin/docker --config /home/runner/work/_temp/.docker_f5b2efd3-aa78-4a4d-8e30-f43ab1a23d97 pull ghcr.io/catthehacker/ubuntu:full-latest
Coverage	Initialize containers	2026-02-20T20:29:36.8904393Z full-latest: Pulling from catthehacker/ubuntu
Coverage	Initialize containers	2026-02-20T20:29:37.0581087Z 9b806dfdaed9: Pulling fs layer
Coverage	Initialize containers	2026-02-20T20:29:37.0582086Z 1dde18305acb: Pulling fs layer
Coverage	Initialize containers	2026-02-20T20:29:37.0583600Z 6df4edeb4397: Pulling fs layer
Coverage	Initialize containers	2026-02-20T20:29:37.0584143Z 25f9251537f4: Pulling fs layer
Coverage	Initialize containers	2026-02-20T20:29:37.0584826Z cbdccf58eb85: Pulling fs layer
Coverage	Initialize containers	2026-02-20T20:29:37.0585391Z bde644ad596d: Pulling fs layer
Coverage	Initialize containers	2026-02-20T20:29:37.0586024Z 994221bc8b7c: Pulling fs layer
Coverage	Initialize containers	2026-02-20T20:29:37.0586769Z e904d24dad07: Pulling fs layer
Coverage	Initialize containers	2026-02-20T20:29:37.0587298Z eb1f0bb8861d: Pulling fs layer
Coverage	Initialize containers	2026-02-20T20:29:37.0588165Z 076b7ce4610e: Pulling fs layer
Coverage	Initialize containers	2026-02-20T20:29:37.0588789Z 52aa22a86b4b: Pulling fs layer
Coverage	Initialize containers	2026-02-20T20:29:37.0589518Z ffdee555c486: Pulling fs layer
Coverage	Initialize containers	2026-02-20T20:29:37.0590043Z 79d252bf7787: Pulling fs layer
Coverage	Initialize containers	2026-02-20T20:29:37.0591288Z a2c714f6e069: Pulling fs layer
Coverage	Initialize containers	2026-02-20T20:29:37.0592063Z 9304117cb56e: Pulling fs layer
Coverage	Initialize containers	2026-02-20T20:29:37.0592538Z b9cfa9f6fbbc: Pulling fs layer
Coverage	Initialize containers	2026-02-20T20:29:37.0593131Z 172b577f6339: Pulling fs layer
Coverage	Initialize containers	2026-02-20T20:29:37.0593488Z 64fdaaa7fb94: Pulling fs layer
Coverage	Initialize containers	2026-02-20T20:29:37.0593885Z cbdccf58eb85: Waiting
Coverage	Initialize containers	2026-02-20T20:29:37.0594205Z bde644ad596d: Waiting
Coverage	Initialize containers	2026-02-20T20:29:37.0594597Z 994221bc8b7c: Waiting
Coverage	Initialize containers	2026-02-20T20:29:37.0594996Z e904d24dad07: Waiting
Coverage	Initialize containers	2026-02-20T20:29:37.0595281Z a2c714f6e069: Waiting
Coverage	Initialize containers	2026-02-20T20:29:37.0595743Z 9304117cb56e: Waiting
Coverage	Initialize containers	2026-02-20T20:29:37.0596013Z eb1f0bb8861d: Waiting
Coverage	Initialize containers	2026-02-20T20:29:37.0596354Z b9cfa9f6fbbc: Waiting
Coverage	Initialize containers	2026-02-20T20:29:37.0596754Z 172b577f6339: Waiting
Coverage	Initialize containers	2026-02-20T20:29:37.0597098Z 076b7ce4610e: Waiting
Coverage	Initialize containers	2026-02-20T20:29:37.0597485Z 64fdaaa7fb94: Waiting
Coverage	Initialize containers	2026-02-20T20:29:37.0597879Z 25f9251537f4: Waiting
Coverage	Initialize containers	2026-02-20T20:29:37.0598228Z 52aa22a86b4b: Waiting
Coverage	Initialize containers	2026-02-20T20:29:37.0598519Z 79d252bf7787: Waiting
Coverage	Initialize containers	2026-02-20T20:29:37.0598880Z ffdee555c486: Waiting
Coverage	Initialize containers	2026-02-20T20:29:52.0102107Z 1dde18305acb: Verifying Checksum
Coverage	Initialize containers	2026-02-20T20:29:52.0106898Z 1dde18305acb: Download complete
Coverage	Initialize containers	2026-02-20T20:30:02.6188034Z 6df4edeb4397: Verifying Checksum
Coverage	Initialize containers	2026-02-20T20:30:02.6188961Z 6df4edeb4397: Download complete
Coverage	Initialize containers	2026-02-20T20:30:06.7607454Z 9b806dfdaed9: Verifying Checksum
Coverage	Initialize containers	2026-02-20T20:30:06.7609770Z 9b806dfdaed9: Download complete
Coverage	Initialize containers	2026-02-20T20:30:08.1227815Z bde644ad596d: Verifying Checksum
Coverage	Initialize containers	2026-02-20T20:30:08.1228904Z bde644ad596d: Download complete
Coverage	Initialize containers	2026-02-20T20:30:12.0233249Z 994221bc8b7c: Download complete
Coverage	Initialize containers	2026-02-20T20:30:14.3231890Z 25f9251537f4: Verifying Checksum
Coverage	Initialize containers	2026-02-20T20:30:14.3233182Z 25f9251537f4: Download complete
Coverage	Initialize containers	2026-02-20T20:30:14.4971248Z eb1f0bb8861d: Download complete
Coverage	Initialize containers	2026-02-20T20:30:16.3873828Z 076b7ce4610e: Verifying Checksum
Coverage	Initialize containers	2026-02-20T20:30:16.3874995Z 076b7ce4610e: Download complete
Coverage	Initialize containers	2026-02-20T20:30:17.5007736Z e904d24dad07: Verifying Checksum
Coverage	Initialize containers	2026-02-20T20:30:17.5013231Z e904d24dad07: Download complete
Coverage	Initialize containers	2026-02-20T20:30:18.7577706Z cbdccf58eb85: Verifying Checksum
Coverage	Initialize containers	2026-02-20T20:30:18.7578980Z cbdccf58eb85: Download complete
Coverage	Initialize containers	2026-02-20T20:30:19.4231040Z ffdee555c486: Verifying Checksum
Coverage	Initialize containers	2026-02-20T20:30:19.4232232Z ffdee555c486: Download complete
Coverage	Initialize containers	2026-02-20T20:30:19.8227794Z 79d252bf7787: Verifying Checksum
Coverage	Initialize containers	2026-02-20T20:30:19.8237477Z 79d252bf7787: Download complete
Coverage	Initialize containers	2026-02-20T20:30:20.8864441Z 52aa22a86b4b: Verifying Checksum
Coverage	Initialize containers	2026-02-20T20:30:20.8865945Z 52aa22a86b4b: Download complete
Coverage	Initialize containers	2026-02-20T20:30:23.8347795Z b9cfa9f6fbbc: Verifying Checksum
Coverage	Initialize containers	2026-02-20T20:30:23.8348739Z b9cfa9f6fbbc: Download complete
Coverage	Initialize containers	2026-02-20T20:30:35.3219614Z 9304117cb56e: Verifying Checksum
Coverage	Initialize containers	2026-02-20T20:30:35.3230665Z 9304117cb56e: Download complete
Coverage	Initialize containers	2026-02-20T20:30:38.7653151Z 64fdaaa7fb94: Verifying Checksum
Coverage	Initialize containers	2026-02-20T20:30:38.7653988Z 64fdaaa7fb94: Download complete
Coverage	Initialize containers	2026-02-20T20:30:53.7526047Z 172b577f6339: Verifying Checksum
Coverage	Initialize containers	2026-02-20T20:30:53.7526759Z 172b577f6339: Download complete
Coverage	Initialize containers	2026-02-20T20:31:09.6595555Z a2c714f6e069: Verifying Checksum
Coverage	Initialize containers	2026-02-20T20:31:09.6596176Z a2c714f6e069: Download complete
Coverage	Initialize containers	2026-02-20T20:31:21.1730885Z 9b806dfdaed9: Pull complete
Coverage	Initialize containers	2026-02-20T20:32:07.1652125Z 1dde18305acb: Pull complete
Coverage	Initialize containers	2026-02-20T20:32:45.7273044Z 6df4edeb4397: Pull complete
Coverage	Initialize containers	2026-02-20T20:33:20.5689660Z 25f9251537f4: Pull complete
Coverage	Initialize containers	2026-02-20T20:33:40.1742385Z cbdccf58eb85: Pull complete
Coverage	Initialize containers	2026-02-20T20:33:53.1211394Z bde644ad596d: Pull complete
Coverage	Initialize containers	2026-02-20T20:34:12.1737807Z 994221bc8b7c: Pull complete
Coverage	Initialize containers	2026-02-20T20:34:22.2820481Z e904d24dad07: Pull complete
Coverage	Initialize containers	2026-02-20T20:34:22.2933059Z eb1f0bb8861d: Pull complete
Coverage	Initialize containers	2026-02-20T20:34:23.6682722Z 076b7ce4610e: Pull complete
Coverage	Initialize containers	2026-02-20T20:34:32.4585280Z 52aa22a86b4b: Pull complete
Coverage	Initialize containers	2026-02-20T20:34:37.1698045Z ffdee555c486: Pull complete
Coverage	Initialize containers	2026-02-20T20:34:41.4346366Z 79d252bf7787: Pull complete
Coverage	Initialize containers	2026-02-20T20:36:33.4321485Z a2c714f6e069: Pull complete
Coverage	Initialize containers	2026-02-20T20:36:56.9356847Z 9304117cb56e: Pull complete
Coverage	Initialize containers	2026-02-20T20:37:04.4378295Z b9cfa9f6fbbc: Pull complete
Coverage	Initialize containers	2026-02-20T20:38:23.8230106Z 172b577f6339: Pull complete
Coverage	Initialize containers	2026-02-20T20:38:27.9815500Z 64fdaaa7fb94: Pull complete
Coverage	Initialize containers	2026-02-20T20:38:27.9860916Z Digest: sha256:9327301aea27f88258ad7f16ebf83eb772cc97ac831542ce90264b776833474d
Coverage	Initialize containers	2026-02-20T20:38:27.9873430Z Status: Downloaded newer image for ghcr.io/catthehacker/ubuntu:full-latest
Coverage	Initialize containers	2026-02-20T20:38:27.9885999Z ghcr.io/catthehacker/ubuntu:full-latest
Coverage	Initialize containers	2026-02-20T20:38:27.9970777Z ##[command]/usr/bin/docker create --name 283f1a6f582b4087a00e7a9c00b4c9fd_ghcriocatthehackerubuntufulllatest_656b62 --label ae61b3 --workdir /__w/waterkit/waterkit --network github_network_f0143026daf24d609252de54623a6931  -e "HOME=/github/home" -e GITHUB_ACTIONS=true -e CI=true -v "/var/run/docker.sock":"/var/run/docker.sock" -v "/home/runner/work":"/__w" -v "/home/runner/actions-runner/cached/externals":"/__e":ro -v "/home/runner/work/_temp":"/__w/_temp" -v "/home/runner/work/_actions":"/__w/_actions" -v "/opt/hostedtoolcache":"/__t" -v "/home/runner/work/_temp/_github_home":"/github/home" -v "/home/runner/work/_temp/_github_workflow":"/github/workflow" --entrypoint "tail" ghcr.io/catthehacker/ubuntu:full-latest "-f" "/dev/null"
Coverage	Initialize containers	2026-02-20T20:38:28.0246255Z 041b39830a362228a4a89531eacd49d84d1b31681cd4ea8c5e7e8885c0f6fdbf
Coverage	Initialize containers	2026-02-20T20:38:28.0268889Z ##[command]/usr/bin/docker start 041b39830a362228a4a89531eacd49d84d1b31681cd4ea8c5e7e8885c0f6fdbf
Coverage	Initialize containers	2026-02-20T20:38:28.1998205Z 041b39830a362228a4a89531eacd49d84d1b31681cd4ea8c5e7e8885c0f6fdbf
Coverage	Initialize containers	2026-02-20T20:38:28.2024125Z ##[command]/usr/bin/docker ps --all --filter id=041b39830a362228a4a89531eacd49d84d1b31681cd4ea8c5e7e8885c0f6fdbf --filter status=running --no-trunc --format "{{.ID}} {{.Status}}"
Coverage	Initialize containers	2026-02-20T20:38:28.2139576Z 041b39830a362228a4a89531eacd49d84d1b31681cd4ea8c5e7e8885c0f6fdbf Up Less than a second
Coverage	Initialize containers	2026-02-20T20:38:28.2159439Z ##[command]/usr/bin/docker inspect --format "{{range .Config.Env}}{{println .}}{{end}}" 041b39830a362228a4a89531eacd49d84d1b31681cd4ea8c5e7e8885c0f6fdbf
Coverage	Initialize containers	2026-02-20T20:38:28.2277440Z HOME=/github/home
Coverage	Initialize containers	2026-02-20T20:38:28.2277925Z GITHUB_ACTIONS=true
Coverage	Initialize containers	2026-02-20T20:38:28.2278222Z CI=true
Coverage	Initialize containers	2026-02-20T20:38:28.2279837Z PATH=/snap/bin:/home/runner/.local/bin:/opt/pipx_bin:/home/runner/.cargo/bin:/home/runner/.config/composer/vendor/bin:/usr/local/.ghcup/bin:/home/runner/.dotnet/tools:/usr/local/sbin:/usr/local/bin:/usr/sbin:/usr/bin:/sbin:/bin:/usr/games:/usr/local/games:/snap/bin
Coverage	Initialize containers	2026-02-20T20:38:28.2281641Z ImageVersion=20260119.4.1
Coverage	Initialize containers	2026-02-20T20:38:28.2281986Z ImageOS=ubuntu24
Coverage	Initialize containers	2026-02-20T20:38:28.2282280Z ACCEPT_EULA=Y
Coverage	Initialize containers	2026-02-20T20:38:28.2282586Z XDG_CONFIG_HOME=/home/runner/.config
Coverage	Initialize containers	2026-02-20T20:38:28.2283181Z AGENT_TOOLSDIRECTORY=/opt/hostedtoolcache
Coverage	Initialize containers	2026-02-20T20:38:28.2283646Z RUNNER_TOOL_CACHE=/opt/hostedtoolcache
Coverage	Initialize containers	2026-02-20T20:38:28.2284747Z PSModulePath=/root/.local/share/powershell/Modules:/usr/local/share/powershell/Modules:/opt/microsoft/powershell/7/Modules:/usr/share/az_12.5.0
Coverage	Initialize containers	2026-02-20T20:38:28.2285885Z ACTIONS_RUNNER_ACTION_ARCHIVE_CACHE=/opt/actionarchivecache
Coverage	Initialize containers	2026-02-20T20:38:28.2286458Z AZURE_EXTENSION_DIR=/opt/az/azcliextensions
Coverage	Initialize containers	2026-02-20T20:38:28.2286906Z SWIFT_PATH=/usr/share/swift/usr/bin
Coverage	Initialize containers	2026-02-20T20:38:28.2287311Z DOTNET_SKIP_FIRST_TIME_EXPERIENCE=1
Coverage	Initialize containers	2026-02-20T20:38:28.2287688Z DOTNET_NOLOGO=1
Coverage	Initialize containers	2026-02-20T20:38:28.2287995Z DOTNET_MULTILEVEL_LOOKUP=0
Coverage	Initialize containers	2026-02-20T20:38:28.2288374Z EDGEWEBDRIVER=/usr/local/share/edge_driver
Coverage	Initialize containers	2026-02-20T20:38:28.2289158Z GECKOWEBDRIVER=/usr/local/share/gecko_driver
Coverage	Initialize containers	2026-02-20T20:38:28.2289634Z CHROME_BIN=/usr/bin/google-chrome
Coverage	Initialize containers	2026-02-20T20:38:28.2290158Z CHROMEWEBDRIVER=/usr/local/share/chromedriver-linux64
Coverage	Initialize containers	2026-02-20T20:38:28.2290695Z BOOTSTRAP_HASKELL_NONINTERACTIVE=1
Coverage	Initialize containers	2026-02-20T20:38:28.2291109Z GHCUP_INSTALL_BASE_PREFIX=/usr/local
Coverage	Initialize containers	2026-02-20T20:38:28.2291576Z JAVA_HOME_8_X64=/usr/lib/jvm/temurin-8-jdk-amd64
Coverage	Initialize containers	2026-02-20T20:38:28.2292102Z JAVA_HOME_11_X64=/usr/lib/jvm/temurin-11-jdk-amd64
Coverage	Initialize containers	2026-02-20T20:38:28.2292617Z JAVA_HOME=/usr/lib/jvm/temurin-17-jdk-amd64
Coverage	Initialize containers	2026-02-20T20:38:28.2293276Z JAVA_HOME_17_X64=/usr/lib/jvm/temurin-17-jdk-amd64
Coverage	Initialize containers	2026-02-20T20:38:28.2294038Z JAVA_HOME_21_X64=/usr/lib/jvm/temurin-21-jdk-amd64
Coverage	Initialize containers	2026-02-20T20:38:28.2294558Z JAVA_HOME_25_X64=/usr/lib/jvm/temurin-25-jdk-amd64
Coverage	Initialize containers	2026-02-20T20:38:28.2294997Z ANT_HOME=/usr/share/ant
Coverage	Initialize containers	2026-02-20T20:38:28.2295342Z GRADLE_HOME=/usr/share/gradle-9.3.0
Coverage	Initialize containers	2026-02-20T20:38:28.2295573Z CONDA=/usr/share/miniconda
Coverage	Initialize containers	2026-02-20T20:38:28.2295782Z NVM_DIR=/home/runner/.nvm
Coverage	Initialize containers	2026-02-20T20:38:28.2296038Z SELENIUM_JAR_PATH=/usr/share/java/selenium-server.jar
Coverage	Initialize containers	2026-02-20T20:38:28.2296344Z VCPKG_INSTALLATION_ROOT=/usr/local/share/vcpkg
Coverage	Initialize containers	2026-02-20T20:38:28.2296609Z DEBIAN_FRONTEND=noninteractive
Coverage	Initialize containers	2026-02-20T20:38:28.2296841Z ANDROID_SDK_ROOT=/usr/local/lib/android/sdk
Coverage	Initialize containers	2026-02-20T20:38:28.2297096Z ANDROID_HOME=/usr/local/lib/android/sdk
Coverage	Initialize containers	2026-02-20T20:38:28.2297379Z ANDROID_NDK=/usr/local/lib/android/sdk/ndk/27.3.13750724
Coverage	Initialize containers	2026-02-20T20:38:28.2297717Z ANDROID_NDK_HOME=/usr/local/lib/android/sdk/ndk/27.3.13750724
Coverage	Initialize containers	2026-02-20T20:38:28.2298074Z ANDROID_NDK_ROOT=/usr/local/lib/android/sdk/ndk/27.3.13750724
Coverage	Initialize containers	2026-02-20T20:38:28.2298455Z ANDROID_NDK_LATEST_HOME=/usr/local/lib/android/sdk/ndk/29.0.14206865
Coverage	Initialize containers	2026-02-20T20:38:28.2298783Z PIPX_BIN_DIR=/opt/pipx_bin
Coverage	Initialize containers	2026-02-20T20:38:28.2298980Z PIPX_HOME=/opt/pipx
Coverage	Initialize containers	2026-02-20T20:38:28.2299198Z GOROOT_1_22_X64=/opt/hostedtoolcache/go/1.22.12/x64
Coverage	Initialize containers	2026-02-20T20:38:28.2299498Z GOROOT_1_23_X64=/opt/hostedtoolcache/go/1.23.12/x64
Coverage	Initialize containers	2026-02-20T20:38:28.2299777Z GOROOT_1_24_X64=/opt/hostedtoolcache/go/1.24.12/x64
Coverage	Initialize containers	2026-02-20T20:38:28.2300059Z GOROOT_1_25_X64=/opt/hostedtoolcache/go/1.25.6/x64
Coverage	Initialize containers	2026-02-20T20:38:28.2300320Z HOMEBREW_NO_AUTO_UPDATE=1
Coverage	Initialize containers	2026-02-20T20:38:28.2300528Z HOMEBREW_CLEANUP_PERIODIC_FULL_DAYS=3650
Coverage	Initialize containers	2026-02-20T20:38:28.2300769Z XDG_RUNTIME_DIR=/run/user/1001
Coverage	Initialize containers	2026-02-20T20:38:28.2301229Z POWERSHELL_DISTRIBUTION_CHANNEL=GitHub-Actions-ubuntu24
Coverage	Initialize containers	2026-02-20T20:38:28.2308574Z ##[endgroup]
Coverage	Initialize containers	2026-02-20T20:38:28.2318251Z ##[group]Waiting for all services to be ready
Coverage	Initialize containers	2026-02-20T20:38:28.2319883Z ##[endgroup]
Coverage	Run actions/checkout@v4	﻿2026-02-20T20:38:28.2574564Z ##[group]Run actions/checkout@v4
Coverage	Run actions/checkout@v4	2026-02-20T20:38:28.2575092Z with:
Coverage	Run actions/checkout@v4	2026-02-20T20:38:28.2575296Z   repository: water-rs/waterkit
Coverage	Run actions/checkout@v4	2026-02-20T20:38:28.2575660Z   token: ***
Coverage	Run actions/checkout@v4	2026-02-20T20:38:28.2575842Z   ssh-strict: true
Coverage	Run actions/checkout@v4	2026-02-20T20:38:28.2576020Z   ssh-user: git
Coverage	Run actions/checkout@v4	2026-02-20T20:38:28.2576210Z   persist-credentials: true
Coverage	Run actions/checkout@v4	2026-02-20T20:38:28.2576415Z   clean: true
Coverage	Run actions/checkout@v4	2026-02-20T20:38:28.2576599Z   sparse-checkout-cone-mode: true
Coverage	Run actions/checkout@v4	2026-02-20T20:38:28.2576839Z   fetch-depth: 1
Coverage	Run actions/checkout@v4	2026-02-20T20:38:28.2577006Z   fetch-tags: false
Coverage	Run actions/checkout@v4	2026-02-20T20:38:28.2577184Z   show-progress: true
Coverage	Run actions/checkout@v4	2026-02-20T20:38:28.2577377Z   lfs: false
Coverage	Run actions/checkout@v4	2026-02-20T20:38:28.2577538Z   submodules: false
Coverage	Run actions/checkout@v4	2026-02-20T20:38:28.2577729Z   set-safe-directory: true
Coverage	Run actions/checkout@v4	2026-02-20T20:38:28.2578215Z env:
Coverage	Run actions/checkout@v4	2026-02-20T20:38:28.2578381Z   CARGO_TERM_COLOR: always
Coverage	Run actions/checkout@v4	2026-02-20T20:38:28.2578583Z ##[endgroup]
Coverage	Run actions/checkout@v4	2026-02-20T20:38:28.2634416Z ##[command]/usr/bin/docker exec  041b39830a362228a4a89531eacd49d84d1b31681cd4ea8c5e7e8885c0f6fdbf sh -c "cat /etc/*release | grep ^ID"
Coverage	Run actions/checkout@v4	2026-02-20T20:38:28.4822224Z Syncing repository: water-rs/waterkit
Coverage	Run actions/checkout@v4	2026-02-20T20:38:28.4824228Z ##[group]Getting Git version info
Coverage	Run actions/checkout@v4	2026-02-20T20:38:28.4824752Z Working directory is '/__w/waterkit/waterkit'
Coverage	Run actions/checkout@v4	2026-02-20T20:38:28.4825526Z [command]/usr/bin/git version
Coverage	Run actions/checkout@v4	2026-02-20T20:38:28.4881310Z git version 2.52.0
Coverage	Run actions/checkout@v4	2026-02-20T20:38:28.4910479Z ##[endgroup]
Coverage	Run actions/checkout@v4	2026-02-20T20:38:28.4925704Z Temporarily overriding HOME='/__w/_temp/2e5b07d6-284b-42ba-b177-f4f38c8575db' before making global git config changes
Coverage	Run actions/checkout@v4	2026-02-20T20:38:28.4928173Z Adding repository directory to the temporary git global config as a safe directory
Coverage	Run actions/checkout@v4	2026-02-20T20:38:28.4940762Z [command]/usr/bin/git config --global --add safe.directory /__w/waterkit/waterkit
Coverage	Run actions/checkout@v4	2026-02-20T20:38:28.4982736Z Deleting the contents of '/__w/waterkit/waterkit'
Coverage	Run actions/checkout@v4	2026-02-20T20:38:28.4987741Z ##[group]Initializing the repository
Coverage	Run actions/checkout@v4	2026-02-20T20:38:28.4992223Z [command]/usr/bin/git init /__w/waterkit/waterkit
Coverage	Run actions/checkout@v4	2026-02-20T20:38:28.5077475Z hint: Using 'master' as the name for the initial branch. This default branch name
Coverage	Run actions/checkout@v4	2026-02-20T20:38:28.5078310Z hint: will change to "main" in Git 3.0. To configure the initial branch name
Coverage	Run actions/checkout@v4	2026-02-20T20:38:28.5079153Z hint: to use in all of your new repositories, which will suppress this warning,
Coverage	Run actions/checkout@v4	2026-02-20T20:38:28.5079806Z hint: call:
Coverage	Run actions/checkout@v4	2026-02-20T20:38:28.5080092Z hint:
Coverage	Run actions/checkout@v4	2026-02-20T20:38:28.5080497Z hint: 	git config --global init.defaultBranch <name>
Coverage	Run actions/checkout@v4	2026-02-20T20:38:28.5081026Z hint:
Coverage	Run actions/checkout@v4	2026-02-20T20:38:28.5081519Z hint: Names commonly chosen instead of 'master' are 'main', 'trunk' and
Coverage	Run actions/checkout@v4	2026-02-20T20:38:28.5082384Z hint: 'development'. The just-created branch can be renamed via this command:
Coverage	Run actions/checkout@v4	2026-02-20T20:38:28.5083253Z hint:
Coverage	Run actions/checkout@v4	2026-02-20T20:38:28.5083556Z hint: 	git branch -m <name>
Coverage	Run actions/checkout@v4	2026-02-20T20:38:28.5083922Z hint:
Coverage	Run actions/checkout@v4	2026-02-20T20:38:28.5084415Z hint: Disable this message with "git config set advice.defaultBranchName false"
Coverage	Run actions/checkout@v4	2026-02-20T20:38:28.5085040Z Initialized empty Git repository in /__w/waterkit/waterkit/.git/
Coverage	Run actions/checkout@v4	2026-02-20T20:38:28.5096386Z [command]/usr/bin/git remote add origin https://github.com/water-rs/waterkit
Coverage	Run actions/checkout@v4	2026-02-20T20:38:28.5133441Z ##[endgroup]
Coverage	Run actions/checkout@v4	2026-02-20T20:38:28.5133810Z ##[group]Disabling automatic garbage collection
Coverage	Run actions/checkout@v4	2026-02-20T20:38:28.5139193Z [command]/usr/bin/git config --local gc.auto 0
Coverage	Run actions/checkout@v4	2026-02-20T20:38:28.5170350Z ##[endgroup]
Coverage	Run actions/checkout@v4	2026-02-20T20:38:28.5170690Z ##[group]Setting up auth
Coverage	Run actions/checkout@v4	2026-02-20T20:38:28.5178553Z [command]/usr/bin/git config --local --name-only --get-regexp core\.sshCommand
Coverage	Run actions/checkout@v4	2026-02-20T20:38:28.5212263Z [command]/usr/bin/git submodule foreach --recursive sh -c "git config --local --name-only --get-regexp 'core\.sshCommand' && git config --local --unset-all 'core.sshCommand' || :"
Coverage	Run actions/checkout@v4	2026-02-20T20:38:28.5589537Z [command]/usr/bin/git config --local --name-only --get-regexp http\.https\:\/\/github\.com\/\.extraheader
Coverage	Run actions/checkout@v4	2026-02-20T20:38:28.5625080Z [command]/usr/bin/git submodule foreach --recursive sh -c "git config --local --name-only --get-regexp 'http\.https\:\/\/github\.com\/\.extraheader' && git config --local --unset-all 'http.https://github.com/.extraheader' || :"
Coverage	Run actions/checkout@v4	2026-02-20T20:38:28.5861040Z [command]/usr/bin/git config --local --name-only --get-regexp ^includeIf\.gitdir:
Coverage	Run actions/checkout@v4	2026-02-20T20:38:28.5901266Z [command]/usr/bin/git submodule foreach --recursive git config --local --show-origin --name-only --get-regexp remote.origin.url
Coverage	Run actions/checkout@v4	2026-02-20T20:38:28.6170103Z [command]/usr/bin/git config --local http.https://github.com/.extraheader AUTHORIZATION: basic ***
Coverage	Run actions/checkout@v4	2026-02-20T20:38:28.6229139Z ##[endgroup]
Coverage	Run actions/checkout@v4	2026-02-20T20:38:28.6230173Z ##[group]Fetching the repository
Coverage	Run actions/checkout@v4	2026-02-20T20:38:28.6237129Z [command]/usr/bin/git -c protocol.version=2 fetch --no-tags --prune --no-recurse-submodules --depth=1 origin +98271b9a2fa3ca74f4337ffd01707b3bcb50a4d7:refs/remotes/origin/dev
Coverage	Run actions/checkout@v4	2026-02-20T20:38:31.2630032Z From https://github.com/water-rs/waterkit
Coverage	Run actions/checkout@v4	2026-02-20T20:38:31.2630653Z  * [new ref]         98271b9a2fa3ca74f4337ffd01707b3bcb50a4d7 -> origin/dev
Coverage	Run actions/checkout@v4	2026-02-20T20:38:31.2662493Z ##[endgroup]
Coverage	Run actions/checkout@v4	2026-02-20T20:38:31.2663144Z ##[group]Determining the checkout info
Coverage	Run actions/checkout@v4	2026-02-20T20:38:31.2666140Z ##[endgroup]
Coverage	Run actions/checkout@v4	2026-02-20T20:38:31.2672255Z [command]/usr/bin/git sparse-checkout disable
Coverage	Run actions/checkout@v4	2026-02-20T20:38:31.2718457Z [command]/usr/bin/git config --local --unset-all extensions.worktreeConfig
Coverage	Run actions/checkout@v4	2026-02-20T20:38:31.2743987Z ##[group]Checking out the ref
Coverage	Run actions/checkout@v4	2026-02-20T20:38:31.2748772Z [command]/usr/bin/git checkout --progress --force -B dev refs/remotes/origin/dev
Coverage	Run actions/checkout@v4	2026-02-20T20:38:31.3956397Z Switched to a new branch 'dev'
Coverage	Run actions/checkout@v4	2026-02-20T20:38:31.3957945Z branch 'dev' set up to track 'origin/dev'.
Coverage	Run actions/checkout@v4	2026-02-20T20:38:31.3985116Z ##[endgroup]
Coverage	Run actions/checkout@v4	2026-02-20T20:38:31.4026816Z [command]/usr/bin/git log -1 --format=%H
Coverage	Run actions/checkout@v4	2026-02-20T20:38:31.4050623Z 98271b9a2fa3ca74f4337ffd01707b3bcb50a4d7
Coverage	Run dtolnay/rust-toolchain@nightly	﻿2026-02-20T20:38:31.4384884Z ##[group]Run dtolnay/rust-toolchain@nightly
Coverage	Run dtolnay/rust-toolchain@nightly	2026-02-20T20:38:31.4385187Z with:
Coverage	Run dtolnay/rust-toolchain@nightly	2026-02-20T20:38:31.4385374Z   components: llvm-tools-preview
Coverage	Run dtolnay/rust-toolchain@nightly	2026-02-20T20:38:31.4385605Z   toolchain: nightly
Coverage	Run dtolnay/rust-toolchain@nightly	2026-02-20T20:38:31.4385777Z env:
Coverage	Run dtolnay/rust-toolchain@nightly	2026-02-20T20:38:31.4385938Z   CARGO_TERM_COLOR: always
Coverage	Run dtolnay/rust-toolchain@nightly	2026-02-20T20:38:31.4386135Z ##[endgroup]
Coverage	Run dtolnay/rust-toolchain@nightly	2026-02-20T20:38:31.4511863Z ##[group]Run : parse toolchain version
Coverage	Run dtolnay/rust-toolchain@nightly	2026-02-20T20:38:31.4512213Z [36;1m: parse toolchain version[0m
Coverage	Run dtolnay/rust-toolchain@nightly	2026-02-20T20:38:31.4512466Z [36;1mif [[ -z $toolchain ]]; then[0m
Coverage	Run dtolnay/rust-toolchain@nightly	2026-02-20T20:38:31.4513141Z [36;1m  # GitHub does not enforce `required: true` inputs itself. https://github.com/actions/runner/issues/1070[0m
Coverage	Run dtolnay/rust-toolchain@nightly	2026-02-20T20:38:31.4513689Z [36;1m  echo "'toolchain' is a required input" >&2[0m
Coverage	Run dtolnay/rust-toolchain@nightly	2026-02-20T20:38:31.4513973Z [36;1m  exit 1[0m
Coverage	Run dtolnay/rust-toolchain@nightly	2026-02-20T20:38:31.4514280Z [36;1melif [[ $toolchain =~ ^stable' '[0-9]+' '(year|month|week|day)s?' 'ago$ ]]; then[0m
Coverage	Run dtolnay/rust-toolchain@nightly	2026-02-20T20:38:31.4514655Z [36;1m  if [[ Linux == macOS ]]; then[0m
Coverage	Run dtolnay/rust-toolchain@nightly	2026-02-20T20:38:31.4515185Z [36;1m    echo "toolchain=1.$((($(date -v-$(sed 's/stable \([0-9]*\) \(.\).*/\1\2/' <<< $toolchain) +%s)/60/60/24-16569)/7/6))" >> $GITHUB_OUTPUT[0m
Coverage	Run dtolnay/rust-toolchain@nightly	2026-02-20T20:38:31.4515660Z [36;1m  else[0m
Coverage	Run dtolnay/rust-toolchain@nightly	2026-02-20T20:38:31.4516025Z [36;1m    echo "toolchain=1.$((($(date --date "${toolchain#stable }" +%s)/60/60/24-16569)/7/6))" >> $GITHUB_OUTPUT[0m
Coverage	Run dtolnay/rust-toolchain@nightly	2026-02-20T20:38:31.4516434Z [36;1m  fi[0m
Coverage	Run dtolnay/rust-toolchain@nightly	2026-02-20T20:38:31.4516698Z [36;1melif [[ $toolchain =~ ^stable' 'minus' '[0-9]+' 'releases?$ ]]; then[0m
Coverage	Run dtolnay/rust-toolchain@nightly	2026-02-20T20:38:31.4517187Z [36;1m  echo "toolchain=1.$((($(date +%s)/60/60/24-16569)/7/6-${toolchain//[^0-9]/}))" >> $GITHUB_OUTPUT[0m
Coverage	Run dtolnay/rust-toolchain@nightly	2026-02-20T20:38:31.4517614Z [36;1melif [[ $toolchain =~ ^1\.[0-9]+$ ]]; then[0m
Coverage	Run dtolnay/rust-toolchain@nightly	2026-02-20T20:38:31.4518098Z [36;1m  echo "toolchain=1.$((i=${toolchain#1.}, c=($(date +%s)/60/60/24-16569)/7/6, i+9*i*(10*i<=c)+90*i*(100*i<=c)))" >> $GITHUB_OUTPUT[0m
Coverage	Run dtolnay/rust-toolchain@nightly	2026-02-20T20:38:31.4518548Z [36;1melse[0m
Coverage	Run dtolnay/rust-toolchain@nightly	2026-02-20T20:38:31.4518773Z [36;1m  echo "toolchain=$toolchain" >> $GITHUB_OUTPUT[0m
Coverage	Run dtolnay/rust-toolchain@nightly	2026-02-20T20:38:31.4519034Z [36;1mfi[0m
Coverage	Run dtolnay/rust-toolchain@nightly	2026-02-20T20:38:31.4522549Z shell: bash --noprofile --norc -e -o pipefail {0}
Coverage	Run dtolnay/rust-toolchain@nightly	2026-02-20T20:38:31.4522846Z env:
Coverage	Run dtolnay/rust-toolchain@nightly	2026-02-20T20:38:31.4523377Z   CARGO_TERM_COLOR: always
Coverage	Run dtolnay/rust-toolchain@nightly	2026-02-20T20:38:31.4523625Z   toolchain: nightly
Coverage	Run dtolnay/rust-toolchain@nightly	2026-02-20T20:38:31.4523812Z ##[endgroup]
Coverage	Run dtolnay/rust-toolchain@nightly	2026-02-20T20:38:31.5214224Z ##[group]Run : construct rustup command line
Coverage	Run dtolnay/rust-toolchain@nightly	2026-02-20T20:38:31.5214553Z [36;1m: construct rustup command line[0m
Coverage	Run dtolnay/rust-toolchain@nightly	2026-02-20T20:38:31.5214979Z [36;1mecho "targets=$(for t in ${targets//,/ }; do echo -n ' --target' $t; done)" >> $GITHUB_OUTPUT[0m
Coverage	Run dtolnay/rust-toolchain@nightly	2026-02-20T20:38:31.5215590Z [36;1mecho "components=$(for c in ${components//,/ }; do echo -n ' --component' $c; done)" >> $GITHUB_OUTPUT[0m
Coverage	Run dtolnay/rust-toolchain@nightly	2026-02-20T20:38:31.5216112Z [36;1mecho "downgrade= --allow-downgrade" >> $GITHUB_OUTPUT[0m
Coverage	Run dtolnay/rust-toolchain@nightly	2026-02-20T20:38:31.5216568Z shell: bash --noprofile --norc -e -o pipefail {0}
Coverage	Run dtolnay/rust-toolchain@nightly	2026-02-20T20:38:31.5216831Z env:
Coverage	Run dtolnay/rust-toolchain@nightly	2026-02-20T20:38:31.5216995Z   CARGO_TERM_COLOR: always
Coverage	Run dtolnay/rust-toolchain@nightly	2026-02-20T20:38:31.5217210Z   targets: 
Coverage	Run dtolnay/rust-toolchain@nightly	2026-02-20T20:38:31.5217394Z   components: llvm-tools-preview
Coverage	Run dtolnay/rust-toolchain@nightly	2026-02-20T20:38:31.5217611Z ##[endgroup]
Coverage	Run dtolnay/rust-toolchain@nightly	2026-02-20T20:38:31.5792668Z ##[group]Run : set $CARGO_HOME
Coverage	Run dtolnay/rust-toolchain@nightly	2026-02-20T20:38:31.5793359Z [36;1m: set $CARGO_HOME[0m
Coverage	Run dtolnay/rust-toolchain@nightly	2026-02-20T20:38:31.5793699Z [36;1mecho CARGO_HOME=${CARGO_HOME:-"$HOME/.cargo"} >> $GITHUB_ENV[0m
Coverage	Run dtolnay/rust-toolchain@nightly	2026-02-20T20:38:31.5794210Z shell: bash --noprofile --norc -e -o pipefail {0}
Coverage	Run dtolnay/rust-toolchain@nightly	2026-02-20T20:38:31.5794491Z env:
Coverage	Run dtolnay/rust-toolchain@nightly	2026-02-20T20:38:31.5794655Z   CARGO_TERM_COLOR: always
Coverage	Run dtolnay/rust-toolchain@nightly	2026-02-20T20:38:31.5794861Z ##[endgroup]
Coverage	Run dtolnay/rust-toolchain@nightly	2026-02-20T20:38:31.6361624Z ##[group]Run : install rustup if needed
Coverage	Run dtolnay/rust-toolchain@nightly	2026-02-20T20:38:31.6361921Z [36;1m: install rustup if needed[0m
Coverage	Run dtolnay/rust-toolchain@nightly	2026-02-20T20:38:31.6362185Z [36;1mif ! command -v rustup &>/dev/null; then[0m
Coverage	Run dtolnay/rust-toolchain@nightly	2026-02-20T20:38:31.6363524Z [36;1m  curl --proto '=https' --tlsv1.2 --retry 10 --retry-connrefused --location --silent --show-error --fail https://sh.rustup.rs | sh -s -- --default-toolchain none -y[0m
Coverage	Run dtolnay/rust-toolchain@nightly	2026-02-20T20:38:31.6364277Z [36;1m  echo "$CARGO_HOME/bin" >> $GITHUB_PATH[0m
Coverage	Run dtolnay/rust-toolchain@nightly	2026-02-20T20:38:31.6364737Z [36;1mfi[0m
Coverage	Run dtolnay/rust-toolchain@nightly	2026-02-20T20:38:31.6365092Z shell: bash --noprofile --norc -e -o pipefail {0}
Coverage	Run dtolnay/rust-toolchain@nightly	2026-02-20T20:38:31.6365365Z env:
Coverage	Run dtolnay/rust-toolchain@nightly	2026-02-20T20:38:31.6365527Z   CARGO_TERM_COLOR: always
Coverage	Run dtolnay/rust-toolchain@nightly	2026-02-20T20:38:31.6365739Z   CARGO_HOME: /github/home/.cargo
Coverage	Run dtolnay/rust-toolchain@nightly	2026-02-20T20:38:31.6365951Z ##[endgroup]
Coverage	Run dtolnay/rust-toolchain@nightly	2026-02-20T20:38:31.6957951Z ##[group]Run rustup toolchain install nightly --component llvm-tools-preview --profile minimal --allow-downgrade --no-self-update
Coverage	Run dtolnay/rust-toolchain@nightly	2026-02-20T20:38:31.6958900Z [36;1mrustup toolchain install nightly --component llvm-tools-preview --profile minimal --allow-downgrade --no-self-update[0m
Coverage	Run dtolnay/rust-toolchain@nightly	2026-02-20T20:38:31.6959619Z shell: bash --noprofile --norc -e -o pipefail {0}
Coverage	Run dtolnay/rust-toolchain@nightly	2026-02-20T20:38:31.6959926Z env:
Coverage	Run dtolnay/rust-toolchain@nightly	2026-02-20T20:38:31.6960088Z   CARGO_TERM_COLOR: always
Coverage	Run dtolnay/rust-toolchain@nightly	2026-02-20T20:38:31.6960306Z   CARGO_HOME: /github/home/.cargo
Coverage	Run dtolnay/rust-toolchain@nightly	2026-02-20T20:38:31.6960539Z   RUSTUP_PERMIT_COPY_RENAME: 1
Coverage	Run dtolnay/rust-toolchain@nightly	2026-02-20T20:38:31.6960757Z ##[endgroup]
Coverage	Run dtolnay/rust-toolchain@nightly	2026-02-20T20:38:31.7595515Z info: syncing channel updates for 'nightly-x86_64-unknown-linux-gnu'
Coverage	Run dtolnay/rust-toolchain@nightly	2026-02-20T20:38:31.8410948Z info: latest update on 2026-02-20, rust version 1.95.0-nightly (7f99507f5 2026-02-19)
Coverage	Run dtolnay/rust-toolchain@nightly	2026-02-20T20:38:31.9378599Z info: downloading component 'cargo'
Coverage	Run dtolnay/rust-toolchain@nightly	2026-02-20T20:38:31.9379141Z info: downloading component 'llvm-tools'
Coverage	Run dtolnay/rust-toolchain@nightly	2026-02-20T20:38:32.0857475Z info: downloading component 'rust-std'
Coverage	Run dtolnay/rust-toolchain@nightly	2026-02-20T20:38:32.1789581Z info: downloading component 'rustc'
Coverage	Run dtolnay/rust-toolchain@nightly	2026-02-20T20:38:32.5506951Z info: installing component 'cargo'
Coverage	Run dtolnay/rust-toolchain@nightly	2026-02-20T20:38:33.2721124Z info: installing component 'llvm-tools'
Coverage	Run dtolnay/rust-toolchain@nightly	2026-02-20T20:38:35.7127285Z info: installing component 'rust-std'
Coverage	Run dtolnay/rust-toolchain@nightly	2026-02-20T20:38:37.6262682Z info: installing component 'rustc'
Coverage	Run dtolnay/rust-toolchain@nightly	2026-02-20T20:38:42.4591835Z 
Coverage	Run dtolnay/rust-toolchain@nightly	2026-02-20T20:38:42.4699124Z   nightly-x86_64-unknown-linux-gnu installed - rustc 1.95.0-nightly (7f99507f5 2026-02-19)
Coverage	Run dtolnay/rust-toolchain@nightly	2026-02-20T20:38:42.4700989Z 
Coverage	Run dtolnay/rust-toolchain@nightly	2026-02-20T20:38:42.4703948Z info: default toolchain set to 'nightly-x86_64-unknown-linux-gnu'
Coverage	Run dtolnay/rust-toolchain@nightly	2026-02-20T20:38:42.4782798Z ##[group]Run rustup default nightly
Coverage	Run dtolnay/rust-toolchain@nightly	2026-02-20T20:38:42.4783450Z [36;1mrustup default nightly[0m
Coverage	Run dtolnay/rust-toolchain@nightly	2026-02-20T20:38:42.4783917Z shell: bash --noprofile --norc -e -o pipefail {0}
Coverage	Run dtolnay/rust-toolchain@nightly	2026-02-20T20:38:42.4784201Z env:
Coverage	Run dtolnay/rust-toolchain@nightly	2026-02-20T20:38:42.4784366Z   CARGO_TERM_COLOR: always
Coverage	Run dtolnay/rust-toolchain@nightly	2026-02-20T20:38:42.4784586Z   CARGO_HOME: /github/home/.cargo
Coverage	Run dtolnay/rust-toolchain@nightly	2026-02-20T20:38:42.4784809Z ##[endgroup]
Coverage	Run dtolnay/rust-toolchain@nightly	2026-02-20T20:38:42.5386082Z info: using existing install for 'nightly-x86_64-unknown-linux-gnu'
Coverage	Run dtolnay/rust-toolchain@nightly	2026-02-20T20:38:42.5683606Z info: default toolchain set to 'nightly-x86_64-unknown-linux-gnu'
Coverage	Run dtolnay/rust-toolchain@nightly	2026-02-20T20:38:42.5684148Z 
Coverage	Run dtolnay/rust-toolchain@nightly	2026-02-20T20:38:42.5777246Z   nightly-x86_64-unknown-linux-gnu unchanged - rustc 1.95.0-nightly (7f99507f5 2026-02-19)
Coverage	Run dtolnay/rust-toolchain@nightly	2026-02-20T20:38:42.5777946Z 
Coverage	Run dtolnay/rust-toolchain@nightly	2026-02-20T20:38:42.5846789Z ##[group]Run : create cachekey
Coverage	Run dtolnay/rust-toolchain@nightly	2026-02-20T20:38:42.5847068Z [36;1m: create cachekey[0m
Coverage	Run dtolnay/rust-toolchain@nightly	2026-02-20T20:38:42.5847545Z [36;1mDATE=$(rustc +nightly --version --verbose | sed -ne 's/^commit-date: \(20[0-9][0-9]\)-\([01][0-9]\)-\([0-3][0-9]\)$/\1\2\3/p')[0m
Coverage	Run dtolnay/rust-toolchain@nightly	2026-02-20T20:38:42.5848195Z [36;1mHASH=$(rustc +nightly --version --verbose | sed -ne 's/^commit-hash: //p')[0m
Coverage	Run dtolnay/rust-toolchain@nightly	2026-02-20T20:38:42.5848670Z [36;1mecho "cachekey=$(echo $DATE$HASH | head -c12)" >> $GITHUB_OUTPUT[0m
Coverage	Run dtolnay/rust-toolchain@nightly	2026-02-20T20:38:42.5849158Z shell: bash --noprofile --norc -e -o pipefail {0}
Coverage	Run dtolnay/rust-toolchain@nightly	2026-02-20T20:38:42.5849420Z env:
Coverage	Run dtolnay/rust-toolchain@nightly	2026-02-20T20:38:42.5849582Z   CARGO_TERM_COLOR: always
Coverage	Run dtolnay/rust-toolchain@nightly	2026-02-20T20:38:42.5849791Z   CARGO_HOME: /github/home/.cargo
Coverage	Run dtolnay/rust-toolchain@nightly	2026-02-20T20:38:42.5850005Z ##[endgroup]
Coverage	Run dtolnay/rust-toolchain@nightly	2026-02-20T20:38:42.6806009Z ##[group]Run : disable incremental compilation
Coverage	Run dtolnay/rust-toolchain@nightly	2026-02-20T20:38:42.6806592Z [36;1m: disable incremental compilation[0m
Coverage	Run dtolnay/rust-toolchain@nightly	2026-02-20T20:38:42.6807143Z [36;1mif [ -z "${CARGO_INCREMENTAL+set}" ]; then[0m
Coverage	Run dtolnay/rust-toolchain@nightly	2026-02-20T20:38:42.6808022Z [36;1m  echo CARGO_INCREMENTAL=0 >> $GITHUB_ENV[0m
Coverage	Run dtolnay/rust-toolchain@nightly	2026-02-20T20:38:42.6808495Z [36;1mfi[0m
Coverage	Run dtolnay/rust-toolchain@nightly	2026-02-20T20:38:42.6809004Z shell: bash --noprofile --norc -e -o pipefail {0}
Coverage	Run dtolnay/rust-toolchain@nightly	2026-02-20T20:38:42.6809472Z env:
Coverage	Run dtolnay/rust-toolchain@nightly	2026-02-20T20:38:42.6809763Z   CARGO_TERM_COLOR: always
Coverage	Run dtolnay/rust-toolchain@nightly	2026-02-20T20:38:42.6810453Z   CARGO_HOME: /github/home/.cargo
Coverage	Run dtolnay/rust-toolchain@nightly	2026-02-20T20:38:42.6810886Z ##[endgroup]
Coverage	Run dtolnay/rust-toolchain@nightly	2026-02-20T20:38:42.7448395Z ##[group]Run : enable colors in Cargo output
Coverage	Run dtolnay/rust-toolchain@nightly	2026-02-20T20:38:42.7449706Z [36;1m: enable colors in Cargo output[0m
Coverage	Run dtolnay/rust-toolchain@nightly	2026-02-20T20:38:42.7450255Z [36;1mif [ -z "${CARGO_TERM_COLOR+set}" ]; then[0m
Coverage	Run dtolnay/rust-toolchain@nightly	2026-02-20T20:38:42.7450815Z [36;1m  echo CARGO_TERM_COLOR=always >> $GITHUB_ENV[0m
Coverage	Run dtolnay/rust-toolchain@nightly	2026-02-20T20:38:42.7451293Z [36;1mfi[0m
Coverage	Run dtolnay/rust-toolchain@nightly	2026-02-20T20:38:42.7452024Z shell: bash --noprofile --norc -e -o pipefail {0}
Coverage	Run dtolnay/rust-toolchain@nightly	2026-02-20T20:38:42.7452500Z env:
Coverage	Run dtolnay/rust-toolchain@nightly	2026-02-20T20:38:42.7452792Z   CARGO_TERM_COLOR: always
Coverage	Run dtolnay/rust-toolchain@nightly	2026-02-20T20:38:42.7453389Z   CARGO_HOME: /github/home/.cargo
Coverage	Run dtolnay/rust-toolchain@nightly	2026-02-20T20:38:42.7453800Z   CARGO_INCREMENTAL: 0
Coverage	Run dtolnay/rust-toolchain@nightly	2026-02-20T20:38:42.7454194Z ##[endgroup]
Coverage	Run dtolnay/rust-toolchain@nightly	2026-02-20T20:38:42.8061026Z ##[group]Run : enable Cargo sparse registry
Coverage	Run dtolnay/rust-toolchain@nightly	2026-02-20T20:38:42.8061365Z [36;1m: enable Cargo sparse registry[0m
Coverage	Run dtolnay/rust-toolchain@nightly	2026-02-20T20:38:42.8061715Z [36;1m# implemented in 1.66, stabilized in 1.68, made default in 1.70[0m
Coverage	Run dtolnay/rust-toolchain@nightly	2026-02-20T20:38:42.8062395Z [36;1mif [ -z "${CARGO_REGISTRIES_CRATES_IO_PROTOCOL+set}" -o -f "/home/runner/work/_temp"/.implicit_cargo_registries_crates_io_protocol ]; then[0m
Coverage	Run dtolnay/rust-toolchain@nightly	2026-02-20T20:38:42.8063419Z [36;1m  if rustc +nightly --version --verbose | grep -q '^release: 1\.6[89]\.'; then[0m
Coverage	Run dtolnay/rust-toolchain@nightly	2026-02-20T20:38:42.8063969Z [36;1m    touch "/home/runner/work/_temp"/.implicit_cargo_registries_crates_io_protocol || true[0m
Coverage	Run dtolnay/rust-toolchain@nightly	2026-02-20T20:38:42.8064472Z [36;1m    echo CARGO_REGISTRIES_CRATES_IO_PROTOCOL=sparse >> $GITHUB_ENV[0m
Coverage	Run dtolnay/rust-toolchain@nightly	2026-02-20T20:38:42.8064943Z [36;1m  elif rustc +nightly --version --verbose | grep -q '^release: 1\.6[67]\.'; then[0m
Coverage	Run dtolnay/rust-toolchain@nightly	2026-02-20T20:38:42.8065472Z [36;1m    touch "/home/runner/work/_temp"/.implicit_cargo_registries_crates_io_protocol || true[0m
Coverage	Run dtolnay/rust-toolchain@nightly	2026-02-20T20:38:42.8065979Z [36;1m    echo CARGO_REGISTRIES_CRATES_IO_PROTOCOL=git >> $GITHUB_ENV[0m
Coverage	Run dtolnay/rust-toolchain@nightly	2026-02-20T20:38:42.8066292Z [36;1m  fi[0m
Coverage	Run dtolnay/rust-toolchain@nightly	2026-02-20T20:38:42.8066451Z [36;1mfi[0m
Coverage	Run dtolnay/rust-toolchain@nightly	2026-02-20T20:38:42.8066770Z shell: bash --noprofile --norc -e -o pipefail {0}
Coverage	Run dtolnay/rust-toolchain@nightly	2026-02-20T20:38:42.8067033Z env:
Coverage	Run dtolnay/rust-toolchain@nightly	2026-02-20T20:38:42.8067196Z   CARGO_TERM_COLOR: always
Coverage	Run dtolnay/rust-toolchain@nightly	2026-02-20T20:38:42.8067402Z   CARGO_HOME: /github/home/.cargo
Coverage	Run dtolnay/rust-toolchain@nightly	2026-02-20T20:38:42.8067622Z   CARGO_INCREMENTAL: 0
Coverage	Run dtolnay/rust-toolchain@nightly	2026-02-20T20:38:42.8067799Z ##[endgroup]
Coverage	Run dtolnay/rust-toolchain@nightly	2026-02-20T20:38:42.8989824Z ##[group]Run : work around spurious network errors in curl 8.0
Coverage	Run dtolnay/rust-toolchain@nightly	2026-02-20T20:38:42.8990558Z [36;1m: work around spurious network errors in curl 8.0[0m
Coverage	Run dtolnay/rust-toolchain@nightly	2026-02-20T20:38:42.8991533Z [36;1m# https://rust-lang.zulipchat.com/#narrow/stream/246057-t-cargo/topic/timeout.20investigation[0m
Coverage	Run dtolnay/rust-toolchain@nightly	2026-02-20T20:38:42.8992631Z [36;1mif rustc +nightly --version --verbose | grep -q '^release: 1\.7[01]\.'; then[0m
Coverage	Run dtolnay/rust-toolchain@nightly	2026-02-20T20:38:42.8994001Z [36;1m  echo CARGO_HTTP_MULTIPLEXING=false >> $GITHUB_ENV[0m
Coverage	Run dtolnay/rust-toolchain@nightly	2026-02-20T20:38:42.8994531Z [36;1mfi[0m
Coverage	Run dtolnay/rust-toolchain@nightly	2026-02-20T20:38:42.8995099Z shell: bash --noprofile --norc -e -o pipefail {0}
Coverage	Run dtolnay/rust-toolchain@nightly	2026-02-20T20:38:42.8995554Z env:
Coverage	Run dtolnay/rust-toolchain@nightly	2026-02-20T20:38:42.8995839Z   CARGO_TERM_COLOR: always
Coverage	Run dtolnay/rust-toolchain@nightly	2026-02-20T20:38:42.8996230Z   CARGO_HOME: /github/home/.cargo
Coverage	Run dtolnay/rust-toolchain@nightly	2026-02-20T20:38:42.8996632Z   CARGO_INCREMENTAL: 0
Coverage	Run dtolnay/rust-toolchain@nightly	2026-02-20T20:38:42.8996956Z ##[endgroup]
Coverage	Run dtolnay/rust-toolchain@nightly	2026-02-20T20:38:42.9784864Z ##[group]Run rustc +nightly --version --verbose
Coverage	Run dtolnay/rust-toolchain@nightly	2026-02-20T20:38:42.9785226Z [36;1mrustc +nightly --version --verbose[0m
Coverage	Run dtolnay/rust-toolchain@nightly	2026-02-20T20:38:42.9785595Z shell: bash --noprofile --norc -e -o pipefail {0}
Coverage	Run dtolnay/rust-toolchain@nightly	2026-02-20T20:38:42.9785861Z env:
Coverage	Run dtolnay/rust-toolchain@nightly	2026-02-20T20:38:42.9786019Z   CARGO_TERM_COLOR: always
Coverage	Run dtolnay/rust-toolchain@nightly	2026-02-20T20:38:42.9786235Z   CARGO_HOME: /github/home/.cargo
Coverage	Run dtolnay/rust-toolchain@nightly	2026-02-20T20:38:42.9786456Z   CARGO_INCREMENTAL: 0
Coverage	Run dtolnay/rust-toolchain@nightly	2026-02-20T20:38:42.9786642Z ##[endgroup]
Coverage	Run dtolnay/rust-toolchain@nightly	2026-02-20T20:38:43.0482272Z rustc 1.95.0-nightly (7f99507f5 2026-02-19)
Coverage	Run dtolnay/rust-toolchain@nightly	2026-02-20T20:38:43.0483634Z binary: rustc
Coverage	Run dtolnay/rust-toolchain@nightly	2026-02-20T20:38:43.0484042Z commit-hash: 7f99507f57e6c4aa0dce3daf6a13cca8cd4dd312
Coverage	Run dtolnay/rust-toolchain@nightly	2026-02-20T20:38:43.0484537Z commit-date: 2026-02-19
Coverage	Run dtolnay/rust-toolchain@nightly	2026-02-20T20:38:43.0484881Z host: x86_64-unknown-linux-gnu
Coverage	Run dtolnay/rust-toolchain@nightly	2026-02-20T20:38:43.0485253Z release: 1.95.0-nightly
Coverage	Run dtolnay/rust-toolchain@nightly	2026-02-20T20:38:43.0485799Z LLVM version: 22.1.0
Coverage	Run Swatinem/rust-cache@v2	﻿2026-02-20T20:38:43.0610596Z ##[group]Run Swatinem/rust-cache@v2
Coverage	Run Swatinem/rust-cache@v2	2026-02-20T20:38:43.0610865Z with:
Coverage	Run Swatinem/rust-cache@v2	2026-02-20T20:38:43.0611035Z   shared-key: ci-ubuntu
Coverage	Run Swatinem/rust-cache@v2	2026-02-20T20:38:43.0611228Z   prefix-key: v0-rust
Coverage	Run Swatinem/rust-cache@v2	2026-02-20T20:38:43.0611423Z   add-job-id-key: true
Coverage	Run Swatinem/rust-cache@v2	2026-02-20T20:38:43.0611624Z   add-rust-environment-hash-key: true
Coverage	Run Swatinem/rust-cache@v2	2026-02-20T20:38:43.0611868Z   cache-targets: true
Coverage	Run Swatinem/rust-cache@v2	2026-02-20T20:38:43.0612064Z   cache-all-crates: false
Coverage	Run Swatinem/rust-cache@v2	2026-02-20T20:38:43.0612269Z   cache-workspace-crates: false
Coverage	Run Swatinem/rust-cache@v2	2026-02-20T20:38:43.0612481Z   save-if: true
Coverage	Run Swatinem/rust-cache@v2	2026-02-20T20:38:43.0612650Z   cache-provider: github
Coverage	Run Swatinem/rust-cache@v2	2026-02-20T20:38:43.0612845Z   cache-bin: true
Coverage	Run Swatinem/rust-cache@v2	2026-02-20T20:38:43.0613274Z   lookup-only: false
Coverage	Run Swatinem/rust-cache@v2	2026-02-20T20:38:43.0613473Z env:
Coverage	Run Swatinem/rust-cache@v2	2026-02-20T20:38:43.0613625Z   CARGO_TERM_COLOR: always
Coverage	Run Swatinem/rust-cache@v2	2026-02-20T20:38:43.0613835Z   CARGO_HOME: /github/home/.cargo
Coverage	Run Swatinem/rust-cache@v2	2026-02-20T20:38:43.0614049Z   CARGO_INCREMENTAL: 0
Coverage	Run Swatinem/rust-cache@v2	2026-02-20T20:38:43.0614233Z ##[endgroup]
Coverage	Run Swatinem/rust-cache@v2	2026-02-20T20:38:43.0617825Z ##[command]/usr/bin/docker exec  041b39830a362228a4a89531eacd49d84d1b31681cd4ea8c5e7e8885c0f6fdbf sh -c "cat /etc/*release | grep ^ID"
Coverage	Run Swatinem/rust-cache@v2	2026-02-20T20:38:43.9150438Z ##[group]Cache Configuration
Coverage	Run Swatinem/rust-cache@v2	2026-02-20T20:38:43.9150992Z Cache Provider:
Coverage	Run Swatinem/rust-cache@v2	2026-02-20T20:38:43.9151273Z     github
Coverage	Run Swatinem/rust-cache@v2	2026-02-20T20:38:43.9152515Z Workspaces:
Coverage	Run Swatinem/rust-cache@v2	2026-02-20T20:38:43.9153595Z     /__w/waterkit/waterkit
Coverage	Run Swatinem/rust-cache@v2	2026-02-20T20:38:43.9155613Z Cache Paths:
Coverage	Run Swatinem/rust-cache@v2	2026-02-20T20:38:43.9156462Z     /github/home/.cargo/bin
Coverage	Run Swatinem/rust-cache@v2	2026-02-20T20:38:43.9157275Z     /github/home/.cargo/.crates.toml
Coverage	Run Swatinem/rust-cache@v2	2026-02-20T20:38:43.9157990Z     /github/home/.cargo/.crates2.json
Coverage	Run Swatinem/rust-cache@v2	2026-02-20T20:38:43.9159266Z     /github/home/.cargo/registry
Coverage	Run Swatinem/rust-cache@v2	2026-02-20T20:38:43.9159676Z     /github/home/.cargo/git
Coverage	Run Swatinem/rust-cache@v2	2026-02-20T20:38:43.9160249Z     /__w/waterkit/waterkit/target
Coverage	Run Swatinem/rust-cache@v2	2026-02-20T20:38:43.9160633Z Restore Key:
Coverage	Run Swatinem/rust-cache@v2	2026-02-20T20:38:43.9160947Z     v0-rust-ci-ubuntu-Linux-x64-445d2973
Coverage	Run Swatinem/rust-cache@v2	2026-02-20T20:38:43.9161340Z Cache Key:
Coverage	Run Swatinem/rust-cache@v2	2026-02-20T20:38:43.9161677Z     v0-rust-ci-ubuntu-Linux-x64-445d2973-892e6ec8
Coverage	Run Swatinem/rust-cache@v2	2026-02-20T20:38:43.9162112Z .. Prefix:
Coverage	Run Swatinem/rust-cache@v2	2026-02-20T20:38:43.9162405Z   - v0-rust-ci-ubuntu-Linux-x64
Coverage	Run Swatinem/rust-cache@v2	2026-02-20T20:38:43.9162739Z .. Environment considered:
Coverage	Run Swatinem/rust-cache@v2	2026-02-20T20:38:43.9163877Z   - Rust Version: 1.95.0-nightly x86_64-unknown-linux-gnu (7f99507f57e6c4aa0dce3daf6a13cca8cd4dd312)
Coverage	Run Swatinem/rust-cache@v2	2026-02-20T20:38:43.9164637Z   - CARGO_HOME
Coverage	Run Swatinem/rust-cache@v2	2026-02-20T20:38:43.9164916Z   - CARGO_INCREMENTAL
Coverage	Run Swatinem/rust-cache@v2	2026-02-20T20:38:43.9165148Z   - CARGO_TERM_COLOR
Coverage	Run Swatinem/rust-cache@v2	2026-02-20T20:38:43.9165343Z .. Lockfiles considered:
Coverage	Run Swatinem/rust-cache@v2	2026-02-20T20:38:43.9165566Z   - /__w/waterkit/waterkit/audio/Cargo.toml
Coverage	Run Swatinem/rust-cache@v2	2026-02-20T20:38:43.9165834Z   - /__w/waterkit/waterkit/background/Cargo.toml
Coverage	Run Swatinem/rust-cache@v2	2026-02-20T20:38:43.9166133Z   - /__w/waterkit/waterkit/biometric/Cargo.toml
Coverage	Run Swatinem/rust-cache@v2	2026-02-20T20:38:43.9166418Z   - /__w/waterkit/waterkit/bluetooth/Cargo.toml
Coverage	Run Swatinem/rust-cache@v2	2026-02-20T20:38:43.9166723Z   - /__w/waterkit/waterkit/calendar/Cargo.toml
Coverage	Run Swatinem/rust-cache@v2	2026-02-20T20:38:43.9166984Z   - /__w/waterkit/waterkit/camera/Cargo.toml
Coverage	Run Swatinem/rust-cache@v2	2026-02-20T20:38:43.9167226Z   - /__w/waterkit/waterkit/Cargo.toml
Coverage	Run Swatinem/rust-cache@v2	2026-02-20T20:38:43.9167486Z   - /__w/waterkit/waterkit/clipboard/Cargo.toml
Coverage	Run Swatinem/rust-cache@v2	2026-02-20T20:38:43.9167752Z   - /__w/waterkit/waterkit/codec/Cargo.toml
Coverage	Run Swatinem/rust-cache@v2	2026-02-20T20:38:43.9168253Z   - /__w/waterkit/waterkit/contacts/Cargo.toml
Coverage	Run Swatinem/rust-cache@v2	2026-02-20T20:38:43.9168711Z   - /__w/waterkit/waterkit/deeplink/Cargo.toml
Coverage	Run Swatinem/rust-cache@v2	2026-02-20T20:38:43.9169179Z   - /__w/waterkit/waterkit/dialog/Cargo.toml
Coverage	Run Swatinem/rust-cache@v2	2026-02-20T20:38:43.9169620Z   - /__w/waterkit/waterkit/fs/Cargo.toml
Coverage	Run Swatinem/rust-cache@v2	2026-02-20T20:38:43.9170037Z   - /__w/waterkit/waterkit/haptic/Cargo.toml
Coverage	Run Swatinem/rust-cache@v2	2026-02-20T20:38:43.9170361Z   - /__w/waterkit/waterkit/health/Cargo.toml
Coverage	Run Swatinem/rust-cache@v2	2026-02-20T20:38:43.9170761Z   - /__w/waterkit/waterkit/location/Cargo.toml
Coverage	Run Swatinem/rust-cache@v2	2026-02-20T20:38:43.9171021Z   - /__w/waterkit/waterkit/nfc/Cargo.toml
Coverage	Run Swatinem/rust-cache@v2	2026-02-20T20:38:43.9171284Z   - /__w/waterkit/waterkit/notification/Cargo.toml
Coverage	Run Swatinem/rust-cache@v2	2026-02-20T20:38:43.9171934Z   - /__w/waterkit/waterkit/passkey/Cargo.toml
Coverage	Run Swatinem/rust-cache@v2	2026-02-20T20:38:43.9172207Z   - /__w/waterkit/waterkit/permission/Cargo.toml
Coverage	Run Swatinem/rust-cache@v2	2026-02-20T20:38:43.9172475Z   - /__w/waterkit/waterkit/screen/Cargo.toml
Coverage	Run Swatinem/rust-cache@v2	2026-02-20T20:38:43.9172869Z   - /__w/waterkit/waterkit/secret/Cargo.toml
Coverage	Run Swatinem/rust-cache@v2	2026-02-20T20:38:43.9173703Z   - /__w/waterkit/waterkit/sensor/Cargo.toml
Coverage	Run Swatinem/rust-cache@v2	2026-02-20T20:38:43.9174125Z   - /__w/waterkit/waterkit/share/Cargo.toml
Coverage	Run Swatinem/rust-cache@v2	2026-02-20T20:38:43.9174491Z   - /__w/waterkit/waterkit/speech/Cargo.toml
Coverage	Run Swatinem/rust-cache@v2	2026-02-20T20:38:43.9174764Z   - /__w/waterkit/waterkit/system/Cargo.toml
Coverage	Run Swatinem/rust-cache@v2	2026-02-20T20:38:43.9175213Z   - /__w/waterkit/waterkit/tests/android/rust/Cargo.toml
Coverage	Run Swatinem/rust-cache@v2	2026-02-20T20:38:43.9175556Z   - /__w/waterkit/waterkit/tests/ios/rust/Cargo.toml
Coverage	Run Swatinem/rust-cache@v2	2026-02-20T20:38:43.9175958Z   - /__w/waterkit/waterkit/tests/linux/rust/Cargo.toml
Coverage	Run Swatinem/rust-cache@v2	2026-02-20T20:38:43.9176287Z   - /__w/waterkit/waterkit/tests/macos/audio/Cargo.toml
Coverage	Run Swatinem/rust-cache@v2	2026-02-20T20:38:43.9176685Z   - /__w/waterkit/waterkit/tests/macos/biometric/Cargo.toml
Coverage	Run Swatinem/rust-cache@v2	2026-02-20T20:38:43.9177115Z   - /__w/waterkit/waterkit/tests/macos/camera/Cargo.toml
Coverage	Run Swatinem/rust-cache@v2	2026-02-20T20:38:43.9177494Z   - /__w/waterkit/waterkit/tests/macos/codec/Cargo.toml
Coverage	Run Swatinem/rust-cache@v2	2026-02-20T20:38:43.9177890Z   - /__w/waterkit/waterkit/tests/macos/dialog/Cargo.toml
Coverage	Run Swatinem/rust-cache@v2	2026-02-20T20:38:43.9178242Z   - /__w/waterkit/waterkit/tests/macos/location/Cargo.toml
Coverage	Run Swatinem/rust-cache@v2	2026-02-20T20:38:43.9178714Z   - /__w/waterkit/waterkit/tests/macos/notification/Cargo.toml
Coverage	Run Swatinem/rust-cache@v2	2026-02-20T20:38:43.9179069Z   - /__w/waterkit/waterkit/tests/macos/passkey/Cargo.toml
Coverage	Run Swatinem/rust-cache@v2	2026-02-20T20:38:43.9179397Z   - /__w/waterkit/waterkit/tests/macos/sensor/Cargo.toml
Coverage	Run Swatinem/rust-cache@v2	2026-02-20T20:38:43.9179699Z   - /__w/waterkit/waterkit/tests/macos/video/Cargo.toml
Coverage	Run Swatinem/rust-cache@v2	2026-02-20T20:38:43.9180247Z   - /__w/waterkit/waterkit/tests/shared/dialog-demo/Cargo.toml
Coverage	Run Swatinem/rust-cache@v2	2026-02-20T20:38:43.9180623Z   - /__w/waterkit/waterkit/tests/windows/rust/Cargo.toml
Coverage	Run Swatinem/rust-cache@v2	2026-02-20T20:38:43.9181067Z   - /__w/waterkit/waterkit/tools/waterkit-test/Cargo.toml
Coverage	Run Swatinem/rust-cache@v2	2026-02-20T20:38:43.9181453Z   - /__w/waterkit/waterkit/video/Cargo.toml
Coverage	Run Swatinem/rust-cache@v2	2026-02-20T20:38:43.9181734Z   - /__w/waterkit/waterkit/waterkit-build/Cargo.toml
Coverage	Run Swatinem/rust-cache@v2	2026-02-20T20:38:43.9182227Z ##[endgroup]
Coverage	Run Swatinem/rust-cache@v2	2026-02-20T20:38:43.9182329Z 
Coverage	Run Swatinem/rust-cache@v2	2026-02-20T20:38:43.9182401Z ... Restoring cache ...
Coverage	Run Swatinem/rust-cache@v2	2026-02-20T20:38:44.3326129Z No cache found.
Coverage	Run taiki-e/install-action@cargo-llvm-cov	﻿2026-02-20T20:38:44.3505716Z ##[group]Run taiki-e/install-action@cargo-llvm-cov
Coverage	Run taiki-e/install-action@cargo-llvm-cov	2026-02-20T20:38:44.3506047Z with:
Coverage	Run taiki-e/install-action@cargo-llvm-cov	2026-02-20T20:38:44.3506220Z   tool: cargo-llvm-cov
Coverage	Run taiki-e/install-action@cargo-llvm-cov	2026-02-20T20:38:44.3506402Z   checksum: true
Coverage	Run taiki-e/install-action@cargo-llvm-cov	2026-02-20T20:38:44.3506583Z   fallback: cargo-binstall
Coverage	Run taiki-e/install-action@cargo-llvm-cov	2026-02-20T20:38:44.3506771Z env:
Coverage	Run taiki-e/install-action@cargo-llvm-cov	2026-02-20T20:38:44.3506930Z   CARGO_TERM_COLOR: always
Coverage	Run taiki-e/install-action@cargo-llvm-cov	2026-02-20T20:38:44.3507128Z   CARGO_HOME: /github/home/.cargo
Coverage	Run taiki-e/install-action@cargo-llvm-cov	2026-02-20T20:38:44.3507356Z   CARGO_INCREMENTAL: 0
Coverage	Run taiki-e/install-action@cargo-llvm-cov	2026-02-20T20:38:44.3507540Z   CACHE_ON_FAILURE: false
Coverage	Run taiki-e/install-action@cargo-llvm-cov	2026-02-20T20:38:44.3507728Z ##[endgroup]
Coverage	Run taiki-e/install-action@cargo-llvm-cov	2026-02-20T20:38:44.3522764Z ##[group]Run set -eu
Coverage	Run taiki-e/install-action@cargo-llvm-cov	2026-02-20T20:38:44.3523303Z [36;1mset -eu[0m
Coverage	Run taiki-e/install-action@cargo-llvm-cov	2026-02-20T20:38:44.3523511Z [36;1mif ! command -v bash >/dev/null; then[0m
Coverage	Run taiki-e/install-action@cargo-llvm-cov	2026-02-20T20:38:44.3523875Z [36;1m  if grep -Eq '^ID=alpine' /etc/os-release; then[0m
Coverage	Run taiki-e/install-action@cargo-llvm-cov	2026-02-20T20:38:44.3524277Z [36;1m    printf '::group::Install packages required for install-action (bash)\n'[0m
Coverage	Run taiki-e/install-action@cargo-llvm-cov	2026-02-20T20:38:44.3524670Z [36;1m    # NB: sync with apk_install in main.sh[0m
Coverage	Run taiki-e/install-action@cargo-llvm-cov	2026-02-20T20:38:44.3524979Z [36;1m    if command -v sudo >/dev/null; then[0m
Coverage	Run taiki-e/install-action@cargo-llvm-cov	2026-02-20T20:38:44.3525254Z [36;1m      sudo apk --no-cache add bash[0m
Coverage	Run taiki-e/install-action@cargo-llvm-cov	2026-02-20T20:38:44.3525517Z [36;1m    elif command -v doas >/dev/null; then[0m
Coverage	Run taiki-e/install-action@cargo-llvm-cov	2026-02-20T20:38:44.3525790Z [36;1m      doas apk --no-cache add bash[0m
Coverage	Run taiki-e/install-action@cargo-llvm-cov	2026-02-20T20:38:44.3526017Z [36;1m    else[0m
Coverage	Run taiki-e/install-action@cargo-llvm-cov	2026-02-20T20:38:44.3526202Z [36;1m      apk --no-cache add bash[0m
Coverage	Run taiki-e/install-action@cargo-llvm-cov	2026-02-20T20:38:44.3526424Z [36;1m    fi[0m
Coverage	Run taiki-e/install-action@cargo-llvm-cov	2026-02-20T20:38:44.3526599Z [36;1m    printf '::endgroup::\n'[0m
Coverage	Run taiki-e/install-action@cargo-llvm-cov	2026-02-20T20:38:44.3526822Z [36;1m  else[0m
Coverage	Run taiki-e/install-action@cargo-llvm-cov	2026-02-20T20:38:44.3527046Z [36;1m    printf '::error::install-action requires bash\n'[0m
Coverage	Run taiki-e/install-action@cargo-llvm-cov	2026-02-20T20:38:44.3527326Z [36;1m    exit 1[0m
Coverage	Run taiki-e/install-action@cargo-llvm-cov	2026-02-20T20:38:44.3527685Z [36;1m  fi[0m
Coverage	Run taiki-e/install-action@cargo-llvm-cov	2026-02-20T20:38:44.3527844Z [36;1mfi[0m
Coverage	Run taiki-e/install-action@cargo-llvm-cov	2026-02-20T20:38:44.3528075Z shell: sh -e {0}
Coverage	Run taiki-e/install-action@cargo-llvm-cov	2026-02-20T20:38:44.3528241Z env:
Coverage	Run taiki-e/install-action@cargo-llvm-cov	2026-02-20T20:38:44.3528395Z   CARGO_TERM_COLOR: always
Coverage	Run taiki-e/install-action@cargo-llvm-cov	2026-02-20T20:38:44.3528603Z   CARGO_HOME: /github/home/.cargo
Coverage	Run taiki-e/install-action@cargo-llvm-cov	2026-02-20T20:38:44.3528825Z   CARGO_INCREMENTAL: 0
Coverage	Run taiki-e/install-action@cargo-llvm-cov	2026-02-20T20:38:44.3529008Z   CACHE_ON_FAILURE: false
Coverage	Run taiki-e/install-action@cargo-llvm-cov	2026-02-20T20:38:44.3529199Z ##[endgroup]
Coverage	Run taiki-e/install-action@cargo-llvm-cov	2026-02-20T20:38:44.4388550Z ##[group]Run bash --noprofile --norc "${GITHUB_ACTION_PATH:?}/main.sh"
Coverage	Run taiki-e/install-action@cargo-llvm-cov	2026-02-20T20:38:44.4389014Z [36;1mbash --noprofile --norc "${GITHUB_ACTION_PATH:?}/main.sh"[0m
Coverage	Run taiki-e/install-action@cargo-llvm-cov	2026-02-20T20:38:44.4389431Z shell: bash --noprofile --norc -e -o pipefail {0}
Coverage	Run taiki-e/install-action@cargo-llvm-cov	2026-02-20T20:38:44.4389685Z env:
Coverage	Run taiki-e/install-action@cargo-llvm-cov	2026-02-20T20:38:44.4389849Z   CARGO_TERM_COLOR: always
Coverage	Run taiki-e/install-action@cargo-llvm-cov	2026-02-20T20:38:44.4390061Z   CARGO_HOME: /github/home/.cargo
Coverage	Run taiki-e/install-action@cargo-llvm-cov	2026-02-20T20:38:44.4390277Z   CARGO_INCREMENTAL: 0
Coverage	Run taiki-e/install-action@cargo-llvm-cov	2026-02-20T20:38:44.4390462Z   CACHE_ON_FAILURE: false
Coverage	Run taiki-e/install-action@cargo-llvm-cov	2026-02-20T20:38:44.4390660Z   INPUT_TOOL: cargo-llvm-cov
Coverage	Run taiki-e/install-action@cargo-llvm-cov	2026-02-20T20:38:44.4390878Z   INPUT_CHECKSUM: true
Coverage	Run taiki-e/install-action@cargo-llvm-cov	2026-02-20T20:38:44.4391064Z   INPUT_FALLBACK: cargo-binstall
Coverage	Run taiki-e/install-action@cargo-llvm-cov	2026-02-20T20:38:44.4391775Z   DEFAULT_GITHUB_TOKEN: ***
Coverage	Run taiki-e/install-action@cargo-llvm-cov	2026-02-20T20:38:44.4392068Z   ACTION_USER_AGENT: taiki-e/install-action (cargo-llvm-cov)
Coverage	Run taiki-e/install-action@cargo-llvm-cov	2026-02-20T20:38:44.4392366Z ##[endgroup]
Coverage	Run taiki-e/install-action@cargo-llvm-cov	2026-02-20T20:38:44.5111013Z info: host platform: x86_64_linux
Coverage	Run taiki-e/install-action@cargo-llvm-cov	2026-02-20T20:38:44.5118171Z info: cargo is located at /home/runner/.cargo/bin/cargo
Coverage	Run taiki-e/install-action@cargo-llvm-cov	2026-02-20T20:38:44.5315502Z info: installing cargo-llvm-cov@latest
Coverage	Run taiki-e/install-action@cargo-llvm-cov	2026-02-20T20:38:44.5493363Z info: adding '/github/home/.install-action/bin' to PATH
Coverage	Run taiki-e/install-action@cargo-llvm-cov	2026-02-20T20:38:44.5523477Z info: downloading https://github.com/taiki-e/cargo-llvm-cov/releases/download/v0.8.4/cargo-llvm-cov-x86_64-unknown-linux-musl.tar.gz
Coverage	Run taiki-e/install-action@cargo-llvm-cov	2026-02-20T20:38:44.8286344Z info: verifying sha256 checksum for cargo-llvm-cov-x86_64-unknown-linux-musl.tar.gz
Coverage	Run taiki-e/install-action@cargo-llvm-cov	2026-02-20T20:38:44.8743696Z info: cargo-llvm-cov installed at /github/home/.install-action/bin/cargo-llvm-cov
Coverage	Run taiki-e/install-action@cargo-llvm-cov	2026-02-20T20:38:44.8746014Z + cargo-llvm-cov llvm-cov --version
Coverage	Run taiki-e/install-action@cargo-llvm-cov	2026-02-20T20:38:44.8753226Z cargo-llvm-cov 0.8.4
Coverage	Run taiki-e/install-action@cargo-llvm-cov	2026-02-20T20:38:44.8754530Z 
Coverage	Run cargo llvm-cov --all-features --workspace --lcov --output-path lcov.info --exclude waterkit-audio-test --exclude waterkit-biometric-test --exclude waterkit-camera-test --exclude waterkit-codec-bench --exclude waterkit-dialog-test --exclude waterkit-location-test --exclude waterkit-notification-test --exclude waterkit-sensor-test --exclude waterkit-video-test --exclude waterkit-test-ios --exclude waterkit-test-android	﻿2026-02-20T20:38:44.8821865Z ##[group]Run cargo llvm-cov --all-features --workspace --lcov --output-path lcov.info --exclude waterkit-audio-test --exclude waterkit-biometric-test --exclude waterkit-camera-test --exclude waterkit-codec-bench --exclude waterkit-dialog-test --exclude waterkit-location-test --exclude waterkit-notification-test --exclude waterkit-sensor-test --exclude waterkit-video-test --exclude waterkit-test-ios --exclude waterkit-test-android
Coverage	Run cargo llvm-cov --all-features --workspace --lcov --output-path lcov.info --exclude waterkit-audio-test --exclude waterkit-biometric-test --exclude waterkit-camera-test --exclude waterkit-codec-bench --exclude waterkit-dialog-test --exclude waterkit-location-test --exclude waterkit-notification-test --exclude waterkit-sensor-test --exclude waterkit-video-test --exclude waterkit-test-ios --exclude waterkit-test-android	2026-02-20T20:38:44.8825371Z [36;1mcargo llvm-cov --all-features --workspace --lcov --output-path lcov.info --exclude waterkit-audio-test --exclude waterkit-biometric-test --exclude waterkit-camera-test --exclude waterkit-codec-bench --exclude waterkit-dialog-test --exclude waterkit-location-test --exclude waterkit-notification-test --exclude waterkit-sensor-test --exclude waterkit-video-test --exclude waterkit-test-ios --exclude waterkit-test-android[0m
Coverage	Run cargo llvm-cov --all-features --workspace --lcov --output-path lcov.info --exclude waterkit-audio-test --exclude waterkit-biometric-test --exclude waterkit-camera-test --exclude waterkit-codec-bench --exclude waterkit-dialog-test --exclude waterkit-location-test --exclude waterkit-notification-test --exclude waterkit-sensor-test --exclude waterkit-video-test --exclude waterkit-test-ios --exclude waterkit-test-android	2026-02-20T20:38:44.8828237Z shell: sh -e {0}
Coverage	Run cargo llvm-cov --all-features --workspace --lcov --output-path lcov.info --exclude waterkit-audio-test --exclude waterkit-biometric-test --exclude waterkit-camera-test --exclude waterkit-codec-bench --exclude waterkit-dialog-test --exclude waterkit-location-test --exclude waterkit-notification-test --exclude waterkit-sensor-test --exclude waterkit-video-test --exclude waterkit-test-ios --exclude waterkit-test-android	2026-02-20T20:38:44.8828440Z env:
Coverage	Run cargo llvm-cov --all-features --workspace --lcov --output-path lcov.info --exclude waterkit-audio-test --exclude waterkit-biometric-test --exclude waterkit-camera-test --exclude waterkit-codec-bench --exclude waterkit-dialog-test --exclude waterkit-location-test --exclude waterkit-notification-test --exclude waterkit-sensor-test --exclude waterkit-video-test --exclude waterkit-test-ios --exclude waterkit-test-android	2026-02-20T20:38:44.8828603Z   CARGO_TERM_COLOR: always
Coverage	Run cargo llvm-cov --all-features --workspace --lcov --output-path lcov.info --exclude waterkit-audio-test --exclude waterkit-biometric-test --exclude waterkit-camera-test --exclude waterkit-codec-bench --exclude waterkit-dialog-test --exclude waterkit-location-test --exclude waterkit-notification-test --exclude waterkit-sensor-test --exclude waterkit-video-test --exclude waterkit-test-ios --exclude waterkit-test-android	2026-02-20T20:38:44.8828865Z   CARGO_HOME: /github/home/.cargo
Coverage	Run cargo llvm-cov --all-features --workspace --lcov --output-path lcov.info --exclude waterkit-audio-test --exclude waterkit-biometric-test --exclude waterkit-camera-test --exclude waterkit-codec-bench --exclude waterkit-dialog-test --exclude waterkit-location-test --exclude waterkit-notification-test --exclude waterkit-sensor-test --exclude waterkit-video-test --exclude waterkit-test-ios --exclude waterkit-test-android	2026-02-20T20:38:44.8829107Z   CARGO_INCREMENTAL: 0
Coverage	Run cargo llvm-cov --all-features --workspace --lcov --output-path lcov.info --exclude waterkit-audio-test --exclude waterkit-biometric-test --exclude waterkit-camera-test --exclude waterkit-codec-bench --exclude waterkit-dialog-test --exclude waterkit-location-test --exclude waterkit-notification-test --exclude waterkit-sensor-test --exclude waterkit-video-test --exclude waterkit-test-ios --exclude waterkit-test-android	2026-02-20T20:38:44.8829305Z   CACHE_ON_FAILURE: false
Coverage	Run cargo llvm-cov --all-features --workspace --lcov --output-path lcov.info --exclude waterkit-audio-test --exclude waterkit-biometric-test --exclude waterkit-camera-test --exclude waterkit-codec-bench --exclude waterkit-dialog-test --exclude waterkit-location-test --exclude waterkit-notification-test --exclude waterkit-sensor-test --exclude waterkit-video-test --exclude waterkit-test-ios --exclude waterkit-test-android	2026-02-20T20:38:44.8829498Z ##[endgroup]
Coverage	Run cargo llvm-cov --all-features --workspace --lcov --output-path lcov.info --exclude waterkit-audio-test --exclude waterkit-biometric-test --exclude waterkit-camera-test --exclude waterkit-codec-bench --exclude waterkit-dialog-test --exclude waterkit-location-test --exclude waterkit-notification-test --exclude waterkit-sensor-test --exclude waterkit-video-test --exclude waterkit-test-ios --exclude waterkit-test-android	2026-02-20T20:38:45.0592809Z info: cargo-llvm-cov currently setting cfg(coverage) and cfg(coverage_nightly); you can opt-out it by passing --no-cfg-coverage and --no-cfg-coverage-nightly
Coverage	Run cargo llvm-cov --all-features --workspace --lcov --output-path lcov.info --exclude waterkit-audio-test --exclude waterkit-biometric-test --exclude waterkit-camera-test --exclude waterkit-codec-bench --exclude waterkit-dialog-test --exclude waterkit-location-test --exclude waterkit-notification-test --exclude waterkit-sensor-test --exclude waterkit-video-test --exclude waterkit-test-ios --exclude waterkit-test-android	2026-02-20T20:38:46.8369472Z [1m[92m Downloading[0m crates ...
Coverage	Run cargo llvm-cov --all-features --workspace --lcov --output-path lcov.info --exclude waterkit-audio-test --exclude waterkit-biometric-test --exclude waterkit-camera-test --exclude waterkit-codec-bench --exclude waterkit-dialog-test --exclude waterkit-location-test --exclude waterkit-notification-test --exclude waterkit-sensor-test --exclude waterkit-video-test --exclude waterkit-test-ios --exclude waterkit-test-android	2026-02-20T20:38:46.8987797Z [1m[92m  Downloaded[0m ab_glyph_rasterizer v0.1.10
Coverage	Run cargo llvm-cov --all-features --workspace --lcov --output-path lcov.info --exclude waterkit-audio-test --exclude waterkit-biometric-test --exclude waterkit-camera-test --exclude waterkit-codec-bench --exclude waterkit-dialog-test --exclude waterkit-location-test --exclude waterkit-notification-test --exclude waterkit-sensor-test --exclude waterkit-video-test --exclude waterkit-test-ios --exclude waterkit-test-android	2026-02-20T20:38:46.9059841Z [1m[92m  Downloaded[0m aligned-vec v0.6.4
Coverage	Run cargo llvm-cov --all-features --workspace --lcov --output-path lcov.info --exclude waterkit-audio-test --exclude waterkit-biometric-test --exclude waterkit-camera-test --exclude waterkit-codec-bench --exclude waterkit-dialog-test --exclude waterkit-location-test --exclude waterkit-notification-test --exclude waterkit-sensor-test --exclude waterkit-video-test --exclude waterkit-test-ios --exclude waterkit-test-android	2026-02-20T20:38:46.9098427Z [1m[92m  Downloaded[0m alsa-sys v0.3.1
Coverage	Run cargo llvm-cov --all-features --workspace --lcov --output-path lcov.info --exclude waterkit-audio-test --exclude waterkit-biometric-test --exclude waterkit-camera-test --exclude waterkit-codec-bench --exclude waterkit-dialog-test --exclude waterkit-location-test --exclude waterkit-notification-test --exclude waterkit-sensor-test --exclude waterkit-video-test --exclude waterkit-test-ios --exclude waterkit-test-android	2026-02-20T20:38:46.9140898Z [1m[92m  Downloaded[0m bumpalo v3.20.2
Coverage	Run cargo llvm-cov --all-features --workspace --lcov --output-path lcov.info --exclude waterkit-audio-test --exclude waterkit-biometric-test --exclude waterkit-camera-test --exclude waterkit-codec-bench --exclude waterkit-dialog-test --exclude waterkit-location-test --exclude waterkit-notification-test --exclude waterkit-sensor-test --exclude waterkit-video-test --exclude waterkit-test-ios --exclude waterkit-test-android	2026-02-20T20:38:46.9193609Z [1m[92m  Downloaded[0m dirs v6.0.0
Coverage	Run cargo llvm-cov --all-features --workspace --lcov --output-path lcov.info --exclude waterkit-audio-test --exclude waterkit-biometric-test --exclude waterkit-camera-test --exclude waterkit-codec-bench --exclude waterkit-dialog-test --exclude waterkit-location-test --exclude waterkit-notification-test --exclude waterkit-sensor-test --exclude waterkit-video-test --exclude waterkit-test-ios --exclude waterkit-test-android	2026-02-20T20:38:46.9234053Z [1m[92m  Downloaded[0m document-features v0.2.12
Coverage	Run cargo llvm-cov --all-features --workspace --lcov --output-path lcov.info --exclude waterkit-audio-test --exclude waterkit-biometric-test --exclude waterkit-camera-test --exclude waterkit-codec-bench --exclude waterkit-dialog-test --exclude waterkit-location-test --exclude waterkit-notification-test --exclude waterkit-sensor-test --exclude waterkit-video-test --exclude waterkit-test-ios --exclude waterkit-test-android	2026-02-20T20:38:46.9271853Z [1m[92m  Downloaded[0m hound v3.5.1
Coverage	Run cargo llvm-cov --all-features --workspace --lcov --output-path lcov.info --exclude waterkit-audio-test --exclude waterkit-biometric-test --exclude waterkit-camera-test --exclude waterkit-codec-bench --exclude waterkit-dialog-test --exclude waterkit-location-test --exclude waterkit-notification-test --exclude waterkit-sensor-test --exclude waterkit-video-test --exclude waterkit-test-ios --exclude waterkit-test-android	2026-02-20T20:38:46.9330790Z [1m[92m  Downloaded[0m equator-macro v0.4.2
Coverage	Run cargo llvm-cov --all-features --workspace --lcov --output-path lcov.info --exclude waterkit-audio-test --exclude waterkit-biometric-test --exclude waterkit-camera-test --exclude waterkit-codec-bench --exclude waterkit-dialog-test --exclude waterkit-location-test --exclude waterkit-notification-test --exclude waterkit-sensor-test --exclude waterkit-video-test --exclude waterkit-test-ios --exclude waterkit-test-android	2026-02-20T20:38:46.9392207Z [1m[92m  Downloaded[0m imgref v1.12.0
Coverage	Run cargo llvm-cov --all-features --workspace --lcov --output-path lcov.info --exclude waterkit-audio-test --exclude waterkit-biometric-test --exclude waterkit-camera-test --exclude waterkit-codec-bench --exclude waterkit-dialog-test --exclude waterkit-location-test --exclude waterkit-notification-test --exclude waterkit-sensor-test --exclude waterkit-video-test --exclude waterkit-test-ios --exclude waterkit-test-android	2026-02-20T20:38:46.9455189Z [1m[92m  Downloaded[0m clipboard-rs v0.3.2
Coverage	Run cargo llvm-cov --all-features --workspace --lcov --output-path lcov.info --exclude waterkit-audio-test --exclude waterkit-biometric-test --exclude waterkit-camera-test --exclude waterkit-codec-bench --exclude waterkit-dialog-test --exclude waterkit-location-test --exclude waterkit-notification-test --exclude waterkit-sensor-test --exclude waterkit-video-test --exclude waterkit-test-ios --exclude waterkit-test-android	2026-02-20T20:38:46.9540002Z [1m[92m  Downloaded[0m libloading v0.8.9
Coverage	Run cargo llvm-cov --all-features --workspace --lcov --output-path lcov.info --exclude waterkit-audio-test --exclude waterkit-biometric-test --exclude waterkit-camera-test --exclude waterkit-codec-bench --exclude waterkit-dialog-test --exclude waterkit-location-test --exclude waterkit-notification-test --exclude waterkit-sensor-test --exclude waterkit-video-test --exclude waterkit-test-ios --exclude waterkit-test-android	2026-02-20T20:38:46.9628053Z [1m[92m  Downloaded[0m crossbeam-queue v0.3.12
Coverage	Run cargo llvm-cov --all-features --workspace --lcov --output-path lcov.info --exclude waterkit-audio-test --exclude waterkit-biometric-test --exclude waterkit-camera-test --exclude waterkit-codec-bench --exclude waterkit-dialog-test --exclude waterkit-location-test --exclude waterkit-notification-test --exclude waterkit-sensor-test --exclude waterkit-video-test --exclude waterkit-test-ios --exclude waterkit-test-android	2026-02-20T20:38:46.9700686Z [1m[92m  Downloaded[0m gpu-alloc v0.6.0
Coverage	Run cargo llvm-cov --all-features --workspace --lcov --output-path lcov.info --exclude waterkit-audio-test --exclude waterkit-biometric-test --exclude waterkit-camera-test --exclude waterkit-codec-bench --exclude waterkit-dialog-test --exclude waterkit-location-test --exclude waterkit-notification-test --exclude waterkit-sensor-test --exclude waterkit-video-test --exclude waterkit-test-ios --exclude waterkit-test-android	2026-02-20T20:38:46.9751485Z [1m[92m  Downloaded[0m itoa v1.0.17
Coverage	Run cargo llvm-cov --all-features --workspace --lcov --output-path lcov.info --exclude waterkit-audio-test --exclude waterkit-biometric-test --exclude waterkit-camera-test --exclude waterkit-codec-bench --exclude waterkit-dialog-test --exclude waterkit-location-test --exclude waterkit-notification-test --exclude waterkit-sensor-test --exclude waterkit-video-test --exclude waterkit-test-ios --exclude waterkit-test-android	2026-02-20T20:38:46.9800800Z [1m[92m  Downloaded[0m linux-raw-sys v0.11.0
Coverage	Run cargo llvm-cov --all-features --workspace --lcov --output-path lcov.info --exclude waterkit-audio-test --exclude waterkit-biometric-test --exclude waterkit-camera-test --exclude waterkit-codec-bench --exclude waterkit-dialog-test --exclude waterkit-location-test --exclude waterkit-notification-test --exclude waterkit-sensor-test --exclude waterkit-video-test --exclude waterkit-test-ios --exclude waterkit-test-android	2026-02-20T20:38:47.0487033Z [1m[92m  Downloaded[0m quick-error v2.0.1
Coverage	Run cargo llvm-cov --all-features --workspace --lcov --output-path lcov.info --exclude waterkit-audio-test --exclude waterkit-biometric-test --exclude waterkit-camera-test --exclude waterkit-codec-bench --exclude waterkit-dialog-test --exclude waterkit-location-test --exclude waterkit-notification-test --exclude waterkit-sensor-test --exclude waterkit-video-test --exclude waterkit-test-ios --exclude waterkit-test-android	2026-02-20T20:38:47.0604123Z [1m[92m  Downloaded[0m rand_chacha v0.9.0
Coverage	Run cargo llvm-cov --all-features --workspace --lcov --output-path lcov.info --exclude waterkit-audio-test --exclude waterkit-biometric-test --exclude waterkit-camera-test --exclude waterkit-codec-bench --exclude waterkit-dialog-test --exclude waterkit-location-test --exclude waterkit-notification-test --exclude waterkit-sensor-test --exclude waterkit-video-test --exclude waterkit-test-ios --exclude waterkit-test-android	2026-02-20T20:38:47.0719933Z [1m[92m  Downloaded[0m rand_core v0.9.5
Coverage	Run cargo llvm-cov --all-features --workspace --lcov --output-path lcov.info --exclude waterkit-audio-test --exclude waterkit-biometric-test --exclude waterkit-camera-test --exclude waterkit-codec-bench --exclude waterkit-dialog-test --exclude waterkit-location-test --exclude waterkit-notification-test --exclude waterkit-sensor-test --exclude waterkit-video-test --exclude waterkit-test-ios --exclude waterkit-test-android	2026-02-20T20:38:47.0840017Z [1m[92m  Downloaded[0m serde_core v1.0.228
Coverage	Run cargo llvm-cov --all-features --workspace --lcov --output-path lcov.info --exclude waterkit-audio-test --exclude waterkit-biometric-test --exclude waterkit-camera-test --exclude waterkit-codec-bench --exclude waterkit-dialog-test --exclude waterkit-location-test --exclude waterkit-notification-test --exclude waterkit-sensor-test --exclude waterkit-video-test --exclude waterkit-test-ios --exclude waterkit-test-android	2026-02-20T20:38:47.0931549Z [1m[92m  Downloaded[0m tokio-macros v2.6.0
Coverage	Run cargo llvm-cov --all-features --workspace --lcov --output-path lcov.info --exclude waterkit-audio-test --exclude waterkit-biometric-test --exclude waterkit-camera-test --exclude waterkit-codec-bench --exclude waterkit-dialog-test --exclude waterkit-location-test --exclude waterkit-notification-test --exclude waterkit-sensor-test --exclude waterkit-video-test --exclude waterkit-test-ios --exclude waterkit-test-android	2026-02-20T20:38:47.1004950Z [1m[92m  Downloaded[0m slab v0.4.12
Coverage	Run cargo llvm-cov --all-features --workspace --lcov --output-path lcov.info --exclude waterkit-audio-test --exclude waterkit-biometric-test --exclude waterkit-camera-test --exclude waterkit-codec-bench --exclude waterkit-dialog-test --exclude waterkit-location-test --exclude waterkit-notification-test --exclude waterkit-sensor-test --exclude waterkit-video-test --exclude waterkit-test-ios --exclude waterkit-test-android	2026-02-20T20:38:47.1068786Z [1m[92m  Downloaded[0m wayland-client v0.30.2
Coverage	Run cargo llvm-cov --all-features --workspace --lcov --output-path lcov.info --exclude waterkit-audio-test --exclude waterkit-biometric-test --exclude waterkit-camera-test --exclude waterkit-codec-bench --exclude waterkit-dialog-test --exclude waterkit-location-test --exclude waterkit-notification-test --exclude waterkit-sensor-test --exclude waterkit-video-test --exclude waterkit-test-ios --exclude waterkit-test-android	2026-02-20T20:38:47.1153408Z [1m[92m  Downloaded[0m wasm-bindgen-macro v0.2.109
Coverage	Run cargo llvm-cov --all-features --workspace --lcov --output-path lcov.info --exclude waterkit-audio-test --exclude waterkit-biometric-test --exclude waterkit-camera-test --exclude waterkit-codec-bench --exclude waterkit-dialog-test --exclude waterkit-location-test --exclude waterkit-notification-test --exclude waterkit-sensor-test --exclude waterkit-video-test --exclude waterkit-test-ios --exclude waterkit-test-android	2026-02-20T20:38:47.1205222Z [1m[92m  Downloaded[0m y4m v0.8.0
Coverage	Run cargo llvm-cov --all-features --workspace --lcov --output-path lcov.info --exclude waterkit-audio-test --exclude waterkit-biometric-test --exclude waterkit-camera-test --exclude waterkit-codec-bench --exclude waterkit-dialog-test --exclude waterkit-location-test --exclude waterkit-notification-test --exclude waterkit-sensor-test --exclude waterkit-video-test --exclude waterkit-test-ios --exclude waterkit-test-android	2026-02-20T20:38:47.1272350Z [1m[92m  Downloaded[0m system-deps v7.0.7
Coverage	Run cargo llvm-cov --all-features --workspace --lcov --output-path lcov.info --exclude waterkit-audio-test --exclude waterkit-biometric-test --exclude waterkit-camera-test --exclude waterkit-codec-bench --exclude waterkit-dialog-test --exclude waterkit-location-test --exclude waterkit-notification-test --exclude waterkit-sensor-test --exclude waterkit-video-test --exclude waterkit-test-ios --exclude waterkit-test-android	2026-02-20T20:38:47.1337355Z [1m[92m  Downloaded[0m time-core v0.1.8
Coverage	Run cargo llvm-cov --all-features --workspace --lcov --output-path lcov.info --exclude waterkit-audio-test --exclude waterkit-biometric-test --exclude waterkit-camera-test --exclude waterkit-codec-bench --exclude waterkit-dialog-test --exclude waterkit-location-test --exclude waterkit-notification-test --exclude waterkit-sensor-test --exclude waterkit-video-test --exclude waterkit-test-ios --exclude waterkit-test-android	2026-02-20T20:38:47.1388092Z [1m[92m  Downloaded[0m winnow v0.7.14
Coverage	Run cargo llvm-cov --all-features --workspace --lcov --output-path lcov.info --exclude waterkit-audio-test --exclude waterkit-biometric-test --exclude waterkit-camera-test --exclude waterkit-codec-bench --exclude waterkit-dialog-test --exclude waterkit-location-test --exclude waterkit-notification-test --exclude waterkit-sensor-test --exclude waterkit-video-test --exclude waterkit-test-ios --exclude waterkit-test-android	2026-02-20T20:38:47.1531177Z [1m[92m  Downloaded[0m wayland-sys v0.30.1
Coverage	Run cargo llvm-cov --all-features --workspace --lcov --output-path lcov.info --exclude waterkit-audio-test --exclude waterkit-biometric-test --exclude waterkit-camera-test --exclude waterkit-codec-bench --exclude waterkit-dialog-test --exclude waterkit-location-test --exclude waterkit-notification-test --exclude waterkit-sensor-test --exclude waterkit-video-test --exclude waterkit-test-ios --exclude waterkit-test-android	2026-02-20T20:38:47.1567089Z [1m[92m  Downloaded[0m yoke-derive v0.8.1
Coverage	Run cargo llvm-cov --all-features --workspace --lcov --output-path lcov.info --exclude waterkit-audio-test --exclude waterkit-biometric-test --exclude waterkit-camera-test --exclude waterkit-codec-bench --exclude waterkit-dialog-test --exclude waterkit-location-test --exclude waterkit-notification-test --exclude waterkit-sensor-test --exclude waterkit-video-test --exclude waterkit-test-ios --exclude waterkit-test-android	2026-02-20T20:38:47.1599577Z [1m[92m  Downloaded[0m wayland-sys v0.31.8
Coverage	Run cargo llvm-cov --all-features --workspace --lcov --output-path lcov.info --exclude waterkit-audio-test --exclude waterkit-biometric-test --exclude waterkit-camera-test --exclude waterkit-codec-bench --exclude waterkit-dialog-test --exclude waterkit-location-test --exclude waterkit-notification-test --exclude waterkit-sensor-test --exclude waterkit-video-test --exclude waterkit-test-ios --exclude waterkit-test-android	2026-02-20T20:38:47.1633423Z [1m[92m  Downloaded[0m wayland-csd-frame v0.3.0
Coverage	Run cargo llvm-cov --all-features --workspace --lcov --output-path lcov.info --exclude waterkit-audio-test --exclude waterkit-biometric-test --exclude waterkit-camera-test --exclude waterkit-codec-bench --exclude waterkit-dialog-test --exclude waterkit-location-test --exclude waterkit-notification-test --exclude waterkit-sensor-test --exclude waterkit-video-test --exclude waterkit-test-ios --exclude waterkit-test-android	2026-02-20T20:38:47.1659596Z [1m[92m  Downloaded[0m zbus_names v4.3.1
Coverage	Run cargo llvm-cov --all-features --workspace --lcov --output-path lcov.info --exclude waterkit-audio-test --exclude waterkit-biometric-test --exclude waterkit-camera-test --exclude waterkit-codec-bench --exclude waterkit-dialog-test --exclude waterkit-location-test --exclude waterkit-notification-test --exclude waterkit-sensor-test --exclude waterkit-video-test --exclude waterkit-test-ios --exclude waterkit-test-android	2026-02-20T20:38:47.1683073Z [1m[92m  Downloaded[0m weezl v0.1.12
Coverage	Run cargo llvm-cov --all-features --workspace --lcov --output-path lcov.info --exclude waterkit-audio-test --exclude waterkit-biometric-test --exclude waterkit-camera-test --exclude waterkit-codec-bench --exclude waterkit-dialog-test --exclude waterkit-location-test --exclude waterkit-notification-test --exclude waterkit-sensor-test --exclude waterkit-video-test --exclude waterkit-test-ios --exclude waterkit-test-android	2026-02-20T20:38:47.1727767Z [1m[92m  Downloaded[0m zvariant_utils v3.3.0
Coverage	Run cargo llvm-cov --all-features --workspace --lcov --output-path lcov.info --exclude waterkit-audio-test --exclude waterkit-biometric-test --exclude waterkit-camera-test --exclude waterkit-codec-bench --exclude waterkit-dialog-test --exclude waterkit-location-test --exclude waterkit-notification-test --exclude waterkit-sensor-test --exclude waterkit-video-test --exclude waterkit-test-ios --exclude waterkit-test-android	2026-02-20T20:38:47.1748860Z [1m[92m  Downloaded[0m symphonia-core v0.5.5
Coverage	Run cargo llvm-cov --all-features --workspace --lcov --output-path lcov.info --exclude waterkit-audio-test --exclude waterkit-biometric-test --exclude waterkit-camera-test --exclude waterkit-codec-bench --exclude waterkit-dialog-test --exclude waterkit-location-test --exclude waterkit-notification-test --exclude waterkit-sensor-test --exclude waterkit-video-test --exclude waterkit-test-ios --exclude waterkit-test-android	2026-02-20T20:38:47.1792726Z [1m[92m  Downloaded[0m syn v1.0.109
Coverage	Run cargo llvm-cov --all-features --workspace --lcov --output-path lcov.info --exclude waterkit-audio-test --exclude waterkit-biometric-test --exclude waterkit-camera-test --exclude waterkit-codec-bench --exclude waterkit-dialog-test --exclude waterkit-location-test --exclude waterkit-notification-test --exclude waterkit-sensor-test --exclude waterkit-video-test --exclude waterkit-test-ios --exclude waterkit-test-android	2026-02-20T20:38:47.1904855Z [1m[92m  Downloaded[0m syn v2.0.117
Coverage	Run cargo llvm-cov --all-features --workspace --lcov --output-path lcov.info --exclude waterkit-audio-test --exclude waterkit-biometric-test --exclude waterkit-camera-test --exclude waterkit-codec-bench --exclude waterkit-dialog-test --exclude waterkit-location-test --exclude waterkit-notification-test --exclude waterkit-sensor-test --exclude waterkit-video-test --exclude waterkit-test-ios --exclude waterkit-test-android	2026-02-20T20:38:47.2043174Z [1m[92m  Downloaded[0m zerofrom-derive v0.1.6
Coverage	Run cargo llvm-cov --all-features --workspace --lcov --output-path lcov.info --exclude waterkit-audio-test --exclude waterkit-biometric-test --exclude waterkit-camera-test --exclude waterkit-codec-bench --exclude waterkit-dialog-test --exclude waterkit-location-test --exclude waterkit-notification-test --exclude waterkit-sensor-test --exclude waterkit-video-test --exclude waterkit-test-ios --exclude waterkit-test-android	2026-02-20T20:38:47.2063849Z [1m[92m  Downloaded[0m zvariant_derive v5.9.2
Coverage	Run cargo llvm-cov --all-features --workspace --lcov --output-path lcov.info --exclude waterkit-audio-test --exclude waterkit-biometric-test --exclude waterkit-camera-test --exclude waterkit-codec-bench --exclude waterkit-dialog-test --exclude waterkit-location-test --exclude waterkit-notification-test --exclude waterkit-sensor-test --exclude waterkit-video-test --exclude waterkit-test-ios --exclude waterkit-test-android	2026-02-20T20:38:47.2092486Z [1m[92m  Downloaded[0m zune-inflate v0.2.54
Coverage	Run cargo llvm-cov --all-features --workspace --lcov --output-path lcov.info --exclude waterkit-audio-test --exclude waterkit-biometric-test --exclude waterkit-camera-test --exclude waterkit-codec-bench --exclude waterkit-dialog-test --exclude waterkit-location-test --exclude waterkit-notification-test --exclude waterkit-sensor-test --exclude waterkit-video-test --exclude waterkit-test-ios --exclude waterkit-test-android	2026-02-20T20:38:47.2116154Z [1m[92m  Downloaded[0m writeable v0.6.2
Coverage	Run cargo llvm-cov --all-features --workspace --lcov --output-path lcov.info --exclude waterkit-audio-test --exclude waterkit-biometric-test --exclude waterkit-camera-test --exclude waterkit-codec-bench --exclude waterkit-dialog-test --exclude waterkit-location-test --exclude waterkit-notification-test --exclude waterkit-sensor-test --exclude waterkit-video-test --exclude waterkit-test-ios --exclude waterkit-test-android	2026-02-20T20:38:47.2142570Z [1m[92m  Downloaded[0m zerovec-derive v0.11.2
Coverage	Run cargo llvm-cov --all-features --workspace --lcov --output-path lcov.info --exclude waterkit-audio-test --exclude waterkit-biometric-test --exclude waterkit-camera-test --exclude waterkit-codec-bench --exclude waterkit-dialog-test --exclude waterkit-location-test --exclude waterkit-notification-test --exclude waterkit-sensor-test --exclude waterkit-video-test --exclude waterkit-test-ios --exclude waterkit-test-android	2026-02-20T20:38:47.2165883Z [1m[92m  Downloaded[0m tiny-skia v0.11.4
Coverage	Run cargo llvm-cov --all-features --workspace --lcov --output-path lcov.info --exclude waterkit-audio-test --exclude waterkit-biometric-test --exclude waterkit-camera-test --exclude waterkit-codec-bench --exclude waterkit-dialog-test --exclude waterkit-location-test --exclude waterkit-notification-test --exclude waterkit-sensor-test --exclude waterkit-video-test --exclude waterkit-test-ios --exclude waterkit-test-android	2026-02-20T20:38:47.2331639Z [1m[92m  Downloaded[0m zerotrie v0.2.3
Coverage	Run cargo llvm-cov --all-features --workspace --lcov --output-path lcov.info --exclude waterkit-audio-test --exclude waterkit-biometric-test --exclude waterkit-camera-test --exclude waterkit-codec-bench --exclude waterkit-dialog-test --exclude waterkit-location-test --exclude waterkit-notification-test --exclude waterkit-sensor-test --exclude waterkit-video-test --exclude waterkit-test-ios --exclude waterkit-test-android	2026-02-20T20:38:47.2378651Z [1m[92m  Downloaded[0m zvariant v5.9.2
Coverage	Run cargo llvm-cov --all-features --workspace --lcov --output-path lcov.info --exclude waterkit-audio-test --exclude waterkit-biometric-test --exclude waterkit-camera-test --exclude waterkit-codec-bench --exclude waterkit-dialog-test --exclude waterkit-location-test --exclude waterkit-notification-test --exclude waterkit-sensor-test --exclude waterkit-video-test --exclude waterkit-test-ios --exclude waterkit-test-android	2026-02-20T20:38:47.2466960Z [1m[92m  Downloaded[0m zune-jpeg v0.4.21
Coverage	Run cargo llvm-cov --all-features --workspace --lcov --output-path lcov.info --exclude waterkit-audio-test --exclude waterkit-biometric-test --exclude waterkit-camera-test --exclude waterkit-codec-bench --exclude waterkit-dialog-test --exclude waterkit-location-test --exclude waterkit-notification-test --exclude waterkit-sensor-test --exclude waterkit-video-test --exclude waterkit-test-ios --exclude waterkit-test-android	2026-02-20T20:38:47.2506518Z [1m[92m  Downloaded[0m wgpu-types v28.0.0
Coverage	Run cargo llvm-cov --all-features --workspace --lcov --output-path lcov.info --exclude waterkit-audio-test --exclude waterkit-biometric-test --exclude waterkit-camera-test --exclude waterkit-codec-bench --exclude waterkit-dialog-test --exclude waterkit-location-test --exclude waterkit-notification-test --exclude waterkit-sensor-test --exclude waterkit-video-test --exclude waterkit-test-ios --exclude waterkit-test-android	2026-02-20T20:38:47.2551483Z [1m[92m  Downloaded[0m wayland-protocols v0.30.1
Coverage	Run cargo llvm-cov --all-features --workspace --lcov --output-path lcov.info --exclude waterkit-audio-test --exclude waterkit-biometric-test --exclude waterkit-camera-test --exclude waterkit-codec-bench --exclude waterkit-dialog-test --exclude waterkit-location-test --exclude waterkit-notification-test --exclude waterkit-sensor-test --exclude waterkit-video-test --exclude waterkit-test-ios --exclude waterkit-test-android	2026-02-20T20:38:47.2669651Z [1m[92m  Downloaded[0m wgpu-types v27.0.1
Coverage	Run cargo llvm-cov --all-features --workspace --lcov --output-path lcov.info --exclude waterkit-audio-test --exclude waterkit-biometric-test --exclude waterkit-camera-test --exclude waterkit-codec-bench --exclude waterkit-dialog-test --exclude waterkit-location-test --exclude waterkit-notification-test --exclude waterkit-sensor-test --exclude waterkit-video-test --exclude waterkit-test-ios --exclude waterkit-test-android	2026-02-20T20:38:47.2701387Z [1m[92m  Downloaded[0m x11rb v0.13.2
Coverage	Run cargo llvm-cov --all-features --workspace --lcov --output-path lcov.info --exclude waterkit-audio-test --exclude waterkit-biometric-test --exclude waterkit-camera-test --exclude waterkit-codec-bench --exclude waterkit-dialog-test --exclude waterkit-location-test --exclude waterkit-notification-test --exclude waterkit-sensor-test --exclude waterkit-video-test --exclude waterkit-test-ios --exclude waterkit-test-android	2026-02-20T20:38:47.2798567Z [1m[92m  Downloaded[0m zerovec v0.11.5
Coverage	Run cargo llvm-cov --all-features --workspace --lcov --output-path lcov.info --exclude waterkit-audio-test --exclude waterkit-biometric-test --exclude waterkit-camera-test --exclude waterkit-codec-bench --exclude waterkit-dialog-test --exclude waterkit-location-test --exclude waterkit-notification-test --exclude waterkit-sensor-test --exclude waterkit-video-test --exclude waterkit-test-ios --exclude waterkit-test-android	2026-02-20T20:38:47.2867149Z [1m[92m  Downloaded[0m wgpu v28.0.0
Coverage	Run cargo llvm-cov --all-features --workspace --lcov --output-path lcov.info --exclude waterkit-audio-test --exclude waterkit-biometric-test --exclude waterkit-camera-test --exclude waterkit-codec-bench --exclude waterkit-dialog-test --exclude waterkit-location-test --exclude waterkit-notification-test --exclude waterkit-sensor-test --exclude waterkit-video-test --exclude waterkit-test-ios --exclude waterkit-test-android	2026-02-20T20:38:47.3043886Z [1m[92m  Downloaded[0m wayland-backend v0.3.12
Coverage	Run cargo llvm-cov --all-features --workspace --lcov --output-path lcov.info --exclude waterkit-audio-test --exclude waterkit-biometric-test --exclude waterkit-camera-test --exclude waterkit-codec-bench --exclude waterkit-dialog-test --exclude waterkit-location-test --exclude waterkit-notification-test --exclude waterkit-sensor-test --exclude waterkit-video-test --exclude waterkit-test-ios --exclude waterkit-test-android	2026-02-20T20:38:47.3093768Z [1m[92m  Downloaded[0m xcb v1.7.0
Coverage	Run cargo llvm-cov --all-features --workspace --lcov --output-path lcov.info --exclude waterkit-audio-test --exclude waterkit-biometric-test --exclude waterkit-camera-test --exclude waterkit-codec-bench --exclude waterkit-dialog-test --exclude waterkit-location-test --exclude waterkit-notification-test --exclude waterkit-sensor-test --exclude waterkit-video-test --exclude waterkit-test-ios --exclude waterkit-test-android	2026-02-20T20:38:47.3194315Z [1m[92m  Downloaded[0m webpki-roots v1.0.6
Coverage	Run cargo llvm-cov --all-features --workspace --lcov --output-path lcov.info --exclude waterkit-audio-test --exclude waterkit-biometric-test --exclude waterkit-camera-test --exclude waterkit-codec-bench --exclude waterkit-dialog-test --exclude waterkit-location-test --exclude waterkit-notification-test --exclude waterkit-sensor-test --exclude waterkit-video-test --exclude waterkit-test-ios --exclude waterkit-test-android	2026-02-20T20:38:47.3235515Z [1m[92m  Downloaded[0m wayland-protocols v0.32.10
Coverage	Run cargo llvm-cov --all-features --workspace --lcov --output-path lcov.info --exclude waterkit-audio-test --exclude waterkit-biometric-test --exclude waterkit-camera-test --exclude waterkit-codec-bench --exclude waterkit-dialog-test --exclude waterkit-location-test --exclude waterkit-notification-test --exclude waterkit-sensor-test --exclude waterkit-video-test --exclude waterkit-test-ios --exclude waterkit-test-android	2026-02-20T20:38:47.3348743Z [1m[92m  Downloaded[0m wgpu-core v27.0.3
Coverage	Run cargo llvm-cov --all-features --workspace --lcov --output-path lcov.info --exclude waterkit-audio-test --exclude waterkit-biometric-test --exclude waterkit-camera-test --exclude waterkit-codec-bench --exclude waterkit-dialog-test --exclude waterkit-location-test --exclude waterkit-notification-test --exclude waterkit-sensor-test --exclude waterkit-video-test --exclude waterkit-test-ios --exclude waterkit-test-android	2026-02-20T20:38:47.3454465Z [1m[92m  Downloaded[0m zenwave v0.3.0
Coverage	Run cargo llvm-cov --all-features --workspace --lcov --output-path lcov.info --exclude waterkit-audio-test --exclude waterkit-biometric-test --exclude waterkit-camera-test --exclude waterkit-codec-bench --exclude waterkit-dialog-test --exclude waterkit-location-test --exclude waterkit-notification-test --exclude waterkit-sensor-test --exclude waterkit-video-test --exclude waterkit-test-ios --exclude waterkit-test-android	2026-02-20T20:38:47.3512854Z [1m[92m  Downloaded[0m aws-lc-sys v0.37.1
Coverage	Run cargo llvm-cov --all-features --workspace --lcov --output-path lcov.info --exclude waterkit-audio-test --exclude waterkit-biometric-test --exclude waterkit-camera-test --exclude waterkit-codec-bench --exclude waterkit-dialog-test --exclude waterkit-location-test --exclude waterkit-notification-test --exclude waterkit-sensor-test --exclude waterkit-video-test --exclude waterkit-test-ios --exclude waterkit-test-android	2026-02-20T20:38:47.6368803Z [1m[92m  Downloaded[0m wgpu-core v28.0.0
Coverage	Run cargo llvm-cov --all-features --workspace --lcov --output-path lcov.info --exclude waterkit-audio-test --exclude waterkit-biometric-test --exclude waterkit-camera-test --exclude waterkit-codec-bench --exclude waterkit-dialog-test --exclude waterkit-location-test --exclude waterkit-notification-test --exclude waterkit-sensor-test --exclude waterkit-video-test --exclude waterkit-test-ios --exclude waterkit-test-android	2026-02-20T20:38:47.6474545Z [1m[92m  Downloaded[0m zbus v5.13.2
Coverage	Run cargo llvm-cov --all-features --workspace --lcov --output-path lcov.info --exclude waterkit-audio-test --exclude waterkit-biometric-test --exclude waterkit-camera-test --exclude waterkit-codec-bench --exclude waterkit-dialog-test --exclude waterkit-location-test --exclude waterkit-notification-test --exclude waterkit-sensor-test --exclude waterkit-video-test --exclude waterkit-test-ios --exclude waterkit-test-android	2026-02-20T20:38:47.6584961Z [1m[92m  Downloaded[0m zerocopy-derive v0.8.39
Coverage	Run cargo llvm-cov --all-features --workspace --lcov --output-path lcov.info --exclude waterkit-audio-test --exclude waterkit-biometric-test --exclude waterkit-camera-test --exclude waterkit-codec-bench --exclude waterkit-dialog-test --exclude waterkit-location-test --exclude waterkit-notification-test --exclude waterkit-sensor-test --exclude waterkit-video-test --exclude waterkit-test-ios --exclude waterkit-test-android	2026-02-20T20:38:47.6702210Z [1m[92m  Downloaded[0m wgpu-hal v27.0.4
Coverage	Run cargo llvm-cov --all-features --workspace --lcov --output-path lcov.info --exclude waterkit-audio-test --exclude waterkit-biometric-test --exclude waterkit-camera-test --exclude waterkit-codec-bench --exclude waterkit-dialog-test --exclude waterkit-location-test --exclude waterkit-notification-test --exclude waterkit-sensor-test --exclude waterkit-video-test --exclude waterkit-test-ios --exclude waterkit-test-android	2026-02-20T20:38:47.6817509Z [1m[92m  Downloaded[0m tracing v0.1.44
Coverage	Run cargo llvm-cov --all-features --workspace --lcov --output-path lcov.info --exclude waterkit-audio-test --exclude waterkit-biometric-test --exclude waterkit-camera-test --exclude waterkit-codec-bench --exclude waterkit-dialog-test --exclude waterkit-location-test --exclude waterkit-notification-test --exclude waterkit-sensor-test --exclude waterkit-video-test --exclude waterkit-test-ios --exclude waterkit-test-android	2026-02-20T20:38:47.6999168Z [1m[92m  Downloaded[0m wgpu-hal v28.0.0
Coverage	Run cargo llvm-cov --all-features --workspace --lcov --output-path lcov.info --exclude waterkit-audio-test --exclude waterkit-biometric-test --exclude waterkit-camera-test --exclude waterkit-codec-bench --exclude waterkit-dialog-test --exclude waterkit-location-test --exclude waterkit-notification-test --exclude waterkit-sensor-test --exclude waterkit-video-test --exclude waterkit-test-ios --exclude waterkit-test-android	2026-02-20T20:38:47.7121747Z [1m[92m  Downloaded[0m unicode-width v0.2.2
Coverage	Run cargo llvm-cov --all-features --workspace --lcov --output-path lcov.info --exclude waterkit-audio-test --exclude waterkit-biometric-test --exclude waterkit-camera-test --exclude waterkit-codec-bench --exclude waterkit-dialog-test --exclude waterkit-location-test --exclude waterkit-notification-test --exclude waterkit-sensor-test --exclude waterkit-video-test --exclude waterkit-test-ios --exclude waterkit-test-android	2026-02-20T20:38:47.7185687Z [1m[92m  Downloaded[0m smol v2.0.2
Coverage	Run cargo llvm-cov --all-features --workspace --lcov --output-path lcov.info --exclude waterkit-audio-test --exclude waterkit-biometric-test --exclude waterkit-camera-test --exclude waterkit-codec-bench --exclude waterkit-dialog-test --exclude waterkit-location-test --exclude waterkit-notification-test --exclude waterkit-sensor-test --exclude waterkit-video-test --exclude waterkit-test-ios --exclude waterkit-test-android	2026-02-20T20:38:47.7231144Z [1m[92m  Downloaded[0m x11rb-protocol v0.13.2
Coverage	Run cargo llvm-cov --all-features --workspace --lcov --output-path lcov.info --exclude waterkit-audio-test --exclude waterkit-biometric-test --exclude waterkit-camera-test --exclude waterkit-codec-bench --exclude waterkit-dialog-test --exclude waterkit-location-test --exclude waterkit-notification-test --exclude waterkit-sensor-test --exclude waterkit-video-test --exclude waterkit-test-ios --exclude waterkit-test-android	2026-02-20T20:38:47.7368746Z [1m[92m  Downloaded[0m xkeysym v0.2.1
Coverage	Run cargo llvm-cov --all-features --workspace --lcov --output-path lcov.info --exclude waterkit-audio-test --exclude waterkit-biometric-test --exclude waterkit-camera-test --exclude waterkit-codec-bench --exclude waterkit-dialog-test --exclude waterkit-location-test --exclude waterkit-notification-test --exclude waterkit-sensor-test --exclude waterkit-video-test --exclude waterkit-test-ios --exclude waterkit-test-android	2026-02-20T20:38:47.7400565Z [1m[92m  Downloaded[0m wgpu v27.0.1
Coverage	Run cargo llvm-cov --all-features --workspace --lcov --output-path lcov.info --exclude waterkit-audio-test --exclude waterkit-biometric-test --exclude waterkit-camera-test --exclude waterkit-codec-bench --exclude waterkit-dialog-test --exclude waterkit-location-test --exclude waterkit-notification-test --exclude waterkit-sensor-test --exclude waterkit-video-test --exclude waterkit-test-ios --exclude waterkit-test-android	2026-02-20T20:38:47.7568220Z [1m[92m  Downloaded[0m tiff v0.9.1
Coverage	Run cargo llvm-cov --all-features --workspace --lcov --output-path lcov.info --exclude waterkit-audio-test --exclude waterkit-biometric-test --exclude waterkit-camera-test --exclude waterkit-codec-bench --exclude waterkit-dialog-test --exclude waterkit-location-test --exclude waterkit-notification-test --exclude waterkit-sensor-test --exclude waterkit-video-test --exclude waterkit-test-ios --exclude waterkit-test-android	2026-02-20T20:38:47.7689535Z [1m[92m  Downloaded[0m winit v0.30.12
Coverage	Run cargo llvm-cov --all-features --workspace --lcov --output-path lcov.info --exclude waterkit-audio-test --exclude waterkit-biometric-test --exclude waterkit-camera-test --exclude waterkit-codec-bench --exclude waterkit-dialog-test --exclude waterkit-location-test --exclude waterkit-notification-test --exclude waterkit-sensor-test --exclude waterkit-video-test --exclude waterkit-test-ios --exclude waterkit-test-android	2026-02-20T20:38:47.7934986Z [1m[92m  Downloaded[0m wayland-backend v0.1.2
Coverage	Run cargo llvm-cov --all-features --workspace --lcov --output-path lcov.info --exclude waterkit-audio-test --exclude waterkit-biometric-test --exclude waterkit-camera-test --exclude waterkit-codec-bench --exclude waterkit-dialog-test --exclude waterkit-location-test --exclude waterkit-notification-test --exclude waterkit-sensor-test --exclude waterkit-video-test --exclude waterkit-test-ios --exclude waterkit-test-android	2026-02-20T20:38:47.7979331Z [1m[92m  Downloaded[0m zune-jpeg v0.5.12
Coverage	Run cargo llvm-cov --all-features --workspace --lcov --output-path lcov.info --exclude waterkit-audio-test --exclude waterkit-biometric-test --exclude waterkit-camera-test --exclude waterkit-codec-bench --exclude waterkit-dialog-test --exclude waterkit-location-test --exclude waterkit-notification-test --exclude waterkit-sensor-test --exclude waterkit-video-test --exclude waterkit-test-ios --exclude waterkit-test-android	2026-02-20T20:38:47.8021352Z [1m[92m  Downloaded[0m tiff v0.10.3
Coverage	Run cargo llvm-cov --all-features --workspace --lcov --output-path lcov.info --exclude waterkit-audio-test --exclude waterkit-biometric-test --exclude waterkit-camera-test --exclude waterkit-codec-bench --exclude waterkit-dialog-test --exclude waterkit-location-test --exclude waterkit-notification-test --exclude waterkit-sensor-test --exclude waterkit-video-test --exclude waterkit-test-ios --exclude waterkit-test-android	2026-02-20T20:38:47.8147053Z [1m[92m  Downloaded[0m wayland-protocols-plasma v0.3.10
Coverage	Run cargo llvm-cov --all-features --workspace --lcov --output-path lcov.info --exclude waterkit-audio-test --exclude waterkit-biometric-test --exclude waterkit-camera-test --exclude waterkit-codec-bench --exclude waterkit-dialog-test --exclude waterkit-location-test --exclude waterkit-notification-test --exclude waterkit-sensor-test --exclude waterkit-video-test --exclude waterkit-test-ios --exclude waterkit-test-android	2026-02-20T20:38:47.8201708Z [1m[92m  Downloaded[0m zerocopy v0.8.39
Coverage	Run cargo llvm-cov --all-features --workspace --lcov --output-path lcov.info --exclude waterkit-audio-test --exclude waterkit-biometric-test --exclude waterkit-camera-test --exclude waterkit-codec-bench --exclude waterkit-dialog-test --exclude waterkit-location-test --exclude waterkit-notification-test --exclude waterkit-sensor-test --exclude waterkit-video-test --exclude waterkit-test-ios --exclude waterkit-test-android	2026-02-20T20:38:47.8478755Z [1m[92m  Downloaded[0m zeroize v1.8.2
Coverage	Run cargo llvm-cov --all-features --workspace --lcov --output-path lcov.info --exclude waterkit-audio-test --exclude waterkit-biometric-test --exclude waterkit-camera-test --exclude waterkit-codec-bench --exclude waterkit-dialog-test --exclude waterkit-location-test --exclude waterkit-notification-test --exclude waterkit-sensor-test --exclude waterkit-video-test --exclude waterkit-test-ios --exclude waterkit-test-android	2026-02-20T20:38:47.8494177Z [1m[92m  Downloaded[0m x11-dl v2.21.0
Coverage	Run cargo llvm-cov --all-features --workspace --lcov --output-path lcov.info --exclude waterkit-audio-test --exclude waterkit-biometric-test --exclude waterkit-camera-test --exclude waterkit-codec-bench --exclude waterkit-dialog-test --exclude waterkit-location-test --exclude waterkit-notification-test --exclude waterkit-sensor-test --exclude waterkit-video-test --exclude waterkit-test-ios --exclude waterkit-test-android	2026-02-20T20:38:47.8531270Z [1m[92m  Downloaded[0m time v0.3.47
Coverage	Run cargo llvm-cov --all-features --workspace --lcov --output-path lcov.info --exclude waterkit-audio-test --exclude waterkit-biometric-test --exclude waterkit-camera-test --exclude waterkit-codec-bench --exclude waterkit-dialog-test --exclude waterkit-location-test --exclude waterkit-notification-test --exclude waterkit-sensor-test --exclude waterkit-video-test --exclude waterkit-test-ios --exclude waterkit-test-android	2026-02-20T20:38:47.8684368Z [1m[92m  Downloaded[0m sysinfo v0.37.2
Coverage	Run cargo llvm-cov --all-features --workspace --lcov --output-path lcov.info --exclude waterkit-audio-test --exclude waterkit-biometric-test --exclude waterkit-camera-test --exclude waterkit-codec-bench --exclude waterkit-dialog-test --exclude waterkit-location-test --exclude waterkit-notification-test --exclude waterkit-sensor-test --exclude waterkit-video-test --exclude waterkit-test-ios --exclude waterkit-test-android	2026-02-20T20:38:47.8813631Z [1m[92m  Downloaded[0m wgpu-core-deps-windows-linux-android v28.0.0
Coverage	Run cargo llvm-cov --all-features --workspace --lcov --output-path lcov.info --exclude waterkit-audio-test --exclude waterkit-biometric-test --exclude waterkit-camera-test --exclude waterkit-codec-bench --exclude waterkit-dialog-test --exclude waterkit-location-test --exclude waterkit-notification-test --exclude waterkit-sensor-test --exclude waterkit-video-test --exclude waterkit-test-ios --exclude waterkit-test-android	2026-02-20T20:38:47.8824232Z [1m[92m  Downloaded[0m uuid v1.21.0
Coverage	Run cargo llvm-cov --all-features --workspace --lcov --output-path lcov.info --exclude waterkit-audio-test --exclude waterkit-biometric-test --exclude waterkit-camera-test --exclude waterkit-codec-bench --exclude waterkit-dialog-test --exclude waterkit-location-test --exclude waterkit-notification-test --exclude waterkit-sensor-test --exclude waterkit-video-test --exclude waterkit-test-ios --exclude waterkit-test-android	2026-02-20T20:38:47.8858008Z [1m[92m  Downloaded[0m url v2.5.8
Coverage	Run cargo llvm-cov --all-features --workspace --lcov --output-path lcov.info --exclude waterkit-audio-test --exclude waterkit-biometric-test --exclude waterkit-camera-test --exclude waterkit-codec-bench --exclude waterkit-dialog-test --exclude waterkit-location-test --exclude waterkit-notification-test --exclude waterkit-sensor-test --exclude waterkit-video-test --exclude waterkit-test-ios --exclude waterkit-test-android	2026-02-20T20:38:47.8887291Z [1m[92m  Downloaded[0m tungstenite v0.28.0
Coverage	Run cargo llvm-cov --all-features --workspace --lcov --output-path lcov.info --exclude waterkit-audio-test --exclude waterkit-biometric-test --exclude waterkit-camera-test --exclude waterkit-codec-bench --exclude waterkit-dialog-test --exclude waterkit-location-test --exclude waterkit-notification-test --exclude waterkit-sensor-test --exclude waterkit-video-test --exclude waterkit-test-ios --exclude waterkit-test-android	2026-02-20T20:38:47.8927731Z [1m[92m  Downloaded[0m toml_edit v0.23.10+spec-1.0.0
Coverage	Run cargo llvm-cov --all-features --workspace --lcov --output-path lcov.info --exclude waterkit-audio-test --exclude waterkit-biometric-test --exclude waterkit-camera-test --exclude waterkit-codec-bench --exclude waterkit-dialog-test --exclude waterkit-location-test --exclude waterkit-notification-test --exclude waterkit-sensor-test --exclude waterkit-video-test --exclude waterkit-test-ios --exclude waterkit-test-android	2026-02-20T20:38:47.8973280Z [1m[92m  Downloaded[0m tracing-log v0.2.0
Coverage	Run cargo llvm-cov --all-features --workspace --lcov --output-path lcov.info --exclude waterkit-audio-test --exclude waterkit-biometric-test --exclude waterkit-camera-test --exclude waterkit-codec-bench --exclude waterkit-dialog-test --exclude waterkit-location-test --exclude waterkit-notification-test --exclude waterkit-sensor-test --exclude waterkit-video-test --exclude waterkit-test-ios --exclude waterkit-test-android	2026-02-20T20:38:47.8989890Z [1m[92m  Downloaded[0m toml_parser v1.0.9+spec-1.1.0
Coverage	Run cargo llvm-cov --all-features --workspace --lcov --output-path lcov.info --exclude waterkit-audio-test --exclude waterkit-biometric-test --exclude waterkit-camera-test --exclude waterkit-codec-bench --exclude waterkit-dialog-test --exclude waterkit-location-test --exclude waterkit-notification-test --exclude waterkit-sensor-test --exclude waterkit-video-test --exclude waterkit-test-ios --exclude waterkit-test-android	2026-02-20T20:38:47.9016216Z [1m[92m  Downloaded[0m toml_edit v0.22.27
Coverage	Run cargo llvm-cov --all-features --workspace --lcov --output-path lcov.info --exclude waterkit-audio-test --exclude waterkit-biometric-test --exclude waterkit-camera-test --exclude waterkit-codec-bench --exclude waterkit-dialog-test --exclude waterkit-location-test --exclude waterkit-notification-test --exclude waterkit-sensor-test --exclude waterkit-video-test --exclude waterkit-test-ios --exclude waterkit-test-android	2026-02-20T20:38:47.9069407Z [1m[92m  Downloaded[0m toml_datetime v0.7.5+spec-1.1.0
Coverage	Run cargo llvm-cov --all-features --workspace --lcov --output-path lcov.info --exclude waterkit-audio-test --exclude waterkit-biometric-test --exclude waterkit-camera-test --exclude waterkit-codec-bench --exclude waterkit-dialog-test --exclude waterkit-location-test --exclude waterkit-notification-test --exclude waterkit-sensor-test --exclude waterkit-video-test --exclude waterkit-test-ios --exclude waterkit-test-android	2026-02-20T20:38:47.9084005Z [1m[92m  Downloaded[0m toml v0.8.23
Coverage	Run cargo llvm-cov --all-features --workspace --lcov --output-path lcov.info --exclude waterkit-audio-test --exclude waterkit-biometric-test --exclude waterkit-camera-test --exclude waterkit-codec-bench --exclude waterkit-dialog-test --exclude waterkit-location-test --exclude waterkit-notification-test --exclude waterkit-sensor-test --exclude waterkit-video-test --exclude waterkit-test-ios --exclude waterkit-test-android	2026-02-20T20:38:47.9111637Z [1m[92m  Downloaded[0m rav1e v0.8.1
Coverage	Run cargo llvm-cov --all-features --workspace --lcov --output-path lcov.info --exclude waterkit-audio-test --exclude waterkit-biometric-test --exclude waterkit-camera-test --exclude waterkit-codec-bench --exclude waterkit-dialog-test --exclude waterkit-location-test --exclude waterkit-notification-test --exclude waterkit-sensor-test --exclude waterkit-video-test --exclude waterkit-test-ios --exclude waterkit-test-android	2026-02-20T20:38:47.9483275Z [1m[92m  Downloaded[0m zune-core v0.5.1
Coverage	Run cargo llvm-cov --all-features --workspace --lcov --output-path lcov.info --exclude waterkit-audio-test --exclude waterkit-biometric-test --exclude waterkit-camera-test --exclude waterkit-codec-bench --exclude waterkit-dialog-test --exclude waterkit-location-test --exclude waterkit-notification-test --exclude waterkit-sensor-test --exclude waterkit-video-test --exclude waterkit-test-ios --exclude waterkit-test-android	2026-02-20T20:38:47.9509542Z [1m[92m  Downloaded[0m zune-core v0.4.12
Coverage	Run cargo llvm-cov --all-features --workspace --lcov --output-path lcov.info --exclude waterkit-audio-test --exclude waterkit-biometric-test --exclude waterkit-camera-test --exclude waterkit-codec-bench --exclude waterkit-dialog-test --exclude waterkit-location-test --exclude waterkit-notification-test --exclude waterkit-sensor-test --exclude waterkit-video-test --exclude waterkit-test-ios --exclude waterkit-test-android	2026-02-20T20:38:47.9528231Z [1m[92m  Downloaded[0m zmij v1.0.21
Coverage	Run cargo llvm-cov --all-features --workspace --lcov --output-path lcov.info --exclude waterkit-audio-test --exclude waterkit-biometric-test --exclude waterkit-camera-test --exclude waterkit-codec-bench --exclude waterkit-dialog-test --exclude waterkit-location-test --exclude waterkit-notification-test --exclude waterkit-sensor-test --exclude waterkit-video-test --exclude waterkit-test-ios --exclude waterkit-test-android	2026-02-20T20:38:47.9549872Z [1m[92m  Downloaded[0m toml_writer v1.0.6+spec-1.1.0
Coverage	Run cargo llvm-cov --all-features --workspace --lcov --output-path lcov.info --exclude waterkit-audio-test --exclude waterkit-biometric-test --exclude waterkit-camera-test --exclude waterkit-codec-bench --exclude waterkit-dialog-test --exclude waterkit-location-test --exclude waterkit-notification-test --exclude waterkit-sensor-test --exclude waterkit-video-test --exclude waterkit-test-ios --exclude waterkit-test-android	2026-02-20T20:38:47.9565552Z [1m[92m  Downloaded[0m tokio v1.49.0
Coverage	Run cargo llvm-cov --all-features --workspace --lcov --output-path lcov.info --exclude waterkit-audio-test --exclude waterkit-biometric-test --exclude waterkit-camera-test --exclude waterkit-codec-bench --exclude waterkit-dialog-test --exclude waterkit-location-test --exclude waterkit-notification-test --exclude waterkit-sensor-test --exclude waterkit-video-test --exclude waterkit-test-ios --exclude waterkit-test-android	2026-02-20T20:38:48.0076141Z [1m[92m  Downloaded[0m zerofrom v0.1.6
Coverage	Run cargo llvm-cov --all-features --workspace --lcov --output-path lcov.info --exclude waterkit-audio-test --exclude waterkit-biometric-test --exclude waterkit-camera-test --exclude waterkit-codec-bench --exclude waterkit-dialog-test --exclude waterkit-location-test --exclude waterkit-notification-test --exclude waterkit-sensor-test --exclude waterkit-video-test --exclude waterkit-test-ios --exclude waterkit-test-android	2026-02-20T20:38:48.0087083Z [1m[92m  Downloaded[0m which v4.4.2
Coverage	Run cargo llvm-cov --all-features --workspace --lcov --output-path lcov.info --exclude waterkit-audio-test --exclude waterkit-biometric-test --exclude waterkit-camera-test --exclude waterkit-codec-bench --exclude waterkit-dialog-test --exclude waterkit-location-test --exclude waterkit-notification-test --exclude waterkit-sensor-test --exclude waterkit-video-test --exclude waterkit-test-ios --exclude waterkit-test-android	2026-02-20T20:38:48.0106084Z [1m[92m  Downloaded[0m wgpu-core-deps-windows-linux-android v27.0.0
Coverage	Run cargo llvm-cov --all-features --workspace --lcov --output-path lcov.info --exclude waterkit-audio-test --exclude waterkit-biometric-test --exclude waterkit-camera-test --exclude waterkit-codec-bench --exclude waterkit-dialog-test --exclude waterkit-location-test --exclude waterkit-notification-test --exclude waterkit-sensor-test --exclude waterkit-video-test --exclude waterkit-test-ios --exclude waterkit-test-android	2026-02-20T20:38:48.0117252Z [1m[92m  Downloaded[0m zbus_macros v5.13.2
Coverage	Run cargo llvm-cov --all-features --workspace --lcov --output-path lcov.info --exclude waterkit-audio-test --exclude waterkit-biometric-test --exclude waterkit-camera-test --exclude waterkit-codec-bench --exclude waterkit-dialog-test --exclude waterkit-location-test --exclude waterkit-notification-test --exclude waterkit-sensor-test --exclude waterkit-video-test --exclude waterkit-test-ios --exclude waterkit-test-android	2026-02-20T20:38:48.0135118Z [1m[92m  Downloaded[0m yoke v0.8.1
Coverage	Run cargo llvm-cov --all-features --workspace --lcov --output-path lcov.info --exclude waterkit-audio-test --exclude waterkit-biometric-test --exclude waterkit-camera-test --exclude waterkit-codec-bench --exclude waterkit-dialog-test --exclude waterkit-location-test --exclude waterkit-notification-test --exclude waterkit-sensor-test --exclude waterkit-video-test --exclude waterkit-test-ios --exclude waterkit-test-android	2026-02-20T20:38:48.0154884Z [1m[92m  Downloaded[0m xcursor v0.3.10
Coverage	Run cargo llvm-cov --all-features --workspace --lcov --output-path lcov.info --exclude waterkit-audio-test --exclude waterkit-biometric-test --exclude waterkit-camera-test --exclude waterkit-codec-bench --exclude waterkit-dialog-test --exclude waterkit-location-test --exclude waterkit-notification-test --exclude waterkit-sensor-test --exclude waterkit-video-test --exclude waterkit-test-ios --exclude waterkit-test-android	2026-02-20T20:38:48.0164948Z [1m[92m  Downloaded[0m value-bag v1.12.0
Coverage	Run cargo llvm-cov --all-features --workspace --lcov --output-path lcov.info --exclude waterkit-audio-test --exclude waterkit-biometric-test --exclude waterkit-camera-test --exclude waterkit-codec-bench --exclude waterkit-dialog-test --exclude waterkit-location-test --exclude waterkit-notification-test --exclude waterkit-sensor-test --exclude waterkit-video-test --exclude waterkit-test-ios --exclude waterkit-test-android	2026-02-20T20:38:48.0197190Z [1m[92m  Downloaded[0m v_frame v0.3.9
Coverage	Run cargo llvm-cov --all-features --workspace --lcov --output-path lcov.info --exclude waterkit-audio-test --exclude waterkit-biometric-test --exclude waterkit-camera-test --exclude waterkit-codec-bench --exclude waterkit-dialog-test --exclude waterkit-location-test --exclude waterkit-notification-test --exclude waterkit-sensor-test --exclude waterkit-video-test --exclude waterkit-test-ios --exclude waterkit-test-android	2026-02-20T20:38:48.0215921Z [1m[92m  Downloaded[0m typenum v1.19.0
Coverage	Run cargo llvm-cov --all-features --workspace --lcov --output-path lcov.info --exclude waterkit-audio-test --exclude waterkit-biometric-test --exclude waterkit-camera-test --exclude waterkit-codec-bench --exclude waterkit-dialog-test --exclude waterkit-location-test --exclude waterkit-notification-test --exclude waterkit-sensor-test --exclude waterkit-video-test --exclude waterkit-test-ios --exclude waterkit-test-android	2026-02-20T20:38:48.0248095Z [1m[92m  Downloaded[0m ttf-parser v0.25.1
Coverage	Run cargo llvm-cov --all-features --workspace --lcov --output-path lcov.info --exclude waterkit-audio-test --exclude waterkit-biometric-test --exclude waterkit-camera-test --exclude waterkit-codec-bench --exclude waterkit-dialog-test --exclude waterkit-location-test --exclude waterkit-notification-test --exclude waterkit-sensor-test --exclude waterkit-video-test --exclude waterkit-test-ios --exclude waterkit-test-android	2026-02-20T20:38:48.0359810Z [1m[92m  Downloaded[0m tracing-subscriber v0.3.22
Coverage	Run cargo llvm-cov --all-features --workspace --lcov --output-path lcov.info --exclude waterkit-audio-test --exclude waterkit-biometric-test --exclude waterkit-camera-test --exclude waterkit-codec-bench --exclude waterkit-dialog-test --exclude waterkit-location-test --exclude waterkit-notification-test --exclude waterkit-sensor-test --exclude waterkit-video-test --exclude waterkit-test-ios --exclude waterkit-test-android	2026-02-20T20:38:48.0456064Z [1m[92m  Downloaded[0m wasm-bindgen-macro-support v0.2.109
Coverage	Run cargo llvm-cov --all-features --workspace --lcov --output-path lcov.info --exclude waterkit-audio-test --exclude waterkit-biometric-test --exclude waterkit-camera-test --exclude waterkit-codec-bench --exclude waterkit-dialog-test --exclude waterkit-location-test --exclude waterkit-notification-test --exclude waterkit-sensor-test --exclude waterkit-video-test --exclude waterkit-test-ios --exclude waterkit-test-android	2026-02-20T20:38:48.0476379Z [1m[92m  Downloaded[0m v4l2-sys-mit v0.3.0
Coverage	Run cargo llvm-cov --all-features --workspace --lcov --output-path lcov.info --exclude waterkit-audio-test --exclude waterkit-biometric-test --exclude waterkit-camera-test --exclude waterkit-codec-bench --exclude waterkit-dialog-test --exclude waterkit-location-test --exclude waterkit-notification-test --exclude waterkit-sensor-test --exclude waterkit-video-test --exclude waterkit-test-ios --exclude waterkit-test-android	2026-02-20T20:38:48.0485085Z [1m[92m  Downloaded[0m v4l v0.14.0
Coverage	Run cargo llvm-cov --all-features --workspace --lcov --output-path lcov.info --exclude waterkit-audio-test --exclude waterkit-biometric-test --exclude waterkit-camera-test --exclude waterkit-codec-bench --exclude waterkit-dialog-test --exclude waterkit-location-test --exclude waterkit-notification-test --exclude waterkit-sensor-test --exclude waterkit-video-test --exclude waterkit-test-ios --exclude waterkit-test-android	2026-02-20T20:38:48.0535949Z [1m[92m  Downloaded[0m utf8parse v0.2.2
Coverage	Run cargo llvm-cov --all-features --workspace --lcov --output-path lcov.info --exclude waterkit-audio-test --exclude waterkit-biometric-test --exclude waterkit-camera-test --exclude waterkit-codec-bench --exclude waterkit-dialog-test --exclude waterkit-location-test --exclude waterkit-notification-test --exclude waterkit-sensor-test --exclude waterkit-video-test --exclude waterkit-test-ios --exclude waterkit-test-android	2026-02-20T20:38:48.0547867Z [1m[92m  Downloaded[0m untrusted v0.9.0
Coverage	Run cargo llvm-cov --all-features --workspace --lcov --output-path lcov.info --exclude waterkit-audio-test --exclude waterkit-biometric-test --exclude waterkit-camera-test --exclude waterkit-codec-bench --exclude waterkit-dialog-test --exclude waterkit-location-test --exclude waterkit-notification-test --exclude waterkit-sensor-test --exclude waterkit-video-test --exclude waterkit-test-ios --exclude waterkit-test-android	2026-02-20T20:38:48.0568640Z [1m[92m  Downloaded[0m unicode-ident v1.0.24
Coverage	Run cargo llvm-cov --all-features --workspace --lcov --output-path lcov.info --exclude waterkit-audio-test --exclude waterkit-biometric-test --exclude waterkit-camera-test --exclude waterkit-codec-bench --exclude waterkit-dialog-test --exclude waterkit-location-test --exclude waterkit-notification-test --exclude waterkit-sensor-test --exclude waterkit-video-test --exclude waterkit-test-ios --exclude waterkit-test-android	2026-02-20T20:38:48.0601335Z [1m[92m  Downloaded[0m tracing-core v0.1.36
Coverage	Run cargo llvm-cov --all-features --workspace --lcov --output-path lcov.info --exclude waterkit-audio-test --exclude waterkit-biometric-test --exclude waterkit-camera-test --exclude waterkit-codec-bench --exclude waterkit-dialog-test --exclude waterkit-location-test --exclude waterkit-notification-test --exclude waterkit-sensor-test --exclude waterkit-video-test --exclude waterkit-test-ios --exclude waterkit-test-android	2026-02-20T20:38:48.0632468Z [1m[92m  Downloaded[0m sharded-slab v0.1.7
Coverage	Run cargo llvm-cov --all-features --workspace --lcov --output-path lcov.info --exclude waterkit-audio-test --exclude waterkit-biometric-test --exclude waterkit-camera-test --exclude waterkit-codec-bench --exclude waterkit-dialog-test --exclude waterkit-location-test --exclude waterkit-notification-test --exclude waterkit-sensor-test --exclude waterkit-video-test --exclude waterkit-test-ios --exclude waterkit-test-android	2026-02-20T20:38:48.0671699Z [1m[92m  Downloaded[0m rayon-core v1.13.0
Coverage	Run cargo llvm-cov --all-features --workspace --lcov --output-path lcov.info --exclude waterkit-audio-test --exclude waterkit-biometric-test --exclude waterkit-camera-test --exclude waterkit-codec-bench --exclude waterkit-dialog-test --exclude waterkit-location-test --exclude waterkit-notification-test --exclude waterkit-sensor-test --exclude waterkit-video-test --exclude waterkit-test-ios --exclude waterkit-test-android	2026-02-20T20:38:48.0715221Z [1m[92m  Downloaded[0m utf-8 v0.7.6
Coverage	Run cargo llvm-cov --all-features --workspace --lcov --output-path lcov.info --exclude waterkit-audio-test --exclude waterkit-biometric-test --exclude waterkit-camera-test --exclude waterkit-codec-bench --exclude waterkit-dialog-test --exclude waterkit-location-test --exclude waterkit-notification-test --exclude waterkit-sensor-test --exclude waterkit-video-test --exclude waterkit-test-ios --exclude waterkit-test-android	2026-02-20T20:38:48.0729656Z [1m[92m  Downloaded[0m tracing-attributes v0.1.31
Coverage	Run cargo llvm-cov --all-features --workspace --lcov --output-path lcov.info --exclude waterkit-audio-test --exclude waterkit-biometric-test --exclude waterkit-camera-test --exclude waterkit-codec-bench --exclude waterkit-dialog-test --exclude waterkit-location-test --exclude waterkit-notification-test --exclude waterkit-sensor-test --exclude waterkit-video-test --exclude waterkit-test-ios --exclude waterkit-test-android	2026-02-20T20:38:48.0760679Z [1m[92m  Downloaded[0m tower-service v0.3.3
Coverage	Run cargo llvm-cov --all-features --workspace --lcov --output-path lcov.info --exclude waterkit-audio-test --exclude waterkit-biometric-test --exclude waterkit-camera-test --exclude waterkit-codec-bench --exclude waterkit-dialog-test --exclude waterkit-location-test --exclude waterkit-notification-test --exclude waterkit-sensor-test --exclude waterkit-video-test --exclude waterkit-test-ios --exclude waterkit-test-android	2026-02-20T20:38:48.0771062Z [1m[92m  Downloaded[0m serde_spanned v0.6.9
Coverage	Run cargo llvm-cov --all-features --workspace --lcov --output-path lcov.info --exclude waterkit-audio-test --exclude waterkit-biometric-test --exclude waterkit-camera-test --exclude waterkit-codec-bench --exclude waterkit-dialog-test --exclude waterkit-location-test --exclude waterkit-notification-test --exclude waterkit-sensor-test --exclude waterkit-video-test --exclude waterkit-test-ios --exclude waterkit-test-android	2026-02-20T20:38:48.0782649Z [1m[92m  Downloaded[0m xkbcommon-dl v0.4.2
Coverage	Run cargo llvm-cov --all-features --workspace --lcov --output-path lcov.info --exclude waterkit-audio-test --exclude waterkit-biometric-test --exclude waterkit-camera-test --exclude waterkit-codec-bench --exclude waterkit-dialog-test --exclude waterkit-location-test --exclude waterkit-notification-test --exclude waterkit-sensor-test --exclude waterkit-video-test --exclude waterkit-test-ios --exclude waterkit-test-android	2026-02-20T20:38:48.0795992Z [1m[92m  Downloaded[0m wayland-scanner v0.30.1
Coverage	Run cargo llvm-cov --all-features --workspace --lcov --output-path lcov.info --exclude waterkit-audio-test --exclude waterkit-biometric-test --exclude waterkit-camera-test --exclude waterkit-codec-bench --exclude waterkit-dialog-test --exclude waterkit-location-test --exclude waterkit-notification-test --exclude waterkit-sensor-test --exclude waterkit-video-test --exclude waterkit-test-ios --exclude waterkit-test-android	2026-02-20T20:38:48.0819651Z [1m[92m  Downloaded[0m wayland-cursor v0.31.12
Coverage	Run cargo llvm-cov --all-features --workspace --lcov --output-path lcov.info --exclude waterkit-audio-test --exclude waterkit-biometric-test --exclude waterkit-camera-test --exclude waterkit-codec-bench --exclude waterkit-dialog-test --exclude waterkit-location-test --exclude waterkit-notification-test --exclude waterkit-sensor-test --exclude waterkit-video-test --exclude waterkit-test-ios --exclude waterkit-test-android	2026-02-20T20:38:48.0829880Z [1m[92m  Downloaded[0m wasm-bindgen-shared v0.2.109
Coverage	Run cargo llvm-cov --all-features --workspace --lcov --output-path lcov.info --exclude waterkit-audio-test --exclude waterkit-biometric-test --exclude waterkit-camera-test --exclude waterkit-codec-bench --exclude waterkit-dialog-test --exclude waterkit-location-test --exclude waterkit-notification-test --exclude waterkit-sensor-test --exclude waterkit-video-test --exclude waterkit-test-ios --exclude waterkit-test-android	2026-02-20T20:38:48.0842520Z [1m[92m  Downloaded[0m want v0.3.1
Coverage	Run cargo llvm-cov --all-features --workspace --lcov --output-path lcov.info --exclude waterkit-audio-test --exclude waterkit-biometric-test --exclude waterkit-camera-test --exclude waterkit-codec-bench --exclude waterkit-dialog-test --exclude waterkit-location-test --exclude waterkit-notification-test --exclude waterkit-sensor-test --exclude waterkit-video-test --exclude waterkit-test-ios --exclude waterkit-test-android	2026-02-20T20:38:48.0853446Z [1m[92m  Downloaded[0m version_check v0.9.5
Coverage	Run cargo llvm-cov --all-features --workspace --lcov --output-path lcov.info --exclude waterkit-audio-test --exclude waterkit-biometric-test --exclude waterkit-camera-test --exclude waterkit-codec-bench --exclude waterkit-dialog-test --exclude waterkit-location-test --exclude waterkit-notification-test --exclude waterkit-sensor-test --exclude waterkit-video-test --exclude waterkit-test-ios --exclude waterkit-test-android	2026-02-20T20:38:48.0868229Z [1m[92m  Downloaded[0m version-compare v0.2.1
Coverage	Run cargo llvm-cov --all-features --workspace --lcov --output-path lcov.info --exclude waterkit-audio-test --exclude waterkit-biometric-test --exclude waterkit-camera-test --exclude waterkit-codec-bench --exclude waterkit-dialog-test --exclude waterkit-location-test --exclude waterkit-notification-test --exclude waterkit-sensor-test --exclude waterkit-video-test --exclude waterkit-test-ios --exclude waterkit-test-android	2026-02-20T20:38:48.0883637Z [1m[92m  Downloaded[0m toml_datetime v0.6.11
Coverage	Run cargo llvm-cov --all-features --workspace --lcov --output-path lcov.info --exclude waterkit-audio-test --exclude waterkit-biometric-test --exclude waterkit-camera-test --exclude waterkit-codec-bench --exclude waterkit-dialog-test --exclude waterkit-location-test --exclude waterkit-notification-test --exclude waterkit-sensor-test --exclude waterkit-video-test --exclude waterkit-test-ios --exclude waterkit-test-android	2026-02-20T20:38:48.0896309Z [1m[92m  Downloaded[0m toml v0.9.12+spec-1.1.0
Coverage	Run cargo llvm-cov --all-features --workspace --lcov --output-path lcov.info --exclude waterkit-audio-test --exclude waterkit-biometric-test --exclude waterkit-camera-test --exclude waterkit-codec-bench --exclude waterkit-dialog-test --exclude waterkit-location-test --exclude waterkit-notification-test --exclude waterkit-sensor-test --exclude waterkit-video-test --exclude waterkit-test-ios --exclude waterkit-test-android	2026-02-20T20:38:48.0944047Z [1m[92m  Downloaded[0m signal-hook v0.3.18
Coverage	Run cargo llvm-cov --all-features --workspace --lcov --output-path lcov.info --exclude waterkit-audio-test --exclude waterkit-biometric-test --exclude waterkit-camera-test --exclude waterkit-codec-bench --exclude waterkit-dialog-test --exclude waterkit-location-test --exclude waterkit-notification-test --exclude waterkit-sensor-test --exclude waterkit-video-test --exclude waterkit-test-ios --exclude waterkit-test-android	2026-02-20T20:38:48.0980179Z [1m[92m  Downloaded[0m sha1 v0.10.6
Coverage	Run cargo llvm-cov --all-features --workspace --lcov --output-path lcov.info --exclude waterkit-audio-test --exclude waterkit-biometric-test --exclude waterkit-camera-test --exclude waterkit-codec-bench --exclude waterkit-dialog-test --exclude waterkit-location-test --exclude waterkit-notification-test --exclude waterkit-sensor-test --exclude waterkit-video-test --exclude waterkit-test-ios --exclude waterkit-test-android	2026-02-20T20:38:48.1000015Z [1m[92m  Downloaded[0m wayland-scanner v0.31.8
Coverage	Run cargo llvm-cov --all-features --workspace --lcov --output-path lcov.info --exclude waterkit-audio-test --exclude waterkit-biometric-test --exclude waterkit-camera-test --exclude waterkit-codec-bench --exclude waterkit-dialog-test --exclude waterkit-location-test --exclude waterkit-notification-test --exclude waterkit-sensor-test --exclude waterkit-video-test --exclude waterkit-test-ios --exclude waterkit-test-android	2026-02-20T20:38:48.1025070Z [1m[92m  Downloaded[0m wayland-protocols-wlr v0.3.10
Coverage	Run cargo llvm-cov --all-features --workspace --lcov --output-path lcov.info --exclude waterkit-audio-test --exclude waterkit-biometric-test --exclude waterkit-camera-test --exclude waterkit-codec-bench --exclude waterkit-dialog-test --exclude waterkit-location-test --exclude waterkit-notification-test --exclude waterkit-sensor-test --exclude waterkit-video-test --exclude waterkit-test-ios --exclude waterkit-test-android	2026-02-20T20:38:48.1050232Z [1m[92m  Downloaded[0m wayland-protocols-wlr v0.1.0
Coverage	Run cargo llvm-cov --all-features --workspace --lcov --output-path lcov.info --exclude waterkit-audio-test --exclude waterkit-biometric-test --exclude waterkit-camera-test --exclude waterkit-codec-bench --exclude waterkit-dialog-test --exclude waterkit-location-test --exclude waterkit-notification-test --exclude waterkit-sensor-test --exclude waterkit-video-test --exclude waterkit-test-ios --exclude waterkit-test-android	2026-02-20T20:38:48.1074227Z [1m[92m  Downloaded[0m wayland-client v0.31.12
Coverage	Run cargo llvm-cov --all-features --workspace --lcov --output-path lcov.info --exclude waterkit-audio-test --exclude waterkit-biometric-test --exclude waterkit-camera-test --exclude waterkit-codec-bench --exclude waterkit-dialog-test --exclude waterkit-location-test --exclude waterkit-notification-test --exclude waterkit-sensor-test --exclude waterkit-video-test --exclude waterkit-test-ios --exclude waterkit-test-android	2026-02-20T20:38:48.1096694Z [1m[92m  Downloaded[0m wasm-bindgen v0.2.109
Coverage	Run cargo llvm-cov --all-features --workspace --lcov --output-path lcov.info --exclude waterkit-audio-test --exclude waterkit-biometric-test --exclude waterkit-camera-test --exclude waterkit-codec-bench --exclude waterkit-dialog-test --exclude waterkit-location-test --exclude waterkit-notification-test --exclude waterkit-sensor-test --exclude waterkit-video-test --exclude waterkit-test-ios --exclude waterkit-test-android	2026-02-20T20:38:48.1125400Z [1m[92m  Downloaded[0m vcpkg v0.2.15
Coverage	Run cargo llvm-cov --all-features --workspace --lcov --output-path lcov.info --exclude waterkit-audio-test --exclude waterkit-biometric-test --exclude waterkit-camera-test --exclude waterkit-codec-bench --exclude waterkit-dialog-test --exclude waterkit-location-test --exclude waterkit-notification-test --exclude waterkit-sensor-test --exclude waterkit-video-test --exclude waterkit-test-ios --exclude waterkit-test-android	2026-02-20T20:38:48.1812560Z [1m[92m  Downloaded[0m utf8_iter v1.0.4
Coverage	Run cargo llvm-cov --all-features --workspace --lcov --output-path lcov.info --exclude waterkit-audio-test --exclude waterkit-biometric-test --exclude waterkit-camera-test --exclude waterkit-codec-bench --exclude waterkit-dialog-test --exclude waterkit-location-test --exclude waterkit-notification-test --exclude waterkit-sensor-test --exclude waterkit-video-test --exclude waterkit-test-ios --exclude waterkit-test-android	2026-02-20T20:38:48.1823432Z [1m[92m  Downloaded[0m urlencoding v2.1.3
Coverage	Run cargo llvm-cov --all-features --workspace --lcov --output-path lcov.info --exclude waterkit-audio-test --exclude waterkit-biometric-test --exclude waterkit-camera-test --exclude waterkit-codec-bench --exclude waterkit-dialog-test --exclude waterkit-location-test --exclude waterkit-notification-test --exclude waterkit-sensor-test --exclude waterkit-video-test --exclude waterkit-test-ios --exclude waterkit-test-android	2026-02-20T20:38:48.1835922Z [1m[92m  Downloaded[0m image v0.24.9
Coverage	Run cargo llvm-cov --all-features --workspace --lcov --output-path lcov.info --exclude waterkit-audio-test --exclude waterkit-biometric-test --exclude waterkit-camera-test --exclude waterkit-codec-bench --exclude waterkit-dialog-test --exclude waterkit-location-test --exclude waterkit-notification-test --exclude waterkit-sensor-test --exclude waterkit-video-test --exclude waterkit-test-ios --exclude waterkit-test-android	2026-02-20T20:38:48.2559847Z [1m[92m  Downloaded[0m trait-variant v0.1.2
Coverage	Run cargo llvm-cov --all-features --workspace --lcov --output-path lcov.info --exclude waterkit-audio-test --exclude waterkit-biometric-test --exclude waterkit-camera-test --exclude waterkit-codec-bench --exclude waterkit-dialog-test --exclude waterkit-location-test --exclude waterkit-notification-test --exclude waterkit-sensor-test --exclude waterkit-video-test --exclude waterkit-test-ios --exclude waterkit-test-android	2026-02-20T20:38:48.2569997Z [1m[92m  Downloaded[0m thiserror-impl v2.0.18
Coverage	Run cargo llvm-cov --all-features --workspace --lcov --output-path lcov.info --exclude waterkit-audio-test --exclude waterkit-biometric-test --exclude waterkit-camera-test --exclude waterkit-codec-bench --exclude waterkit-dialog-test --exclude waterkit-location-test --exclude waterkit-notification-test --exclude waterkit-sensor-test --exclude waterkit-video-test --exclude waterkit-test-ios --exclude waterkit-test-android	2026-02-20T20:38:48.2586123Z [1m[92m  Downloaded[0m subtle v2.6.1
Coverage	Run cargo llvm-cov --all-features --workspace --lcov --output-path lcov.info --exclude waterkit-audio-test --exclude waterkit-biometric-test --exclude waterkit-camera-test --exclude waterkit-codec-bench --exclude waterkit-dialog-test --exclude waterkit-location-test --exclude waterkit-notification-test --exclude waterkit-sensor-test --exclude waterkit-video-test --exclude waterkit-test-ios --exclude waterkit-test-android	2026-02-20T20:38:48.2600064Z [1m[92m  Downloaded[0m socket2 v0.6.2
Coverage	Run cargo llvm-cov --all-features --workspace --lcov --output-path lcov.info --exclude waterkit-audio-test --exclude waterkit-biometric-test --exclude waterkit-camera-test --exclude waterkit-codec-bench --exclude waterkit-dialog-test --exclude waterkit-location-test --exclude waterkit-notification-test --exclude waterkit-sensor-test --exclude waterkit-video-test --exclude waterkit-test-ios --exclude waterkit-test-android	2026-02-20T20:38:48.2620286Z [1m[92m  Downloaded[0m try-lock v0.2.5
Coverage	Run cargo llvm-cov --all-features --workspace --lcov --output-path lcov.info --exclude waterkit-audio-test --exclude waterkit-biometric-test --exclude waterkit-camera-test --exclude waterkit-codec-bench --exclude waterkit-dialog-test --exclude waterkit-location-test --exclude waterkit-notification-test --exclude waterkit-sensor-test --exclude waterkit-video-test --exclude waterkit-test-ios --exclude waterkit-test-android	2026-02-20T20:38:48.2631615Z [1m[92m  Downloaded[0m toml_write v0.1.2
Coverage	Run cargo llvm-cov --all-features --workspace --lcov --output-path lcov.info --exclude waterkit-audio-test --exclude waterkit-biometric-test --exclude waterkit-camera-test --exclude waterkit-codec-bench --exclude waterkit-dialog-test --exclude waterkit-location-test --exclude waterkit-notification-test --exclude waterkit-sensor-test --exclude waterkit-video-test --exclude waterkit-test-ios --exclude waterkit-test-android	2026-02-20T20:38:48.2646545Z [1m[92m  Downloaded[0m tinyvec_macros v0.1.1
Coverage	Run cargo llvm-cov --all-features --workspace --lcov --output-path lcov.info --exclude waterkit-audio-test --exclude waterkit-biometric-test --exclude waterkit-camera-test --exclude waterkit-codec-bench --exclude waterkit-dialog-test --exclude waterkit-location-test --exclude waterkit-notification-test --exclude waterkit-sensor-test --exclude waterkit-video-test --exclude waterkit-test-ios --exclude waterkit-test-android	2026-02-20T20:38:48.2656640Z [1m[92m  Downloaded[0m tinyvec v1.10.0
Coverage	Run cargo llvm-cov --all-features --workspace --lcov --output-path lcov.info --exclude waterkit-audio-test --exclude waterkit-biometric-test --exclude waterkit-camera-test --exclude waterkit-codec-bench --exclude waterkit-dialog-test --exclude waterkit-location-test --exclude waterkit-notification-test --exclude waterkit-sensor-test --exclude waterkit-video-test --exclude waterkit-test-ios --exclude waterkit-test-android	2026-02-20T20:38:48.2686503Z [1m[92m  Downloaded[0m tinystr v0.8.2
Coverage	Run cargo llvm-cov --all-features --workspace --lcov --output-path lcov.info --exclude waterkit-audio-test --exclude waterkit-biometric-test --exclude waterkit-camera-test --exclude waterkit-codec-bench --exclude waterkit-dialog-test --exclude waterkit-location-test --exclude waterkit-notification-test --exclude waterkit-sensor-test --exclude waterkit-video-test --exclude waterkit-test-ios --exclude waterkit-test-android	2026-02-20T20:38:48.2708901Z [1m[92m  Downloaded[0m time-macros v0.2.27
Coverage	Run cargo llvm-cov --all-features --workspace --lcov --output-path lcov.info --exclude waterkit-audio-test --exclude waterkit-biometric-test --exclude waterkit-camera-test --exclude waterkit-codec-bench --exclude waterkit-dialog-test --exclude waterkit-location-test --exclude waterkit-notification-test --exclude waterkit-sensor-test --exclude waterkit-video-test --exclude waterkit-test-ios --exclude waterkit-test-android	2026-02-20T20:38:48.2734591Z [1m[92m  Downloaded[0m thiserror-impl v1.0.69
Coverage	Run cargo llvm-cov --all-features --workspace --lcov --output-path lcov.info --exclude waterkit-audio-test --exclude waterkit-biometric-test --exclude waterkit-camera-test --exclude waterkit-codec-bench --exclude waterkit-dialog-test --exclude waterkit-location-test --exclude waterkit-notification-test --exclude waterkit-sensor-test --exclude waterkit-video-test --exclude waterkit-test-ios --exclude waterkit-test-android	2026-02-20T20:38:48.2751019Z [1m[92m  Downloaded[0m symphonia-bundle-mp3 v0.5.5
Coverage	Run cargo llvm-cov --all-features --workspace --lcov --output-path lcov.info --exclude waterkit-audio-test --exclude waterkit-biometric-test --exclude waterkit-camera-test --exclude waterkit-codec-bench --exclude waterkit-dialog-test --exclude waterkit-location-test --exclude waterkit-notification-test --exclude waterkit-sensor-test --exclude waterkit-video-test --exclude waterkit-test-ios --exclude waterkit-test-android	2026-02-20T20:38:48.2776507Z [1m[92m  Downloaded[0m symphonia v0.5.5
Coverage	Run cargo llvm-cov --all-features --workspace --lcov --output-path lcov.info --exclude waterkit-audio-test --exclude waterkit-biometric-test --exclude waterkit-camera-test --exclude waterkit-codec-bench --exclude waterkit-dialog-test --exclude waterkit-location-test --exclude waterkit-notification-test --exclude waterkit-sensor-test --exclude waterkit-video-test --exclude waterkit-test-ios --exclude waterkit-test-android	2026-02-20T20:38:48.2789049Z [1m[92m  Downloaded[0m swift-bridge-build v0.1.59
Coverage	Run cargo llvm-cov --all-features --workspace --lcov --output-path lcov.info --exclude waterkit-audio-test --exclude waterkit-biometric-test --exclude waterkit-camera-test --exclude waterkit-codec-bench --exclude waterkit-dialog-test --exclude waterkit-location-test --exclude waterkit-notification-test --exclude waterkit-sensor-test --exclude waterkit-video-test --exclude waterkit-test-ios --exclude waterkit-test-android	2026-02-20T20:38:48.2803572Z [1m[92m  Downloaded[0m strict-num v0.1.1
Coverage	Run cargo llvm-cov --all-features --workspace --lcov --output-path lcov.info --exclude waterkit-audio-test --exclude waterkit-biometric-test --exclude waterkit-camera-test --exclude waterkit-codec-bench --exclude waterkit-dialog-test --exclude waterkit-location-test --exclude waterkit-notification-test --exclude waterkit-sensor-test --exclude waterkit-video-test --exclude waterkit-test-ios --exclude waterkit-test-android	2026-02-20T20:38:48.2815191Z [1m[92m  Downloaded[0m static_assertions v1.1.0
Coverage	Run cargo llvm-cov --all-features --workspace --lcov --output-path lcov.info --exclude waterkit-audio-test --exclude waterkit-biometric-test --exclude waterkit-camera-test --exclude waterkit-codec-bench --exclude waterkit-dialog-test --exclude waterkit-location-test --exclude waterkit-notification-test --exclude waterkit-sensor-test --exclude waterkit-video-test --exclude waterkit-test-ios --exclude waterkit-test-android	2026-02-20T20:38:48.2831385Z [1m[92m  Downloaded[0m thread_local v1.1.9
Coverage	Run cargo llvm-cov --all-features --workspace --lcov --output-path lcov.info --exclude waterkit-audio-test --exclude waterkit-biometric-test --exclude waterkit-camera-test --exclude waterkit-codec-bench --exclude waterkit-dialog-test --exclude waterkit-location-test --exclude waterkit-notification-test --exclude waterkit-sensor-test --exclude waterkit-video-test --exclude waterkit-test-ios --exclude waterkit-test-android	2026-02-20T20:38:48.2848878Z [1m[92m  Downloaded[0m thiserror v1.0.69
Coverage	Run cargo llvm-cov --all-features --workspace --lcov --output-path lcov.info --exclude waterkit-audio-test --exclude waterkit-biometric-test --exclude waterkit-camera-test --exclude waterkit-codec-bench --exclude waterkit-dialog-test --exclude waterkit-location-test --exclude waterkit-notification-test --exclude waterkit-sensor-test --exclude waterkit-video-test --exclude waterkit-test-ios --exclude waterkit-test-android	2026-02-20T20:38:48.2916301Z [1m[92m  Downloaded[0m terminal_size v0.4.3
Coverage	Run cargo llvm-cov --all-features --workspace --lcov --output-path lcov.info --exclude waterkit-audio-test --exclude waterkit-biometric-test --exclude waterkit-camera-test --exclude waterkit-codec-bench --exclude waterkit-dialog-test --exclude waterkit-location-test --exclude waterkit-notification-test --exclude waterkit-sensor-test --exclude waterkit-video-test --exclude waterkit-test-ios --exclude waterkit-test-android	2026-02-20T20:38:48.2931814Z [1m[92m  Downloaded[0m termcolor v1.4.1
Coverage	Run cargo llvm-cov --all-features --workspace --lcov --output-path lcov.info --exclude waterkit-audio-test --exclude waterkit-biometric-test --exclude waterkit-camera-test --exclude waterkit-codec-bench --exclude waterkit-dialog-test --exclude waterkit-location-test --exclude waterkit-notification-test --exclude waterkit-sensor-test --exclude waterkit-video-test --exclude waterkit-test-ios --exclude waterkit-test-android	2026-02-20T20:38:48.2946208Z [1m[92m  Downloaded[0m tempfile v3.25.0
Coverage	Run cargo llvm-cov --all-features --workspace --lcov --output-path lcov.info --exclude waterkit-audio-test --exclude waterkit-biometric-test --exclude waterkit-camera-test --exclude waterkit-codec-bench --exclude waterkit-dialog-test --exclude waterkit-location-test --exclude waterkit-notification-test --exclude waterkit-sensor-test --exclude waterkit-video-test --exclude waterkit-test-ios --exclude waterkit-test-android	2026-02-20T20:38:48.2975664Z [1m[92m  Downloaded[0m synstructure v0.13.2
Coverage	Run cargo llvm-cov --all-features --workspace --lcov --output-path lcov.info --exclude waterkit-audio-test --exclude waterkit-biometric-test --exclude waterkit-camera-test --exclude waterkit-codec-bench --exclude waterkit-dialog-test --exclude waterkit-location-test --exclude waterkit-notification-test --exclude waterkit-sensor-test --exclude waterkit-video-test --exclude waterkit-test-ios --exclude waterkit-test-android	2026-02-20T20:38:48.2987150Z [1m[92m  Downloaded[0m symphonia-metadata v0.5.5
Coverage	Run cargo llvm-cov --all-features --workspace --lcov --output-path lcov.info --exclude waterkit-audio-test --exclude waterkit-biometric-test --exclude waterkit-camera-test --exclude waterkit-codec-bench --exclude waterkit-dialog-test --exclude waterkit-location-test --exclude waterkit-notification-test --exclude waterkit-sensor-test --exclude waterkit-video-test --exclude waterkit-test-ios --exclude waterkit-test-android	2026-02-20T20:38:48.3003461Z [1m[92m  Downloaded[0m strsim v0.11.1
Coverage	Run cargo llvm-cov --all-features --workspace --lcov --output-path lcov.info --exclude waterkit-audio-test --exclude waterkit-biometric-test --exclude waterkit-camera-test --exclude waterkit-codec-bench --exclude waterkit-dialog-test --exclude waterkit-location-test --exclude waterkit-notification-test --exclude waterkit-sensor-test --exclude waterkit-video-test --exclude waterkit-test-ios --exclude waterkit-test-android	2026-02-20T20:38:48.3018329Z [1m[92m  Downloaded[0m stable_deref_trait v1.2.1
Coverage	Run cargo llvm-cov --all-features --workspace --lcov --output-path lcov.info --exclude waterkit-audio-test --exclude waterkit-biometric-test --exclude waterkit-camera-test --exclude waterkit-codec-bench --exclude waterkit-dialog-test --exclude waterkit-location-test --exclude waterkit-notification-test --exclude waterkit-sensor-test --exclude waterkit-video-test --exclude waterkit-test-ios --exclude waterkit-test-android	2026-02-20T20:38:48.3028487Z [1m[92m  Downloaded[0m spirv v0.3.0+sdk-1.3.268.0
Coverage	Run cargo llvm-cov --all-features --workspace --lcov --output-path lcov.info --exclude waterkit-audio-test --exclude waterkit-biometric-test --exclude waterkit-camera-test --exclude waterkit-codec-bench --exclude waterkit-dialog-test --exclude waterkit-location-test --exclude waterkit-notification-test --exclude waterkit-sensor-test --exclude waterkit-video-test --exclude waterkit-test-ios --exclude waterkit-test-android	2026-02-20T20:38:48.3040677Z [1m[92m  Downloaded[0m spin v0.9.8
Coverage	Run cargo llvm-cov --all-features --workspace --lcov --output-path lcov.info --exclude waterkit-audio-test --exclude waterkit-biometric-test --exclude waterkit-camera-test --exclude waterkit-codec-bench --exclude waterkit-dialog-test --exclude waterkit-location-test --exclude waterkit-notification-test --exclude waterkit-sensor-test --exclude waterkit-video-test --exclude waterkit-test-ios --exclude waterkit-test-android	2026-02-20T20:38:48.3068244Z [1m[92m  Downloaded[0m libgit2-sys v0.18.3+1.9.2
Coverage	Run cargo llvm-cov --all-features --workspace --lcov --output-path lcov.info --exclude waterkit-audio-test --exclude waterkit-biometric-test --exclude waterkit-camera-test --exclude waterkit-codec-bench --exclude waterkit-dialog-test --exclude waterkit-location-test --exclude waterkit-notification-test --exclude waterkit-sensor-test --exclude waterkit-video-test --exclude waterkit-test-ios --exclude waterkit-test-android	2026-02-20T20:38:48.3771793Z [1m[92m  Downloaded[0m smithay-client-toolkit v0.19.2
Coverage	Run cargo llvm-cov --all-features --workspace --lcov --output-path lcov.info --exclude waterkit-audio-test --exclude waterkit-biometric-test --exclude waterkit-camera-test --exclude waterkit-codec-bench --exclude waterkit-dialog-test --exclude waterkit-location-test --exclude waterkit-notification-test --exclude waterkit-sensor-test --exclude waterkit-video-test --exclude waterkit-test-ios --exclude waterkit-test-android	2026-02-20T20:38:48.3846265Z [1m[92m  Downloaded[0m ring v0.17.14
Coverage	Run cargo llvm-cov --all-features --workspace --lcov --output-path lcov.info --exclude waterkit-audio-test --exclude waterkit-biometric-test --exclude waterkit-camera-test --exclude waterkit-codec-bench --exclude waterkit-dialog-test --exclude waterkit-location-test --exclude waterkit-notification-test --exclude waterkit-sensor-test --exclude waterkit-video-test --exclude waterkit-test-ios --exclude waterkit-test-android	2026-02-20T20:38:48.4325085Z [1m[92m  Downloaded[0m rayon v1.11.0
Coverage	Run cargo llvm-cov --all-features --workspace --lcov --output-path lcov.info --exclude waterkit-audio-test --exclude waterkit-biometric-test --exclude waterkit-camera-test --exclude waterkit-codec-bench --exclude waterkit-dialog-test --exclude waterkit-location-test --exclude waterkit-notification-test --exclude waterkit-sensor-test --exclude waterkit-video-test --exclude waterkit-test-ios --exclude waterkit-test-android	2026-02-20T20:38:48.4435033Z [1m[92m  Downloaded[0m linux-raw-sys v0.4.15
Coverage	Run cargo llvm-cov --all-features --workspace --lcov --output-path lcov.info --exclude waterkit-audio-test --exclude waterkit-biometric-test --exclude waterkit-camera-test --exclude waterkit-codec-bench --exclude waterkit-dialog-test --exclude waterkit-location-test --exclude waterkit-notification-test --exclude waterkit-sensor-test --exclude waterkit-video-test --exclude waterkit-test-ios --exclude waterkit-test-android	2026-02-20T20:38:48.4943134Z [1m[92m  Downloaded[0m serde_json v1.0.149
Coverage	Run cargo llvm-cov --all-features --workspace --lcov --output-path lcov.info --exclude waterkit-audio-test --exclude waterkit-biometric-test --exclude waterkit-camera-test --exclude waterkit-codec-bench --exclude waterkit-dialog-test --exclude waterkit-location-test --exclude waterkit-notification-test --exclude waterkit-sensor-test --exclude waterkit-video-test --exclude waterkit-test-ios --exclude waterkit-test-android	2026-02-20T20:38:48.5028597Z [1m[92m  Downloaded[0m rustls-webpki v0.103.9
Coverage	Run cargo llvm-cov --all-features --workspace --lcov --output-path lcov.info --exclude waterkit-audio-test --exclude waterkit-biometric-test --exclude waterkit-camera-test --exclude waterkit-codec-bench --exclude waterkit-dialog-test --exclude waterkit-location-test --exclude waterkit-notification-test --exclude waterkit-sensor-test --exclude waterkit-video-test --exclude waterkit-test-ios --exclude waterkit-test-android	2026-02-20T20:38:48.5063698Z [1m[92m  Downloaded[0m regex-automata v0.4.14
Coverage	Run cargo llvm-cov --all-features --workspace --lcov --output-path lcov.info --exclude waterkit-audio-test --exclude waterkit-biometric-test --exclude waterkit-camera-test --exclude waterkit-codec-bench --exclude waterkit-dialog-test --exclude waterkit-location-test --exclude waterkit-notification-test --exclude waterkit-sensor-test --exclude waterkit-video-test --exclude waterkit-test-ios --exclude waterkit-test-android	2026-02-20T20:38:48.5223168Z [1m[92m  Downloaded[0m pxfm v0.1.27
Coverage	Run cargo llvm-cov --all-features --workspace --lcov --output-path lcov.info --exclude waterkit-audio-test --exclude waterkit-biometric-test --exclude waterkit-camera-test --exclude waterkit-codec-bench --exclude waterkit-dialog-test --exclude waterkit-location-test --exclude waterkit-notification-test --exclude waterkit-sensor-test --exclude waterkit-video-test --exclude waterkit-test-ios --exclude waterkit-test-android	2026-02-20T20:38:48.5508080Z [1m[92m  Downloaded[0m libdbus-sys v0.2.7
Coverage	Run cargo llvm-cov --all-features --workspace --lcov --output-path lcov.info --exclude waterkit-audio-test --exclude waterkit-biometric-test --exclude waterkit-camera-test --exclude waterkit-codec-bench --exclude waterkit-dialog-test --exclude waterkit-location-test --exclude waterkit-notification-test --exclude waterkit-sensor-test --exclude waterkit-video-test --exclude waterkit-test-ios --exclude waterkit-test-android	2026-02-20T20:38:48.5860904Z [1m[92m  Downloaded[0m libc v0.2.182
Coverage	Run cargo llvm-cov --all-features --workspace --lcov --output-path lcov.info --exclude waterkit-audio-test --exclude waterkit-biometric-test --exclude waterkit-camera-test --exclude waterkit-codec-bench --exclude waterkit-dialog-test --exclude waterkit-location-test --exclude waterkit-notification-test --exclude waterkit-sensor-test --exclude waterkit-video-test --exclude waterkit-test-ios --exclude waterkit-test-android	2026-02-20T20:38:48.6327295Z [1m[92m  Downloaded[0m rustls v0.23.36
Coverage	Run cargo llvm-cov --all-features --workspace --lcov --output-path lcov.info --exclude waterkit-audio-test --exclude waterkit-biometric-test --exclude waterkit-camera-test --exclude waterkit-codec-bench --exclude waterkit-dialog-test --exclude waterkit-location-test --exclude waterkit-notification-test --exclude waterkit-sensor-test --exclude waterkit-video-test --exclude waterkit-test-ios --exclude waterkit-test-android	2026-02-20T20:38:48.6463623Z [1m[92m  Downloaded[0m rustix v1.1.3
Coverage	Run cargo llvm-cov --all-features --workspace --lcov --output-path lcov.info --exclude waterkit-audio-test --exclude waterkit-biometric-test --exclude waterkit-camera-test --exclude waterkit-codec-bench --exclude waterkit-dialog-test --exclude waterkit-location-test --exclude waterkit-notification-test --exclude waterkit-sensor-test --exclude waterkit-video-test --exclude waterkit-test-ios --exclude waterkit-test-android	2026-02-20T20:38:48.6786327Z [1m[92m  Downloaded[0m rustix v0.38.44
Coverage	Run cargo llvm-cov --all-features --workspace --lcov --output-path lcov.info --exclude waterkit-audio-test --exclude waterkit-biometric-test --exclude waterkit-camera-test --exclude waterkit-codec-bench --exclude waterkit-dialog-test --exclude waterkit-location-test --exclude waterkit-notification-test --exclude waterkit-sensor-test --exclude waterkit-video-test --exclude waterkit-test-ios --exclude waterkit-test-android	2026-02-20T20:38:48.7099700Z [1m[92m  Downloaded[0m regex-syntax v0.8.9
Coverage	Run cargo llvm-cov --all-features --workspace --lcov --output-path lcov.info --exclude waterkit-audio-test --exclude waterkit-biometric-test --exclude waterkit-camera-test --exclude waterkit-codec-bench --exclude waterkit-dialog-test --exclude waterkit-location-test --exclude waterkit-notification-test --exclude waterkit-sensor-test --exclude waterkit-video-test --exclude waterkit-test-ios --exclude waterkit-test-android	2026-02-20T20:38:48.7171973Z [1m[92m  Downloaded[0m ravif v0.12.0
Coverage	Run cargo llvm-cov --all-features --workspace --lcov --output-path lcov.info --exclude waterkit-audio-test --exclude waterkit-biometric-test --exclude waterkit-camera-test --exclude waterkit-codec-bench --exclude waterkit-dialog-test --exclude waterkit-location-test --exclude waterkit-notification-test --exclude waterkit-sensor-test --exclude waterkit-video-test --exclude waterkit-test-ios --exclude waterkit-test-android	2026-02-20T20:38:48.7184693Z [1m[92m  Downloaded[0m naga v28.0.0
Coverage	Run cargo llvm-cov --all-features --workspace --lcov --output-path lcov.info --exclude waterkit-audio-test --exclude waterkit-biometric-test --exclude waterkit-camera-test --exclude waterkit-codec-bench --exclude waterkit-dialog-test --exclude waterkit-location-test --exclude waterkit-notification-test --exclude waterkit-sensor-test --exclude waterkit-video-test --exclude waterkit-test-ios --exclude waterkit-test-android	2026-02-20T20:38:48.7409995Z [1m[92m  Downloaded[0m naga v27.0.3
Coverage	Run cargo llvm-cov --all-features --workspace --lcov --output-path lcov.info --exclude waterkit-audio-test --exclude waterkit-biometric-test --exclude waterkit-camera-test --exclude waterkit-codec-bench --exclude waterkit-dialog-test --exclude waterkit-location-test --exclude waterkit-notification-test --exclude waterkit-sensor-test --exclude waterkit-video-test --exclude waterkit-test-ios --exclude waterkit-test-android	2026-02-20T20:38:48.7628532Z [1m[92m  Downloaded[0m mozjpeg-sys v2.2.3
Coverage	Run cargo llvm-cov --all-features --workspace --lcov --output-path lcov.info --exclude waterkit-audio-test --exclude waterkit-biometric-test --exclude waterkit-camera-test --exclude waterkit-codec-bench --exclude waterkit-dialog-test --exclude waterkit-location-test --exclude waterkit-notification-test --exclude waterkit-sensor-test --exclude waterkit-video-test --exclude waterkit-test-ios --exclude waterkit-test-android	2026-02-20T20:38:48.7938739Z [1m[92m  Downloaded[0m jpeg-decoder v0.3.2
Coverage	Run cargo llvm-cov --all-features --workspace --lcov --output-path lcov.info --exclude waterkit-audio-test --exclude waterkit-biometric-test --exclude waterkit-camera-test --exclude waterkit-codec-bench --exclude waterkit-dialog-test --exclude waterkit-location-test --exclude waterkit-notification-test --exclude waterkit-sensor-test --exclude waterkit-video-test --exclude waterkit-test-ios --exclude waterkit-test-android	2026-02-20T20:38:48.8003415Z [1m[92m  Downloaded[0m swift-bridge-ir v0.1.59
Coverage	Run cargo llvm-cov --all-features --workspace --lcov --output-path lcov.info --exclude waterkit-audio-test --exclude waterkit-biometric-test --exclude waterkit-camera-test --exclude waterkit-codec-bench --exclude waterkit-dialog-test --exclude waterkit-location-test --exclude waterkit-notification-test --exclude waterkit-sensor-test --exclude waterkit-video-test --exclude waterkit-test-ios --exclude waterkit-test-android	2026-02-20T20:38:48.8090995Z [1m[92m  Downloaded[0m smol_str v0.2.2
Coverage	Run cargo llvm-cov --all-features --workspace --lcov --output-path lcov.info --exclude waterkit-audio-test --exclude waterkit-biometric-test --exclude waterkit-camera-test --exclude waterkit-codec-bench --exclude waterkit-dialog-test --exclude waterkit-location-test --exclude waterkit-notification-test --exclude waterkit-sensor-test --exclude waterkit-video-test --exclude waterkit-test-ios --exclude waterkit-test-android	2026-02-20T20:38:48.8107442Z [1m[92m  Downloaded[0m smallvec v1.15.1
Coverage	Run cargo llvm-cov --all-features --workspace --lcov --output-path lcov.info --exclude waterkit-audio-test --exclude waterkit-biometric-test --exclude waterkit-camera-test --exclude waterkit-codec-bench --exclude waterkit-dialog-test --exclude waterkit-location-test --exclude waterkit-notification-test --exclude waterkit-sensor-test --exclude waterkit-video-test --exclude waterkit-test-ios --exclude waterkit-test-android	2026-02-20T20:38:48.8132507Z [1m[92m  Downloaded[0m simd_helpers v0.1.0
Coverage	Run cargo llvm-cov --all-features --workspace --lcov --output-path lcov.info --exclude waterkit-audio-test --exclude waterkit-biometric-test --exclude waterkit-camera-test --exclude waterkit-codec-bench --exclude waterkit-dialog-test --exclude waterkit-location-test --exclude waterkit-notification-test --exclude waterkit-sensor-test --exclude waterkit-video-test --exclude waterkit-test-ios --exclude waterkit-test-android	2026-02-20T20:38:48.8141657Z [1m[92m  Downloaded[0m shlex v1.3.0
Coverage	Run cargo llvm-cov --all-features --workspace --lcov --output-path lcov.info --exclude waterkit-audio-test --exclude waterkit-biometric-test --exclude waterkit-camera-test --exclude waterkit-codec-bench --exclude waterkit-dialog-test --exclude waterkit-location-test --exclude waterkit-notification-test --exclude waterkit-sensor-test --exclude waterkit-video-test --exclude waterkit-test-ios --exclude waterkit-test-android	2026-02-20T20:38:48.8156843Z [1m[92m  Downloaded[0m serde_urlencoded v0.7.1
Coverage	Run cargo llvm-cov --all-features --workspace --lcov --output-path lcov.info --exclude waterkit-audio-test --exclude waterkit-biometric-test --exclude waterkit-camera-test --exclude waterkit-codec-bench --exclude waterkit-dialog-test --exclude waterkit-location-test --exclude waterkit-notification-test --exclude waterkit-sensor-test --exclude waterkit-video-test --exclude waterkit-test-ios --exclude waterkit-test-android	2026-02-20T20:38:48.8176793Z [1m[92m  Downloaded[0m serde_repr v0.1.20
Coverage	Run cargo llvm-cov --all-features --workspace --lcov --output-path lcov.info --exclude waterkit-audio-test --exclude waterkit-biometric-test --exclude waterkit-camera-test --exclude waterkit-codec-bench --exclude waterkit-dialog-test --exclude waterkit-location-test --exclude waterkit-notification-test --exclude waterkit-sensor-test --exclude waterkit-video-test --exclude waterkit-test-ios --exclude waterkit-test-android	2026-02-20T20:38:48.8201517Z [1m[92m  Downloaded[0m serde v1.0.228
Coverage	Run cargo llvm-cov --all-features --workspace --lcov --output-path lcov.info --exclude waterkit-audio-test --exclude waterkit-biometric-test --exclude waterkit-camera-test --exclude waterkit-codec-bench --exclude waterkit-dialog-test --exclude waterkit-location-test --exclude waterkit-notification-test --exclude waterkit-sensor-test --exclude waterkit-video-test --exclude waterkit-test-ios --exclude waterkit-test-android	2026-02-20T20:38:48.8243339Z [1m[92m  Downloaded[0m rodio v0.19.0
Coverage	Run cargo llvm-cov --all-features --workspace --lcov --output-path lcov.info --exclude waterkit-audio-test --exclude waterkit-biometric-test --exclude waterkit-camera-test --exclude waterkit-codec-bench --exclude waterkit-dialog-test --exclude waterkit-location-test --exclude waterkit-notification-test --exclude waterkit-sensor-test --exclude waterkit-video-test --exclude waterkit-test-ios --exclude waterkit-test-android	2026-02-20T20:38:48.8305706Z [1m[92m  Downloaded[0m polling v3.11.0
Coverage	Run cargo llvm-cov --all-features --workspace --lcov --output-path lcov.info --exclude waterkit-audio-test --exclude waterkit-biometric-test --exclude waterkit-camera-test --exclude waterkit-codec-bench --exclude waterkit-dialog-test --exclude waterkit-location-test --exclude waterkit-notification-test --exclude waterkit-sensor-test --exclude waterkit-video-test --exclude waterkit-test-ios --exclude waterkit-test-android	2026-02-20T20:38:48.8340714Z [1m[92m  Downloaded[0m png v0.18.1
Coverage	Run cargo llvm-cov --all-features --workspace --lcov --output-path lcov.info --exclude waterkit-audio-test --exclude waterkit-biometric-test --exclude waterkit-camera-test --exclude waterkit-codec-bench --exclude waterkit-dialog-test --exclude waterkit-location-test --exclude waterkit-notification-test --exclude waterkit-sensor-test --exclude waterkit-video-test --exclude waterkit-test-ios --exclude waterkit-test-android	2026-02-20T20:38:48.8388355Z [1m[92m  Downloaded[0m notify-rust v4.12.0
Coverage	Run cargo llvm-cov --all-features --workspace --lcov --output-path lcov.info --exclude waterkit-audio-test --exclude waterkit-biometric-test --exclude waterkit-camera-test --exclude waterkit-codec-bench --exclude waterkit-dialog-test --exclude waterkit-location-test --exclude waterkit-notification-test --exclude waterkit-sensor-test --exclude waterkit-video-test --exclude waterkit-test-ios --exclude waterkit-test-android	2026-02-20T20:38:48.8420975Z [1m[92m  Downloaded[0m simd-adler32 v0.3.8
Coverage	Run cargo llvm-cov --all-features --workspace --lcov --output-path lcov.info --exclude waterkit-audio-test --exclude waterkit-biometric-test --exclude waterkit-camera-test --exclude waterkit-codec-bench --exclude waterkit-dialog-test --exclude waterkit-location-test --exclude waterkit-notification-test --exclude waterkit-sensor-test --exclude waterkit-video-test --exclude waterkit-test-ios --exclude waterkit-test-android	2026-02-20T20:38:48.8443367Z [1m[92m  Downloaded[0m serde_spanned v1.0.4
Coverage	Run cargo llvm-cov --all-features --workspace --lcov --output-path lcov.info --exclude waterkit-audio-test --exclude waterkit-biometric-test --exclude waterkit-camera-test --exclude waterkit-codec-bench --exclude waterkit-dialog-test --exclude waterkit-location-test --exclude waterkit-notification-test --exclude waterkit-sensor-test --exclude waterkit-video-test --exclude waterkit-test-ios --exclude waterkit-test-android	2026-02-20T20:38:48.8456480Z [1m[92m  Downloaded[0m rustls-native-certs v0.8.3
Coverage	Run cargo llvm-cov --all-features --workspace --lcov --output-path lcov.info --exclude waterkit-audio-test --exclude waterkit-biometric-test --exclude waterkit-camera-test --exclude waterkit-codec-bench --exclude waterkit-dialog-test --exclude waterkit-location-test --exclude waterkit-notification-test --exclude waterkit-sensor-test --exclude waterkit-video-test --exclude waterkit-test-ios --exclude waterkit-test-android	2026-02-20T20:38:48.8485600Z [1m[92m  Downloaded[0m rgb v0.8.52
Coverage	Run cargo llvm-cov --all-features --workspace --lcov --output-path lcov.info --exclude waterkit-audio-test --exclude waterkit-biometric-test --exclude waterkit-camera-test --exclude waterkit-codec-bench --exclude waterkit-dialog-test --exclude waterkit-location-test --exclude waterkit-notification-test --exclude waterkit-sensor-test --exclude waterkit-video-test --exclude waterkit-test-ios --exclude waterkit-test-android	2026-02-20T20:38:48.8515282Z [1m[92m  Downloaded[0m rfd v0.16.0
Coverage	Run cargo llvm-cov --all-features --workspace --lcov --output-path lcov.info --exclude waterkit-audio-test --exclude waterkit-biometric-test --exclude waterkit-camera-test --exclude waterkit-codec-bench --exclude waterkit-dialog-test --exclude waterkit-location-test --exclude waterkit-notification-test --exclude waterkit-sensor-test --exclude waterkit-video-test --exclude waterkit-test-ios --exclude waterkit-test-android	2026-02-20T20:38:48.8573630Z [1m[92m  Downloaded[0m regex v1.12.3
Coverage	Run cargo llvm-cov --all-features --workspace --lcov --output-path lcov.info --exclude waterkit-audio-test --exclude waterkit-biometric-test --exclude waterkit-camera-test --exclude waterkit-codec-bench --exclude waterkit-dialog-test --exclude waterkit-location-test --exclude waterkit-notification-test --exclude waterkit-sensor-test --exclude waterkit-video-test --exclude waterkit-test-ios --exclude waterkit-test-android	2026-02-20T20:38:48.8633643Z [1m[92m  Downloaded[0m powerfmt v0.2.0
Coverage	Run cargo llvm-cov --all-features --workspace --lcov --output-path lcov.info --exclude waterkit-audio-test --exclude waterkit-biometric-test --exclude waterkit-camera-test --exclude waterkit-codec-bench --exclude waterkit-dialog-test --exclude waterkit-location-test --exclude waterkit-notification-test --exclude waterkit-sensor-test --exclude waterkit-video-test --exclude waterkit-test-ios --exclude waterkit-test-android	2026-02-20T20:38:48.8646402Z [1m[92m  Downloaded[0m parking_lot_core v0.9.12
Coverage	Run cargo llvm-cov --all-features --workspace --lcov --output-path lcov.info --exclude waterkit-audio-test --exclude waterkit-biometric-test --exclude waterkit-camera-test --exclude waterkit-codec-bench --exclude waterkit-dialog-test --exclude waterkit-location-test --exclude waterkit-notification-test --exclude waterkit-sensor-test --exclude waterkit-video-test --exclude waterkit-test-ios --exclude waterkit-test-android	2026-02-20T20:38:48.8671039Z [1m[92m  Downloaded[0m libz-sys v1.1.23
Coverage	Run cargo llvm-cov --all-features --workspace --lcov --output-path lcov.info --exclude waterkit-audio-test --exclude waterkit-biometric-test --exclude waterkit-camera-test --exclude waterkit-codec-bench --exclude waterkit-dialog-test --exclude waterkit-location-test --exclude waterkit-notification-test --exclude waterkit-sensor-test --exclude waterkit-video-test --exclude waterkit-test-ios --exclude waterkit-test-android	2026-02-20T20:38:48.8914663Z [1m[92m  Downloaded[0m tiny-skia-path v0.11.4
Coverage	Run cargo llvm-cov --all-features --workspace --lcov --output-path lcov.info --exclude waterkit-audio-test --exclude waterkit-biometric-test --exclude waterkit-camera-test --exclude waterkit-codec-bench --exclude waterkit-dialog-test --exclude waterkit-location-test --exclude waterkit-notification-test --exclude waterkit-sensor-test --exclude waterkit-video-test --exclude waterkit-test-ios --exclude waterkit-test-android	2026-02-20T20:38:48.8935629Z [1m[92m  Downloaded[0m thiserror v2.0.18
Coverage	Run cargo llvm-cov --all-features --workspace --lcov --output-path lcov.info --exclude waterkit-audio-test --exclude waterkit-biometric-test --exclude waterkit-camera-test --exclude waterkit-codec-bench --exclude waterkit-dialog-test --exclude waterkit-location-test --exclude waterkit-notification-test --exclude waterkit-sensor-test --exclude waterkit-video-test --exclude waterkit-test-ios --exclude waterkit-test-android	2026-02-20T20:38:48.9014244Z [1m[92m  Downloaded[0m target-lexicon v0.13.3
Coverage	Run cargo llvm-cov --all-features --workspace --lcov --output-path lcov.info --exclude waterkit-audio-test --exclude waterkit-biometric-test --exclude waterkit-camera-test --exclude waterkit-codec-bench --exclude waterkit-dialog-test --exclude waterkit-location-test --exclude waterkit-notification-test --exclude waterkit-sensor-test --exclude waterkit-video-test --exclude waterkit-test-ios --exclude waterkit-test-android	2026-02-20T20:38:48.9039352Z [1m[92m  Downloaded[0m signal-hook-registry v1.4.8
Coverage	Run cargo llvm-cov --all-features --workspace --lcov --output-path lcov.info --exclude waterkit-audio-test --exclude waterkit-biometric-test --exclude waterkit-camera-test --exclude waterkit-codec-bench --exclude waterkit-dialog-test --exclude waterkit-location-test --exclude waterkit-notification-test --exclude waterkit-sensor-test --exclude waterkit-video-test --exclude waterkit-test-ios --exclude waterkit-test-android	2026-02-20T20:38:48.9052480Z [1m[92m  Downloaded[0m serde_derive v1.0.228
Coverage	Run cargo llvm-cov --all-features --workspace --lcov --output-path lcov.info --exclude waterkit-audio-test --exclude waterkit-biometric-test --exclude waterkit-camera-test --exclude waterkit-codec-bench --exclude waterkit-dialog-test --exclude waterkit-location-test --exclude waterkit-notification-test --exclude waterkit-sensor-test --exclude waterkit-video-test --exclude waterkit-test-ios --exclude waterkit-test-android	2026-02-20T20:38:48.9088456Z [1m[92m  Downloaded[0m sctk-adwaita v0.10.1
Coverage	Run cargo llvm-cov --all-features --workspace --lcov --output-path lcov.info --exclude waterkit-audio-test --exclude waterkit-biometric-test --exclude waterkit-camera-test --exclude waterkit-codec-bench --exclude waterkit-dialog-test --exclude waterkit-location-test --exclude waterkit-notification-test --exclude waterkit-sensor-test --exclude waterkit-video-test --exclude waterkit-test-ios --exclude waterkit-test-android	2026-02-20T20:38:48.9117104Z [1m[92m  Downloaded[0m screenshots v0.8.10
Coverage	Run cargo llvm-cov --all-features --workspace --lcov --output-path lcov.info --exclude waterkit-audio-test --exclude waterkit-biometric-test --exclude waterkit-camera-test --exclude waterkit-codec-bench --exclude waterkit-dialog-test --exclude waterkit-location-test --exclude waterkit-notification-test --exclude waterkit-sensor-test --exclude waterkit-video-test --exclude waterkit-test-ios --exclude waterkit-test-android	2026-02-20T20:38:48.9140658Z [1m[92m  Downloaded[0m scopeguard v1.2.0
Coverage	Run cargo llvm-cov --all-features --workspace --lcov --output-path lcov.info --exclude waterkit-audio-test --exclude waterkit-biometric-test --exclude waterkit-camera-test --exclude waterkit-codec-bench --exclude waterkit-dialog-test --exclude waterkit-location-test --exclude waterkit-notification-test --exclude waterkit-sensor-test --exclude waterkit-video-test --exclude waterkit-test-ios --exclude waterkit-test-android	2026-02-20T20:38:48.9155288Z [1m[92m  Downloaded[0m scan_fmt v0.2.6
Coverage	Run cargo llvm-cov --all-features --workspace --lcov --output-path lcov.info --exclude waterkit-audio-test --exclude waterkit-biometric-test --exclude waterkit-camera-test --exclude waterkit-codec-bench --exclude waterkit-dialog-test --exclude waterkit-location-test --exclude waterkit-notification-test --exclude waterkit-sensor-test --exclude waterkit-video-test --exclude waterkit-test-ios --exclude waterkit-test-android	2026-02-20T20:38:48.9165789Z [1m[92m  Downloaded[0m ryu v1.0.23
Coverage	Run cargo llvm-cov --all-features --workspace --lcov --output-path lcov.info --exclude waterkit-audio-test --exclude waterkit-biometric-test --exclude waterkit-camera-test --exclude waterkit-codec-bench --exclude waterkit-dialog-test --exclude waterkit-location-test --exclude waterkit-notification-test --exclude waterkit-sensor-test --exclude waterkit-video-test --exclude waterkit-test-ios --exclude waterkit-test-android	2026-02-20T20:38:48.9204240Z [1m[92m  Downloaded[0m rustversion v1.0.22
Coverage	Run cargo llvm-cov --all-features --workspace --lcov --output-path lcov.info --exclude waterkit-audio-test --exclude waterkit-biometric-test --exclude waterkit-camera-test --exclude waterkit-codec-bench --exclude waterkit-dialog-test --exclude waterkit-location-test --exclude waterkit-notification-test --exclude waterkit-sensor-test --exclude waterkit-video-test --exclude waterkit-test-ios --exclude waterkit-test-android	2026-02-20T20:38:48.9238016Z [1m[92m  Downloaded[0m renderdoc-sys v1.1.0
Coverage	Run cargo llvm-cov --all-features --workspace --lcov --output-path lcov.info --exclude waterkit-audio-test --exclude waterkit-biometric-test --exclude waterkit-camera-test --exclude waterkit-codec-bench --exclude waterkit-dialog-test --exclude waterkit-location-test --exclude waterkit-notification-test --exclude waterkit-sensor-test --exclude waterkit-video-test --exclude waterkit-test-ios --exclude waterkit-test-android	2026-02-20T20:38:48.9249232Z [1m[92m  Downloaded[0m raw-window-handle v0.6.2
Coverage	Run cargo llvm-cov --all-features --workspace --lcov --output-path lcov.info --exclude waterkit-audio-test --exclude waterkit-biometric-test --exclude waterkit-camera-test --exclude waterkit-codec-bench --exclude waterkit-dialog-test --exclude waterkit-location-test --exclude waterkit-notification-test --exclude waterkit-sensor-test --exclude waterkit-video-test --exclude waterkit-test-ios --exclude waterkit-test-android	2026-02-20T20:38:48.9270398Z [1m[92m  Downloaded[0m quick-xml v0.38.4
Coverage	Run cargo llvm-cov --all-features --workspace --lcov --output-path lcov.info --exclude waterkit-audio-test --exclude waterkit-biometric-test --exclude waterkit-camera-test --exclude waterkit-codec-bench --exclude waterkit-dialog-test --exclude waterkit-location-test --exclude waterkit-notification-test --exclude waterkit-sensor-test --exclude waterkit-video-test --exclude waterkit-test-ios --exclude waterkit-test-android	2026-02-20T20:38:48.9332160Z [1m[92m  Downloaded[0m quick-xml v0.30.0
Coverage	Run cargo llvm-cov --all-features --workspace --lcov --output-path lcov.info --exclude waterkit-audio-test --exclude waterkit-biometric-test --exclude waterkit-camera-test --exclude waterkit-codec-bench --exclude waterkit-dialog-test --exclude waterkit-location-test --exclude waterkit-notification-test --exclude waterkit-sensor-test --exclude waterkit-video-test --exclude waterkit-test-ios --exclude waterkit-test-android	2026-02-20T20:38:48.9386053Z [1m[92m  Downloaded[0m proc-macro-crate v3.4.0
Coverage	Run cargo llvm-cov --all-features --workspace --lcov --output-path lcov.info --exclude waterkit-audio-test --exclude waterkit-biometric-test --exclude waterkit-camera-test --exclude waterkit-codec-bench --exclude waterkit-dialog-test --exclude waterkit-location-test --exclude waterkit-notification-test --exclude waterkit-sensor-test --exclude waterkit-video-test --exclude waterkit-test-ios --exclude waterkit-test-android	2026-02-20T20:38:48.9403281Z [1m[92m  Downloaded[0m ppv-lite86 v0.2.21
Coverage	Run cargo llvm-cov --all-features --workspace --lcov --output-path lcov.info --exclude waterkit-audio-test --exclude waterkit-biometric-test --exclude waterkit-camera-test --exclude waterkit-codec-bench --exclude waterkit-dialog-test --exclude waterkit-location-test --exclude waterkit-notification-test --exclude waterkit-sensor-test --exclude waterkit-video-test --exclude waterkit-test-ios --exclude waterkit-test-android	2026-02-20T20:38:48.9420125Z [1m[92m  Downloaded[0m png v0.17.16
Coverage	Run cargo llvm-cov --all-features --workspace --lcov --output-path lcov.info --exclude waterkit-audio-test --exclude waterkit-biometric-test --exclude waterkit-camera-test --exclude waterkit-codec-bench --exclude waterkit-dialog-test --exclude waterkit-location-test --exclude waterkit-notification-test --exclude waterkit-sensor-test --exclude waterkit-video-test --exclude waterkit-test-ios --exclude waterkit-test-android	2026-02-20T20:38:48.9464467Z [1m[92m  Downloaded[0m ordered-stream v0.2.0
Coverage	Run cargo llvm-cov --all-features --workspace --lcov --output-path lcov.info --exclude waterkit-audio-test --exclude waterkit-biometric-test --exclude waterkit-camera-test --exclude waterkit-codec-bench --exclude waterkit-dialog-test --exclude waterkit-location-test --exclude waterkit-notification-test --exclude waterkit-sensor-test --exclude waterkit-video-test --exclude waterkit-test-ios --exclude waterkit-test-android	2026-02-20T20:38:48.9477696Z [1m[92m  Downloaded[0m option-ext v0.2.0
Coverage	Run cargo llvm-cov --all-features --workspace --lcov --output-path lcov.info --exclude waterkit-audio-test --exclude waterkit-biometric-test --exclude waterkit-camera-test --exclude waterkit-codec-bench --exclude waterkit-dialog-test --exclude waterkit-location-test --exclude waterkit-notification-test --exclude waterkit-sensor-test --exclude waterkit-video-test --exclude waterkit-test-ios --exclude waterkit-test-android	2026-02-20T20:38:48.9487744Z [1m[92m  Downloaded[0m nom v8.0.0
Coverage	Run cargo llvm-cov --all-features --workspace --lcov --output-path lcov.info --exclude waterkit-audio-test --exclude waterkit-biometric-test --exclude waterkit-camera-test --exclude waterkit-codec-bench --exclude waterkit-dialog-test --exclude waterkit-location-test --exclude waterkit-notification-test --exclude waterkit-sensor-test --exclude waterkit-video-test --exclude waterkit-test-ios --exclude waterkit-test-android	2026-02-20T20:38:48.9549403Z [1m[92m  Downloaded[0m netlink-packet-route v0.25.1
Coverage	Run cargo llvm-cov --all-features --workspace --lcov --output-path lcov.info --exclude waterkit-audio-test --exclude waterkit-biometric-test --exclude waterkit-camera-test --exclude waterkit-codec-bench --exclude waterkit-dialog-test --exclude waterkit-location-test --exclude waterkit-notification-test --exclude waterkit-sensor-test --exclude waterkit-video-test --exclude waterkit-test-ios --exclude waterkit-test-android	2026-02-20T20:38:48.9763105Z [1m[92m  Downloaded[0m moxcms v0.7.11
Coverage	Run cargo llvm-cov --all-features --workspace --lcov --output-path lcov.info --exclude waterkit-audio-test --exclude waterkit-biometric-test --exclude waterkit-camera-test --exclude waterkit-codec-bench --exclude waterkit-dialog-test --exclude waterkit-location-test --exclude waterkit-notification-test --exclude waterkit-sensor-test --exclude waterkit-video-test --exclude waterkit-test-ios --exclude waterkit-test-android	2026-02-20T20:38:48.9882755Z [1m[92m  Downloaded[0m lofty v0.21.1
Coverage	Run cargo llvm-cov --all-features --workspace --lcov --output-path lcov.info --exclude waterkit-audio-test --exclude waterkit-biometric-test --exclude waterkit-camera-test --exclude waterkit-codec-bench --exclude waterkit-dialog-test --exclude waterkit-location-test --exclude waterkit-notification-test --exclude waterkit-sensor-test --exclude waterkit-video-test --exclude waterkit-test-ios --exclude waterkit-test-android	2026-02-20T20:38:49.0039305Z [1m[92m  Downloaded[0m libm v0.2.16
Coverage	Run cargo llvm-cov --all-features --workspace --lcov --output-path lcov.info --exclude waterkit-audio-test --exclude waterkit-biometric-test --exclude waterkit-camera-test --exclude waterkit-codec-bench --exclude waterkit-dialog-test --exclude waterkit-location-test --exclude waterkit-notification-test --exclude waterkit-sensor-test --exclude waterkit-video-test --exclude waterkit-test-ios --exclude waterkit-test-android	2026-02-20T20:38:49.0169774Z [1m[92m  Downloaded[0m scoped-tls v1.0.1
Coverage	Run cargo llvm-cov --all-features --workspace --lcov --output-path lcov.info --exclude waterkit-audio-test --exclude waterkit-biometric-test --exclude waterkit-camera-test --exclude waterkit-codec-bench --exclude waterkit-dialog-test --exclude waterkit-location-test --exclude waterkit-notification-test --exclude waterkit-sensor-test --exclude waterkit-video-test --exclude waterkit-test-ios --exclude waterkit-test-android	2026-02-20T20:38:49.0180790Z [1m[92m  Downloaded[0m rustls-pki-types v1.14.0
Coverage	Run cargo llvm-cov --all-features --workspace --lcov --output-path lcov.info --exclude waterkit-audio-test --exclude waterkit-biometric-test --exclude waterkit-camera-test --exclude waterkit-codec-bench --exclude waterkit-dialog-test --exclude waterkit-location-test --exclude waterkit-notification-test --exclude waterkit-sensor-test --exclude waterkit-video-test --exclude waterkit-test-ios --exclude waterkit-test-android	2026-02-20T20:38:49.0210897Z [1m[92m  Downloaded[0m rustc-hash v1.1.0
Coverage	Run cargo llvm-cov --all-features --workspace --lcov --output-path lcov.info --exclude waterkit-audio-test --exclude waterkit-biometric-test --exclude waterkit-camera-test --exclude waterkit-codec-bench --exclude waterkit-dialog-test --exclude waterkit-location-test --exclude waterkit-notification-test --exclude waterkit-sensor-test --exclude waterkit-video-test --exclude waterkit-test-ios --exclude waterkit-test-android	2026-02-20T20:38:49.0221186Z [1m[92m  Downloaded[0m quick-xml v0.28.2
Coverage	Run cargo llvm-cov --all-features --workspace --lcov --output-path lcov.info --exclude waterkit-audio-test --exclude waterkit-biometric-test --exclude waterkit-camera-test --exclude waterkit-codec-bench --exclude waterkit-dialog-test --exclude waterkit-location-test --exclude waterkit-notification-test --exclude waterkit-sensor-test --exclude waterkit-video-test --exclude waterkit-test-ios --exclude waterkit-test-android	2026-02-20T20:38:49.0272771Z [1m[92m  Downloaded[0m proc-macro2 v1.0.106
Coverage	Run cargo llvm-cov --all-features --workspace --lcov --output-path lcov.info --exclude waterkit-audio-test --exclude waterkit-biometric-test --exclude waterkit-camera-test --exclude waterkit-codec-bench --exclude waterkit-dialog-test --exclude waterkit-location-test --exclude waterkit-notification-test --exclude waterkit-sensor-test --exclude waterkit-video-test --exclude waterkit-test-ios --exclude waterkit-test-android	2026-02-20T20:38:49.0306951Z [1m[92m  Downloaded[0m prettyplease v0.2.37
Coverage	Run cargo llvm-cov --all-features --workspace --lcov --output-path lcov.info --exclude waterkit-audio-test --exclude waterkit-biometric-test --exclude waterkit-camera-test --exclude waterkit-codec-bench --exclude waterkit-dialog-test --exclude waterkit-location-test --exclude waterkit-notification-test --exclude waterkit-sensor-test --exclude waterkit-video-test --exclude waterkit-test-ios --exclude waterkit-test-android	2026-02-20T20:38:49.0348149Z [1m[92m  Downloaded[0m presser v0.3.1
Coverage	Run cargo llvm-cov --all-features --workspace --lcov --output-path lcov.info --exclude waterkit-audio-test --exclude waterkit-biometric-test --exclude waterkit-camera-test --exclude waterkit-codec-bench --exclude waterkit-dialog-test --exclude waterkit-location-test --exclude waterkit-notification-test --exclude waterkit-sensor-test --exclude waterkit-video-test --exclude waterkit-test-ios --exclude waterkit-test-android	2026-02-20T20:38:49.0369036Z [1m[92m  Downloaded[0m paste v1.0.15
Coverage	Run cargo llvm-cov --all-features --workspace --lcov --output-path lcov.info --exclude waterkit-audio-test --exclude waterkit-biometric-test --exclude waterkit-camera-test --exclude waterkit-codec-bench --exclude waterkit-dialog-test --exclude waterkit-location-test --exclude waterkit-notification-test --exclude waterkit-sensor-test --exclude waterkit-video-test --exclude waterkit-test-ios --exclude waterkit-test-android	2026-02-20T20:38:49.0408336Z [1m[92m  Downloaded[0m parking v2.2.1
Coverage	Run cargo llvm-cov --all-features --workspace --lcov --output-path lcov.info --exclude waterkit-audio-test --exclude waterkit-biometric-test --exclude waterkit-camera-test --exclude waterkit-codec-bench --exclude waterkit-dialog-test --exclude waterkit-location-test --exclude waterkit-notification-test --exclude waterkit-sensor-test --exclude waterkit-video-test --exclude waterkit-test-ios --exclude waterkit-test-android	2026-02-20T20:38:49.0420536Z [1m[92m  Downloaded[0m once_cell v1.21.3
Coverage	Run cargo llvm-cov --all-features --workspace --lcov --output-path lcov.info --exclude waterkit-audio-test --exclude waterkit-biometric-test --exclude waterkit-camera-test --exclude waterkit-codec-bench --exclude waterkit-dialog-test --exclude waterkit-location-test --exclude waterkit-notification-test --exclude waterkit-sensor-test --exclude waterkit-video-test --exclude waterkit-test-ios --exclude waterkit-test-android	2026-02-20T20:38:49.0450853Z [1m[92m  Downloaded[0m ogg v0.8.0
Coverage	Run cargo llvm-cov --all-features --workspace --lcov --output-path lcov.info --exclude waterkit-audio-test --exclude waterkit-biometric-test --exclude waterkit-camera-test --exclude waterkit-codec-bench --exclude waterkit-dialog-test --exclude waterkit-location-test --exclude waterkit-notification-test --exclude waterkit-sensor-test --exclude waterkit-video-test --exclude waterkit-test-ios --exclude waterkit-test-android	2026-02-20T20:38:49.0472366Z [1m[92m  Downloaded[0m num-traits v0.2.19
Coverage	Run cargo llvm-cov --all-features --workspace --lcov --output-path lcov.info --exclude waterkit-audio-test --exclude waterkit-biometric-test --exclude waterkit-camera-test --exclude waterkit-codec-bench --exclude waterkit-dialog-test --exclude waterkit-location-test --exclude waterkit-notification-test --exclude waterkit-sensor-test --exclude waterkit-video-test --exclude waterkit-test-ios --exclude waterkit-test-android	2026-02-20T20:38:49.0503194Z [1m[92m  Downloaded[0m num-integer v0.1.46
Coverage	Run cargo llvm-cov --all-features --workspace --lcov --output-path lcov.info --exclude waterkit-audio-test --exclude waterkit-biometric-test --exclude waterkit-camera-test --exclude waterkit-codec-bench --exclude waterkit-dialog-test --exclude waterkit-location-test --exclude waterkit-notification-test --exclude waterkit-sensor-test --exclude waterkit-video-test --exclude waterkit-test-ios --exclude waterkit-test-android	2026-02-20T20:38:49.0521899Z [1m[92m  Downloaded[0m num-conv v0.2.0
Coverage	Run cargo llvm-cov --all-features --workspace --lcov --output-path lcov.info --exclude waterkit-audio-test --exclude waterkit-biometric-test --exclude waterkit-camera-test --exclude waterkit-codec-bench --exclude waterkit-dialog-test --exclude waterkit-location-test --exclude waterkit-notification-test --exclude waterkit-sensor-test --exclude waterkit-video-test --exclude waterkit-test-ios --exclude waterkit-test-android	2026-02-20T20:38:49.0532068Z [1m[92m  Downloaded[0m num-bigint v0.4.6
Coverage	Run cargo llvm-cov --all-features --workspace --lcov --output-path lcov.info --exclude waterkit-audio-test --exclude waterkit-biometric-test --exclude waterkit-camera-test --exclude waterkit-codec-bench --exclude waterkit-dialog-test --exclude waterkit-location-test --exclude waterkit-notification-test --exclude waterkit-sensor-test --exclude waterkit-video-test --exclude waterkit-test-ios --exclude waterkit-test-android	2026-02-20T20:38:49.0588037Z [1m[92m  Downloaded[0m nom v7.1.3
Coverage	Run cargo llvm-cov --all-features --workspace --lcov --output-path lcov.info --exclude waterkit-audio-test --exclude waterkit-biometric-test --exclude waterkit-camera-test --exclude waterkit-codec-bench --exclude waterkit-dialog-test --exclude waterkit-location-test --exclude waterkit-notification-test --exclude waterkit-sensor-test --exclude waterkit-video-test --exclude waterkit-test-ios --exclude waterkit-test-android	2026-02-20T20:38:49.0647743Z [1m[92m  Downloaded[0m nokhwa v0.10.10
Coverage	Run cargo llvm-cov --all-features --workspace --lcov --output-path lcov.info --exclude waterkit-audio-test --exclude waterkit-biometric-test --exclude waterkit-camera-test --exclude waterkit-codec-bench --exclude waterkit-dialog-test --exclude waterkit-location-test --exclude waterkit-notification-test --exclude waterkit-sensor-test --exclude waterkit-video-test --exclude waterkit-test-ios --exclude waterkit-test-android	2026-02-20T20:38:49.0694250Z [1m[92m  Downloaded[0m netlink-sys v0.8.8
Coverage	Run cargo llvm-cov --all-features --workspace --lcov --output-path lcov.info --exclude waterkit-audio-test --exclude waterkit-biometric-test --exclude waterkit-camera-test --exclude waterkit-codec-bench --exclude waterkit-dialog-test --exclude waterkit-location-test --exclude waterkit-notification-test --exclude waterkit-sensor-test --exclude waterkit-video-test --exclude waterkit-test-ios --exclude waterkit-test-android	2026-02-20T20:38:49.0719908Z [1m[92m  Downloaded[0m mio v1.1.1
Coverage	Run cargo llvm-cov --all-features --workspace --lcov --output-path lcov.info --exclude waterkit-audio-test --exclude waterkit-biometric-test --exclude waterkit-camera-test --exclude waterkit-codec-bench --exclude waterkit-dialog-test --exclude waterkit-location-test --exclude waterkit-notification-test --exclude waterkit-sensor-test --exclude waterkit-video-test --exclude waterkit-test-ios --exclude waterkit-test-android	2026-02-20T20:38:49.0791920Z [1m[92m  Downloaded[0m minimal-lexical v0.2.1
Coverage	Run cargo llvm-cov --all-features --workspace --lcov --output-path lcov.info --exclude waterkit-audio-test --exclude waterkit-biometric-test --exclude waterkit-camera-test --exclude waterkit-codec-bench --exclude waterkit-dialog-test --exclude waterkit-location-test --exclude waterkit-notification-test --exclude waterkit-sensor-test --exclude waterkit-video-test --exclude waterkit-test-ios --exclude waterkit-test-android	2026-02-20T20:38:49.0845444Z [1m[92m  Downloaded[0m memchr v2.8.0
Coverage	Run cargo llvm-cov --all-features --workspace --lcov --output-path lcov.info --exclude waterkit-audio-test --exclude waterkit-biometric-test --exclude waterkit-camera-test --exclude waterkit-codec-bench --exclude waterkit-dialog-test --exclude waterkit-location-test --exclude waterkit-notification-test --exclude waterkit-sensor-test --exclude waterkit-video-test --exclude waterkit-test-ios --exclude waterkit-test-android	2026-02-20T20:38:49.0909642Z [1m[92m  Downloaded[0m jiff v0.2.20
Coverage	Run cargo llvm-cov --all-features --workspace --lcov --output-path lcov.info --exclude waterkit-audio-test --exclude waterkit-biometric-test --exclude waterkit-camera-test --exclude waterkit-codec-bench --exclude waterkit-dialog-test --exclude waterkit-location-test --exclude waterkit-notification-test --exclude waterkit-sensor-test --exclude waterkit-video-test --exclude waterkit-test-ios --exclude waterkit-test-android	2026-02-20T20:38:49.1098633Z [1m[92m  Downloaded[0m itertools v0.13.0
Coverage	Run cargo llvm-cov --all-features --workspace --lcov --output-path lcov.info --exclude waterkit-audio-test --exclude waterkit-biometric-test --exclude waterkit-camera-test --exclude waterkit-codec-bench --exclude waterkit-dialog-test --exclude waterkit-location-test --exclude waterkit-notification-test --exclude waterkit-sensor-test --exclude waterkit-video-test --exclude waterkit-test-ios --exclude waterkit-test-android	2026-02-20T20:38:49.1181202Z [1m[92m  Downloaded[0m itertools v0.10.5
Coverage	Run cargo llvm-cov --all-features --workspace --lcov --output-path lcov.info --exclude waterkit-audio-test --exclude waterkit-biometric-test --exclude waterkit-camera-test --exclude waterkit-codec-bench --exclude waterkit-dialog-test --exclude waterkit-location-test --exclude waterkit-notification-test --exclude waterkit-sensor-test --exclude waterkit-video-test --exclude waterkit-test-ios --exclude waterkit-test-android	2026-02-20T20:38:49.1255605Z [1m[92m  Downloaded[0m indexmap v2.13.0
Coverage	Run cargo llvm-cov --all-features --workspace --lcov --output-path lcov.info --exclude waterkit-audio-test --exclude waterkit-biometric-test --exclude waterkit-camera-test --exclude waterkit-codec-bench --exclude waterkit-dialog-test --exclude waterkit-location-test --exclude waterkit-notification-test --exclude waterkit-sensor-test --exclude waterkit-video-test --exclude waterkit-test-ios --exclude waterkit-test-android	2026-02-20T20:38:49.1305629Z [1m[92m  Downloaded[0m image v0.25.9
Coverage	Run cargo llvm-cov --all-features --workspace --lcov --output-path lcov.info --exclude waterkit-audio-test --exclude waterkit-biometric-test --exclude waterkit-camera-test --exclude waterkit-codec-bench --exclude waterkit-dialog-test --exclude waterkit-location-test --exclude waterkit-notification-test --exclude waterkit-sensor-test --exclude waterkit-video-test --exclude waterkit-test-ios --exclude waterkit-test-android	2026-02-20T20:38:49.1410982Z [1m[92m  Downloaded[0m icu_properties_data v2.1.2
Coverage	Run cargo llvm-cov --all-features --workspace --lcov --output-path lcov.info --exclude waterkit-audio-test --exclude waterkit-biometric-test --exclude waterkit-camera-test --exclude waterkit-codec-bench --exclude waterkit-dialog-test --exclude waterkit-location-test --exclude waterkit-notification-test --exclude waterkit-sensor-test --exclude waterkit-video-test --exclude waterkit-test-ios --exclude waterkit-test-android	2026-02-20T20:38:49.1531597Z [1m[92m  Downloaded[0m hyper v1.8.1
Coverage	Run cargo llvm-cov --all-features --workspace --lcov --output-path lcov.info --exclude waterkit-audio-test --exclude waterkit-biometric-test --exclude waterkit-camera-test --exclude waterkit-codec-bench --exclude waterkit-dialog-test --exclude waterkit-location-test --exclude waterkit-notification-test --exclude waterkit-sensor-test --exclude waterkit-video-test --exclude waterkit-test-ios --exclude waterkit-test-android	2026-02-20T20:38:49.1609873Z [1m[92m  Downloaded[0m git2 v0.20.4
Coverage	Run cargo llvm-cov --all-features --workspace --lcov --output-path lcov.info --exclude waterkit-audio-test --exclude waterkit-biometric-test --exclude waterkit-camera-test --exclude waterkit-codec-bench --exclude waterkit-dialog-test --exclude waterkit-location-test --exclude waterkit-notification-test --exclude waterkit-sensor-test --exclude waterkit-video-test --exclude waterkit-test-ios --exclude waterkit-test-android	2026-02-20T20:38:49.1706906Z [1m[92m  Downloaded[0m fern v0.7.1
Coverage	Run cargo llvm-cov --all-features --workspace --lcov --output-path lcov.info --exclude waterkit-audio-test --exclude waterkit-biometric-test --exclude waterkit-camera-test --exclude waterkit-codec-bench --exclude waterkit-dialog-test --exclude waterkit-location-test --exclude waterkit-notification-test --exclude waterkit-sensor-test --exclude waterkit-video-test --exclude waterkit-test-ios --exclude waterkit-test-android	2026-02-20T20:38:49.1755877Z [1m[92m  Downloaded[0m exr v1.74.0
Coverage	Run cargo llvm-cov --all-features --workspace --lcov --output-path lcov.info --exclude waterkit-audio-test --exclude waterkit-biometric-test --exclude waterkit-camera-test --exclude waterkit-codec-bench --exclude waterkit-dialog-test --exclude waterkit-location-test --exclude waterkit-notification-test --exclude waterkit-sensor-test --exclude waterkit-video-test --exclude waterkit-test-ios --exclude waterkit-test-android	2026-02-20T20:38:49.1859122Z [1m[92m  Downloaded[0m rand v0.9.2
Coverage	Run cargo llvm-cov --all-features --workspace --lcov --output-path lcov.info --exclude waterkit-audio-test --exclude waterkit-biometric-test --exclude waterkit-camera-test --exclude waterkit-codec-bench --exclude waterkit-dialog-test --exclude waterkit-location-test --exclude waterkit-notification-test --exclude waterkit-sensor-test --exclude waterkit-video-test --exclude waterkit-test-ios --exclude waterkit-test-android	2026-02-20T20:38:49.1903206Z [1m[92m  Downloaded[0m quote v1.0.44
Coverage	Run cargo llvm-cov --all-features --workspace --lcov --output-path lcov.info --exclude waterkit-audio-test --exclude waterkit-biometric-test --exclude waterkit-camera-test --exclude waterkit-codec-bench --exclude waterkit-dialog-test --exclude waterkit-location-test --exclude waterkit-notification-test --exclude waterkit-sensor-test --exclude waterkit-video-test --exclude waterkit-test-ios --exclude waterkit-test-android	2026-02-20T20:38:49.1935689Z [1m[92m  Downloaded[0m qoi v0.4.1
Coverage	Run cargo llvm-cov --all-features --workspace --lcov --output-path lcov.info --exclude waterkit-audio-test --exclude waterkit-biometric-test --exclude waterkit-camera-test --exclude waterkit-codec-bench --exclude waterkit-dialog-test --exclude waterkit-location-test --exclude waterkit-notification-test --exclude waterkit-sensor-test --exclude waterkit-video-test --exclude waterkit-test-ios --exclude waterkit-test-android	2026-02-20T20:38:49.1969184Z [1m[92m  Downloaded[0m profiling-procmacros v1.0.17
Coverage	Run cargo llvm-cov --all-features --workspace --lcov --output-path lcov.info --exclude waterkit-audio-test --exclude waterkit-biometric-test --exclude waterkit-camera-test --exclude waterkit-codec-bench --exclude waterkit-dialog-test --exclude waterkit-location-test --exclude waterkit-notification-test --exclude waterkit-sensor-test --exclude waterkit-video-test --exclude waterkit-test-ios --exclude waterkit-test-android	2026-02-20T20:38:49.1977306Z [1m[92m  Downloaded[0m profiling v1.0.17
Coverage	Run cargo llvm-cov --all-features --workspace --lcov --output-path lcov.info --exclude waterkit-audio-test --exclude waterkit-biometric-test --exclude waterkit-camera-test --exclude waterkit-codec-bench --exclude waterkit-dialog-test --exclude waterkit-location-test --exclude waterkit-notification-test --exclude waterkit-sensor-test --exclude waterkit-video-test --exclude waterkit-test-ios --exclude waterkit-test-android	2026-02-20T20:38:49.1991058Z [1m[92m  Downloaded[0m potential_utf v0.1.4
Coverage	Run cargo llvm-cov --all-features --workspace --lcov --output-path lcov.info --exclude waterkit-audio-test --exclude waterkit-biometric-test --exclude waterkit-camera-test --exclude waterkit-codec-bench --exclude waterkit-dialog-test --exclude waterkit-location-test --exclude waterkit-notification-test --exclude waterkit-sensor-test --exclude waterkit-video-test --exclude waterkit-test-ios --exclude waterkit-test-android	2026-02-20T20:38:49.2002805Z [1m[92m  Downloaded[0m pollster v0.4.0
Coverage	Run cargo llvm-cov --all-features --workspace --lcov --output-path lcov.info --exclude waterkit-audio-test --exclude waterkit-biometric-test --exclude waterkit-camera-test --exclude waterkit-codec-bench --exclude waterkit-dialog-test --exclude waterkit-location-test --exclude waterkit-notification-test --exclude waterkit-sensor-test --exclude waterkit-video-test --exclude waterkit-test-ios --exclude waterkit-test-android	2026-02-20T20:38:49.2018052Z [1m[92m  Downloaded[0m pathdiff v0.2.3
Coverage	Run cargo llvm-cov --all-features --workspace --lcov --output-path lcov.info --exclude waterkit-audio-test --exclude waterkit-biometric-test --exclude waterkit-camera-test --exclude waterkit-codec-bench --exclude waterkit-dialog-test --exclude waterkit-location-test --exclude waterkit-notification-test --exclude waterkit-sensor-test --exclude waterkit-video-test --exclude waterkit-test-ios --exclude waterkit-test-android	2026-02-20T20:38:49.2029562Z [1m[92m  Downloaded[0m pastey v0.1.1
Coverage	Run cargo llvm-cov --all-features --workspace --lcov --output-path lcov.info --exclude waterkit-audio-test --exclude waterkit-biometric-test --exclude waterkit-camera-test --exclude waterkit-codec-bench --exclude waterkit-dialog-test --exclude waterkit-location-test --exclude waterkit-notification-test --exclude waterkit-sensor-test --exclude waterkit-video-test --exclude waterkit-test-ios --exclude waterkit-test-android	2026-02-20T20:38:49.2049969Z [1m[92m  Downloaded[0m parking_lot v0.12.5
Coverage	Run cargo llvm-cov --all-features --workspace --lcov --output-path lcov.info --exclude waterkit-audio-test --exclude waterkit-biometric-test --exclude waterkit-camera-test --exclude waterkit-codec-bench --exclude waterkit-dialog-test --exclude waterkit-location-test --exclude waterkit-notification-test --exclude waterkit-sensor-test --exclude waterkit-video-test --exclude waterkit-test-ios --exclude waterkit-test-android	2026-02-20T20:38:49.2079407Z [1m[92m  Downloaded[0m owo-colors v4.2.3
Coverage	Run cargo llvm-cov --all-features --workspace --lcov --output-path lcov.info --exclude waterkit-audio-test --exclude waterkit-biometric-test --exclude waterkit-camera-test --exclude waterkit-codec-bench --exclude waterkit-dialog-test --exclude waterkit-location-test --exclude waterkit-notification-test --exclude waterkit-sensor-test --exclude waterkit-video-test --exclude waterkit-test-ios --exclude waterkit-test-android	2026-02-20T20:38:49.2114545Z [1m[92m  Downloaded[0m owned_ttf_parser v0.25.1
Coverage	Run cargo llvm-cov --all-features --workspace --lcov --output-path lcov.info --exclude waterkit-audio-test --exclude waterkit-biometric-test --exclude waterkit-camera-test --exclude waterkit-codec-bench --exclude waterkit-dialog-test --exclude waterkit-location-test --exclude waterkit-notification-test --exclude waterkit-sensor-test --exclude waterkit-video-test --exclude waterkit-test-ios --exclude waterkit-test-android	2026-02-20T20:38:49.2125870Z [1m[92m  Downloaded[0m ordered-float v5.1.0
Coverage	Run cargo llvm-cov --all-features --workspace --lcov --output-path lcov.info --exclude waterkit-audio-test --exclude waterkit-biometric-test --exclude waterkit-camera-test --exclude waterkit-codec-bench --exclude waterkit-dialog-test --exclude waterkit-location-test --exclude waterkit-notification-test --exclude waterkit-sensor-test --exclude waterkit-video-test --exclude waterkit-test-ios --exclude waterkit-test-android	2026-02-20T20:38:49.2144440Z [1m[92m  Downloaded[0m open v5.3.3
Coverage	Run cargo llvm-cov --all-features --workspace --lcov --output-path lcov.info --exclude waterkit-audio-test --exclude waterkit-biometric-test --exclude waterkit-camera-test --exclude waterkit-codec-bench --exclude waterkit-dialog-test --exclude waterkit-location-test --exclude waterkit-notification-test --exclude waterkit-sensor-test --exclude waterkit-video-test --exclude waterkit-test-ios --exclude waterkit-test-android	2026-02-20T20:38:49.2161312Z [1m[92m  Downloaded[0m num-rational v0.4.2
Coverage	Run cargo llvm-cov --all-features --workspace --lcov --output-path lcov.info --exclude waterkit-audio-test --exclude waterkit-biometric-test --exclude waterkit-camera-test --exclude waterkit-codec-bench --exclude waterkit-dialog-test --exclude waterkit-location-test --exclude waterkit-notification-test --exclude waterkit-sensor-test --exclude waterkit-video-test --exclude waterkit-test-ios --exclude waterkit-test-android	2026-02-20T20:38:49.2175621Z [1m[92m  Downloaded[0m nu-ansi-term v0.50.3
Coverage	Run cargo llvm-cov --all-features --workspace --lcov --output-path lcov.info --exclude waterkit-audio-test --exclude waterkit-biometric-test --exclude waterkit-camera-test --exclude waterkit-codec-bench --exclude waterkit-dialog-test --exclude waterkit-location-test --exclude waterkit-notification-test --exclude waterkit-sensor-test --exclude waterkit-video-test --exclude waterkit-test-ios --exclude waterkit-test-android	2026-02-20T20:38:49.2204876Z [1m[92m  Downloaded[0m noop_proc_macro v0.3.0
Coverage	Run cargo llvm-cov --all-features --workspace --lcov --output-path lcov.info --exclude waterkit-audio-test --exclude waterkit-biometric-test --exclude waterkit-camera-test --exclude waterkit-codec-bench --exclude waterkit-dialog-test --exclude waterkit-location-test --exclude waterkit-notification-test --exclude waterkit-sensor-test --exclude waterkit-video-test --exclude waterkit-test-ios --exclude waterkit-test-android	2026-02-20T20:38:49.2215511Z [1m[92m  Downloaded[0m nokhwa-core v0.1.8
Coverage	Run cargo llvm-cov --all-features --workspace --lcov --output-path lcov.info --exclude waterkit-audio-test --exclude waterkit-biometric-test --exclude waterkit-camera-test --exclude waterkit-codec-bench --exclude waterkit-dialog-test --exclude waterkit-location-test --exclude waterkit-notification-test --exclude waterkit-sensor-test --exclude waterkit-video-test --exclude waterkit-test-ios --exclude waterkit-test-android	2026-02-20T20:38:49.2231098Z [1m[92m  Downloaded[0m nokhwa-bindings-macos v0.2.3
Coverage	Run cargo llvm-cov --all-features --workspace --lcov --output-path lcov.info --exclude waterkit-audio-test --exclude waterkit-biometric-test --exclude waterkit-camera-test --exclude waterkit-codec-bench --exclude waterkit-dialog-test --exclude waterkit-location-test --exclude waterkit-notification-test --exclude waterkit-sensor-test --exclude waterkit-video-test --exclude waterkit-test-ios --exclude waterkit-test-android	2026-02-20T20:38:49.2243532Z [1m[92m  Downloaded[0m nokhwa-bindings-linux v0.1.3
Coverage	Run cargo llvm-cov --all-features --workspace --lcov --output-path lcov.info --exclude waterkit-audio-test --exclude waterkit-biometric-test --exclude waterkit-camera-test --exclude waterkit-codec-bench --exclude waterkit-dialog-test --exclude waterkit-location-test --exclude waterkit-notification-test --exclude waterkit-sensor-test --exclude waterkit-video-test --exclude waterkit-test-ios --exclude waterkit-test-android	2026-02-20T20:38:49.2253143Z [1m[92m  Downloaded[0m netlink-packet-core v0.8.1
Coverage	Run cargo llvm-cov --all-features --workspace --lcov --output-path lcov.info --exclude waterkit-audio-test --exclude waterkit-biometric-test --exclude waterkit-camera-test --exclude waterkit-codec-bench --exclude waterkit-dialog-test --exclude waterkit-location-test --exclude waterkit-notification-test --exclude waterkit-sensor-test --exclude waterkit-video-test --exclude waterkit-test-ios --exclude waterkit-test-android	2026-02-20T20:38:49.2279371Z [1m[92m  Downloaded[0m netdev v0.40.0
Coverage	Run cargo llvm-cov --all-features --workspace --lcov --output-path lcov.info --exclude waterkit-audio-test --exclude waterkit-biometric-test --exclude waterkit-camera-test --exclude waterkit-codec-bench --exclude waterkit-dialog-test --exclude waterkit-location-test --exclude waterkit-notification-test --exclude waterkit-sensor-test --exclude waterkit-video-test --exclude waterkit-test-ios --exclude waterkit-test-android	2026-02-20T20:38:49.2354306Z [1m[92m  Downloaded[0m nasm-rs v0.3.2
Coverage	Run cargo llvm-cov --all-features --workspace --lcov --output-path lcov.info --exclude waterkit-audio-test --exclude waterkit-biometric-test --exclude waterkit-camera-test --exclude waterkit-codec-bench --exclude waterkit-dialog-test --exclude waterkit-location-test --exclude waterkit-notification-test --exclude waterkit-sensor-test --exclude waterkit-video-test --exclude waterkit-test-ios --exclude waterkit-test-android	2026-02-20T20:38:49.2365416Z [1m[92m  Downloaded[0m mpris-server v0.9.0
Coverage	Run cargo llvm-cov --all-features --workspace --lcov --output-path lcov.info --exclude waterkit-audio-test --exclude waterkit-biometric-test --exclude waterkit-camera-test --exclude waterkit-codec-bench --exclude waterkit-dialog-test --exclude waterkit-location-test --exclude waterkit-notification-test --exclude waterkit-sensor-test --exclude waterkit-video-test --exclude waterkit-test-ios --exclude waterkit-test-android	2026-02-20T20:38:49.2395748Z [1m[92m  Downloaded[0m mp4 v0.14.0
Coverage	Run cargo llvm-cov --all-features --workspace --lcov --output-path lcov.info --exclude waterkit-audio-test --exclude waterkit-biometric-test --exclude waterkit-camera-test --exclude waterkit-codec-bench --exclude waterkit-dialog-test --exclude waterkit-location-test --exclude waterkit-notification-test --exclude waterkit-sensor-test --exclude waterkit-video-test --exclude waterkit-test-ios --exclude waterkit-test-android	2026-02-20T20:38:49.2443438Z [1m[92m  Downloaded[0m mozjpeg v0.10.13
Coverage	Run cargo llvm-cov --all-features --workspace --lcov --output-path lcov.info --exclude waterkit-audio-test --exclude waterkit-biometric-test --exclude waterkit-camera-test --exclude waterkit-codec-bench --exclude waterkit-dialog-test --exclude waterkit-location-test --exclude waterkit-notification-test --exclude waterkit-sensor-test --exclude waterkit-video-test --exclude waterkit-test-ios --exclude waterkit-test-android	2026-02-20T20:38:49.2461522Z [1m[92m  Downloaded[0m miniz_oxide v0.8.9
Coverage	Run cargo llvm-cov --all-features --workspace --lcov --output-path lcov.info --exclude waterkit-audio-test --exclude waterkit-biometric-test --exclude waterkit-camera-test --exclude waterkit-codec-bench --exclude waterkit-dialog-test --exclude waterkit-location-test --exclude waterkit-notification-test --exclude waterkit-sensor-test --exclude waterkit-video-test --exclude waterkit-test-ios --exclude waterkit-test-android	2026-02-20T20:38:49.2490205Z [1m[92m  Downloaded[0m memmap2 v0.9.10
Coverage	Run cargo llvm-cov --all-features --workspace --lcov --output-path lcov.info --exclude waterkit-audio-test --exclude waterkit-biometric-test --exclude waterkit-camera-test --exclude waterkit-codec-bench --exclude waterkit-dialog-test --exclude waterkit-location-test --exclude waterkit-notification-test --exclude waterkit-sensor-test --exclude waterkit-video-test --exclude waterkit-test-ios --exclude waterkit-test-android	2026-02-20T20:38:49.2510329Z [1m[92m  Downloaded[0m mac-addr v0.3.0
Coverage	Run cargo llvm-cov --all-features --workspace --lcov --output-path lcov.info --exclude waterkit-audio-test --exclude waterkit-biometric-test --exclude waterkit-camera-test --exclude waterkit-codec-bench --exclude waterkit-dialog-test --exclude waterkit-location-test --exclude waterkit-notification-test --exclude waterkit-sensor-test --exclude waterkit-video-test --exclude waterkit-test-ios --exclude waterkit-test-android	2026-02-20T20:38:49.2530683Z [1m[92m  Downloaded[0m loop9 v0.1.5
Coverage	Run cargo llvm-cov --all-features --workspace --lcov --output-path lcov.info --exclude waterkit-audio-test --exclude waterkit-biometric-test --exclude waterkit-camera-test --exclude waterkit-codec-bench --exclude waterkit-dialog-test --exclude waterkit-location-test --exclude waterkit-notification-test --exclude waterkit-sensor-test --exclude waterkit-video-test --exclude waterkit-test-ios --exclude waterkit-test-android	2026-02-20T20:38:49.2539441Z [1m[92m  Downloaded[0m lofty_attr v0.11.1
Coverage	Run cargo llvm-cov --all-features --workspace --lcov --output-path lcov.info --exclude waterkit-audio-test --exclude waterkit-biometric-test --exclude waterkit-camera-test --exclude waterkit-codec-bench --exclude waterkit-dialog-test --exclude waterkit-location-test --exclude waterkit-notification-test --exclude waterkit-sensor-test --exclude waterkit-video-test --exclude waterkit-test-ios --exclude waterkit-test-android	2026-02-20T20:38:49.2552056Z [1m[92m  Downloaded[0m litrs v1.0.0
Coverage	Run cargo llvm-cov --all-features --workspace --lcov --output-path lcov.info --exclude waterkit-audio-test --exclude waterkit-biometric-test --exclude waterkit-camera-test --exclude waterkit-codec-bench --exclude waterkit-dialog-test --exclude waterkit-location-test --exclude waterkit-notification-test --exclude waterkit-sensor-test --exclude waterkit-video-test --exclude waterkit-test-ios --exclude waterkit-test-android	2026-02-20T20:38:49.2587468Z [1m[92m  Downloaded[0m litemap v0.8.1
Coverage	Run cargo llvm-cov --all-features --workspace --lcov --output-path lcov.info --exclude waterkit-audio-test --exclude waterkit-biometric-test --exclude waterkit-camera-test --exclude waterkit-codec-bench --exclude waterkit-dialog-test --exclude waterkit-location-test --exclude waterkit-notification-test --exclude waterkit-sensor-test --exclude waterkit-video-test --exclude waterkit-test-ios --exclude waterkit-test-android	2026-02-20T20:38:49.2614075Z [1m[92m  Downloaded[0m libwayshot v0.2.0
Coverage	Run cargo llvm-cov --all-features --workspace --lcov --output-path lcov.info --exclude waterkit-audio-test --exclude waterkit-biometric-test --exclude waterkit-camera-test --exclude waterkit-codec-bench --exclude waterkit-dialog-test --exclude waterkit-location-test --exclude waterkit-notification-test --exclude waterkit-sensor-test --exclude waterkit-video-test --exclude waterkit-test-ios --exclude waterkit-test-android	2026-02-20T20:38:49.2626000Z [1m[92m  Downloaded[0m lewton v0.10.2
Coverage	Run cargo llvm-cov --all-features --workspace --lcov --output-path lcov.info --exclude waterkit-audio-test --exclude waterkit-biometric-test --exclude waterkit-camera-test --exclude waterkit-codec-bench --exclude waterkit-dialog-test --exclude waterkit-location-test --exclude waterkit-notification-test --exclude waterkit-sensor-test --exclude waterkit-video-test --exclude waterkit-test-ios --exclude waterkit-test-android	2026-02-20T20:38:49.2655833Z [1m[92m  Downloaded[0m keyring v3.6.3
Coverage	Run cargo llvm-cov --all-features --workspace --lcov --output-path lcov.info --exclude waterkit-audio-test --exclude waterkit-biometric-test --exclude waterkit-camera-test --exclude waterkit-codec-bench --exclude waterkit-dialog-test --exclude waterkit-location-test --exclude waterkit-notification-test --exclude waterkit-sensor-test --exclude waterkit-video-test --exclude waterkit-test-ios --exclude waterkit-test-android	2026-02-20T20:38:49.2687997Z [1m[92m  Downloaded[0m js-sys v0.3.86
Coverage	Run cargo llvm-cov --all-features --workspace --lcov --output-path lcov.info --exclude waterkit-audio-test --exclude waterkit-biometric-test --exclude waterkit-camera-test --exclude waterkit-codec-bench --exclude waterkit-dialog-test --exclude waterkit-location-test --exclude waterkit-notification-test --exclude waterkit-sensor-test --exclude waterkit-video-test --exclude waterkit-test-ios --exclude waterkit-test-android	2026-02-20T20:38:49.2712413Z [1m[92m  Downloaded[0m icu_normalizer_data v2.1.1
Coverage	Run cargo llvm-cov --all-features --workspace --lcov --output-path lcov.info --exclude waterkit-audio-test --exclude waterkit-biometric-test --exclude waterkit-camera-test --exclude waterkit-codec-bench --exclude waterkit-dialog-test --exclude waterkit-location-test --exclude waterkit-notification-test --exclude waterkit-sensor-test --exclude waterkit-video-test --exclude waterkit-test-ios --exclude waterkit-test-android	2026-02-20T20:38:49.2736867Z [1m[92m  Downloaded[0m icu_normalizer v2.1.1
Coverage	Run cargo llvm-cov --all-features --workspace --lcov --output-path lcov.info --exclude waterkit-audio-test --exclude waterkit-biometric-test --exclude waterkit-camera-test --exclude waterkit-codec-bench --exclude waterkit-dialog-test --exclude waterkit-location-test --exclude waterkit-notification-test --exclude waterkit-sensor-test --exclude waterkit-video-test --exclude waterkit-test-ios --exclude waterkit-test-android	2026-02-20T20:38:49.2777156Z [1m[92m  Downloaded[0m icu_locale_core v2.1.1
Coverage	Run cargo llvm-cov --all-features --workspace --lcov --output-path lcov.info --exclude waterkit-audio-test --exclude waterkit-biometric-test --exclude waterkit-camera-test --exclude waterkit-codec-bench --exclude waterkit-dialog-test --exclude waterkit-location-test --exclude waterkit-notification-test --exclude waterkit-sensor-test --exclude waterkit-video-test --exclude waterkit-test-ios --exclude waterkit-test-android	2026-02-20T20:38:49.2858912Z [1m[92m  Downloaded[0m icu_collections v2.1.1
Coverage	Run cargo llvm-cov --all-features --workspace --lcov --output-path lcov.info --exclude waterkit-audio-test --exclude waterkit-biometric-test --exclude waterkit-camera-test --exclude waterkit-codec-bench --exclude waterkit-dialog-test --exclude waterkit-location-test --exclude waterkit-notification-test --exclude waterkit-sensor-test --exclude waterkit-video-test --exclude waterkit-test-ios --exclude waterkit-test-android	2026-02-20T20:38:49.2932435Z [1m[92m  Downloaded[0m http-kit v0.4.2
Coverage	Run cargo llvm-cov --all-features --workspace --lcov --output-path lcov.info --exclude waterkit-audio-test --exclude waterkit-biometric-test --exclude waterkit-camera-test --exclude waterkit-codec-bench --exclude waterkit-dialog-test --exclude waterkit-location-test --exclude waterkit-notification-test --exclude waterkit-sensor-test --exclude waterkit-video-test --exclude waterkit-test-ios --exclude waterkit-test-android	2026-02-20T20:38:49.2958119Z [1m[92m  Downloaded[0m http v1.4.0
Coverage	Run cargo llvm-cov --all-features --workspace --lcov --output-path lcov.info --exclude waterkit-audio-test --exclude waterkit-biometric-test --exclude waterkit-camera-test --exclude waterkit-codec-bench --exclude waterkit-dialog-test --exclude waterkit-location-test --exclude waterkit-notification-test --exclude waterkit-sensor-test --exclude waterkit-video-test --exclude waterkit-test-ios --exclude waterkit-test-android	2026-02-20T20:38:49.2999814Z [1m[92m  Downloaded[0m hashbrown v0.15.5
Coverage	Run cargo llvm-cov --all-features --workspace --lcov --output-path lcov.info --exclude waterkit-audio-test --exclude waterkit-biometric-test --exclude waterkit-camera-test --exclude waterkit-codec-bench --exclude waterkit-dialog-test --exclude waterkit-location-test --exclude waterkit-notification-test --exclude waterkit-sensor-test --exclude waterkit-video-test --exclude waterkit-test-ios --exclude waterkit-test-android	2026-02-20T20:38:49.3056364Z [1m[92m  Downloaded[0m glow v0.16.0
Coverage	Run cargo llvm-cov --all-features --workspace --lcov --output-path lcov.info --exclude waterkit-audio-test --exclude waterkit-biometric-test --exclude waterkit-camera-test --exclude waterkit-codec-bench --exclude waterkit-dialog-test --exclude waterkit-location-test --exclude waterkit-notification-test --exclude waterkit-sensor-test --exclude waterkit-video-test --exclude waterkit-test-ios --exclude waterkit-test-android	2026-02-20T20:38:49.3104219Z [1m[92m  Downloaded[0m gif v0.14.1
Coverage	Run cargo llvm-cov --all-features --workspace --lcov --output-path lcov.info --exclude waterkit-audio-test --exclude waterkit-biometric-test --exclude waterkit-camera-test --exclude waterkit-codec-bench --exclude waterkit-dialog-test --exclude waterkit-location-test --exclude waterkit-notification-test --exclude waterkit-sensor-test --exclude waterkit-video-test --exclude waterkit-test-ios --exclude waterkit-test-android	2026-02-20T20:38:49.3123651Z [1m[92m  Downloaded[0m getrandom v0.4.1
Coverage	Run cargo llvm-cov --all-features --workspace --lcov --output-path lcov.info --exclude waterkit-audio-test --exclude waterkit-biometric-test --exclude waterkit-camera-test --exclude waterkit-codec-bench --exclude waterkit-dialog-test --exclude waterkit-location-test --exclude waterkit-notification-test --exclude waterkit-sensor-test --exclude waterkit-video-test --exclude waterkit-test-ios --exclude waterkit-test-android	2026-02-20T20:38:49.3167038Z [1m[92m  Downloaded[0m futures-lite v2.6.1
Coverage	Run cargo llvm-cov --all-features --workspace --lcov --output-path lcov.info --exclude waterkit-audio-test --exclude waterkit-biometric-test --exclude waterkit-camera-test --exclude waterkit-codec-bench --exclude waterkit-dialog-test --exclude waterkit-location-test --exclude waterkit-notification-test --exclude waterkit-sensor-test --exclude waterkit-video-test --exclude waterkit-test-ios --exclude waterkit-test-android	2026-02-20T20:38:49.3186396Z [1m[92m  Downloaded[0m flume v0.11.1
Coverage	Run cargo llvm-cov --all-features --workspace --lcov --output-path lcov.info --exclude waterkit-audio-test --exclude waterkit-biometric-test --exclude waterkit-camera-test --exclude waterkit-codec-bench --exclude waterkit-dialog-test --exclude waterkit-location-test --exclude waterkit-notification-test --exclude waterkit-sensor-test --exclude waterkit-video-test --exclude waterkit-test-ios --exclude waterkit-test-android	2026-02-20T20:38:49.3226254Z [1m[92m  Downloaded[0m flate2 v1.1.9
Coverage	Run cargo llvm-cov --all-features --workspace --lcov --output-path lcov.info --exclude waterkit-audio-test --exclude waterkit-biometric-test --exclude waterkit-camera-test --exclude waterkit-codec-bench --exclude waterkit-dialog-test --exclude waterkit-location-test --exclude waterkit-notification-test --exclude waterkit-sensor-test --exclude waterkit-video-test --exclude waterkit-test-ios --exclude waterkit-test-android	2026-02-20T20:38:49.3283919Z [1m[92m  Downloaded[0m find-msvc-tools v0.1.9
Coverage	Run cargo llvm-cov --all-features --workspace --lcov --output-path lcov.info --exclude waterkit-audio-test --exclude waterkit-biometric-test --exclude waterkit-camera-test --exclude waterkit-codec-bench --exclude waterkit-dialog-test --exclude waterkit-location-test --exclude waterkit-notification-test --exclude waterkit-sensor-test --exclude waterkit-video-test --exclude waterkit-test-ios --exclude waterkit-test-android	2026-02-20T20:38:49.3302284Z [1m[92m  Downloaded[0m fdeflate v0.3.7
Coverage	Run cargo llvm-cov --all-features --workspace --lcov --output-path lcov.info --exclude waterkit-audio-test --exclude waterkit-biometric-test --exclude waterkit-camera-test --exclude waterkit-codec-bench --exclude waterkit-dialog-test --exclude waterkit-location-test --exclude waterkit-notification-test --exclude waterkit-sensor-test --exclude waterkit-video-test --exclude waterkit-test-ios --exclude waterkit-test-android	2026-02-20T20:38:49.3321472Z [1m[92m  Downloaded[0m event-listener v5.4.1
Coverage	Run cargo llvm-cov --all-features --workspace --lcov --output-path lcov.info --exclude waterkit-audio-test --exclude waterkit-biometric-test --exclude waterkit-camera-test --exclude waterkit-codec-bench --exclude waterkit-dialog-test --exclude waterkit-location-test --exclude waterkit-notification-test --exclude waterkit-sensor-test --exclude waterkit-video-test --exclude waterkit-test-ios --exclude waterkit-test-android	2026-02-20T20:38:49.3345809Z [1m[92m  Downloaded[0m displaydoc v0.2.5
Coverage	Run cargo llvm-cov --all-features --workspace --lcov --output-path lcov.info --exclude waterkit-audio-test --exclude waterkit-biometric-test --exclude waterkit-camera-test --exclude waterkit-codec-bench --exclude waterkit-dialog-test --exclude waterkit-location-test --exclude waterkit-notification-test --exclude waterkit-sensor-test --exclude waterkit-video-test --exclude waterkit-test-ios --exclude waterkit-test-android	2026-02-20T20:38:49.3381546Z [1m[92m  Downloaded[0m dbus v0.9.10
Coverage	Run cargo llvm-cov --all-features --workspace --lcov --output-path lcov.info --exclude waterkit-audio-test --exclude waterkit-biometric-test --exclude waterkit-camera-test --exclude waterkit-codec-bench --exclude waterkit-dialog-test --exclude waterkit-location-test --exclude waterkit-notification-test --exclude waterkit-sensor-test --exclude waterkit-video-test --exclude waterkit-test-ios --exclude waterkit-test-android	2026-02-20T20:38:49.3430990Z [1m[92m  Downloaded[0m pkg-config v0.3.32
Coverage	Run cargo llvm-cov --all-features --workspace --lcov --output-path lcov.info --exclude waterkit-audio-test --exclude waterkit-biometric-test --exclude waterkit-camera-test --exclude waterkit-codec-bench --exclude waterkit-dialog-test --exclude waterkit-location-test --exclude waterkit-notification-test --exclude waterkit-sensor-test --exclude waterkit-video-test --exclude waterkit-test-ios --exclude waterkit-test-android	2026-02-20T20:38:49.3448970Z [1m[92m  Downloaded[0m piper v0.2.4
Coverage	Run cargo llvm-cov --all-features --workspace --lcov --output-path lcov.info --exclude waterkit-audio-test --exclude waterkit-biometric-test --exclude waterkit-camera-test --exclude waterkit-codec-bench --exclude waterkit-dialog-test --exclude waterkit-location-test --exclude waterkit-notification-test --exclude waterkit-sensor-test --exclude waterkit-video-test --exclude waterkit-test-ios --exclude waterkit-test-android	2026-02-20T20:38:49.3466772Z [1m[92m  Downloaded[0m pin-utils v0.1.0
Coverage	Run cargo llvm-cov --all-features --workspace --lcov --output-path lcov.info --exclude waterkit-audio-test --exclude waterkit-biometric-test --exclude waterkit-camera-test --exclude waterkit-codec-bench --exclude waterkit-dialog-test --exclude waterkit-location-test --exclude waterkit-notification-test --exclude waterkit-sensor-test --exclude waterkit-video-test --exclude waterkit-test-ios --exclude waterkit-test-android	2026-02-20T20:38:49.3481599Z [1m[92m  Downloaded[0m pin-project-lite v0.2.16
Coverage	Run cargo llvm-cov --all-features --workspace --lcov --output-path lcov.info --exclude waterkit-audio-test --exclude waterkit-biometric-test --exclude waterkit-camera-test --exclude waterkit-codec-bench --exclude waterkit-dialog-test --exclude waterkit-location-test --exclude waterkit-notification-test --exclude waterkit-sensor-test --exclude waterkit-video-test --exclude waterkit-test-ios --exclude waterkit-test-android	2026-02-20T20:38:49.3552524Z [1m[92m  Downloaded[0m percent-encoding v2.3.2
Coverage	Run cargo llvm-cov --all-features --workspace --lcov --output-path lcov.info --exclude waterkit-audio-test --exclude waterkit-biometric-test --exclude waterkit-camera-test --exclude waterkit-codec-bench --exclude waterkit-dialog-test --exclude waterkit-location-test --exclude waterkit-notification-test --exclude waterkit-sensor-test --exclude waterkit-video-test --exclude waterkit-test-ios --exclude waterkit-test-android	2026-02-20T20:38:49.3562291Z [1m[92m  Downloaded[0m peeking_take_while v0.1.2
Coverage	Run cargo llvm-cov --all-features --workspace --lcov --output-path lcov.info --exclude waterkit-audio-test --exclude waterkit-biometric-test --exclude waterkit-camera-test --exclude waterkit-codec-bench --exclude waterkit-dialog-test --exclude waterkit-location-test --exclude waterkit-notification-test --exclude waterkit-sensor-test --exclude waterkit-video-test --exclude waterkit-test-ios --exclude waterkit-test-android	2026-02-20T20:38:49.3571674Z [1m[92m  Downloaded[0m openssl-probe v0.2.1
Coverage	Run cargo llvm-cov --all-features --workspace --lcov --output-path lcov.info --exclude waterkit-audio-test --exclude waterkit-biometric-test --exclude waterkit-camera-test --exclude waterkit-codec-bench --exclude waterkit-dialog-test --exclude waterkit-location-test --exclude waterkit-notification-test --exclude waterkit-sensor-test --exclude waterkit-video-test --exclude waterkit-test-ios --exclude waterkit-test-android	2026-02-20T20:38:49.3586020Z [1m[92m  Downloaded[0m ogg_pager v0.6.1
Coverage	Run cargo llvm-cov --all-features --workspace --lcov --output-path lcov.info --exclude waterkit-audio-test --exclude waterkit-biometric-test --exclude waterkit-camera-test --exclude waterkit-codec-bench --exclude waterkit-dialog-test --exclude waterkit-location-test --exclude waterkit-notification-test --exclude waterkit-sensor-test --exclude waterkit-video-test --exclude waterkit-test-ios --exclude waterkit-test-android	2026-02-20T20:38:49.3597888Z [1m[92m  Downloaded[0m num_cpus v1.17.0
Coverage	Run cargo llvm-cov --all-features --workspace --lcov --output-path lcov.info --exclude waterkit-audio-test --exclude waterkit-biometric-test --exclude waterkit-camera-test --exclude waterkit-codec-bench --exclude waterkit-dialog-test --exclude waterkit-location-test --exclude waterkit-notification-test --exclude waterkit-sensor-test --exclude waterkit-video-test --exclude waterkit-test-ios --exclude waterkit-test-android	2026-02-20T20:38:49.3636764Z [1m[92m  Downloaded[0m num-derive v0.4.2
Coverage	Run cargo llvm-cov --all-features --workspace --lcov --output-path lcov.info --exclude waterkit-audio-test --exclude waterkit-biometric-test --exclude waterkit-camera-test --exclude waterkit-codec-bench --exclude waterkit-dialog-test --exclude waterkit-location-test --exclude waterkit-notification-test --exclude waterkit-sensor-test --exclude waterkit-video-test --exclude waterkit-test-ios --exclude waterkit-test-android	2026-02-20T20:38:49.3657838Z [1m[92m  Downloaded[0m nokhwa-bindings-windows v0.4.5
Coverage	Run cargo llvm-cov --all-features --workspace --lcov --output-path lcov.info --exclude waterkit-audio-test --exclude waterkit-biometric-test --exclude waterkit-camera-test --exclude waterkit-codec-bench --exclude waterkit-dialog-test --exclude waterkit-location-test --exclude waterkit-notification-test --exclude waterkit-sensor-test --exclude waterkit-video-test --exclude waterkit-test-ios --exclude waterkit-test-android	2026-02-20T20:38:49.3667880Z [1m[92m  Downloaded[0m new_debug_unreachable v1.0.6
Coverage	Run cargo llvm-cov --all-features --workspace --lcov --output-path lcov.info --exclude waterkit-audio-test --exclude waterkit-biometric-test --exclude waterkit-camera-test --exclude waterkit-codec-bench --exclude waterkit-dialog-test --exclude waterkit-location-test --exclude waterkit-notification-test --exclude waterkit-sensor-test --exclude waterkit-video-test --exclude waterkit-test-ios --exclude waterkit-test-android	2026-02-20T20:38:49.3680104Z [1m[92m  Downloaded[0m nanorand v0.7.0
Coverage	Run cargo llvm-cov --all-features --workspace --lcov --output-path lcov.info --exclude waterkit-audio-test --exclude waterkit-biometric-test --exclude waterkit-camera-test --exclude waterkit-codec-bench --exclude waterkit-dialog-test --exclude waterkit-location-test --exclude waterkit-notification-test --exclude waterkit-sensor-test --exclude waterkit-video-test --exclude waterkit-test-ios --exclude waterkit-test-android	2026-02-20T20:38:49.3710090Z [1m[92m  Downloaded[0m mime v0.3.17
Coverage	Run cargo llvm-cov --all-features --workspace --lcov --output-path lcov.info --exclude waterkit-audio-test --exclude waterkit-biometric-test --exclude waterkit-camera-test --exclude waterkit-codec-bench --exclude waterkit-dialog-test --exclude waterkit-location-test --exclude waterkit-notification-test --exclude waterkit-sensor-test --exclude waterkit-video-test --exclude waterkit-test-ios --exclude waterkit-test-android	2026-02-20T20:38:49.3725457Z [1m[92m  Downloaded[0m memoffset v0.7.1
Coverage	Run cargo llvm-cov --all-features --workspace --lcov --output-path lcov.info --exclude waterkit-audio-test --exclude waterkit-biometric-test --exclude waterkit-camera-test --exclude waterkit-codec-bench --exclude waterkit-dialog-test --exclude waterkit-location-test --exclude waterkit-notification-test --exclude waterkit-sensor-test --exclude waterkit-video-test --exclude waterkit-test-ios --exclude waterkit-test-android	2026-02-20T20:38:49.3739249Z [1m[92m  Downloaded[0m memmap2 v0.7.1
Coverage	Run cargo llvm-cov --all-features --workspace --lcov --output-path lcov.info --exclude waterkit-audio-test --exclude waterkit-biometric-test --exclude waterkit-camera-test --exclude waterkit-codec-bench --exclude waterkit-dialog-test --exclude waterkit-location-test --exclude waterkit-notification-test --exclude waterkit-sensor-test --exclude waterkit-video-test --exclude waterkit-test-ios --exclude waterkit-test-android	2026-02-20T20:38:49.3758981Z [1m[92m  Downloaded[0m maybe-rayon v0.1.1
Coverage	Run cargo llvm-cov --all-features --workspace --lcov --output-path lcov.info --exclude waterkit-audio-test --exclude waterkit-biometric-test --exclude waterkit-camera-test --exclude waterkit-codec-bench --exclude waterkit-dialog-test --exclude waterkit-location-test --exclude waterkit-notification-test --exclude waterkit-sensor-test --exclude waterkit-video-test --exclude waterkit-test-ios --exclude waterkit-test-android	2026-02-20T20:38:49.3768773Z [1m[92m  Downloaded[0m log v0.4.29
Coverage	Run cargo llvm-cov --all-features --workspace --lcov --output-path lcov.info --exclude waterkit-audio-test --exclude waterkit-biometric-test --exclude waterkit-camera-test --exclude waterkit-codec-bench --exclude waterkit-dialog-test --exclude waterkit-location-test --exclude waterkit-notification-test --exclude waterkit-sensor-test --exclude waterkit-video-test --exclude waterkit-test-ios --exclude waterkit-test-android	2026-02-20T20:38:49.3797378Z [1m[92m  Downloaded[0m lock_api v0.4.14
Coverage	Run cargo llvm-cov --all-features --workspace --lcov --output-path lcov.info --exclude waterkit-audio-test --exclude waterkit-biometric-test --exclude waterkit-camera-test --exclude waterkit-codec-bench --exclude waterkit-dialog-test --exclude waterkit-location-test --exclude waterkit-notification-test --exclude waterkit-sensor-test --exclude waterkit-video-test --exclude waterkit-test-ios --exclude waterkit-test-android	2026-02-20T20:38:49.3811467Z [1m[92m  Downloaded[0m lebe v0.5.3
Coverage	Run cargo llvm-cov --all-features --workspace --lcov --output-path lcov.info --exclude waterkit-audio-test --exclude waterkit-biometric-test --exclude waterkit-camera-test --exclude waterkit-codec-bench --exclude waterkit-dialog-test --exclude waterkit-location-test --exclude waterkit-notification-test --exclude waterkit-sensor-test --exclude waterkit-video-test --exclude waterkit-test-ios --exclude waterkit-test-android	2026-02-20T20:38:49.3825807Z [1m[92m  Downloaded[0m lazycell v1.3.0
Coverage	Run cargo llvm-cov --all-features --workspace --lcov --output-path lcov.info --exclude waterkit-audio-test --exclude waterkit-biometric-test --exclude waterkit-camera-test --exclude waterkit-codec-bench --exclude waterkit-dialog-test --exclude waterkit-location-test --exclude waterkit-notification-test --exclude waterkit-sensor-test --exclude waterkit-video-test --exclude waterkit-test-ios --exclude waterkit-test-android	2026-02-20T20:38:49.3836929Z [1m[92m  Downloaded[0m lazy_static v1.5.0
Coverage	Run cargo llvm-cov --all-features --workspace --lcov --output-path lcov.info --exclude waterkit-audio-test --exclude waterkit-biometric-test --exclude waterkit-camera-test --exclude waterkit-codec-bench --exclude waterkit-dialog-test --exclude waterkit-location-test --exclude waterkit-notification-test --exclude waterkit-sensor-test --exclude waterkit-video-test --exclude waterkit-test-ios --exclude waterkit-test-android	2026-02-20T20:38:49.3857775Z [1m[92m  Downloaded[0m lab v0.11.0
Coverage	Run cargo llvm-cov --all-features --workspace --lcov --output-path lcov.info --exclude waterkit-audio-test --exclude waterkit-biometric-test --exclude waterkit-camera-test --exclude waterkit-codec-bench --exclude waterkit-dialog-test --exclude waterkit-location-test --exclude waterkit-notification-test --exclude waterkit-sensor-test --exclude waterkit-video-test --exclude waterkit-test-ios --exclude waterkit-test-android	2026-02-20T20:38:49.3874202Z [1m[92m  Downloaded[0m khronos-egl v6.0.0
Coverage	Run cargo llvm-cov --all-features --workspace --lcov --output-path lcov.info --exclude waterkit-audio-test --exclude waterkit-biometric-test --exclude waterkit-camera-test --exclude waterkit-codec-bench --exclude waterkit-dialog-test --exclude waterkit-location-test --exclude waterkit-notification-test --exclude waterkit-sensor-test --exclude waterkit-video-test --exclude waterkit-test-ios --exclude waterkit-test-android	2026-02-20T20:38:49.3896369Z [1m[92m  Downloaded[0m ivf v0.1.4
Coverage	Run cargo llvm-cov --all-features --workspace --lcov --output-path lcov.info --exclude waterkit-audio-test --exclude waterkit-biometric-test --exclude waterkit-camera-test --exclude waterkit-codec-bench --exclude waterkit-dialog-test --exclude waterkit-location-test --exclude waterkit-notification-test --exclude waterkit-sensor-test --exclude waterkit-video-test --exclude waterkit-test-ios --exclude waterkit-test-android	2026-02-20T20:38:49.3905334Z [1m[92m  Downloaded[0m is_terminal_polyfill v1.70.2
Coverage	Run cargo llvm-cov --all-features --workspace --lcov --output-path lcov.info --exclude waterkit-audio-test --exclude waterkit-biometric-test --exclude waterkit-camera-test --exclude waterkit-codec-bench --exclude waterkit-dialog-test --exclude waterkit-location-test --exclude waterkit-notification-test --exclude waterkit-sensor-test --exclude waterkit-video-test --exclude waterkit-test-ios --exclude waterkit-test-android	2026-02-20T20:38:49.3916825Z [1m[92m  Downloaded[0m is-wsl v0.4.0
Coverage	Run cargo llvm-cov --all-features --workspace --lcov --output-path lcov.info --exclude waterkit-audio-test --exclude waterkit-biometric-test --exclude waterkit-camera-test --exclude waterkit-codec-bench --exclude waterkit-dialog-test --exclude waterkit-location-test --exclude waterkit-notification-test --exclude waterkit-sensor-test --exclude waterkit-video-test --exclude waterkit-test-ios --exclude waterkit-test-android	2026-02-20T20:38:49.3929620Z [1m[92m  Downloaded[0m indenter v0.3.4
Coverage	Run cargo llvm-cov --all-features --workspace --lcov --output-path lcov.info --exclude waterkit-audio-test --exclude waterkit-biometric-test --exclude waterkit-camera-test --exclude waterkit-codec-bench --exclude waterkit-dialog-test --exclude waterkit-location-test --exclude waterkit-notification-test --exclude waterkit-sensor-test --exclude waterkit-video-test --exclude waterkit-test-ios --exclude waterkit-test-android	2026-02-20T20:38:49.3944523Z [1m[92m  Downloaded[0m idna_adapter v1.2.1
Coverage	Run cargo llvm-cov --all-features --workspace --lcov --output-path lcov.info --exclude waterkit-audio-test --exclude waterkit-biometric-test --exclude waterkit-camera-test --exclude waterkit-codec-bench --exclude waterkit-dialog-test --exclude waterkit-location-test --exclude waterkit-notification-test --exclude waterkit-sensor-test --exclude waterkit-video-test --exclude waterkit-test-ios --exclude waterkit-test-android	2026-02-20T20:38:49.3954991Z [1m[92m  Downloaded[0m http-body-util v0.1.3
Coverage	Run cargo llvm-cov --all-features --workspace --lcov --output-path lcov.info --exclude waterkit-audio-test --exclude waterkit-biometric-test --exclude waterkit-camera-test --exclude waterkit-codec-bench --exclude waterkit-dialog-test --exclude waterkit-location-test --exclude waterkit-notification-test --exclude waterkit-sensor-test --exclude waterkit-video-test --exclude waterkit-test-ios --exclude waterkit-test-android	2026-02-20T20:38:49.3976619Z [1m[92m  Downloaded[0m home v0.5.12
Coverage	Run cargo llvm-cov --all-features --workspace --lcov --output-path lcov.info --exclude waterkit-audio-test --exclude waterkit-biometric-test --exclude waterkit-camera-test --exclude waterkit-codec-bench --exclude waterkit-dialog-test --exclude waterkit-location-test --exclude waterkit-notification-test --exclude waterkit-sensor-test --exclude waterkit-video-test --exclude waterkit-test-ios --exclude waterkit-test-android	2026-02-20T20:38:49.3987795Z [1m[92m  Downloaded[0m hex v0.4.3
Coverage	Run cargo llvm-cov --all-features --workspace --lcov --output-path lcov.info --exclude waterkit-audio-test --exclude waterkit-biometric-test --exclude waterkit-camera-test --exclude waterkit-codec-bench --exclude waterkit-dialog-test --exclude waterkit-location-test --exclude waterkit-notification-test --exclude waterkit-sensor-test --exclude waterkit-video-test --exclude waterkit-test-ios --exclude waterkit-test-android	2026-02-20T20:38:49.4006326Z [1m[92m  Downloaded[0m gpu-descriptor v0.3.2
Coverage	Run cargo llvm-cov --all-features --workspace --lcov --output-path lcov.info --exclude waterkit-audio-test --exclude waterkit-biometric-test --exclude waterkit-camera-test --exclude waterkit-codec-bench --exclude waterkit-dialog-test --exclude waterkit-location-test --exclude waterkit-notification-test --exclude waterkit-sensor-test --exclude waterkit-video-test --exclude waterkit-test-ios --exclude waterkit-test-android	2026-02-20T20:38:49.4015478Z [1m[92m  Downloaded[0m gpu-alloc-types v0.3.0
Coverage	Run cargo llvm-cov --all-features --workspace --lcov --output-path lcov.info --exclude waterkit-audio-test --exclude waterkit-biometric-test --exclude waterkit-camera-test --exclude waterkit-codec-bench --exclude waterkit-dialog-test --exclude waterkit-location-test --exclude waterkit-notification-test --exclude waterkit-sensor-test --exclude waterkit-video-test --exclude waterkit-test-ios --exclude waterkit-test-android	2026-02-20T20:38:49.4024594Z [1m[92m  Downloaded[0m futures-rustls v0.26.0
Coverage	Run cargo llvm-cov --all-features --workspace --lcov --output-path lcov.info --exclude waterkit-audio-test --exclude waterkit-biometric-test --exclude waterkit-camera-test --exclude waterkit-codec-bench --exclude waterkit-dialog-test --exclude waterkit-location-test --exclude waterkit-notification-test --exclude waterkit-sensor-test --exclude waterkit-video-test --exclude waterkit-test-ios --exclude waterkit-test-android	2026-02-20T20:38:49.4044560Z [1m[92m  Downloaded[0m futures-io v0.3.32
Coverage	Run cargo llvm-cov --all-features --workspace --lcov --output-path lcov.info --exclude waterkit-audio-test --exclude waterkit-biometric-test --exclude waterkit-camera-test --exclude waterkit-codec-bench --exclude waterkit-dialog-test --exclude waterkit-location-test --exclude waterkit-notification-test --exclude waterkit-sensor-test --exclude waterkit-video-test --exclude waterkit-test-ios --exclude waterkit-test-android	2026-02-20T20:38:49.4055138Z [1m[92m  Downloaded[0m futures-core v0.3.32
Coverage	Run cargo llvm-cov --all-features --workspace --lcov --output-path lcov.info --exclude waterkit-audio-test --exclude waterkit-biometric-test --exclude waterkit-camera-test --exclude waterkit-codec-bench --exclude waterkit-dialog-test --exclude waterkit-location-test --exclude waterkit-notification-test --exclude waterkit-sensor-test --exclude waterkit-video-test --exclude waterkit-test-ios --exclude waterkit-test-android	2026-02-20T20:38:49.4071202Z [1m[92m  Downloaded[0m fs_extra v1.3.0
Coverage	Run cargo llvm-cov --all-features --workspace --lcov --output-path lcov.info --exclude waterkit-audio-test --exclude waterkit-biometric-test --exclude waterkit-camera-test --exclude waterkit-codec-bench --exclude waterkit-dialog-test --exclude waterkit-location-test --exclude waterkit-notification-test --exclude waterkit-sensor-test --exclude waterkit-video-test --exclude waterkit-test-ios --exclude waterkit-test-android	2026-02-20T20:38:49.4089869Z [1m[92m  Downloaded[0m foldhash v0.1.5
Coverage	Run cargo llvm-cov --all-features --workspace --lcov --output-path lcov.info --exclude waterkit-audio-test --exclude waterkit-biometric-test --exclude waterkit-camera-test --exclude waterkit-codec-bench --exclude waterkit-dialog-test --exclude waterkit-location-test --exclude waterkit-notification-test --exclude waterkit-sensor-test --exclude waterkit-video-test --exclude waterkit-test-ios --exclude waterkit-test-android	2026-02-20T20:38:49.4104405Z [1m[92m  Downloaded[0m ffmpeg-sys-next v7.1.3
Coverage	Run cargo llvm-cov --all-features --workspace --lcov --output-path lcov.info --exclude waterkit-audio-test --exclude waterkit-biometric-test --exclude waterkit-camera-test --exclude waterkit-codec-bench --exclude waterkit-dialog-test --exclude waterkit-location-test --exclude waterkit-notification-test --exclude waterkit-sensor-test --exclude waterkit-video-test --exclude waterkit-test-ios --exclude waterkit-test-android	2026-02-20T20:38:49.4125052Z [1m[92m  Downloaded[0m fax_derive v0.2.0
Coverage	Run cargo llvm-cov --all-features --workspace --lcov --output-path lcov.info --exclude waterkit-audio-test --exclude waterkit-biometric-test --exclude waterkit-camera-test --exclude waterkit-codec-bench --exclude waterkit-dialog-test --exclude waterkit-location-test --exclude waterkit-notification-test --exclude waterkit-sensor-test --exclude waterkit-video-test --exclude waterkit-test-ios --exclude waterkit-test-android	2026-02-20T20:38:49.4132334Z [1m[92m  Downloaded[0m fastrand v2.3.0
Coverage	Run cargo llvm-cov --all-features --workspace --lcov --output-path lcov.info --exclude waterkit-audio-test --exclude waterkit-biometric-test --exclude waterkit-camera-test --exclude waterkit-codec-bench --exclude waterkit-dialog-test --exclude waterkit-location-test --exclude waterkit-notification-test --exclude waterkit-sensor-test --exclude waterkit-video-test --exclude waterkit-test-ios --exclude waterkit-test-android	2026-02-20T20:38:49.4147410Z [1m[92m  Downloaded[0m event-listener-strategy v0.5.4
Coverage	Run cargo llvm-cov --all-features --workspace --lcov --output-path lcov.info --exclude waterkit-audio-test --exclude waterkit-biometric-test --exclude waterkit-camera-test --exclude waterkit-codec-bench --exclude waterkit-dialog-test --exclude waterkit-location-test --exclude waterkit-notification-test --exclude waterkit-sensor-test --exclude waterkit-video-test --exclude waterkit-test-ios --exclude waterkit-test-android	2026-02-20T20:38:49.4160057Z [1m[92m  Downloaded[0m equivalent v1.0.2
Coverage	Run cargo llvm-cov --all-features --workspace --lcov --output-path lcov.info --exclude waterkit-audio-test --exclude waterkit-biometric-test --exclude waterkit-camera-test --exclude waterkit-codec-bench --exclude waterkit-dialog-test --exclude waterkit-location-test --exclude waterkit-notification-test --exclude waterkit-sensor-test --exclude waterkit-video-test --exclude waterkit-test-ios --exclude waterkit-test-android	2026-02-20T20:38:49.4171881Z [1m[92m  Downloaded[0m equator v0.4.2
Coverage	Run cargo llvm-cov --all-features --workspace --lcov --output-path lcov.info --exclude waterkit-audio-test --exclude waterkit-biometric-test --exclude waterkit-camera-test --exclude waterkit-codec-bench --exclude waterkit-dialog-test --exclude waterkit-location-test --exclude waterkit-notification-test --exclude waterkit-sensor-test --exclude waterkit-video-test --exclude waterkit-test-ios --exclude waterkit-test-android	2026-02-20T20:38:49.4189337Z [1m[92m  Downloaded[0m enumflags2 v0.7.12
Coverage	Run cargo llvm-cov --all-features --workspace --lcov --output-path lcov.info --exclude waterkit-audio-test --exclude waterkit-biometric-test --exclude waterkit-camera-test --exclude waterkit-codec-bench --exclude waterkit-dialog-test --exclude waterkit-location-test --exclude waterkit-notification-test --exclude waterkit-sensor-test --exclude waterkit-video-test --exclude waterkit-test-ios --exclude waterkit-test-android	2026-02-20T20:38:49.4205158Z [1m[92m  Downloaded[0m endi v1.1.1
Coverage	Run cargo llvm-cov --all-features --workspace --lcov --output-path lcov.info --exclude waterkit-audio-test --exclude waterkit-biometric-test --exclude waterkit-camera-test --exclude waterkit-codec-bench --exclude waterkit-dialog-test --exclude waterkit-location-test --exclude waterkit-notification-test --exclude waterkit-sensor-test --exclude waterkit-video-test --exclude waterkit-test-ios --exclude waterkit-test-android	2026-02-20T20:38:49.4218191Z [1m[92m  Downloaded[0m either v1.15.0
Coverage	Run cargo llvm-cov --all-features --workspace --lcov --output-path lcov.info --exclude waterkit-audio-test --exclude waterkit-biometric-test --exclude waterkit-camera-test --exclude waterkit-codec-bench --exclude waterkit-dialog-test --exclude waterkit-location-test --exclude waterkit-notification-test --exclude waterkit-sensor-test --exclude waterkit-video-test --exclude waterkit-test-ios --exclude waterkit-test-android	2026-02-20T20:38:49.4234766Z [1m[92m  Downloaded[0m dunce v1.0.5
Coverage	Run cargo llvm-cov --all-features --workspace --lcov --output-path lcov.info --exclude waterkit-audio-test --exclude waterkit-biometric-test --exclude waterkit-camera-test --exclude waterkit-codec-bench --exclude waterkit-dialog-test --exclude waterkit-location-test --exclude waterkit-notification-test --exclude waterkit-sensor-test --exclude waterkit-video-test --exclude waterkit-test-ios --exclude waterkit-test-android	2026-02-20T20:38:49.4245461Z [1m[92m  Downloaded[0m dpi v0.1.2
Coverage	Run cargo llvm-cov --all-features --workspace --lcov --output-path lcov.info --exclude waterkit-audio-test --exclude waterkit-biometric-test --exclude waterkit-camera-test --exclude waterkit-codec-bench --exclude waterkit-dialog-test --exclude waterkit-location-test --exclude waterkit-notification-test --exclude waterkit-sensor-test --exclude waterkit-video-test --exclude waterkit-test-ios --exclude waterkit-test-android	2026-02-20T20:38:49.4257673Z [1m[92m  Downloaded[0m downcast-rs v1.2.1
Coverage	Run cargo llvm-cov --all-features --workspace --lcov --output-path lcov.info --exclude waterkit-audio-test --exclude waterkit-biometric-test --exclude waterkit-camera-test --exclude waterkit-codec-bench --exclude waterkit-dialog-test --exclude waterkit-location-test --exclude waterkit-notification-test --exclude waterkit-sensor-test --exclude waterkit-video-test --exclude waterkit-test-ios --exclude waterkit-test-android	2026-02-20T20:38:49.4273202Z [1m[92m  Downloaded[0m dlib v0.5.2
Coverage	Run cargo llvm-cov --all-features --workspace --lcov --output-path lcov.info --exclude waterkit-audio-test --exclude waterkit-biometric-test --exclude waterkit-camera-test --exclude waterkit-codec-bench --exclude waterkit-dialog-test --exclude waterkit-location-test --exclude waterkit-notification-test --exclude waterkit-sensor-test --exclude waterkit-video-test --exclude waterkit-test-ios --exclude waterkit-test-android	2026-02-20T20:38:49.4284308Z [1m[92m  Downloaded[0m display-info v0.4.8
Coverage	Run cargo llvm-cov --all-features --workspace --lcov --output-path lcov.info --exclude waterkit-audio-test --exclude waterkit-biometric-test --exclude waterkit-camera-test --exclude waterkit-codec-bench --exclude waterkit-dialog-test --exclude waterkit-location-test --exclude waterkit-notification-test --exclude waterkit-sensor-test --exclude waterkit-video-test --exclude waterkit-test-ios --exclude waterkit-test-android	2026-02-20T20:38:49.4304683Z [1m[92m  Downloaded[0m deranged v0.5.6
Coverage	Run cargo llvm-cov --all-features --workspace --lcov --output-path lcov.info --exclude waterkit-audio-test --exclude waterkit-biometric-test --exclude waterkit-camera-test --exclude waterkit-codec-bench --exclude waterkit-dialog-test --exclude waterkit-location-test --exclude waterkit-notification-test --exclude waterkit-sensor-test --exclude waterkit-video-test --exclude waterkit-test-ios --exclude waterkit-test-android	2026-02-20T20:38:49.4320205Z [1m[92m  Downloaded[0m dav1d-sys v0.8.3
Coverage	Run cargo llvm-cov --all-features --workspace --lcov --output-path lcov.info --exclude waterkit-audio-test --exclude waterkit-biometric-test --exclude waterkit-camera-test --exclude waterkit-codec-bench --exclude waterkit-dialog-test --exclude waterkit-location-test --exclude waterkit-notification-test --exclude waterkit-sensor-test --exclude waterkit-video-test --exclude waterkit-test-ios --exclude waterkit-test-android	2026-02-20T20:38:49.4331151Z [1m[92m  Downloaded[0m ash v0.38.0+1.3.281
Coverage	Run cargo llvm-cov --all-features --workspace --lcov --output-path lcov.info --exclude waterkit-audio-test --exclude waterkit-biometric-test --exclude waterkit-camera-test --exclude waterkit-codec-bench --exclude waterkit-dialog-test --exclude waterkit-location-test --exclude waterkit-notification-test --exclude waterkit-sensor-test --exclude waterkit-video-test --exclude waterkit-test-ios --exclude waterkit-test-android	2026-02-20T20:38:49.4510079Z [1m[92m  Downloaded[0m nix v0.26.4
Coverage	Run cargo llvm-cov --all-features --workspace --lcov --output-path lcov.info --exclude waterkit-audio-test --exclude waterkit-biometric-test --exclude waterkit-camera-test --exclude waterkit-codec-bench --exclude waterkit-dialog-test --exclude waterkit-location-test --exclude waterkit-notification-test --exclude waterkit-sensor-test --exclude waterkit-video-test --exclude waterkit-test-ios --exclude waterkit-test-android	2026-02-20T20:38:49.4625561Z [1m[92m  Downloaded[0m linux-keyutils v0.2.4
Coverage	Run cargo llvm-cov --all-features --workspace --lcov --output-path lcov.info --exclude waterkit-audio-test --exclude waterkit-biometric-test --exclude waterkit-camera-test --exclude waterkit-codec-bench --exclude waterkit-dialog-test --exclude waterkit-location-test --exclude waterkit-notification-test --exclude waterkit-sensor-test --exclude waterkit-video-test --exclude waterkit-test-ios --exclude waterkit-test-android	2026-02-20T20:38:49.4648029Z [1m[92m  Downloaded[0m kv-log-macro v1.0.7
Coverage	Run cargo llvm-cov --all-features --workspace --lcov --output-path lcov.info --exclude waterkit-audio-test --exclude waterkit-biometric-test --exclude waterkit-camera-test --exclude waterkit-codec-bench --exclude waterkit-dialog-test --exclude waterkit-location-test --exclude waterkit-notification-test --exclude waterkit-sensor-test --exclude waterkit-video-test --exclude waterkit-test-ios --exclude waterkit-test-android	2026-02-20T20:38:49.4669786Z [1m[92m  Downloaded[0m itertools v0.14.0
Coverage	Run cargo llvm-cov --all-features --workspace --lcov --output-path lcov.info --exclude waterkit-audio-test --exclude waterkit-biometric-test --exclude waterkit-camera-test --exclude waterkit-codec-bench --exclude waterkit-dialog-test --exclude waterkit-location-test --exclude waterkit-notification-test --exclude waterkit-sensor-test --exclude waterkit-video-test --exclude waterkit-test-ios --exclude waterkit-test-android	2026-02-20T20:38:49.4751048Z [1m[92m  Downloaded[0m io-lifetimes v1.0.11
Coverage	Run cargo llvm-cov --all-features --workspace --lcov --output-path lcov.info --exclude waterkit-audio-test --exclude waterkit-biometric-test --exclude waterkit-camera-test --exclude waterkit-codec-bench --exclude waterkit-dialog-test --exclude waterkit-location-test --exclude waterkit-notification-test --exclude waterkit-sensor-test --exclude waterkit-video-test --exclude waterkit-test-ios --exclude waterkit-test-android	2026-02-20T20:38:49.4777327Z [1m[92m  Downloaded[0m image-webp v0.2.4
Coverage	Run cargo llvm-cov --all-features --workspace --lcov --output-path lcov.info --exclude waterkit-audio-test --exclude waterkit-biometric-test --exclude waterkit-camera-test --exclude waterkit-codec-bench --exclude waterkit-dialog-test --exclude waterkit-location-test --exclude waterkit-notification-test --exclude waterkit-sensor-test --exclude waterkit-video-test --exclude waterkit-test-ios --exclude waterkit-test-android	2026-02-20T20:38:49.4802351Z [1m[92m  Downloaded[0m icu_provider v2.1.1
Coverage	Run cargo llvm-cov --all-features --workspace --lcov --output-path lcov.info --exclude waterkit-audio-test --exclude waterkit-biometric-test --exclude waterkit-camera-test --exclude waterkit-codec-bench --exclude waterkit-dialog-test --exclude waterkit-location-test --exclude waterkit-notification-test --exclude waterkit-sensor-test --exclude waterkit-video-test --exclude waterkit-test-ios --exclude waterkit-test-android	2026-02-20T20:38:49.4831774Z [1m[92m  Downloaded[0m http-body v1.0.1
Coverage	Run cargo llvm-cov --all-features --workspace --lcov --output-path lcov.info --exclude waterkit-audio-test --exclude waterkit-biometric-test --exclude waterkit-camera-test --exclude waterkit-codec-bench --exclude waterkit-dialog-test --exclude waterkit-location-test --exclude waterkit-notification-test --exclude waterkit-sensor-test --exclude waterkit-video-test --exclude waterkit-test-ios --exclude waterkit-test-android	2026-02-20T20:38:49.4843187Z [1m[92m  Downloaded[0m hexf-parse v0.2.1
Coverage	Run cargo llvm-cov --all-features --workspace --lcov --output-path lcov.info --exclude waterkit-audio-test --exclude waterkit-biometric-test --exclude waterkit-camera-test --exclude waterkit-codec-bench --exclude waterkit-dialog-test --exclude waterkit-location-test --exclude waterkit-notification-test --exclude waterkit-sensor-test --exclude waterkit-video-test --exclude waterkit-test-ios --exclude waterkit-test-android	2026-02-20T20:38:49.4850722Z [1m[92m  Downloaded[0m heck v0.5.0
Coverage	Run cargo llvm-cov --all-features --workspace --lcov --output-path lcov.info --exclude waterkit-audio-test --exclude waterkit-biometric-test --exclude waterkit-camera-test --exclude waterkit-codec-bench --exclude waterkit-dialog-test --exclude waterkit-location-test --exclude waterkit-notification-test --exclude waterkit-sensor-test --exclude waterkit-video-test --exclude waterkit-test-ios --exclude waterkit-test-android	2026-02-20T20:38:49.4866522Z [1m[92m  Downloaded[0m half v2.7.1
Coverage	Run cargo llvm-cov --all-features --workspace --lcov --output-path lcov.info --exclude waterkit-audio-test --exclude waterkit-biometric-test --exclude waterkit-camera-test --exclude waterkit-codec-bench --exclude waterkit-dialog-test --exclude waterkit-location-test --exclude waterkit-notification-test --exclude waterkit-sensor-test --exclude waterkit-video-test --exclude waterkit-test-ios --exclude waterkit-test-android	2026-02-20T20:38:49.4897118Z [1m[92m  Downloaded[0m gpu-descriptor-types v0.2.0
Coverage	Run cargo llvm-cov --all-features --workspace --lcov --output-path lcov.info --exclude waterkit-audio-test --exclude waterkit-biometric-test --exclude waterkit-camera-test --exclude waterkit-codec-bench --exclude waterkit-dialog-test --exclude waterkit-location-test --exclude waterkit-notification-test --exclude waterkit-sensor-test --exclude waterkit-video-test --exclude waterkit-test-ios --exclude waterkit-test-android	2026-02-20T20:38:49.4905668Z [1m[92m  Downloaded[0m gpu-allocator v0.28.0
Coverage	Run cargo llvm-cov --all-features --workspace --lcov --output-path lcov.info --exclude waterkit-audio-test --exclude waterkit-biometric-test --exclude waterkit-camera-test --exclude waterkit-codec-bench --exclude waterkit-dialog-test --exclude waterkit-location-test --exclude waterkit-notification-test --exclude waterkit-sensor-test --exclude waterkit-video-test --exclude waterkit-test-ios --exclude waterkit-test-android	2026-02-20T20:38:49.4939193Z [1m[92m  Downloaded[0m gif v0.13.3
Coverage	Run cargo llvm-cov --all-features --workspace --lcov --output-path lcov.info --exclude waterkit-audio-test --exclude waterkit-biometric-test --exclude waterkit-camera-test --exclude waterkit-codec-bench --exclude waterkit-dialog-test --exclude waterkit-location-test --exclude waterkit-notification-test --exclude waterkit-sensor-test --exclude waterkit-video-test --exclude waterkit-test-ios --exclude waterkit-test-android	2026-02-20T20:38:49.4958895Z [1m[92m  Downloaded[0m getrandom v0.2.17
Coverage	Run cargo llvm-cov --all-features --workspace --lcov --output-path lcov.info --exclude waterkit-audio-test --exclude waterkit-biometric-test --exclude waterkit-camera-test --exclude waterkit-codec-bench --exclude waterkit-dialog-test --exclude waterkit-location-test --exclude waterkit-notification-test --exclude waterkit-sensor-test --exclude waterkit-video-test --exclude waterkit-test-ios --exclude waterkit-test-android	2026-02-20T20:38:49.4993218Z [1m[92m  Downloaded[0m futures-task v0.3.32
Coverage	Run cargo llvm-cov --all-features --workspace --lcov --output-path lcov.info --exclude waterkit-audio-test --exclude waterkit-biometric-test --exclude waterkit-camera-test --exclude waterkit-codec-bench --exclude waterkit-dialog-test --exclude waterkit-location-test --exclude waterkit-notification-test --exclude waterkit-sensor-test --exclude waterkit-video-test --exclude waterkit-test-ios --exclude waterkit-test-android	2026-02-20T20:38:49.5007081Z [1m[92m  Downloaded[0m futures-sink v0.3.32
Coverage	Run cargo llvm-cov --all-features --workspace --lcov --output-path lcov.info --exclude waterkit-audio-test --exclude waterkit-biometric-test --exclude waterkit-camera-test --exclude waterkit-codec-bench --exclude waterkit-dialog-test --exclude waterkit-location-test --exclude waterkit-notification-test --exclude waterkit-sensor-test --exclude waterkit-video-test --exclude waterkit-test-ios --exclude waterkit-test-android	2026-02-20T20:38:49.5017009Z [1m[92m  Downloaded[0m futures-macro v0.3.32
Coverage	Run cargo llvm-cov --all-features --workspace --lcov --output-path lcov.info --exclude waterkit-audio-test --exclude waterkit-biometric-test --exclude waterkit-camera-test --exclude waterkit-codec-bench --exclude waterkit-dialog-test --exclude waterkit-location-test --exclude waterkit-notification-test --exclude waterkit-sensor-test --exclude waterkit-video-test --exclude waterkit-test-ios --exclude waterkit-test-android	2026-02-20T20:38:49.5029191Z [1m[92m  Downloaded[0m form_urlencoded v1.2.2
Coverage	Run cargo llvm-cov --all-features --workspace --lcov --output-path lcov.info --exclude waterkit-audio-test --exclude waterkit-biometric-test --exclude waterkit-camera-test --exclude waterkit-codec-bench --exclude waterkit-dialog-test --exclude waterkit-location-test --exclude waterkit-notification-test --exclude waterkit-sensor-test --exclude waterkit-video-test --exclude waterkit-test-ios --exclude waterkit-test-android	2026-02-20T20:38:49.5038656Z [1m[92m  Downloaded[0m foldhash v0.2.0
Coverage	Run cargo llvm-cov --all-features --workspace --lcov --output-path lcov.info --exclude waterkit-audio-test --exclude waterkit-biometric-test --exclude waterkit-camera-test --exclude waterkit-codec-bench --exclude waterkit-dialog-test --exclude waterkit-location-test --exclude waterkit-notification-test --exclude waterkit-sensor-test --exclude waterkit-video-test --exclude waterkit-test-ios --exclude waterkit-test-android	2026-02-20T20:38:49.5053026Z [1m[92m  Downloaded[0m fax v0.2.6
Coverage	Run cargo llvm-cov --all-features --workspace --lcov --output-path lcov.info --exclude waterkit-audio-test --exclude waterkit-biometric-test --exclude waterkit-camera-test --exclude waterkit-codec-bench --exclude waterkit-dialog-test --exclude waterkit-location-test --exclude waterkit-notification-test --exclude waterkit-sensor-test --exclude waterkit-video-test --exclude waterkit-test-ios --exclude waterkit-test-android	2026-02-20T20:38:49.5070539Z [1m[92m  Downloaded[0m eyre v0.6.12
Coverage	Run cargo llvm-cov --all-features --workspace --lcov --output-path lcov.info --exclude waterkit-audio-test --exclude waterkit-biometric-test --exclude waterkit-camera-test --exclude waterkit-codec-bench --exclude waterkit-dialog-test --exclude waterkit-location-test --exclude waterkit-notification-test --exclude waterkit-sensor-test --exclude waterkit-video-test --exclude waterkit-test-ios --exclude waterkit-test-android	2026-02-20T20:38:49.5111240Z [1m[92m  Downloaded[0m executor-core v0.7.1
Coverage	Run cargo llvm-cov --all-features --workspace --lcov --output-path lcov.info --exclude waterkit-audio-test --exclude waterkit-biometric-test --exclude waterkit-camera-test --exclude waterkit-codec-bench --exclude waterkit-dialog-test --exclude waterkit-location-test --exclude waterkit-notification-test --exclude waterkit-sensor-test --exclude waterkit-video-test --exclude waterkit-test-ios --exclude waterkit-test-android	2026-02-20T20:38:49.5134464Z [1m[92m  Downloaded[0m event-listener v2.5.3
Coverage	Run cargo llvm-cov --all-features --workspace --lcov --output-path lcov.info --exclude waterkit-audio-test --exclude waterkit-biometric-test --exclude waterkit-camera-test --exclude waterkit-codec-bench --exclude waterkit-dialog-test --exclude waterkit-location-test --exclude waterkit-notification-test --exclude waterkit-sensor-test --exclude waterkit-video-test --exclude waterkit-test-ios --exclude waterkit-test-android	2026-02-20T20:38:49.5148854Z [1m[92m  Downloaded[0m errno v0.3.14
Coverage	Run cargo llvm-cov --all-features --workspace --lcov --output-path lcov.info --exclude waterkit-audio-test --exclude waterkit-biometric-test --exclude waterkit-camera-test --exclude waterkit-codec-bench --exclude waterkit-dialog-test --exclude waterkit-location-test --exclude waterkit-notification-test --exclude waterkit-sensor-test --exclude waterkit-video-test --exclude waterkit-test-ios --exclude waterkit-test-android	2026-02-20T20:38:49.5167007Z [1m[92m  Downloaded[0m enumflags2_derive v0.7.12
Coverage	Run cargo llvm-cov --all-features --workspace --lcov --output-path lcov.info --exclude waterkit-audio-test --exclude waterkit-biometric-test --exclude waterkit-camera-test --exclude waterkit-codec-bench --exclude waterkit-dialog-test --exclude waterkit-location-test --exclude waterkit-notification-test --exclude waterkit-sensor-test --exclude waterkit-video-test --exclude waterkit-test-ios --exclude waterkit-test-android	2026-02-20T20:38:49.5176457Z [1m[92m  Downloaded[0m digest v0.10.7
Coverage	Run cargo llvm-cov --all-features --workspace --lcov --output-path lcov.info --exclude waterkit-audio-test --exclude waterkit-biometric-test --exclude waterkit-camera-test --exclude waterkit-codec-bench --exclude waterkit-dialog-test --exclude waterkit-location-test --exclude waterkit-notification-test --exclude waterkit-sensor-test --exclude waterkit-video-test --exclude waterkit-test-ios --exclude waterkit-test-android	2026-02-20T20:38:49.5197742Z [1m[92m  Downloaded[0m crossbeam-deque v0.8.6
Coverage	Run cargo llvm-cov --all-features --workspace --lcov --output-path lcov.info --exclude waterkit-audio-test --exclude waterkit-biometric-test --exclude waterkit-camera-test --exclude waterkit-codec-bench --exclude waterkit-dialog-test --exclude waterkit-location-test --exclude waterkit-notification-test --exclude waterkit-sensor-test --exclude waterkit-video-test --exclude waterkit-test-ios --exclude waterkit-test-android	2026-02-20T20:38:49.5213498Z [1m[92m  Downloaded[0m crossbeam-channel v0.5.15
Coverage	Run cargo llvm-cov --all-features --workspace --lcov --output-path lcov.info --exclude waterkit-audio-test --exclude waterkit-biometric-test --exclude waterkit-camera-test --exclude waterkit-codec-bench --exclude waterkit-dialog-test --exclude waterkit-location-test --exclude waterkit-notification-test --exclude waterkit-sensor-test --exclude waterkit-video-test --exclude waterkit-test-ios --exclude waterkit-test-android	2026-02-20T20:38:49.5261039Z [1m[92m  Downloaded[0m jobserver v0.1.34
Coverage	Run cargo llvm-cov --all-features --workspace --lcov --output-path lcov.info --exclude waterkit-audio-test --exclude waterkit-biometric-test --exclude waterkit-camera-test --exclude waterkit-codec-bench --exclude waterkit-dialog-test --exclude waterkit-location-test --exclude waterkit-notification-test --exclude waterkit-sensor-test --exclude waterkit-video-test --exclude waterkit-test-ios --exclude waterkit-test-android	2026-02-20T20:38:49.5285260Z [1m[92m  Downloaded[0m jiff-static v0.2.20
Coverage	Run cargo llvm-cov --all-features --workspace --lcov --output-path lcov.info --exclude waterkit-audio-test --exclude waterkit-biometric-test --exclude waterkit-camera-test --exclude waterkit-codec-bench --exclude waterkit-dialog-test --exclude waterkit-location-test --exclude waterkit-notification-test --exclude waterkit-sensor-test --exclude waterkit-video-test --exclude waterkit-test-ios --exclude waterkit-test-android	2026-02-20T20:38:49.5314831Z [1m[92m  Downloaded[0m icu_properties v2.1.2
Coverage	Run cargo llvm-cov --all-features --workspace --lcov --output-path lcov.info --exclude waterkit-audio-test --exclude waterkit-biometric-test --exclude waterkit-camera-test --exclude waterkit-codec-bench --exclude waterkit-dialog-test --exclude waterkit-location-test --exclude waterkit-notification-test --exclude waterkit-sensor-test --exclude waterkit-video-test --exclude waterkit-test-ios --exclude waterkit-test-android	2026-02-20T20:38:49.5339280Z [1m[92m  Downloaded[0m futures-timer v3.0.3
Coverage	Run cargo llvm-cov --all-features --workspace --lcov --output-path lcov.info --exclude waterkit-audio-test --exclude waterkit-biometric-test --exclude waterkit-camera-test --exclude waterkit-codec-bench --exclude waterkit-dialog-test --exclude waterkit-location-test --exclude waterkit-notification-test --exclude waterkit-sensor-test --exclude waterkit-video-test --exclude waterkit-test-ios --exclude waterkit-test-android	2026-02-20T20:38:49.5360835Z [1m[92m  Downloaded[0m futures-executor v0.3.32
Coverage	Run cargo llvm-cov --all-features --workspace --lcov --output-path lcov.info --exclude waterkit-audio-test --exclude waterkit-biometric-test --exclude waterkit-camera-test --exclude waterkit-codec-bench --exclude waterkit-dialog-test --exclude waterkit-location-test --exclude waterkit-notification-test --exclude waterkit-sensor-test --exclude waterkit-video-test --exclude waterkit-test-ios --exclude waterkit-test-android	2026-02-20T20:38:49.5377270Z [1m[92m  Downloaded[0m is-docker v0.2.0
Coverage	Run cargo llvm-cov --all-features --workspace --lcov --output-path lcov.info --exclude waterkit-audio-test --exclude waterkit-biometric-test --exclude waterkit-camera-test --exclude waterkit-codec-bench --exclude waterkit-dialog-test --exclude waterkit-location-test --exclude waterkit-notification-test --exclude waterkit-sensor-test --exclude waterkit-video-test --exclude waterkit-test-ios --exclude waterkit-test-android	2026-02-20T20:38:49.5389620Z [1m[92m  Downloaded[0m ipnet v2.11.0
Coverage	Run cargo llvm-cov --all-features --workspace --lcov --output-path lcov.info --exclude waterkit-audio-test --exclude waterkit-biometric-test --exclude waterkit-camera-test --exclude waterkit-codec-bench --exclude waterkit-dialog-test --exclude waterkit-location-test --exclude waterkit-notification-test --exclude waterkit-sensor-test --exclude waterkit-video-test --exclude waterkit-test-ios --exclude waterkit-test-android	2026-02-20T20:38:49.5408095Z [1m[92m  Downloaded[0m httpdate v1.0.3
Coverage	Run cargo llvm-cov --all-features --workspace --lcov --output-path lcov.info --exclude waterkit-audio-test --exclude waterkit-biometric-test --exclude waterkit-camera-test --exclude waterkit-codec-bench --exclude waterkit-dialog-test --exclude waterkit-location-test --exclude waterkit-notification-test --exclude waterkit-sensor-test --exclude waterkit-video-test --exclude waterkit-test-ios --exclude waterkit-test-android	2026-02-20T20:38:49.5422454Z [1m[92m  Downloaded[0m gethostname v1.1.0
Coverage	Run cargo llvm-cov --all-features --workspace --lcov --output-path lcov.info --exclude waterkit-audio-test --exclude waterkit-biometric-test --exclude waterkit-camera-test --exclude waterkit-codec-bench --exclude waterkit-dialog-test --exclude waterkit-location-test --exclude waterkit-notification-test --exclude waterkit-sensor-test --exclude waterkit-video-test --exclude waterkit-test-ios --exclude waterkit-test-android	2026-02-20T20:38:49.5434669Z [1m[92m  Downloaded[0m dasp_sample v0.11.0
Coverage	Run cargo llvm-cov --all-features --workspace --lcov --output-path lcov.info --exclude waterkit-audio-test --exclude waterkit-biometric-test --exclude waterkit-camera-test --exclude waterkit-codec-bench --exclude waterkit-dialog-test --exclude waterkit-location-test --exclude waterkit-notification-test --exclude waterkit-sensor-test --exclude waterkit-video-test --exclude waterkit-test-ios --exclude waterkit-test-android	2026-02-20T20:38:49.5447131Z [1m[92m  Downloaded[0m cursor-icon v1.2.0
Coverage	Run cargo llvm-cov --all-features --workspace --lcov --output-path lcov.info --exclude waterkit-audio-test --exclude waterkit-biometric-test --exclude waterkit-camera-test --exclude waterkit-codec-bench --exclude waterkit-dialog-test --exclude waterkit-location-test --exclude waterkit-notification-test --exclude waterkit-sensor-test --exclude waterkit-video-test --exclude waterkit-test-ios --exclude waterkit-test-android	2026-02-20T20:38:49.5461683Z [1m[92m  Downloaded[0m crossbeam-utils v0.8.21
Coverage	Run cargo llvm-cov --all-features --workspace --lcov --output-path lcov.info --exclude waterkit-audio-test --exclude waterkit-biometric-test --exclude waterkit-camera-test --exclude waterkit-codec-bench --exclude waterkit-dialog-test --exclude waterkit-location-test --exclude waterkit-notification-test --exclude waterkit-sensor-test --exclude waterkit-video-test --exclude waterkit-test-ios --exclude waterkit-test-android	2026-02-20T20:38:49.5493125Z [1m[92m  Downloaded[0m crossbeam-epoch v0.9.18
Coverage	Run cargo llvm-cov --all-features --workspace --lcov --output-path lcov.info --exclude waterkit-audio-test --exclude waterkit-biometric-test --exclude waterkit-camera-test --exclude waterkit-codec-bench --exclude waterkit-dialog-test --exclude waterkit-location-test --exclude waterkit-notification-test --exclude waterkit-sensor-test --exclude waterkit-video-test --exclude waterkit-test-ios --exclude waterkit-test-android	2026-02-20T20:38:49.5541483Z [1m[92m  Downloaded[0m cpal v0.15.3
Coverage	Run cargo llvm-cov --all-features --workspace --lcov --output-path lcov.info --exclude waterkit-audio-test --exclude waterkit-biometric-test --exclude waterkit-camera-test --exclude waterkit-codec-bench --exclude waterkit-dialog-test --exclude waterkit-location-test --exclude waterkit-notification-test --exclude waterkit-sensor-test --exclude waterkit-video-test --exclude waterkit-test-ios --exclude waterkit-test-android	2026-02-20T20:38:49.5624527Z [1m[92m  Downloaded[0m concurrent-queue v2.5.0
Coverage	Run cargo llvm-cov --all-features --workspace --lcov --output-path lcov.info --exclude waterkit-audio-test --exclude waterkit-biometric-test --exclude waterkit-camera-test --exclude waterkit-codec-bench --exclude waterkit-dialog-test --exclude waterkit-location-test --exclude waterkit-notification-test --exclude waterkit-sensor-test --exclude waterkit-video-test --exclude waterkit-test-ios --exclude waterkit-test-android	2026-02-20T20:38:49.5648496Z [1m[92m  Downloaded[0m colorchoice v1.0.4
Coverage	Run cargo llvm-cov --all-features --workspace --lcov --output-path lcov.info --exclude waterkit-audio-test --exclude waterkit-biometric-test --exclude waterkit-camera-test --exclude waterkit-codec-bench --exclude waterkit-dialog-test --exclude waterkit-location-test --exclude waterkit-notification-test --exclude waterkit-sensor-test --exclude waterkit-video-test --exclude waterkit-test-ios --exclude waterkit-test-android	2026-02-20T20:38:49.5662805Z [1m[92m  Downloaded[0m color_quant v1.1.0
Coverage	Run cargo llvm-cov --all-features --workspace --lcov --output-path lcov.info --exclude waterkit-audio-test --exclude waterkit-biometric-test --exclude waterkit-camera-test --exclude waterkit-codec-bench --exclude waterkit-dialog-test --exclude waterkit-location-test --exclude waterkit-notification-test --exclude waterkit-sensor-test --exclude waterkit-video-test --exclude waterkit-test-ios --exclude waterkit-test-android	2026-02-20T20:38:49.5677122Z [1m[92m  Downloaded[0m codespan-reporting v0.12.0
Coverage	Run cargo llvm-cov --all-features --workspace --lcov --output-path lcov.info --exclude waterkit-audio-test --exclude waterkit-biometric-test --exclude waterkit-camera-test --exclude waterkit-codec-bench --exclude waterkit-dialog-test --exclude waterkit-location-test --exclude waterkit-notification-test --exclude waterkit-sensor-test --exclude waterkit-video-test --exclude waterkit-test-ios --exclude waterkit-test-android	2026-02-20T20:38:49.5795196Z [1m[92m  Downloaded[0m async-tungstenite v0.32.1
Coverage	Run cargo llvm-cov --all-features --workspace --lcov --output-path lcov.info --exclude waterkit-audio-test --exclude waterkit-biometric-test --exclude waterkit-camera-test --exclude waterkit-codec-bench --exclude waterkit-dialog-test --exclude waterkit-location-test --exclude waterkit-notification-test --exclude waterkit-sensor-test --exclude waterkit-video-test --exclude waterkit-test-ios --exclude waterkit-test-android	2026-02-20T20:38:49.5842306Z [1m[92m  Downloaded[0m async-global-executor v2.4.1
Coverage	Run cargo llvm-cov --all-features --workspace --lcov --output-path lcov.info --exclude waterkit-audio-test --exclude waterkit-biometric-test --exclude waterkit-camera-test --exclude waterkit-codec-bench --exclude waterkit-dialog-test --exclude waterkit-location-test --exclude waterkit-notification-test --exclude waterkit-sensor-test --exclude waterkit-video-test --exclude waterkit-test-ios --exclude waterkit-test-android	2026-02-20T20:38:49.5867519Z [1m[92m  Downloaded[0m ashpd v0.11.1
Coverage	Run cargo llvm-cov --all-features --workspace --lcov --output-path lcov.info --exclude waterkit-audio-test --exclude waterkit-biometric-test --exclude waterkit-camera-test --exclude waterkit-codec-bench --exclude waterkit-dialog-test --exclude waterkit-location-test --exclude waterkit-notification-test --exclude waterkit-sensor-test --exclude waterkit-video-test --exclude waterkit-test-ios --exclude waterkit-test-android	2026-02-20T20:38:49.5951743Z [1m[92m  Downloaded[0m futures v0.3.32
Coverage	Run cargo llvm-cov --all-features --workspace --lcov --output-path lcov.info --exclude waterkit-audio-test --exclude waterkit-biometric-test --exclude waterkit-camera-test --exclude waterkit-codec-bench --exclude waterkit-dialog-test --exclude waterkit-location-test --exclude waterkit-notification-test --exclude waterkit-sensor-test --exclude waterkit-video-test --exclude waterkit-test-ios --exclude waterkit-test-android	2026-02-20T20:38:49.6013286Z [1m[92m  Downloaded[0m encoding_rs v0.8.35
Coverage	Run cargo llvm-cov --all-features --workspace --lcov --output-path lcov.info --exclude waterkit-audio-test --exclude waterkit-biometric-test --exclude waterkit-camera-test --exclude waterkit-codec-bench --exclude waterkit-dialog-test --exclude waterkit-location-test --exclude waterkit-notification-test --exclude waterkit-sensor-test --exclude waterkit-video-test --exclude waterkit-test-ios --exclude waterkit-test-android	2026-02-20T20:38:49.6228518Z [1m[92m  Downloaded[0m dirs-sys v0.5.0
Coverage	Run cargo llvm-cov --all-features --workspace --lcov --output-path lcov.info --exclude waterkit-audio-test --exclude waterkit-biometric-test --exclude waterkit-camera-test --exclude waterkit-codec-bench --exclude waterkit-dialog-test --exclude waterkit-location-test --exclude waterkit-notification-test --exclude waterkit-sensor-test --exclude waterkit-video-test --exclude waterkit-test-ios --exclude waterkit-test-android	2026-02-20T20:38:49.6241583Z [1m[92m  Downloaded[0m data-encoding v2.10.0
Coverage	Run cargo llvm-cov --all-features --workspace --lcov --output-path lcov.info --exclude waterkit-audio-test --exclude waterkit-biometric-test --exclude waterkit-camera-test --exclude waterkit-codec-bench --exclude waterkit-dialog-test --exclude waterkit-location-test --exclude waterkit-notification-test --exclude waterkit-sensor-test --exclude waterkit-video-test --exclude waterkit-test-ios --exclude waterkit-test-android	2026-02-20T20:38:49.6253142Z [1m[92m  Downloaded[0m cpufeatures v0.2.17
Coverage	Run cargo llvm-cov --all-features --workspace --lcov --output-path lcov.info --exclude waterkit-audio-test --exclude waterkit-biometric-test --exclude waterkit-camera-test --exclude waterkit-codec-bench --exclude waterkit-dialog-test --exclude waterkit-location-test --exclude waterkit-notification-test --exclude waterkit-sensor-test --exclude waterkit-video-test --exclude waterkit-test-ios --exclude waterkit-test-android	2026-02-20T20:38:49.6269677Z [1m[92m  Downloaded[0m core2 v0.4.0
Coverage	Run cargo llvm-cov --all-features --workspace --lcov --output-path lcov.info --exclude waterkit-audio-test --exclude waterkit-biometric-test --exclude waterkit-camera-test --exclude waterkit-codec-bench --exclude waterkit-dialog-test --exclude waterkit-location-test --exclude waterkit-notification-test --exclude waterkit-sensor-test --exclude waterkit-video-test --exclude waterkit-test-ios --exclude waterkit-test-android	2026-02-20T20:38:49.6292727Z [1m[92m  Downloaded[0m console v0.15.11
Coverage	Run cargo llvm-cov --all-features --workspace --lcov --output-path lcov.info --exclude waterkit-audio-test --exclude waterkit-biometric-test --exclude waterkit-camera-test --exclude waterkit-codec-bench --exclude waterkit-dialog-test --exclude waterkit-location-test --exclude waterkit-notification-test --exclude waterkit-sensor-test --exclude waterkit-video-test --exclude waterkit-test-ios --exclude waterkit-test-android	2026-02-20T20:38:49.6327648Z [1m[92m  Downloaded[0m cmake v0.1.57
Coverage	Run cargo llvm-cov --all-features --workspace --lcov --output-path lcov.info --exclude waterkit-audio-test --exclude waterkit-biometric-test --exclude waterkit-camera-test --exclude waterkit-codec-bench --exclude waterkit-dialog-test --exclude waterkit-location-test --exclude waterkit-notification-test --exclude waterkit-sensor-test --exclude waterkit-video-test --exclude waterkit-test-ios --exclude waterkit-test-android	2026-02-20T20:38:49.6343546Z [1m[92m  Downloaded[0m clap v4.5.60
Coverage	Run cargo llvm-cov --all-features --workspace --lcov --output-path lcov.info --exclude waterkit-audio-test --exclude waterkit-biometric-test --exclude waterkit-camera-test --exclude waterkit-codec-bench --exclude waterkit-dialog-test --exclude waterkit-location-test --exclude waterkit-notification-test --exclude waterkit-sensor-test --exclude waterkit-video-test --exclude waterkit-test-ios --exclude waterkit-test-android	2026-02-20T20:38:49.6456396Z [1m[92m  Downloaded[0m cexpr v0.6.0
Coverage	Run cargo llvm-cov --all-features --workspace --lcov --output-path lcov.info --exclude waterkit-audio-test --exclude waterkit-biometric-test --exclude waterkit-camera-test --exclude waterkit-codec-bench --exclude waterkit-dialog-test --exclude waterkit-location-test --exclude waterkit-notification-test --exclude waterkit-sensor-test --exclude waterkit-video-test --exclude waterkit-test-ios --exclude waterkit-test-android	2026-02-20T20:38:49.6478840Z [1m[92m  Downloaded[0m cc v1.2.56
Coverage	Run cargo llvm-cov --all-features --workspace --lcov --output-path lcov.info --exclude waterkit-audio-test --exclude waterkit-biometric-test --exclude waterkit-camera-test --exclude waterkit-codec-bench --exclude waterkit-dialog-test --exclude waterkit-location-test --exclude waterkit-notification-test --exclude waterkit-sensor-test --exclude waterkit-video-test --exclude waterkit-test-ios --exclude waterkit-test-android	2026-02-20T20:38:49.6511725Z [1m[92m  Downloaded[0m bytes v1.11.1
Coverage	Run cargo llvm-cov --all-features --workspace --lcov --output-path lcov.info --exclude waterkit-audio-test --exclude waterkit-biometric-test --exclude waterkit-camera-test --exclude waterkit-codec-bench --exclude waterkit-dialog-test --exclude waterkit-location-test --exclude waterkit-notification-test --exclude waterkit-sensor-test --exclude waterkit-video-test --exclude waterkit-test-ios --exclude waterkit-test-android	2026-02-20T20:38:49.6561017Z [1m[92m  Downloaded[0m built v0.8.0
Coverage	Run cargo llvm-cov --all-features --workspace --lcov --output-path lcov.info --exclude waterkit-audio-test --exclude waterkit-biometric-test --exclude waterkit-camera-test --exclude waterkit-codec-bench --exclude waterkit-dialog-test --exclude waterkit-location-test --exclude waterkit-notification-test --exclude waterkit-sensor-test --exclude waterkit-video-test --exclude waterkit-test-ios --exclude waterkit-test-android	2026-02-20T20:38:49.6582470Z [1m[92m  Downloaded[0m av1-grain v0.2.5
Coverage	Run cargo llvm-cov --all-features --workspace --lcov --output-path lcov.info --exclude waterkit-audio-test --exclude waterkit-biometric-test --exclude waterkit-camera-test --exclude waterkit-codec-bench --exclude waterkit-dialog-test --exclude waterkit-location-test --exclude waterkit-notification-test --exclude waterkit-sensor-test --exclude waterkit-video-test --exclude waterkit-test-ios --exclude waterkit-test-android	2026-02-20T20:38:49.6609957Z [1m[92m  Downloaded[0m autocfg v1.5.0
Coverage	Run cargo llvm-cov --all-features --workspace --lcov --output-path lcov.info --exclude waterkit-audio-test --exclude waterkit-biometric-test --exclude waterkit-camera-test --exclude waterkit-codec-bench --exclude waterkit-dialog-test --exclude waterkit-location-test --exclude waterkit-notification-test --exclude waterkit-sensor-test --exclude waterkit-video-test --exclude waterkit-test-ios --exclude waterkit-test-android	2026-02-20T20:38:49.6632702Z [1m[92m  Downloaded[0m as-raw-xcb-connection v1.0.1
Coverage	Run cargo llvm-cov --all-features --workspace --lcov --output-path lcov.info --exclude waterkit-audio-test --exclude waterkit-biometric-test --exclude waterkit-camera-test --exclude waterkit-codec-bench --exclude waterkit-dialog-test --exclude waterkit-location-test --exclude waterkit-notification-test --exclude waterkit-sensor-test --exclude waterkit-video-test --exclude waterkit-test-ios --exclude waterkit-test-android	2026-02-20T20:38:49.6641832Z [1m[92m  Downloaded[0m arrayvec v0.7.6
Coverage	Run cargo llvm-cov --all-features --workspace --lcov --output-path lcov.info --exclude waterkit-audio-test --exclude waterkit-biometric-test --exclude waterkit-camera-test --exclude waterkit-codec-bench --exclude waterkit-dialog-test --exclude waterkit-location-test --exclude waterkit-notification-test --exclude waterkit-sensor-test --exclude waterkit-video-test --exclude waterkit-test-ios --exclude waterkit-test-android	2026-02-20T20:38:49.6665676Z [1m[92m  Downloaded[0m arrayref v0.3.9
Coverage	Run cargo llvm-cov --all-features --workspace --lcov --output-path lcov.info --exclude waterkit-audio-test --exclude waterkit-biometric-test --exclude waterkit-camera-test --exclude waterkit-codec-bench --exclude waterkit-dialog-test --exclude waterkit-location-test --exclude waterkit-notification-test --exclude waterkit-sensor-test --exclude waterkit-video-test --exclude waterkit-test-ios --exclude waterkit-test-android	2026-02-20T20:38:49.6680980Z [1m[92m  Downloaded[0m anyhow v1.0.102
Coverage	Run cargo llvm-cov --all-features --workspace --lcov --output-path lcov.info --exclude waterkit-audio-test --exclude waterkit-biometric-test --exclude waterkit-camera-test --exclude waterkit-codec-bench --exclude waterkit-dialog-test --exclude waterkit-location-test --exclude waterkit-notification-test --exclude waterkit-sensor-test --exclude waterkit-video-test --exclude waterkit-test-ios --exclude waterkit-test-android	2026-02-20T20:38:49.6742768Z [1m[92m  Downloaded[0m anstyle-query v1.1.5
Coverage	Run cargo llvm-cov --all-features --workspace --lcov --output-path lcov.info --exclude waterkit-audio-test --exclude waterkit-biometric-test --exclude waterkit-camera-test --exclude waterkit-codec-bench --exclude waterkit-dialog-test --exclude waterkit-location-test --exclude waterkit-notification-test --exclude waterkit-sensor-test --exclude waterkit-video-test --exclude waterkit-test-ios --exclude waterkit-test-android	2026-02-20T20:38:49.6758953Z [1m[92m  Downloaded[0m crossbeam v0.8.4
Coverage	Run cargo llvm-cov --all-features --workspace --lcov --output-path lcov.info --exclude waterkit-audio-test --exclude waterkit-biometric-test --exclude waterkit-camera-test --exclude waterkit-codec-bench --exclude waterkit-dialog-test --exclude waterkit-location-test --exclude waterkit-notification-test --exclude waterkit-sensor-test --exclude waterkit-video-test --exclude waterkit-test-ios --exclude waterkit-test-android	2026-02-20T20:38:49.6774662Z [1m[92m  Downloaded[0m crc32fast v1.5.0
Coverage	Run cargo llvm-cov --all-features --workspace --lcov --output-path lcov.info --exclude waterkit-audio-test --exclude waterkit-biometric-test --exclude waterkit-camera-test --exclude waterkit-codec-bench --exclude waterkit-dialog-test --exclude waterkit-location-test --exclude waterkit-notification-test --exclude waterkit-sensor-test --exclude waterkit-video-test --exclude waterkit-test-ios --exclude waterkit-test-android	2026-02-20T20:38:49.6796793Z [1m[92m  Downloaded[0m cookie v0.18.1
Coverage	Run cargo llvm-cov --all-features --workspace --lcov --output-path lcov.info --exclude waterkit-audio-test --exclude waterkit-biometric-test --exclude waterkit-camera-test --exclude waterkit-codec-bench --exclude waterkit-dialog-test --exclude waterkit-location-test --exclude waterkit-notification-test --exclude waterkit-sensor-test --exclude waterkit-video-test --exclude waterkit-test-ios --exclude waterkit-test-android	2026-02-20T20:38:49.6839006Z [1m[92m  Downloaded[0m claxon v0.4.3
Coverage	Run cargo llvm-cov --all-features --workspace --lcov --output-path lcov.info --exclude waterkit-audio-test --exclude waterkit-biometric-test --exclude waterkit-camera-test --exclude waterkit-codec-bench --exclude waterkit-dialog-test --exclude waterkit-location-test --exclude waterkit-notification-test --exclude waterkit-sensor-test --exclude waterkit-video-test --exclude waterkit-test-ios --exclude waterkit-test-android	2026-02-20T20:38:49.6891999Z [1m[92m  Downloaded[0m clap_derive v4.5.55
Coverage	Run cargo llvm-cov --all-features --workspace --lcov --output-path lcov.info --exclude waterkit-audio-test --exclude waterkit-biometric-test --exclude waterkit-camera-test --exclude waterkit-codec-bench --exclude waterkit-dialog-test --exclude waterkit-location-test --exclude waterkit-notification-test --exclude waterkit-sensor-test --exclude waterkit-video-test --exclude waterkit-test-ios --exclude waterkit-test-android	2026-02-20T20:38:49.6917398Z [1m[92m  Downloaded[0m clap_complete v4.5.66
Coverage	Run cargo llvm-cov --all-features --workspace --lcov --output-path lcov.info --exclude waterkit-audio-test --exclude waterkit-biometric-test --exclude waterkit-camera-test --exclude waterkit-codec-bench --exclude waterkit-dialog-test --exclude waterkit-location-test --exclude waterkit-notification-test --exclude waterkit-sensor-test --exclude waterkit-video-test --exclude waterkit-test-ios --exclude waterkit-test-android	2026-02-20T20:38:49.6952105Z [1m[92m  Downloaded[0m cfg_aliases v0.2.1
Coverage	Run cargo llvm-cov --all-features --workspace --lcov --output-path lcov.info --exclude waterkit-audio-test --exclude waterkit-biometric-test --exclude waterkit-camera-test --exclude waterkit-codec-bench --exclude waterkit-dialog-test --exclude waterkit-location-test --exclude waterkit-notification-test --exclude waterkit-sensor-test --exclude waterkit-video-test --exclude waterkit-test-ios --exclude waterkit-test-android	2026-02-20T20:38:49.6963846Z [1m[92m  Downloaded[0m calloop v0.13.0
Coverage	Run cargo llvm-cov --all-features --workspace --lcov --output-path lcov.info --exclude waterkit-audio-test --exclude waterkit-biometric-test --exclude waterkit-camera-test --exclude waterkit-codec-bench --exclude waterkit-dialog-test --exclude waterkit-location-test --exclude waterkit-notification-test --exclude waterkit-sensor-test --exclude waterkit-video-test --exclude waterkit-test-ios --exclude waterkit-test-android	2026-02-20T20:38:49.7002632Z [1m[92m  Downloaded[0m bytestr v0.3.1
Coverage	Run cargo llvm-cov --all-features --workspace --lcov --output-path lcov.info --exclude waterkit-audio-test --exclude waterkit-biometric-test --exclude waterkit-camera-test --exclude waterkit-codec-bench --exclude waterkit-dialog-test --exclude waterkit-location-test --exclude waterkit-notification-test --exclude waterkit-sensor-test --exclude waterkit-video-test --exclude waterkit-test-ios --exclude waterkit-test-android	2026-02-20T20:38:49.7017248Z [1m[92m  Downloaded[0m byte-slice-cast v1.2.3
Coverage	Run cargo llvm-cov --all-features --workspace --lcov --output-path lcov.info --exclude waterkit-audio-test --exclude waterkit-biometric-test --exclude waterkit-camera-test --exclude waterkit-codec-bench --exclude waterkit-dialog-test --exclude waterkit-location-test --exclude waterkit-notification-test --exclude waterkit-sensor-test --exclude waterkit-video-test --exclude waterkit-test-ios --exclude waterkit-test-android	2026-02-20T20:38:49.7027277Z [1m[92m  Downloaded[0m bit-vec v0.8.0
Coverage	Run cargo llvm-cov --all-features --workspace --lcov --output-path lcov.info --exclude waterkit-audio-test --exclude waterkit-biometric-test --exclude waterkit-camera-test --exclude waterkit-codec-bench --exclude waterkit-dialog-test --exclude waterkit-location-test --exclude waterkit-notification-test --exclude waterkit-sensor-test --exclude waterkit-video-test --exclude waterkit-test-ios --exclude waterkit-test-android	2026-02-20T20:38:49.7046326Z [1m[92m  Downloaded[0m av-scenechange v0.14.1
Coverage	Run cargo llvm-cov --all-features --workspace --lcov --output-path lcov.info --exclude waterkit-audio-test --exclude waterkit-biometric-test --exclude waterkit-camera-test --exclude waterkit-codec-bench --exclude waterkit-dialog-test --exclude waterkit-location-test --exclude waterkit-notification-test --exclude waterkit-sensor-test --exclude waterkit-video-test --exclude waterkit-test-ios --exclude waterkit-test-android	2026-02-20T20:38:49.7171379Z [1m[92m  Downloaded[0m async-fs v2.2.0
Coverage	Run cargo llvm-cov --all-features --workspace --lcov --output-path lcov.info --exclude waterkit-audio-test --exclude waterkit-biometric-test --exclude waterkit-camera-test --exclude waterkit-codec-bench --exclude waterkit-dialog-test --exclude waterkit-location-test --exclude waterkit-notification-test --exclude waterkit-sensor-test --exclude waterkit-video-test --exclude waterkit-test-ios --exclude waterkit-test-android	2026-02-20T20:38:49.7183341Z [1m[92m  Downloaded[0m async-executor v1.14.0
Coverage	Run cargo llvm-cov --all-features --workspace --lcov --output-path lcov.info --exclude waterkit-audio-test --exclude waterkit-biometric-test --exclude waterkit-camera-test --exclude waterkit-codec-bench --exclude waterkit-dialog-test --exclude waterkit-location-test --exclude waterkit-notification-test --exclude waterkit-sensor-test --exclude waterkit-video-test --exclude waterkit-test-ios --exclude waterkit-test-android	2026-02-20T20:38:49.7205528Z [1m[92m  Downloaded[0m async-channel v2.5.0
Coverage	Run cargo llvm-cov --all-features --workspace --lcov --output-path lcov.info --exclude waterkit-audio-test --exclude waterkit-biometric-test --exclude waterkit-camera-test --exclude waterkit-codec-bench --exclude waterkit-dialog-test --exclude waterkit-location-test --exclude waterkit-notification-test --exclude waterkit-sensor-test --exclude waterkit-video-test --exclude waterkit-test-ios --exclude waterkit-test-android	2026-02-20T20:38:49.7219767Z [1m[92m  Downloaded[0m async-channel v1.9.0
Coverage	Run cargo llvm-cov --all-features --workspace --lcov --output-path lcov.info --exclude waterkit-audio-test --exclude waterkit-biometric-test --exclude waterkit-camera-test --exclude waterkit-codec-bench --exclude waterkit-dialog-test --exclude waterkit-location-test --exclude waterkit-notification-test --exclude waterkit-sensor-test --exclude waterkit-video-test --exclude waterkit-test-ios --exclude waterkit-test-android	2026-02-20T20:38:49.7232810Z [1m[92m  Downloaded[0m async-broadcast v0.7.2
Coverage	Run cargo llvm-cov --all-features --workspace --lcov --output-path lcov.info --exclude waterkit-audio-test --exclude waterkit-biometric-test --exclude waterkit-camera-test --exclude waterkit-codec-bench --exclude waterkit-dialog-test --exclude waterkit-location-test --exclude waterkit-notification-test --exclude waterkit-sensor-test --exclude waterkit-video-test --exclude waterkit-test-ios --exclude waterkit-test-android	2026-02-20T20:38:49.7253247Z [1m[92m  Downloaded[0m arg_enum_proc_macro v0.3.4
Coverage	Run cargo llvm-cov --all-features --workspace --lcov --output-path lcov.info --exclude waterkit-audio-test --exclude waterkit-biometric-test --exclude waterkit-camera-test --exclude waterkit-codec-bench --exclude waterkit-dialog-test --exclude waterkit-location-test --exclude waterkit-notification-test --exclude waterkit-sensor-test --exclude waterkit-video-test --exclude waterkit-test-ios --exclude waterkit-test-android	2026-02-20T20:38:49.7267360Z [1m[92m  Downloaded[0m generic-array v0.14.7
Coverage	Run cargo llvm-cov --all-features --workspace --lcov --output-path lcov.info --exclude waterkit-audio-test --exclude waterkit-biometric-test --exclude waterkit-camera-test --exclude waterkit-codec-bench --exclude waterkit-dialog-test --exclude waterkit-location-test --exclude waterkit-notification-test --exclude waterkit-sensor-test --exclude waterkit-video-test --exclude waterkit-test-ios --exclude waterkit-test-android	2026-02-20T20:38:49.7284155Z [1m[92m  Downloaded[0m crypto-common v0.1.7
Coverage	Run cargo llvm-cov --all-features --workspace --lcov --output-path lcov.info --exclude waterkit-audio-test --exclude waterkit-biometric-test --exclude waterkit-camera-test --exclude waterkit-codec-bench --exclude waterkit-dialog-test --exclude waterkit-location-test --exclude waterkit-notification-test --exclude waterkit-sensor-test --exclude waterkit-video-test --exclude waterkit-test-ios --exclude waterkit-test-android	2026-02-20T20:38:49.7295227Z [1m[92m  Downloaded[0m clap_builder v4.5.60
Coverage	Run cargo llvm-cov --all-features --workspace --lcov --output-path lcov.info --exclude waterkit-audio-test --exclude waterkit-biometric-test --exclude waterkit-camera-test --exclude waterkit-codec-bench --exclude waterkit-dialog-test --exclude waterkit-location-test --exclude waterkit-notification-test --exclude waterkit-sensor-test --exclude waterkit-video-test --exclude waterkit-test-ios --exclude waterkit-test-android	2026-02-20T20:38:49.7372324Z [1m[92m  Downloaded[0m cfg-expr v0.20.6
Coverage	Run cargo llvm-cov --all-features --workspace --lcov --output-path lcov.info --exclude waterkit-audio-test --exclude waterkit-biometric-test --exclude waterkit-camera-test --exclude waterkit-codec-bench --exclude waterkit-dialog-test --exclude waterkit-location-test --exclude waterkit-notification-test --exclude waterkit-sensor-test --exclude waterkit-video-test --exclude waterkit-test-ios --exclude waterkit-test-android	2026-02-20T20:38:49.7408694Z [1m[92m  Downloaded[0m calloop-wayland-source v0.3.0
Coverage	Run cargo llvm-cov --all-features --workspace --lcov --output-path lcov.info --exclude waterkit-audio-test --exclude waterkit-biometric-test --exclude waterkit-camera-test --exclude waterkit-codec-bench --exclude waterkit-dialog-test --exclude waterkit-location-test --exclude waterkit-notification-test --exclude waterkit-sensor-test --exclude waterkit-video-test --exclude waterkit-test-ios --exclude waterkit-test-android	2026-02-20T20:38:49.7422188Z [1m[92m  Downloaded[0m byteorder v1.5.0
Coverage	Run cargo llvm-cov --all-features --workspace --lcov --output-path lcov.info --exclude waterkit-audio-test --exclude waterkit-biometric-test --exclude waterkit-camera-test --exclude waterkit-codec-bench --exclude waterkit-dialog-test --exclude waterkit-location-test --exclude waterkit-notification-test --exclude waterkit-sensor-test --exclude waterkit-video-test --exclude waterkit-test-ios --exclude waterkit-test-android	2026-02-20T20:38:49.7440742Z [1m[92m  Downloaded[0m bytemuck v1.25.0
Coverage	Run cargo llvm-cov --all-features --workspace --lcov --output-path lcov.info --exclude waterkit-audio-test --exclude waterkit-biometric-test --exclude waterkit-camera-test --exclude waterkit-codec-bench --exclude waterkit-dialog-test --exclude waterkit-location-test --exclude waterkit-notification-test --exclude waterkit-sensor-test --exclude waterkit-video-test --exclude waterkit-test-ios --exclude waterkit-test-android	2026-02-20T20:38:49.7477752Z [1m[92m  Downloaded[0m bitstream-io v4.9.0
Coverage	Run cargo llvm-cov --all-features --workspace --lcov --output-path lcov.info --exclude waterkit-audio-test --exclude waterkit-biometric-test --exclude waterkit-camera-test --exclude waterkit-codec-bench --exclude waterkit-dialog-test --exclude waterkit-location-test --exclude waterkit-notification-test --exclude waterkit-sensor-test --exclude waterkit-video-test --exclude waterkit-test-ios --exclude waterkit-test-android	2026-02-20T20:38:49.7510465Z [1m[92m  Downloaded[0m bindgen v0.70.1
Coverage	Run cargo llvm-cov --all-features --workspace --lcov --output-path lcov.info --exclude waterkit-audio-test --exclude waterkit-biometric-test --exclude waterkit-camera-test --exclude waterkit-codec-bench --exclude waterkit-dialog-test --exclude waterkit-location-test --exclude waterkit-notification-test --exclude waterkit-sensor-test --exclude waterkit-video-test --exclude waterkit-test-ios --exclude waterkit-test-android	2026-02-20T20:38:49.7581695Z [1m[92m  Downloaded[0m bindgen v0.65.1
Coverage	Run cargo llvm-cov --all-features --workspace --lcov --output-path lcov.info --exclude waterkit-audio-test --exclude waterkit-biometric-test --exclude waterkit-camera-test --exclude waterkit-codec-bench --exclude waterkit-dialog-test --exclude waterkit-location-test --exclude waterkit-notification-test --exclude waterkit-sensor-test --exclude waterkit-video-test --exclude waterkit-test-ios --exclude waterkit-test-android	2026-02-20T20:38:49.7651187Z [1m[92m  Downloaded[0m aws-lc-rs v1.16.0
Coverage	Run cargo llvm-cov --all-features --workspace --lcov --output-path lcov.info --exclude waterkit-audio-test --exclude waterkit-biometric-test --exclude waterkit-camera-test --exclude waterkit-codec-bench --exclude waterkit-dialog-test --exclude waterkit-location-test --exclude waterkit-notification-test --exclude waterkit-sensor-test --exclude waterkit-video-test --exclude waterkit-test-ios --exclude waterkit-test-android	2026-02-20T20:38:49.7780579Z [1m[92m  Downloaded[0m as-slice v0.2.1
Coverage	Run cargo llvm-cov --all-features --workspace --lcov --output-path lcov.info --exclude waterkit-audio-test --exclude waterkit-biometric-test --exclude waterkit-camera-test --exclude waterkit-codec-bench --exclude waterkit-dialog-test --exclude waterkit-location-test --exclude waterkit-notification-test --exclude waterkit-sensor-test --exclude waterkit-video-test --exclude waterkit-test-ios --exclude waterkit-test-android	2026-02-20T20:38:49.7791943Z [1m[92m  Downloaded[0m clap_lex v1.0.0
Coverage	Run cargo llvm-cov --all-features --workspace --lcov --output-path lcov.info --exclude waterkit-audio-test --exclude waterkit-biometric-test --exclude waterkit-camera-test --exclude waterkit-codec-bench --exclude waterkit-dialog-test --exclude waterkit-location-test --exclude waterkit-notification-test --exclude waterkit-sensor-test --exclude waterkit-video-test --exclude waterkit-test-ios --exclude waterkit-test-android	2026-02-20T20:38:49.7804301Z [1m[92m  Downloaded[0m clang-sys v1.8.1
Coverage	Run cargo llvm-cov --all-features --workspace --lcov --output-path lcov.info --exclude waterkit-audio-test --exclude waterkit-biometric-test --exclude waterkit-camera-test --exclude waterkit-codec-bench --exclude waterkit-dialog-test --exclude waterkit-location-test --exclude waterkit-notification-test --exclude waterkit-sensor-test --exclude waterkit-video-test --exclude waterkit-test-ios --exclude waterkit-test-android	2026-02-20T20:38:49.7832469Z [1m[92m  Downloaded[0m cfg-if v1.0.4
Coverage	Run cargo llvm-cov --all-features --workspace --lcov --output-path lcov.info --exclude waterkit-audio-test --exclude waterkit-biometric-test --exclude waterkit-camera-test --exclude waterkit-codec-bench --exclude waterkit-dialog-test --exclude waterkit-location-test --exclude waterkit-notification-test --exclude waterkit-sensor-test --exclude waterkit-video-test --exclude waterkit-test-ios --exclude waterkit-test-android	2026-02-20T20:38:49.7848424Z [1m[92m  Downloaded[0m byteorder-lite v0.1.0
Coverage	Run cargo llvm-cov --all-features --workspace --lcov --output-path lcov.info --exclude waterkit-audio-test --exclude waterkit-biometric-test --exclude waterkit-camera-test --exclude waterkit-codec-bench --exclude waterkit-dialog-test --exclude waterkit-location-test --exclude waterkit-notification-test --exclude waterkit-sensor-test --exclude waterkit-video-test --exclude waterkit-test-ios --exclude waterkit-test-android	2026-02-20T20:38:49.7860655Z [1m[92m  Downloaded[0m brightness v0.8.0
Coverage	Run cargo llvm-cov --all-features --workspace --lcov --output-path lcov.info --exclude waterkit-audio-test --exclude waterkit-biometric-test --exclude waterkit-camera-test --exclude waterkit-codec-bench --exclude waterkit-dialog-test --exclude waterkit-location-test --exclude waterkit-notification-test --exclude waterkit-sensor-test --exclude waterkit-video-test --exclude waterkit-test-ios --exclude waterkit-test-android	2026-02-20T20:38:49.7880619Z [1m[92m  Downloaded[0m blocking v1.6.2
Coverage	Run cargo llvm-cov --all-features --workspace --lcov --output-path lcov.info --exclude waterkit-audio-test --exclude waterkit-biometric-test --exclude waterkit-camera-test --exclude waterkit-codec-bench --exclude waterkit-dialog-test --exclude waterkit-location-test --exclude waterkit-notification-test --exclude waterkit-sensor-test --exclude waterkit-video-test --exclude waterkit-test-ios --exclude waterkit-test-android	2026-02-20T20:38:49.7895946Z [1m[92m  Downloaded[0m block-buffer v0.10.4
Coverage	Run cargo llvm-cov --all-features --workspace --lcov --output-path lcov.info --exclude waterkit-audio-test --exclude waterkit-biometric-test --exclude waterkit-camera-test --exclude waterkit-codec-bench --exclude waterkit-dialog-test --exclude waterkit-location-test --exclude waterkit-notification-test --exclude waterkit-sensor-test --exclude waterkit-video-test --exclude waterkit-test-ios --exclude waterkit-test-android	2026-02-20T20:38:49.7908387Z [1m[92m  Downloaded[0m bitflags v2.11.0
Coverage	Run cargo llvm-cov --all-features --workspace --lcov --output-path lcov.info --exclude waterkit-audio-test --exclude waterkit-biometric-test --exclude waterkit-camera-test --exclude waterkit-codec-bench --exclude waterkit-dialog-test --exclude waterkit-location-test --exclude waterkit-notification-test --exclude waterkit-sensor-test --exclude waterkit-video-test --exclude waterkit-test-ios --exclude waterkit-test-android	2026-02-20T20:38:49.7959195Z [1m[92m  Downloaded[0m bitflags v1.3.2
Coverage	Run cargo llvm-cov --all-features --workspace --lcov --output-path lcov.info --exclude waterkit-audio-test --exclude waterkit-biometric-test --exclude waterkit-camera-test --exclude waterkit-codec-bench --exclude waterkit-dialog-test --exclude waterkit-location-test --exclude waterkit-notification-test --exclude waterkit-sensor-test --exclude waterkit-video-test --exclude waterkit-test-ios --exclude waterkit-test-android	2026-02-20T20:38:49.7999797Z [1m[92m  Downloaded[0m bit-set v0.8.0
Coverage	Run cargo llvm-cov --all-features --workspace --lcov --output-path lcov.info --exclude waterkit-audio-test --exclude waterkit-biometric-test --exclude waterkit-camera-test --exclude waterkit-codec-bench --exclude waterkit-dialog-test --exclude waterkit-location-test --exclude waterkit-notification-test --exclude waterkit-sensor-test --exclude waterkit-video-test --exclude waterkit-test-ios --exclude waterkit-test-android	2026-02-20T20:38:49.8015288Z [1m[92m  Downloaded[0m base64 v0.22.1
Coverage	Run cargo llvm-cov --all-features --workspace --lcov --output-path lcov.info --exclude waterkit-audio-test --exclude waterkit-biometric-test --exclude waterkit-camera-test --exclude waterkit-codec-bench --exclude waterkit-dialog-test --exclude waterkit-location-test --exclude waterkit-notification-test --exclude waterkit-sensor-test --exclude waterkit-video-test --exclude waterkit-test-ios --exclude waterkit-test-android	2026-02-20T20:38:49.8060062Z [1m[92m  Downloaded[0m atomic-waker v1.1.2
Coverage	Run cargo llvm-cov --all-features --workspace --lcov --output-path lcov.info --exclude waterkit-audio-test --exclude waterkit-biometric-test --exclude waterkit-camera-test --exclude waterkit-codec-bench --exclude waterkit-dialog-test --exclude waterkit-location-test --exclude waterkit-notification-test --exclude waterkit-sensor-test --exclude waterkit-video-test --exclude waterkit-test-ios --exclude waterkit-test-android	2026-02-20T20:38:49.8075081Z [1m[92m  Downloaded[0m async-io v2.6.0
Coverage	Run cargo llvm-cov --all-features --workspace --lcov --output-path lcov.info --exclude waterkit-audio-test --exclude waterkit-biometric-test --exclude waterkit-camera-test --exclude waterkit-codec-bench --exclude waterkit-dialog-test --exclude waterkit-location-test --exclude waterkit-notification-test --exclude waterkit-sensor-test --exclude waterkit-video-test --exclude waterkit-test-ios --exclude waterkit-test-android	2026-02-20T20:38:49.8109183Z [1m[92m  Downloaded[0m anstyle-parse v0.2.7
Coverage	Run cargo llvm-cov --all-features --workspace --lcov --output-path lcov.info --exclude waterkit-audio-test --exclude waterkit-biometric-test --exclude waterkit-camera-test --exclude waterkit-codec-bench --exclude waterkit-dialog-test --exclude waterkit-location-test --exclude waterkit-notification-test --exclude waterkit-sensor-test --exclude waterkit-video-test --exclude waterkit-test-ios --exclude waterkit-test-android	2026-02-20T20:38:49.8127742Z [1m[92m  Downloaded[0m idna v1.1.0
Coverage	Run cargo llvm-cov --all-features --workspace --lcov --output-path lcov.info --exclude waterkit-audio-test --exclude waterkit-biometric-test --exclude waterkit-camera-test --exclude waterkit-codec-bench --exclude waterkit-dialog-test --exclude waterkit-location-test --exclude waterkit-notification-test --exclude waterkit-sensor-test --exclude waterkit-video-test --exclude waterkit-test-ios --exclude waterkit-test-android	2026-02-20T20:38:49.8166125Z [1m[92m  Downloaded[0m httparse v1.10.1
Coverage	Run cargo llvm-cov --all-features --workspace --lcov --output-path lcov.info --exclude waterkit-audio-test --exclude waterkit-biometric-test --exclude waterkit-camera-test --exclude waterkit-codec-bench --exclude waterkit-dialog-test --exclude waterkit-location-test --exclude waterkit-notification-test --exclude waterkit-sensor-test --exclude waterkit-video-test --exclude waterkit-test-ios --exclude waterkit-test-android	2026-02-20T20:38:49.8195587Z [1m[92m  Downloaded[0m hashbrown v0.16.1
Coverage	Run cargo llvm-cov --all-features --workspace --lcov --output-path lcov.info --exclude waterkit-audio-test --exclude waterkit-biometric-test --exclude waterkit-camera-test --exclude waterkit-codec-bench --exclude waterkit-dialog-test --exclude waterkit-location-test --exclude waterkit-notification-test --exclude waterkit-sensor-test --exclude waterkit-video-test --exclude waterkit-test-ios --exclude waterkit-test-android	2026-02-20T20:38:49.8254578Z [1m[92m  Downloaded[0m futures-util v0.3.32
Coverage	Run cargo llvm-cov --all-features --workspace --lcov --output-path lcov.info --exclude waterkit-audio-test --exclude waterkit-biometric-test --exclude waterkit-camera-test --exclude waterkit-codec-bench --exclude waterkit-dialog-test --exclude waterkit-location-test --exclude waterkit-notification-test --exclude waterkit-sensor-test --exclude waterkit-video-test --exclude waterkit-test-ios --exclude waterkit-test-android	2026-02-20T20:38:49.8415930Z [1m[92m  Downloaded[0m futures-channel v0.3.32
Coverage	Run cargo llvm-cov --all-features --workspace --lcov --output-path lcov.info --exclude waterkit-audio-test --exclude waterkit-biometric-test --exclude waterkit-camera-test --exclude waterkit-codec-bench --exclude waterkit-dialog-test --exclude waterkit-location-test --exclude waterkit-notification-test --exclude waterkit-sensor-test --exclude waterkit-video-test --exclude waterkit-test-ios --exclude waterkit-test-android	2026-02-20T20:38:49.8437947Z [1m[92m  Downloaded[0m ffmpeg-next v7.1.0
Coverage	Run cargo llvm-cov --all-features --workspace --lcov --output-path lcov.info --exclude waterkit-audio-test --exclude waterkit-biometric-test --exclude waterkit-camera-test --exclude waterkit-codec-bench --exclude waterkit-dialog-test --exclude waterkit-location-test --exclude waterkit-notification-test --exclude waterkit-sensor-test --exclude waterkit-video-test --exclude waterkit-test-ios --exclude waterkit-test-android	2026-02-20T20:38:49.8574627Z [1m[92m  Downloaded[0m bytemuck_derive v1.10.2
Coverage	Run cargo llvm-cov --all-features --workspace --lcov --output-path lcov.info --exclude waterkit-audio-test --exclude waterkit-biometric-test --exclude waterkit-camera-test --exclude waterkit-codec-bench --exclude waterkit-dialog-test --exclude waterkit-location-test --exclude waterkit-notification-test --exclude waterkit-sensor-test --exclude waterkit-video-test --exclude waterkit-test-ios --exclude waterkit-test-android	2026-02-20T20:38:49.8589544Z [1m[92m  Downloaded[0m bit_field v0.10.3
Coverage	Run cargo llvm-cov --all-features --workspace --lcov --output-path lcov.info --exclude waterkit-audio-test --exclude waterkit-biometric-test --exclude waterkit-camera-test --exclude waterkit-codec-bench --exclude waterkit-dialog-test --exclude waterkit-location-test --exclude waterkit-notification-test --exclude waterkit-sensor-test --exclude waterkit-video-test --exclude waterkit-test-ios --exclude waterkit-test-android	2026-02-20T20:38:49.8603866Z [1m[92m  Downloaded[0m avif-serialize v0.8.8
Coverage	Run cargo llvm-cov --all-features --workspace --lcov --output-path lcov.info --exclude waterkit-audio-test --exclude waterkit-biometric-test --exclude waterkit-camera-test --exclude waterkit-codec-bench --exclude waterkit-dialog-test --exclude waterkit-location-test --exclude waterkit-notification-test --exclude waterkit-sensor-test --exclude waterkit-video-test --exclude waterkit-test-ios --exclude waterkit-test-android	2026-02-20T20:38:49.8616014Z [1m[92m  Downloaded[0m av-metrics v0.9.1
Coverage	Run cargo llvm-cov --all-features --workspace --lcov --output-path lcov.info --exclude waterkit-audio-test --exclude waterkit-biometric-test --exclude waterkit-camera-test --exclude waterkit-codec-bench --exclude waterkit-dialog-test --exclude waterkit-location-test --exclude waterkit-notification-test --exclude waterkit-sensor-test --exclude waterkit-video-test --exclude waterkit-test-ios --exclude waterkit-test-android	2026-02-20T20:38:49.8636246Z [1m[92m  Downloaded[0m av-data v0.4.4
Coverage	Run cargo llvm-cov --all-features --workspace --lcov --output-path lcov.info --exclude waterkit-audio-test --exclude waterkit-biometric-test --exclude waterkit-camera-test --exclude waterkit-codec-bench --exclude waterkit-dialog-test --exclude waterkit-location-test --exclude waterkit-notification-test --exclude waterkit-sensor-test --exclude waterkit-video-test --exclude waterkit-test-ios --exclude waterkit-test-android	2026-02-20T20:38:49.8651033Z [1m[92m  Downloaded[0m async-trait v0.1.89
Coverage	Run cargo llvm-cov --all-features --workspace --lcov --output-path lcov.info --exclude waterkit-audio-test --exclude waterkit-biometric-test --exclude waterkit-camera-test --exclude waterkit-codec-bench --exclude waterkit-dialog-test --exclude waterkit-location-test --exclude waterkit-notification-test --exclude waterkit-sensor-test --exclude waterkit-video-test --exclude waterkit-test-ios --exclude waterkit-test-android	2026-02-20T20:38:49.8695964Z [1m[92m  Downloaded[0m glob v0.3.3
Coverage	Run cargo llvm-cov --all-features --workspace --lcov --output-path lcov.info --exclude waterkit-audio-test --exclude waterkit-biometric-test --exclude waterkit-camera-test --exclude waterkit-codec-bench --exclude waterkit-dialog-test --exclude waterkit-location-test --exclude waterkit-notification-test --exclude waterkit-sensor-test --exclude waterkit-video-test --exclude waterkit-test-ios --exclude waterkit-test-android	2026-02-20T20:38:49.8713944Z [1m[92m  Downloaded[0m getrandom v0.3.4
Coverage	Run cargo llvm-cov --all-features --workspace --lcov --output-path lcov.info --exclude waterkit-audio-test --exclude waterkit-biometric-test --exclude waterkit-camera-test --exclude waterkit-codec-bench --exclude waterkit-dialog-test --exclude waterkit-location-test --exclude waterkit-notification-test --exclude waterkit-sensor-test --exclude waterkit-video-test --exclude waterkit-test-ios --exclude waterkit-test-android	2026-02-20T20:38:49.8753611Z [1m[92m  Downloaded[0m dav1d v0.11.1
Coverage	Run cargo llvm-cov --all-features --workspace --lcov --output-path lcov.info --exclude waterkit-audio-test --exclude waterkit-biometric-test --exclude waterkit-camera-test --exclude waterkit-codec-bench --exclude waterkit-dialog-test --exclude waterkit-location-test --exclude waterkit-notification-test --exclude waterkit-sensor-test --exclude waterkit-video-test --exclude waterkit-test-ios --exclude waterkit-test-android	2026-02-20T20:38:49.8768768Z [1m[92m  Downloaded[0m async-std v1.13.2
Coverage	Run cargo llvm-cov --all-features --workspace --lcov --output-path lcov.info --exclude waterkit-audio-test --exclude waterkit-biometric-test --exclude waterkit-camera-test --exclude waterkit-codec-bench --exclude waterkit-dialog-test --exclude waterkit-location-test --exclude waterkit-notification-test --exclude waterkit-sensor-test --exclude waterkit-video-test --exclude waterkit-test-ios --exclude waterkit-test-android	2026-02-20T20:38:49.9046670Z [1m[92m  Downloaded[0m anstream v0.6.21
Coverage	Run cargo llvm-cov --all-features --workspace --lcov --output-path lcov.info --exclude waterkit-audio-test --exclude waterkit-biometric-test --exclude waterkit-camera-test --exclude waterkit-codec-bench --exclude waterkit-dialog-test --exclude waterkit-location-test --exclude waterkit-notification-test --exclude waterkit-sensor-test --exclude waterkit-video-test --exclude waterkit-test-ios --exclude waterkit-test-android	2026-02-20T20:38:49.9069837Z [1m[92m  Downloaded[0m async-lock v3.4.2
Coverage	Run cargo llvm-cov --all-features --workspace --lcov --output-path lcov.info --exclude waterkit-audio-test --exclude waterkit-biometric-test --exclude waterkit-camera-test --exclude waterkit-codec-bench --exclude waterkit-dialog-test --exclude waterkit-location-test --exclude waterkit-notification-test --exclude waterkit-sensor-test --exclude waterkit-video-test --exclude waterkit-test-ios --exclude waterkit-test-android	2026-02-20T20:38:49.9095383Z [1m[92m  Downloaded[0m aho-corasick v1.1.4
Coverage	Run cargo llvm-cov --all-features --workspace --lcov --output-path lcov.info --exclude waterkit-audio-test --exclude waterkit-biometric-test --exclude waterkit-camera-test --exclude waterkit-codec-bench --exclude waterkit-dialog-test --exclude waterkit-location-test --exclude waterkit-notification-test --exclude waterkit-sensor-test --exclude waterkit-video-test --exclude waterkit-test-ios --exclude waterkit-test-android	2026-02-20T20:38:49.9154552Z [1m[92m  Downloaded[0m async-task v4.7.1
Coverage	Run cargo llvm-cov --all-features --workspace --lcov --output-path lcov.info --exclude waterkit-audio-test --exclude waterkit-biometric-test --exclude waterkit-camera-test --exclude waterkit-codec-bench --exclude waterkit-dialog-test --exclude waterkit-location-test --exclude waterkit-notification-test --exclude waterkit-sensor-test --exclude waterkit-video-test --exclude waterkit-test-ios --exclude waterkit-test-android	2026-02-20T20:38:49.9184871Z [1m[92m  Downloaded[0m async-signal v0.2.13
Coverage	Run cargo llvm-cov --all-features --workspace --lcov --output-path lcov.info --exclude waterkit-audio-test --exclude waterkit-biometric-test --exclude waterkit-camera-test --exclude waterkit-codec-bench --exclude waterkit-dialog-test --exclude waterkit-location-test --exclude waterkit-notification-test --exclude waterkit-sensor-test --exclude waterkit-video-test --exclude waterkit-test-ios --exclude waterkit-test-android	2026-02-20T20:38:49.9201638Z [1m[92m  Downloaded[0m async-process v2.5.0
Coverage	Run cargo llvm-cov --all-features --workspace --lcov --output-path lcov.info --exclude waterkit-audio-test --exclude waterkit-biometric-test --exclude waterkit-camera-test --exclude waterkit-codec-bench --exclude waterkit-dialog-test --exclude waterkit-location-test --exclude waterkit-notification-test --exclude waterkit-sensor-test --exclude waterkit-video-test --exclude waterkit-test-ios --exclude waterkit-test-android	2026-02-20T20:38:49.9222379Z [1m[92m  Downloaded[0m async-net v2.0.0
Coverage	Run cargo llvm-cov --all-features --workspace --lcov --output-path lcov.info --exclude waterkit-audio-test --exclude waterkit-biometric-test --exclude waterkit-camera-test --exclude waterkit-codec-bench --exclude waterkit-dialog-test --exclude waterkit-location-test --exclude waterkit-notification-test --exclude waterkit-sensor-test --exclude waterkit-video-test --exclude waterkit-test-ios --exclude waterkit-test-android	2026-02-20T20:38:49.9236629Z [1m[92m  Downloaded[0m anstyle v1.0.13
Coverage	Run cargo llvm-cov --all-features --workspace --lcov --output-path lcov.info --exclude waterkit-audio-test --exclude waterkit-biometric-test --exclude waterkit-camera-test --exclude waterkit-codec-bench --exclude waterkit-dialog-test --exclude waterkit-location-test --exclude waterkit-notification-test --exclude waterkit-sensor-test --exclude waterkit-video-test --exclude waterkit-test-ios --exclude waterkit-test-android	2026-02-20T20:38:49.9255080Z [1m[92m  Downloaded[0m allocator-api2 v0.2.21
Coverage	Run cargo llvm-cov --all-features --workspace --lcov --output-path lcov.info --exclude waterkit-audio-test --exclude waterkit-biometric-test --exclude waterkit-camera-test --exclude waterkit-codec-bench --exclude waterkit-dialog-test --exclude waterkit-location-test --exclude waterkit-notification-test --exclude waterkit-sensor-test --exclude waterkit-video-test --exclude waterkit-test-ios --exclude waterkit-test-android	2026-02-20T20:38:49.9283857Z [1m[92m  Downloaded[0m ahash v0.8.12
Coverage	Run cargo llvm-cov --all-features --workspace --lcov --output-path lcov.info --exclude waterkit-audio-test --exclude waterkit-biometric-test --exclude waterkit-camera-test --exclude waterkit-codec-bench --exclude waterkit-dialog-test --exclude waterkit-location-test --exclude waterkit-notification-test --exclude waterkit-sensor-test --exclude waterkit-video-test --exclude waterkit-test-ios --exclude waterkit-test-android	2026-02-20T20:38:49.9311492Z [1m[92m  Downloaded[0m ab_glyph v0.2.32
Coverage	Run cargo llvm-cov --all-features --workspace --lcov --output-path lcov.info --exclude waterkit-audio-test --exclude waterkit-biometric-test --exclude waterkit-camera-test --exclude waterkit-codec-bench --exclude waterkit-dialog-test --exclude waterkit-location-test --exclude waterkit-notification-test --exclude waterkit-sensor-test --exclude waterkit-video-test --exclude waterkit-test-ios --exclude waterkit-test-android	2026-02-20T20:38:49.9331245Z [1m[92m  Downloaded[0m alsa v0.9.1
Coverage	Run cargo llvm-cov --all-features --workspace --lcov --output-path lcov.info --exclude waterkit-audio-test --exclude waterkit-biometric-test --exclude waterkit-camera-test --exclude waterkit-codec-bench --exclude waterkit-dialog-test --exclude waterkit-location-test --exclude waterkit-notification-test --exclude waterkit-sensor-test --exclude waterkit-video-test --exclude waterkit-test-ios --exclude waterkit-test-android	2026-02-20T20:38:49.9359842Z [1m[92m  Downloaded[0m aligned v0.4.3
Coverage	Run cargo llvm-cov --all-features --workspace --lcov --output-path lcov.info --exclude waterkit-audio-test --exclude waterkit-biometric-test --exclude waterkit-camera-test --exclude waterkit-codec-bench --exclude waterkit-dialog-test --exclude waterkit-location-test --exclude waterkit-notification-test --exclude waterkit-sensor-test --exclude waterkit-video-test --exclude waterkit-test-ios --exclude waterkit-test-android	2026-02-20T20:38:49.9374351Z [1m[92m  Downloaded[0m adler2 v2.0.1
Coverage	Run cargo llvm-cov --all-features --workspace --lcov --output-path lcov.info --exclude waterkit-audio-test --exclude waterkit-biometric-test --exclude waterkit-camera-test --exclude waterkit-codec-bench --exclude waterkit-dialog-test --exclude waterkit-location-test --exclude waterkit-notification-test --exclude waterkit-sensor-test --exclude waterkit-video-test --exclude waterkit-test-ios --exclude waterkit-test-android	2026-02-20T20:38:50.1520428Z [1m[92m   Compiling[0m unicode-ident v1.0.24
Coverage	Run cargo llvm-cov --all-features --workspace --lcov --output-path lcov.info --exclude waterkit-audio-test --exclude waterkit-biometric-test --exclude waterkit-camera-test --exclude waterkit-codec-bench --exclude waterkit-dialog-test --exclude waterkit-location-test --exclude waterkit-notification-test --exclude waterkit-sensor-test --exclude waterkit-video-test --exclude waterkit-test-ios --exclude waterkit-test-android	2026-02-20T20:38:50.1521092Z [1m[92m   Compiling[0m proc-macro2 v1.0.106
Coverage	Run cargo llvm-cov --all-features --workspace --lcov --output-path lcov.info --exclude waterkit-audio-test --exclude waterkit-biometric-test --exclude waterkit-camera-test --exclude waterkit-codec-bench --exclude waterkit-dialog-test --exclude waterkit-location-test --exclude waterkit-notification-test --exclude waterkit-sensor-test --exclude waterkit-video-test --exclude waterkit-test-ios --exclude waterkit-test-android	2026-02-20T20:38:50.1521628Z [1m[92m   Compiling[0m quote v1.0.44
Coverage	Run cargo llvm-cov --all-features --workspace --lcov --output-path lcov.info --exclude waterkit-audio-test --exclude waterkit-biometric-test --exclude waterkit-camera-test --exclude waterkit-codec-bench --exclude waterkit-dialog-test --exclude waterkit-location-test --exclude waterkit-notification-test --exclude waterkit-sensor-test --exclude waterkit-video-test --exclude waterkit-test-ios --exclude waterkit-test-android	2026-02-20T20:38:50.1522101Z [1m[92m   Compiling[0m cfg-if v1.0.4
Coverage	Run cargo llvm-cov --all-features --workspace --lcov --output-path lcov.info --exclude waterkit-audio-test --exclude waterkit-biometric-test --exclude waterkit-camera-test --exclude waterkit-codec-bench --exclude waterkit-dialog-test --exclude waterkit-location-test --exclude waterkit-notification-test --exclude waterkit-sensor-test --exclude waterkit-video-test --exclude waterkit-test-ios --exclude waterkit-test-android	2026-02-20T20:38:50.2244359Z [1m[92m   Compiling[0m bitflags v2.11.0
Coverage	Run cargo llvm-cov --all-features --workspace --lcov --output-path lcov.info --exclude waterkit-audio-test --exclude waterkit-biometric-test --exclude waterkit-camera-test --exclude waterkit-codec-bench --exclude waterkit-dialog-test --exclude waterkit-location-test --exclude waterkit-notification-test --exclude waterkit-sensor-test --exclude waterkit-video-test --exclude waterkit-test-ios --exclude waterkit-test-android	2026-02-20T20:38:50.2449146Z [1m[92m   Compiling[0m libc v0.2.182
Coverage	Run cargo llvm-cov --all-features --workspace --lcov --output-path lcov.info --exclude waterkit-audio-test --exclude waterkit-biometric-test --exclude waterkit-camera-test --exclude waterkit-codec-bench --exclude waterkit-dialog-test --exclude waterkit-location-test --exclude waterkit-notification-test --exclude waterkit-sensor-test --exclude waterkit-video-test --exclude waterkit-test-ios --exclude waterkit-test-android	2026-02-20T20:38:50.4327180Z [1m[92m   Compiling[0m fastrand v2.3.0
Coverage	Run cargo llvm-cov --all-features --workspace --lcov --output-path lcov.info --exclude waterkit-audio-test --exclude waterkit-biometric-test --exclude waterkit-camera-test --exclude waterkit-codec-bench --exclude waterkit-dialog-test --exclude waterkit-location-test --exclude waterkit-notification-test --exclude waterkit-sensor-test --exclude waterkit-video-test --exclude waterkit-test-ios --exclude waterkit-test-android	2026-02-20T20:38:50.7276578Z [1m[92m   Compiling[0m memchr v2.8.0
Coverage	Run cargo llvm-cov --all-features --workspace --lcov --output-path lcov.info --exclude waterkit-audio-test --exclude waterkit-biometric-test --exclude waterkit-camera-test --exclude waterkit-codec-bench --exclude waterkit-dialog-test --exclude waterkit-location-test --exclude waterkit-notification-test --exclude waterkit-sensor-test --exclude waterkit-video-test --exclude waterkit-test-ios --exclude waterkit-test-android	2026-02-20T20:38:51.5661990Z [1m[92m   Compiling[0m getrandom v0.4.1
Coverage	Run cargo llvm-cov --all-features --workspace --lcov --output-path lcov.info --exclude waterkit-audio-test --exclude waterkit-biometric-test --exclude waterkit-camera-test --exclude waterkit-codec-bench --exclude waterkit-dialog-test --exclude waterkit-location-test --exclude waterkit-notification-test --exclude waterkit-sensor-test --exclude waterkit-video-test --exclude waterkit-test-ios --exclude waterkit-test-android	2026-02-20T20:38:51.6851365Z [1m[92m   Compiling[0m autocfg v1.5.0
Coverage	Run cargo llvm-cov --all-features --workspace --lcov --output-path lcov.info --exclude waterkit-audio-test --exclude waterkit-biometric-test --exclude waterkit-camera-test --exclude waterkit-codec-bench --exclude waterkit-dialog-test --exclude waterkit-location-test --exclude waterkit-notification-test --exclude waterkit-sensor-test --exclude waterkit-video-test --exclude waterkit-test-ios --exclude waterkit-test-android	2026-02-20T20:38:51.7194910Z [1m[92m   Compiling[0m syn v2.0.117
Coverage	Run cargo llvm-cov --all-features --workspace --lcov --output-path lcov.info --exclude waterkit-audio-test --exclude waterkit-biometric-test --exclude waterkit-camera-test --exclude waterkit-codec-bench --exclude waterkit-dialog-test --exclude waterkit-location-test --exclude waterkit-notification-test --exclude waterkit-sensor-test --exclude waterkit-video-test --exclude waterkit-test-ios --exclude waterkit-test-android	2026-02-20T20:38:51.8191879Z [1m[92m   Compiling[0m once_cell v1.21.3
Coverage	Run cargo llvm-cov --all-features --workspace --lcov --output-path lcov.info --exclude waterkit-audio-test --exclude waterkit-biometric-test --exclude waterkit-camera-test --exclude waterkit-codec-bench --exclude waterkit-dialog-test --exclude waterkit-location-test --exclude waterkit-notification-test --exclude waterkit-sensor-test --exclude waterkit-video-test --exclude waterkit-test-ios --exclude waterkit-test-android	2026-02-20T20:38:51.9870505Z [1m[92m   Compiling[0m syn v1.0.109
Coverage	Run cargo llvm-cov --all-features --workspace --lcov --output-path lcov.info --exclude waterkit-audio-test --exclude waterkit-biometric-test --exclude waterkit-camera-test --exclude waterkit-codec-bench --exclude waterkit-dialog-test --exclude waterkit-location-test --exclude waterkit-notification-test --exclude waterkit-sensor-test --exclude waterkit-video-test --exclude waterkit-test-ios --exclude waterkit-test-android	2026-02-20T20:38:52.0155264Z [1m[92m   Compiling[0m rustix v1.1.3
Coverage	Run cargo llvm-cov --all-features --workspace --lcov --output-path lcov.info --exclude waterkit-audio-test --exclude waterkit-biometric-test --exclude waterkit-camera-test --exclude waterkit-codec-bench --exclude waterkit-dialog-test --exclude waterkit-location-test --exclude waterkit-notification-test --exclude waterkit-sensor-test --exclude waterkit-video-test --exclude waterkit-test-ios --exclude waterkit-test-android	2026-02-20T20:38:52.3475632Z [1m[92m   Compiling[0m linux-raw-sys v0.11.0
Coverage	Run cargo llvm-cov --all-features --workspace --lcov --output-path lcov.info --exclude waterkit-audio-test --exclude waterkit-biometric-test --exclude waterkit-camera-test --exclude waterkit-codec-bench --exclude waterkit-dialog-test --exclude waterkit-location-test --exclude waterkit-notification-test --exclude waterkit-sensor-test --exclude waterkit-video-test --exclude waterkit-test-ios --exclude waterkit-test-android	2026-02-20T20:38:52.7654596Z [1m[92m   Compiling[0m crossbeam-utils v0.8.21
Coverage	Run cargo llvm-cov --all-features --workspace --lcov --output-path lcov.info --exclude waterkit-audio-test --exclude waterkit-biometric-test --exclude waterkit-camera-test --exclude waterkit-codec-bench --exclude waterkit-dialog-test --exclude waterkit-location-test --exclude waterkit-notification-test --exclude waterkit-sensor-test --exclude waterkit-video-test --exclude waterkit-test-ios --exclude waterkit-test-android	2026-02-20T20:38:52.9574458Z [1m[92m   Compiling[0m value-bag v1.12.0
Coverage	Run cargo llvm-cov --all-features --workspace --lcov --output-path lcov.info --exclude waterkit-audio-test --exclude waterkit-biometric-test --exclude waterkit-camera-test --exclude waterkit-codec-bench --exclude waterkit-dialog-test --exclude waterkit-location-test --exclude waterkit-notification-test --exclude waterkit-sensor-test --exclude waterkit-video-test --exclude waterkit-test-ios --exclude waterkit-test-android	2026-02-20T20:38:53.2030324Z [1m[92m   Compiling[0m log v0.4.29
Coverage	Run cargo llvm-cov --all-features --workspace --lcov --output-path lcov.info --exclude waterkit-audio-test --exclude waterkit-biometric-test --exclude waterkit-camera-test --exclude waterkit-codec-bench --exclude waterkit-dialog-test --exclude waterkit-location-test --exclude waterkit-notification-test --exclude waterkit-sensor-test --exclude waterkit-video-test --exclude waterkit-test-ios --exclude waterkit-test-android	2026-02-20T20:38:54.0659306Z [1m[92m   Compiling[0m smallvec v1.15.1
Coverage	Run cargo llvm-cov --all-features --workspace --lcov --output-path lcov.info --exclude waterkit-audio-test --exclude waterkit-biometric-test --exclude waterkit-camera-test --exclude waterkit-codec-bench --exclude waterkit-dialog-test --exclude waterkit-location-test --exclude waterkit-notification-test --exclude waterkit-sensor-test --exclude waterkit-video-test --exclude waterkit-test-ios --exclude waterkit-test-android	2026-02-20T20:38:54.2350091Z [1m[92m   Compiling[0m tempfile v3.25.0
Coverage	Run cargo llvm-cov --all-features --workspace --lcov --output-path lcov.info --exclude waterkit-audio-test --exclude waterkit-biometric-test --exclude waterkit-camera-test --exclude waterkit-codec-bench --exclude waterkit-dialog-test --exclude waterkit-location-test --exclude waterkit-notification-test --exclude waterkit-sensor-test --exclude waterkit-video-test --exclude waterkit-test-ios --exclude waterkit-test-android	2026-02-20T20:38:54.5211625Z [1m[92m   Compiling[0m swift-bridge-ir v0.1.59
Coverage	Run cargo llvm-cov --all-features --workspace --lcov --output-path lcov.info --exclude waterkit-audio-test --exclude waterkit-biometric-test --exclude waterkit-camera-test --exclude waterkit-codec-bench --exclude waterkit-dialog-test --exclude waterkit-location-test --exclude waterkit-notification-test --exclude waterkit-sensor-test --exclude waterkit-video-test --exclude waterkit-test-ios --exclude waterkit-test-android	2026-02-20T20:38:56.4841831Z [1m[92m   Compiling[0m swift-bridge-build v0.1.59
Coverage	Run cargo llvm-cov --all-features --workspace --lcov --output-path lcov.info --exclude waterkit-audio-test --exclude waterkit-biometric-test --exclude waterkit-camera-test --exclude waterkit-codec-bench --exclude waterkit-dialog-test --exclude waterkit-location-test --exclude waterkit-notification-test --exclude waterkit-sensor-test --exclude waterkit-video-test --exclude waterkit-test-ios --exclude waterkit-test-android	2026-02-20T20:38:56.8462336Z [1m[92m   Compiling[0m waterkit-build v0.1.0 (/__w/waterkit/waterkit/waterkit-build)
Coverage	Run cargo llvm-cov --all-features --workspace --lcov --output-path lcov.info --exclude waterkit-audio-test --exclude waterkit-biometric-test --exclude waterkit-camera-test --exclude waterkit-codec-bench --exclude waterkit-dialog-test --exclude waterkit-location-test --exclude waterkit-notification-test --exclude waterkit-sensor-test --exclude waterkit-video-test --exclude waterkit-test-ios --exclude waterkit-test-android	2026-02-20T20:38:57.1577309Z [1m[92m   Compiling[0m serde_core v1.0.228
Coverage	Run cargo llvm-cov --all-features --workspace --lcov --output-path lcov.info --exclude waterkit-audio-test --exclude waterkit-biometric-test --exclude waterkit-camera-test --exclude waterkit-codec-bench --exclude waterkit-dialog-test --exclude waterkit-location-test --exclude waterkit-notification-test --exclude waterkit-sensor-test --exclude waterkit-video-test --exclude waterkit-test-ios --exclude waterkit-test-android	2026-02-20T20:38:57.2584736Z [1m[92m   Compiling[0m shlex v1.3.0
Coverage	Run cargo llvm-cov --all-features --workspace --lcov --output-path lcov.info --exclude waterkit-audio-test --exclude waterkit-biometric-test --exclude waterkit-camera-test --exclude waterkit-codec-bench --exclude waterkit-dialog-test --exclude waterkit-location-test --exclude waterkit-notification-test --exclude waterkit-sensor-test --exclude waterkit-video-test --exclude waterkit-test-ios --exclude waterkit-test-android	2026-02-20T20:38:57.3897425Z [1m[92m   Compiling[0m serde v1.0.228
Coverage	Run cargo llvm-cov --all-features --workspace --lcov --output-path lcov.info --exclude waterkit-audio-test --exclude waterkit-biometric-test --exclude waterkit-camera-test --exclude waterkit-codec-bench --exclude waterkit-dialog-test --exclude waterkit-location-test --exclude waterkit-notification-test --exclude waterkit-sensor-test --exclude waterkit-video-test --exclude waterkit-test-ios --exclude waterkit-test-android	2026-02-20T20:38:57.5991199Z [1m[92m   Compiling[0m serde_derive v1.0.228
Coverage	Run cargo llvm-cov --all-features --workspace --lcov --output-path lcov.info --exclude waterkit-audio-test --exclude waterkit-biometric-test --exclude waterkit-camera-test --exclude waterkit-codec-bench --exclude waterkit-dialog-test --exclude waterkit-location-test --exclude waterkit-notification-test --exclude waterkit-sensor-test --exclude waterkit-video-test --exclude waterkit-test-ios --exclude waterkit-test-android	2026-02-20T20:38:59.1435941Z [1m[92m   Compiling[0m synstructure v0.13.2
Coverage	Run cargo llvm-cov --all-features --workspace --lcov --output-path lcov.info --exclude waterkit-audio-test --exclude waterkit-biometric-test --exclude waterkit-camera-test --exclude waterkit-codec-bench --exclude waterkit-dialog-test --exclude waterkit-location-test --exclude waterkit-notification-test --exclude waterkit-sensor-test --exclude waterkit-video-test --exclude waterkit-test-ios --exclude waterkit-test-android	2026-02-20T20:38:59.7607434Z [1m[92m   Compiling[0m stable_deref_trait v1.2.1
Coverage	Run cargo llvm-cov --all-features --workspace --lcov --output-path lcov.info --exclude waterkit-audio-test --exclude waterkit-biometric-test --exclude waterkit-camera-test --exclude waterkit-codec-bench --exclude waterkit-dialog-test --exclude waterkit-location-test --exclude waterkit-notification-test --exclude waterkit-sensor-test --exclude waterkit-video-test --exclude waterkit-test-ios --exclude waterkit-test-android	2026-02-20T20:38:59.7960400Z [1m[92m   Compiling[0m pin-project-lite v0.2.16
Coverage	Run cargo llvm-cov --all-features --workspace --lcov --output-path lcov.info --exclude waterkit-audio-test --exclude waterkit-biometric-test --exclude waterkit-camera-test --exclude waterkit-codec-bench --exclude waterkit-dialog-test --exclude waterkit-location-test --exclude waterkit-notification-test --exclude waterkit-sensor-test --exclude waterkit-video-test --exclude waterkit-test-ios --exclude waterkit-test-android	2026-02-20T20:38:59.8344031Z [1m[92m   Compiling[0m jobserver v0.1.34
Coverage	Run cargo llvm-cov --all-features --workspace --lcov --output-path lcov.info --exclude waterkit-audio-test --exclude waterkit-biometric-test --exclude waterkit-camera-test --exclude waterkit-codec-bench --exclude waterkit-dialog-test --exclude waterkit-location-test --exclude waterkit-notification-test --exclude waterkit-sensor-test --exclude waterkit-video-test --exclude waterkit-test-ios --exclude waterkit-test-android	2026-02-20T20:38:59.8411530Z [1m[92m   Compiling[0m zerofrom-derive v0.1.6
Coverage	Run cargo llvm-cov --all-features --workspace --lcov --output-path lcov.info --exclude waterkit-audio-test --exclude waterkit-biometric-test --exclude waterkit-camera-test --exclude waterkit-codec-bench --exclude waterkit-dialog-test --exclude waterkit-location-test --exclude waterkit-notification-test --exclude waterkit-sensor-test --exclude waterkit-video-test --exclude waterkit-test-ios --exclude waterkit-test-android	2026-02-20T20:39:00.1337787Z [1m[92m   Compiling[0m find-msvc-tools v0.1.9
Coverage	Run cargo llvm-cov --all-features --workspace --lcov --output-path lcov.info --exclude waterkit-audio-test --exclude waterkit-biometric-test --exclude waterkit-camera-test --exclude waterkit-codec-bench --exclude waterkit-dialog-test --exclude waterkit-location-test --exclude waterkit-notification-test --exclude waterkit-sensor-test --exclude waterkit-video-test --exclude waterkit-test-ios --exclude waterkit-test-android	2026-02-20T20:39:00.3316752Z [1m[92m   Compiling[0m pkg-config v0.3.32
Coverage	Run cargo llvm-cov --all-features --workspace --lcov --output-path lcov.info --exclude waterkit-audio-test --exclude waterkit-biometric-test --exclude waterkit-camera-test --exclude waterkit-codec-bench --exclude waterkit-dialog-test --exclude waterkit-location-test --exclude waterkit-notification-test --exclude waterkit-sensor-test --exclude waterkit-video-test --exclude waterkit-test-ios --exclude waterkit-test-android	2026-02-20T20:39:00.8240813Z [1m[92m   Compiling[0m cc v1.2.56
Coverage	Run cargo llvm-cov --all-features --workspace --lcov --output-path lcov.info --exclude waterkit-audio-test --exclude waterkit-biometric-test --exclude waterkit-camera-test --exclude waterkit-codec-bench --exclude waterkit-dialog-test --exclude waterkit-location-test --exclude waterkit-notification-test --exclude waterkit-sensor-test --exclude waterkit-video-test --exclude waterkit-test-ios --exclude waterkit-test-android	2026-02-20T20:39:01.0449519Z [1m[92m   Compiling[0m zerofrom v0.1.6
Coverage	Run cargo llvm-cov --all-features --workspace --lcov --output-path lcov.info --exclude waterkit-audio-test --exclude waterkit-biometric-test --exclude waterkit-camera-test --exclude waterkit-codec-bench --exclude waterkit-dialog-test --exclude waterkit-location-test --exclude waterkit-notification-test --exclude waterkit-sensor-test --exclude waterkit-video-test --exclude waterkit-test-ios --exclude waterkit-test-android	2026-02-20T20:39:01.1268526Z [1m[92m   Compiling[0m yoke-derive v0.8.1
Coverage	Run cargo llvm-cov --all-features --workspace --lcov --output-path lcov.info --exclude waterkit-audio-test --exclude waterkit-biometric-test --exclude waterkit-camera-test --exclude waterkit-codec-bench --exclude waterkit-dialog-test --exclude waterkit-location-test --exclude waterkit-notification-test --exclude waterkit-sensor-test --exclude waterkit-video-test --exclude waterkit-test-ios --exclude waterkit-test-android	2026-02-20T20:39:01.4486683Z [1m[92m   Compiling[0m futures-core v0.3.32
Coverage	Run cargo llvm-cov --all-features --workspace --lcov --output-path lcov.info --exclude waterkit-audio-test --exclude waterkit-biometric-test --exclude waterkit-camera-test --exclude waterkit-codec-bench --exclude waterkit-dialog-test --exclude waterkit-location-test --exclude waterkit-notification-test --exclude waterkit-sensor-test --exclude waterkit-video-test --exclude waterkit-test-ios --exclude waterkit-test-android	2026-02-20T20:39:01.5465864Z [1m[92m   Compiling[0m thiserror v2.0.18
Coverage	Run cargo llvm-cov --all-features --workspace --lcov --output-path lcov.info --exclude waterkit-audio-test --exclude waterkit-biometric-test --exclude waterkit-camera-test --exclude waterkit-codec-bench --exclude waterkit-dialog-test --exclude waterkit-location-test --exclude waterkit-notification-test --exclude waterkit-sensor-test --exclude waterkit-video-test --exclude waterkit-test-ios --exclude waterkit-test-android	2026-02-20T20:39:01.8299304Z [1m[92m   Compiling[0m zerovec-derive v0.11.2
Coverage	Run cargo llvm-cov --all-features --workspace --lcov --output-path lcov.info --exclude waterkit-audio-test --exclude waterkit-biometric-test --exclude waterkit-camera-test --exclude waterkit-codec-bench --exclude waterkit-dialog-test --exclude waterkit-location-test --exclude waterkit-notification-test --exclude waterkit-sensor-test --exclude waterkit-video-test --exclude waterkit-test-ios --exclude waterkit-test-android	2026-02-20T20:39:02.0989766Z [1m[92m   Compiling[0m yoke v0.8.1
Coverage	Run cargo llvm-cov --all-features --workspace --lcov --output-path lcov.info --exclude waterkit-audio-test --exclude waterkit-biometric-test --exclude waterkit-camera-test --exclude waterkit-codec-bench --exclude waterkit-dialog-test --exclude waterkit-location-test --exclude waterkit-notification-test --exclude waterkit-sensor-test --exclude waterkit-video-test --exclude waterkit-test-ios --exclude waterkit-test-android	2026-02-20T20:39:02.2386619Z [1m[92m   Compiling[0m thiserror-impl v2.0.18
Coverage	Run cargo llvm-cov --all-features --workspace --lcov --output-path lcov.info --exclude waterkit-audio-test --exclude waterkit-biometric-test --exclude waterkit-camera-test --exclude waterkit-codec-bench --exclude waterkit-dialog-test --exclude waterkit-location-test --exclude waterkit-notification-test --exclude waterkit-sensor-test --exclude waterkit-video-test --exclude waterkit-test-ios --exclude waterkit-test-android	2026-02-20T20:39:02.2896635Z [1m[92m   Compiling[0m displaydoc v0.2.5
Coverage	Run cargo llvm-cov --all-features --workspace --lcov --output-path lcov.info --exclude waterkit-audio-test --exclude waterkit-biometric-test --exclude waterkit-camera-test --exclude waterkit-codec-bench --exclude waterkit-dialog-test --exclude waterkit-location-test --exclude waterkit-notification-test --exclude waterkit-sensor-test --exclude waterkit-video-test --exclude waterkit-test-ios --exclude waterkit-test-android	2026-02-20T20:39:02.4845069Z [1m[92m   Compiling[0m equivalent v1.0.2
Coverage	Run cargo llvm-cov --all-features --workspace --lcov --output-path lcov.info --exclude waterkit-audio-test --exclude waterkit-biometric-test --exclude waterkit-camera-test --exclude waterkit-codec-bench --exclude waterkit-dialog-test --exclude waterkit-location-test --exclude waterkit-notification-test --exclude waterkit-sensor-test --exclude waterkit-video-test --exclude waterkit-test-ios --exclude waterkit-test-android	2026-02-20T20:39:02.5245016Z [1m[92m   Compiling[0m writeable v0.6.2
Coverage	Run cargo llvm-cov --all-features --workspace --lcov --output-path lcov.info --exclude waterkit-audio-test --exclude waterkit-biometric-test --exclude waterkit-camera-test --exclude waterkit-codec-bench --exclude waterkit-dialog-test --exclude waterkit-location-test --exclude waterkit-notification-test --exclude waterkit-sensor-test --exclude waterkit-video-test --exclude waterkit-test-ios --exclude waterkit-test-android	2026-02-20T20:39:02.6758892Z [1m[92m   Compiling[0m litemap v0.8.1
Coverage	Run cargo llvm-cov --all-features --workspace --lcov --output-path lcov.info --exclude waterkit-audio-test --exclude waterkit-biometric-test --exclude waterkit-camera-test --exclude waterkit-codec-bench --exclude waterkit-dialog-test --exclude waterkit-location-test --exclude waterkit-notification-test --exclude waterkit-sensor-test --exclude waterkit-video-test --exclude waterkit-test-ios --exclude waterkit-test-android	2026-02-20T20:39:02.8387157Z [1m[92m   Compiling[0m icu_normalizer_data v2.1.1
Coverage	Run cargo llvm-cov --all-features --workspace --lcov --output-path lcov.info --exclude waterkit-audio-test --exclude waterkit-biometric-test --exclude waterkit-camera-test --exclude waterkit-codec-bench --exclude waterkit-dialog-test --exclude waterkit-location-test --exclude waterkit-notification-test --exclude waterkit-sensor-test --exclude waterkit-video-test --exclude waterkit-test-ios --exclude waterkit-test-android	2026-02-20T20:39:02.8430424Z [1m[92m   Compiling[0m zerotrie v0.2.3
Coverage	Run cargo llvm-cov --all-features --workspace --lcov --output-path lcov.info --exclude waterkit-audio-test --exclude waterkit-biometric-test --exclude waterkit-camera-test --exclude waterkit-codec-bench --exclude waterkit-dialog-test --exclude waterkit-location-test --exclude waterkit-notification-test --exclude waterkit-sensor-test --exclude waterkit-video-test --exclude waterkit-test-ios --exclude waterkit-test-android	2026-02-20T20:39:02.8729691Z [1m[92m   Compiling[0m zerovec v0.11.5
Coverage	Run cargo llvm-cov --all-features --workspace --lcov --output-path lcov.info --exclude waterkit-audio-test --exclude waterkit-biometric-test --exclude waterkit-camera-test --exclude waterkit-codec-bench --exclude waterkit-dialog-test --exclude waterkit-location-test --exclude waterkit-notification-test --exclude waterkit-sensor-test --exclude waterkit-video-test --exclude waterkit-test-ios --exclude waterkit-test-android	2026-02-20T20:39:02.9586908Z [1m[92m   Compiling[0m icu_properties_data v2.1.2
Coverage	Run cargo llvm-cov --all-features --workspace --lcov --output-path lcov.info --exclude waterkit-audio-test --exclude waterkit-biometric-test --exclude waterkit-camera-test --exclude waterkit-codec-bench --exclude waterkit-dialog-test --exclude waterkit-location-test --exclude waterkit-notification-test --exclude waterkit-sensor-test --exclude waterkit-video-test --exclude waterkit-test-ios --exclude waterkit-test-android	2026-02-20T20:39:03.1216987Z [1m[92m   Compiling[0m futures-io v0.3.32
Coverage	Run cargo llvm-cov --all-features --workspace --lcov --output-path lcov.info --exclude waterkit-audio-test --exclude waterkit-biometric-test --exclude waterkit-camera-test --exclude waterkit-codec-bench --exclude waterkit-dialog-test --exclude waterkit-location-test --exclude waterkit-notification-test --exclude waterkit-sensor-test --exclude waterkit-video-test --exclude waterkit-test-ios --exclude waterkit-test-android	2026-02-20T20:39:03.2088043Z [1m[92m   Compiling[0m slab v0.4.12
Coverage	Run cargo llvm-cov --all-features --workspace --lcov --output-path lcov.info --exclude waterkit-audio-test --exclude waterkit-biometric-test --exclude waterkit-camera-test --exclude waterkit-codec-bench --exclude waterkit-dialog-test --exclude waterkit-location-test --exclude waterkit-notification-test --exclude waterkit-sensor-test --exclude waterkit-video-test --exclude waterkit-test-ios --exclude waterkit-test-android	2026-02-20T20:39:03.2209634Z [1m[92m   Compiling[0m utf8_iter v1.0.4
Coverage	Run cargo llvm-cov --all-features --workspace --lcov --output-path lcov.info --exclude waterkit-audio-test --exclude waterkit-biometric-test --exclude waterkit-camera-test --exclude waterkit-codec-bench --exclude waterkit-dialog-test --exclude waterkit-location-test --exclude waterkit-notification-test --exclude waterkit-sensor-test --exclude waterkit-video-test --exclude waterkit-test-ios --exclude waterkit-test-android	2026-02-20T20:39:03.3124800Z [1m[92m   Compiling[0m winnow v0.7.14
Coverage	Run cargo llvm-cov --all-features --workspace --lcov --output-path lcov.info --exclude waterkit-audio-test --exclude waterkit-biometric-test --exclude waterkit-camera-test --exclude waterkit-codec-bench --exclude waterkit-dialog-test --exclude waterkit-location-test --exclude waterkit-notification-test --exclude waterkit-sensor-test --exclude waterkit-video-test --exclude waterkit-test-ios --exclude waterkit-test-android	2026-02-20T20:39:03.3307017Z [1m[92m   Compiling[0m libloading v0.8.9
Coverage	Run cargo llvm-cov --all-features --workspace --lcov --output-path lcov.info --exclude waterkit-audio-test --exclude waterkit-biometric-test --exclude waterkit-camera-test --exclude waterkit-codec-bench --exclude waterkit-dialog-test --exclude waterkit-location-test --exclude waterkit-notification-test --exclude waterkit-sensor-test --exclude waterkit-video-test --exclude waterkit-test-ios --exclude waterkit-test-android	2026-02-20T20:39:03.4329687Z [1m[92m   Compiling[0m tinystr v0.8.2
Coverage	Run cargo llvm-cov --all-features --workspace --lcov --output-path lcov.info --exclude waterkit-audio-test --exclude waterkit-biometric-test --exclude waterkit-camera-test --exclude waterkit-codec-bench --exclude waterkit-dialog-test --exclude waterkit-location-test --exclude waterkit-notification-test --exclude waterkit-sensor-test --exclude waterkit-video-test --exclude waterkit-test-ios --exclude waterkit-test-android	2026-02-20T20:39:03.4934503Z [1m[92m   Compiling[0m potential_utf v0.1.4
Coverage	Run cargo llvm-cov --all-features --workspace --lcov --output-path lcov.info --exclude waterkit-audio-test --exclude waterkit-biometric-test --exclude waterkit-camera-test --exclude waterkit-codec-bench --exclude waterkit-dialog-test --exclude waterkit-location-test --exclude waterkit-notification-test --exclude waterkit-sensor-test --exclude waterkit-video-test --exclude waterkit-test-ios --exclude waterkit-test-android	2026-02-20T20:39:03.5169797Z [1m[92m   Compiling[0m parking v2.2.1
Coverage	Run cargo llvm-cov --all-features --workspace --lcov --output-path lcov.info --exclude waterkit-audio-test --exclude waterkit-biometric-test --exclude waterkit-camera-test --exclude waterkit-codec-bench --exclude waterkit-dialog-test --exclude waterkit-location-test --exclude waterkit-notification-test --exclude waterkit-sensor-test --exclude waterkit-video-test --exclude waterkit-test-ios --exclude waterkit-test-android	2026-02-20T20:39:03.5765811Z [1m[92m   Compiling[0m icu_locale_core v2.1.1
Coverage	Run cargo llvm-cov --all-features --workspace --lcov --output-path lcov.info --exclude waterkit-audio-test --exclude waterkit-biometric-test --exclude waterkit-camera-test --exclude waterkit-codec-bench --exclude waterkit-dialog-test --exclude waterkit-location-test --exclude waterkit-notification-test --exclude waterkit-sensor-test --exclude waterkit-video-test --exclude waterkit-test-ios --exclude waterkit-test-android	2026-02-20T20:39:03.5860543Z [1m[92m   Compiling[0m icu_collections v2.1.1
Coverage	Run cargo llvm-cov --all-features --workspace --lcov --output-path lcov.info --exclude waterkit-audio-test --exclude waterkit-biometric-test --exclude waterkit-camera-test --exclude waterkit-codec-bench --exclude waterkit-dialog-test --exclude waterkit-location-test --exclude waterkit-notification-test --exclude waterkit-sensor-test --exclude waterkit-video-test --exclude waterkit-test-ios --exclude waterkit-test-android	2026-02-20T20:39:03.6288950Z [1m[92m   Compiling[0m concurrent-queue v2.5.0
Coverage	Run cargo llvm-cov --all-features --workspace --lcov --output-path lcov.info --exclude waterkit-audio-test --exclude waterkit-biometric-test --exclude waterkit-camera-test --exclude waterkit-codec-bench --exclude waterkit-dialog-test --exclude waterkit-location-test --exclude waterkit-notification-test --exclude waterkit-sensor-test --exclude waterkit-video-test --exclude waterkit-test-ios --exclude waterkit-test-android	2026-02-20T20:39:03.7814974Z [1m[92m   Compiling[0m errno v0.3.14
Coverage	Run cargo llvm-cov --all-features --workspace --lcov --output-path lcov.info --exclude waterkit-audio-test --exclude waterkit-biometric-test --exclude waterkit-camera-test --exclude waterkit-codec-bench --exclude waterkit-dialog-test --exclude waterkit-location-test --exclude waterkit-notification-test --exclude waterkit-sensor-test --exclude waterkit-video-test --exclude waterkit-test-ios --exclude waterkit-test-android	2026-02-20T20:39:03.8844773Z [1m[92m   Compiling[0m signal-hook-registry v1.4.8
Coverage	Run cargo llvm-cov --all-features --workspace --lcov --output-path lcov.info --exclude waterkit-audio-test --exclude waterkit-biometric-test --exclude waterkit-camera-test --exclude waterkit-codec-bench --exclude waterkit-dialog-test --exclude waterkit-location-test --exclude waterkit-notification-test --exclude waterkit-sensor-test --exclude waterkit-video-test --exclude waterkit-test-ios --exclude waterkit-test-android	2026-02-20T20:39:04.0856855Z [1m[92m   Compiling[0m toml_datetime v0.7.5+spec-1.1.0
Coverage	Run cargo llvm-cov --all-features --workspace --lcov --output-path lcov.info --exclude waterkit-audio-test --exclude waterkit-biometric-test --exclude waterkit-camera-test --exclude waterkit-codec-bench --exclude waterkit-dialog-test --exclude waterkit-location-test --exclude waterkit-notification-test --exclude waterkit-sensor-test --exclude waterkit-video-test --exclude waterkit-test-ios --exclude waterkit-test-android	2026-02-20T20:39:04.2216457Z [1m[92m   Compiling[0m event-listener v5.4.1
Coverage	Run cargo llvm-cov --all-features --workspace --lcov --output-path lcov.info --exclude waterkit-audio-test --exclude waterkit-biometric-test --exclude waterkit-camera-test --exclude waterkit-codec-bench --exclude waterkit-dialog-test --exclude waterkit-location-test --exclude waterkit-notification-test --exclude waterkit-sensor-test --exclude waterkit-video-test --exclude waterkit-test-ios --exclude waterkit-test-android	2026-02-20T20:39:04.3437944Z [1m[92m   Compiling[0m icu_provider v2.1.1
Coverage	Run cargo llvm-cov --all-features --workspace --lcov --output-path lcov.info --exclude waterkit-audio-test --exclude waterkit-biometric-test --exclude waterkit-camera-test --exclude waterkit-codec-bench --exclude waterkit-dialog-test --exclude waterkit-location-test --exclude waterkit-notification-test --exclude waterkit-sensor-test --exclude waterkit-video-test --exclude waterkit-test-ios --exclude waterkit-test-android	2026-02-20T20:39:04.4844277Z [1m[92m   Compiling[0m event-listener-strategy v0.5.4
Coverage	Run cargo llvm-cov --all-features --workspace --lcov --output-path lcov.info --exclude waterkit-audio-test --exclude waterkit-biometric-test --exclude waterkit-camera-test --exclude waterkit-codec-bench --exclude waterkit-dialog-test --exclude waterkit-location-test --exclude waterkit-notification-test --exclude waterkit-sensor-test --exclude waterkit-video-test --exclude waterkit-test-ios --exclude waterkit-test-android	2026-02-20T20:39:04.5712848Z [1m[92m   Compiling[0m icu_properties v2.1.2
Coverage	Run cargo llvm-cov --all-features --workspace --lcov --output-path lcov.info --exclude waterkit-audio-test --exclude waterkit-biometric-test --exclude waterkit-camera-test --exclude waterkit-codec-bench --exclude waterkit-dialog-test --exclude waterkit-location-test --exclude waterkit-notification-test --exclude waterkit-sensor-test --exclude waterkit-video-test --exclude waterkit-test-ios --exclude waterkit-test-android	2026-02-20T20:39:04.6013424Z [1m[92m   Compiling[0m async-channel v2.5.0
Coverage	Run cargo llvm-cov --all-features --workspace --lcov --output-path lcov.info --exclude waterkit-audio-test --exclude waterkit-biometric-test --exclude waterkit-camera-test --exclude waterkit-codec-bench --exclude waterkit-dialog-test --exclude waterkit-location-test --exclude waterkit-notification-test --exclude waterkit-sensor-test --exclude waterkit-video-test --exclude waterkit-test-ios --exclude waterkit-test-android	2026-02-20T20:39:04.7712622Z [1m[92m   Compiling[0m futures-lite v2.6.1
Coverage	Run cargo llvm-cov --all-features --workspace --lcov --output-path lcov.info --exclude waterkit-audio-test --exclude waterkit-biometric-test --exclude waterkit-camera-test --exclude waterkit-codec-bench --exclude waterkit-dialog-test --exclude waterkit-location-test --exclude waterkit-notification-test --exclude waterkit-sensor-test --exclude waterkit-video-test --exclude waterkit-test-ios --exclude waterkit-test-android	2026-02-20T20:39:04.8090878Z [1m[92m   Compiling[0m polling v3.11.0
Coverage	Run cargo llvm-cov --all-features --workspace --lcov --output-path lcov.info --exclude waterkit-audio-test --exclude waterkit-biometric-test --exclude waterkit-camera-test --exclude waterkit-codec-bench --exclude waterkit-dialog-test --exclude waterkit-location-test --exclude waterkit-notification-test --exclude waterkit-sensor-test --exclude waterkit-video-test --exclude waterkit-test-ios --exclude waterkit-test-android	2026-02-20T20:39:05.0696196Z [1m[92m   Compiling[0m async-task v4.7.1
Coverage	Run cargo llvm-cov --all-features --workspace --lcov --output-path lcov.info --exclude waterkit-audio-test --exclude waterkit-biometric-test --exclude waterkit-camera-test --exclude waterkit-codec-bench --exclude waterkit-dialog-test --exclude waterkit-location-test --exclude waterkit-notification-test --exclude waterkit-sensor-test --exclude waterkit-video-test --exclude waterkit-test-ios --exclude waterkit-test-android	2026-02-20T20:39:05.2542432Z [1m[92m   Compiling[0m toml_parser v1.0.9+spec-1.1.0
Coverage	Run cargo llvm-cov --all-features --workspace --lcov --output-path lcov.info --exclude waterkit-audio-test --exclude waterkit-biometric-test --exclude waterkit-camera-test --exclude waterkit-codec-bench --exclude waterkit-dialog-test --exclude waterkit-location-test --exclude waterkit-notification-test --exclude waterkit-sensor-test --exclude waterkit-video-test --exclude waterkit-test-ios --exclude waterkit-test-android	2026-02-20T20:39:05.3524895Z [1m[92m   Compiling[0m atomic-waker v1.1.2
Coverage	Run cargo llvm-cov --all-features --workspace --lcov --output-path lcov.info --exclude waterkit-audio-test --exclude waterkit-biometric-test --exclude waterkit-camera-test --exclude waterkit-codec-bench --exclude waterkit-dialog-test --exclude waterkit-location-test --exclude waterkit-notification-test --exclude waterkit-sensor-test --exclude waterkit-video-test --exclude waterkit-test-ios --exclude waterkit-test-android	2026-02-20T20:39:05.4372032Z [1m[92m   Compiling[0m libm v0.2.16
Coverage	Run cargo llvm-cov --all-features --workspace --lcov --output-path lcov.info --exclude waterkit-audio-test --exclude waterkit-biometric-test --exclude waterkit-camera-test --exclude waterkit-codec-bench --exclude waterkit-dialog-test --exclude waterkit-location-test --exclude waterkit-notification-test --exclude waterkit-sensor-test --exclude waterkit-video-test --exclude waterkit-test-ios --exclude waterkit-test-android	2026-02-20T20:39:05.7093452Z [1m[92m   Compiling[0m piper v0.2.4
Coverage	Run cargo llvm-cov --all-features --workspace --lcov --output-path lcov.info --exclude waterkit-audio-test --exclude waterkit-biometric-test --exclude waterkit-camera-test --exclude waterkit-codec-bench --exclude waterkit-dialog-test --exclude waterkit-location-test --exclude waterkit-notification-test --exclude waterkit-sensor-test --exclude waterkit-video-test --exclude waterkit-test-ios --exclude waterkit-test-android	2026-02-20T20:39:05.7716508Z [1m[92m   Compiling[0m num-traits v0.2.19
Coverage	Run cargo llvm-cov --all-features --workspace --lcov --output-path lcov.info --exclude waterkit-audio-test --exclude waterkit-biometric-test --exclude waterkit-camera-test --exclude waterkit-codec-bench --exclude waterkit-dialog-test --exclude waterkit-location-test --exclude waterkit-notification-test --exclude waterkit-sensor-test --exclude waterkit-video-test --exclude waterkit-test-ios --exclude waterkit-test-android	2026-02-20T20:39:05.8838019Z [1m[92m   Compiling[0m async-io v2.6.0
Coverage	Run cargo llvm-cov --all-features --workspace --lcov --output-path lcov.info --exclude waterkit-audio-test --exclude waterkit-biometric-test --exclude waterkit-camera-test --exclude waterkit-codec-bench --exclude waterkit-dialog-test --exclude waterkit-location-test --exclude waterkit-notification-test --exclude waterkit-sensor-test --exclude waterkit-video-test --exclude waterkit-test-ios --exclude waterkit-test-android	2026-02-20T20:39:05.9235391Z [1m[92m   Compiling[0m zerocopy v0.8.39
Coverage	Run cargo llvm-cov --all-features --workspace --lcov --output-path lcov.info --exclude waterkit-audio-test --exclude waterkit-biometric-test --exclude waterkit-camera-test --exclude waterkit-codec-bench --exclude waterkit-dialog-test --exclude waterkit-location-test --exclude waterkit-notification-test --exclude waterkit-sensor-test --exclude waterkit-video-test --exclude waterkit-test-ios --exclude waterkit-test-android	2026-02-20T20:39:05.9788664Z [1m[92m   Compiling[0m futures-sink v0.3.32
Coverage	Run cargo llvm-cov --all-features --workspace --lcov --output-path lcov.info --exclude waterkit-audio-test --exclude waterkit-biometric-test --exclude waterkit-camera-test --exclude waterkit-codec-bench --exclude waterkit-dialog-test --exclude waterkit-location-test --exclude waterkit-notification-test --exclude waterkit-sensor-test --exclude waterkit-video-test --exclude waterkit-test-ios --exclude waterkit-test-android	2026-02-20T20:39:06.0358630Z [1m[92m   Compiling[0m percent-encoding v2.3.2
Coverage	Run cargo llvm-cov --all-features --workspace --lcov --output-path lcov.info --exclude waterkit-audio-test --exclude waterkit-biometric-test --exclude waterkit-camera-test --exclude waterkit-codec-bench --exclude waterkit-dialog-test --exclude waterkit-location-test --exclude waterkit-notification-test --exclude waterkit-sensor-test --exclude waterkit-video-test --exclude waterkit-test-ios --exclude waterkit-test-android	2026-02-20T20:39:06.2656648Z [1m[92m   Compiling[0m blocking v1.6.2
Coverage	Run cargo llvm-cov --all-features --workspace --lcov --output-path lcov.info --exclude waterkit-audio-test --exclude waterkit-biometric-test --exclude waterkit-camera-test --exclude waterkit-codec-bench --exclude waterkit-dialog-test --exclude waterkit-location-test --exclude waterkit-notification-test --exclude waterkit-sensor-test --exclude waterkit-video-test --exclude waterkit-test-ios --exclude waterkit-test-android	2026-02-20T20:39:06.2710799Z [1m[92m   Compiling[0m zerocopy-derive v0.8.39
Coverage	Run cargo llvm-cov --all-features --workspace --lcov --output-path lcov.info --exclude waterkit-audio-test --exclude waterkit-biometric-test --exclude waterkit-camera-test --exclude waterkit-codec-bench --exclude waterkit-dialog-test --exclude waterkit-location-test --exclude waterkit-notification-test --exclude waterkit-sensor-test --exclude waterkit-video-test --exclude waterkit-test-ios --exclude waterkit-test-android	2026-02-20T20:39:06.4205300Z [1m[92m   Compiling[0m hashbrown v0.16.1
Coverage	Run cargo llvm-cov --all-features --workspace --lcov --output-path lcov.info --exclude waterkit-audio-test --exclude waterkit-biometric-test --exclude waterkit-camera-test --exclude waterkit-codec-bench --exclude waterkit-dialog-test --exclude waterkit-location-test --exclude waterkit-notification-test --exclude waterkit-sensor-test --exclude waterkit-video-test --exclude waterkit-test-ios --exclude waterkit-test-android	2026-02-20T20:39:06.9817580Z [1m[92m   Compiling[0m indexmap v2.13.0
Coverage	Run cargo llvm-cov --all-features --workspace --lcov --output-path lcov.info --exclude waterkit-audio-test --exclude waterkit-biometric-test --exclude waterkit-camera-test --exclude waterkit-codec-bench --exclude waterkit-dialog-test --exclude waterkit-location-test --exclude waterkit-notification-test --exclude waterkit-sensor-test --exclude waterkit-video-test --exclude waterkit-test-ios --exclude waterkit-test-android	2026-02-20T20:39:07.6691351Z [1m[92m   Compiling[0m toml_edit v0.23.10+spec-1.0.0
Coverage	Run cargo llvm-cov --all-features --workspace --lcov --output-path lcov.info --exclude waterkit-audio-test --exclude waterkit-biometric-test --exclude waterkit-camera-test --exclude waterkit-codec-bench --exclude waterkit-dialog-test --exclude waterkit-location-test --exclude waterkit-notification-test --exclude waterkit-sensor-test --exclude waterkit-video-test --exclude waterkit-test-ios --exclude waterkit-test-android	2026-02-20T20:39:07.6835630Z [1m[92m   Compiling[0m futures-channel v0.3.32
Coverage	Run cargo llvm-cov --all-features --workspace --lcov --output-path lcov.info --exclude waterkit-audio-test --exclude waterkit-biometric-test --exclude waterkit-camera-test --exclude waterkit-codec-bench --exclude waterkit-dialog-test --exclude waterkit-location-test --exclude waterkit-notification-test --exclude waterkit-sensor-test --exclude waterkit-video-test --exclude waterkit-test-ios --exclude waterkit-test-android	2026-02-20T20:39:07.8640732Z [1m[92m   Compiling[0m async-lock v3.4.2
Coverage	Run cargo llvm-cov --all-features --workspace --lcov --output-path lcov.info --exclude waterkit-audio-test --exclude waterkit-biometric-test --exclude waterkit-camera-test --exclude waterkit-codec-bench --exclude waterkit-dialog-test --exclude waterkit-location-test --exclude waterkit-notification-test --exclude waterkit-sensor-test --exclude waterkit-video-test --exclude waterkit-test-ios --exclude waterkit-test-android	2026-02-20T20:39:08.1271761Z [1m[92m   Compiling[0m form_urlencoded v1.2.2
Coverage	Run cargo llvm-cov --all-features --workspace --lcov --output-path lcov.info --exclude waterkit-audio-test --exclude waterkit-biometric-test --exclude waterkit-camera-test --exclude waterkit-codec-bench --exclude waterkit-dialog-test --exclude waterkit-location-test --exclude waterkit-notification-test --exclude waterkit-sensor-test --exclude waterkit-video-test --exclude waterkit-test-ios --exclude waterkit-test-android	2026-02-20T20:39:08.2508626Z [1m[92m   Compiling[0m proc-macro-crate v3.4.0
Coverage	Run cargo llvm-cov --all-features --workspace --lcov --output-path lcov.info --exclude waterkit-audio-test --exclude waterkit-biometric-test --exclude waterkit-camera-test --exclude waterkit-codec-bench --exclude waterkit-dialog-test --exclude waterkit-location-test --exclude waterkit-notification-test --exclude waterkit-sensor-test --exclude waterkit-video-test --exclude waterkit-test-ios --exclude waterkit-test-android	2026-02-20T20:39:08.4303122Z [1m[92m   Compiling[0m zvariant_utils v3.3.0
Coverage	Run cargo llvm-cov --all-features --workspace --lcov --output-path lcov.info --exclude waterkit-audio-test --exclude waterkit-biometric-test --exclude waterkit-camera-test --exclude waterkit-codec-bench --exclude waterkit-dialog-test --exclude waterkit-location-test --exclude waterkit-notification-test --exclude waterkit-sensor-test --exclude waterkit-video-test --exclude waterkit-test-ios --exclude waterkit-test-android	2026-02-20T20:39:08.6736279Z [1m[92m   Compiling[0m icu_normalizer v2.1.1
Coverage	Run cargo llvm-cov --all-features --workspace --lcov --output-path lcov.info --exclude waterkit-audio-test --exclude waterkit-biometric-test --exclude waterkit-camera-test --exclude waterkit-codec-bench --exclude waterkit-dialog-test --exclude waterkit-location-test --exclude waterkit-notification-test --exclude waterkit-sensor-test --exclude waterkit-video-test --exclude waterkit-test-ios --exclude waterkit-test-android	2026-02-20T20:39:08.7145270Z [1m[92m   Compiling[0m bytemuck_derive v1.10.2
Coverage	Run cargo llvm-cov --all-features --workspace --lcov --output-path lcov.info --exclude waterkit-audio-test --exclude waterkit-biometric-test --exclude waterkit-camera-test --exclude waterkit-codec-bench --exclude waterkit-dialog-test --exclude waterkit-location-test --exclude waterkit-notification-test --exclude waterkit-sensor-test --exclude waterkit-video-test --exclude waterkit-test-ios --exclude waterkit-test-android	2026-02-20T20:39:08.9390584Z [1m[92m   Compiling[0m enumflags2_derive v0.7.12
Coverage	Run cargo llvm-cov --all-features --workspace --lcov --output-path lcov.info --exclude waterkit-audio-test --exclude waterkit-biometric-test --exclude waterkit-camera-test --exclude waterkit-codec-bench --exclude waterkit-dialog-test --exclude waterkit-location-test --exclude waterkit-notification-test --exclude waterkit-sensor-test --exclude waterkit-video-test --exclude waterkit-test-ios --exclude waterkit-test-android	2026-02-20T20:39:09.3006394Z [1m[92m   Compiling[0m tracing-core v0.1.36
Coverage	Run cargo llvm-cov --all-features --workspace --lcov --output-path lcov.info --exclude waterkit-audio-test --exclude waterkit-biometric-test --exclude waterkit-camera-test --exclude waterkit-codec-bench --exclude waterkit-dialog-test --exclude waterkit-location-test --exclude waterkit-notification-test --exclude waterkit-sensor-test --exclude waterkit-video-test --exclude waterkit-test-ios --exclude waterkit-test-android	2026-02-20T20:39:09.3901469Z [1m[92m   Compiling[0m futures-task v0.3.32
Coverage	Run cargo llvm-cov --all-features --workspace --lcov --output-path lcov.info --exclude waterkit-audio-test --exclude waterkit-biometric-test --exclude waterkit-camera-test --exclude waterkit-codec-bench --exclude waterkit-dialog-test --exclude waterkit-location-test --exclude waterkit-notification-test --exclude waterkit-sensor-test --exclude waterkit-video-test --exclude waterkit-test-ios --exclude waterkit-test-android	2026-02-20T20:39:09.5075644Z [1m[92m   Compiling[0m enumflags2 v0.7.12
Coverage	Run cargo llvm-cov --all-features --workspace --lcov --output-path lcov.info --exclude waterkit-audio-test --exclude waterkit-biometric-test --exclude waterkit-camera-test --exclude waterkit-codec-bench --exclude waterkit-dialog-test --exclude waterkit-location-test --exclude waterkit-notification-test --exclude waterkit-sensor-test --exclude waterkit-video-test --exclude waterkit-test-ios --exclude waterkit-test-android	2026-02-20T20:39:09.6537576Z [1m[92m   Compiling[0m idna_adapter v1.2.1
Coverage	Run cargo llvm-cov --all-features --workspace --lcov --output-path lcov.info --exclude waterkit-audio-test --exclude waterkit-biometric-test --exclude waterkit-camera-test --exclude waterkit-codec-bench --exclude waterkit-dialog-test --exclude waterkit-location-test --exclude waterkit-notification-test --exclude waterkit-sensor-test --exclude waterkit-video-test --exclude waterkit-test-ios --exclude waterkit-test-android	2026-02-20T20:39:09.7282299Z [1m[92m   Compiling[0m zvariant_derive v5.9.2
Coverage	Run cargo llvm-cov --all-features --workspace --lcov --output-path lcov.info --exclude waterkit-audio-test --exclude waterkit-biometric-test --exclude waterkit-camera-test --exclude waterkit-codec-bench --exclude waterkit-dialog-test --exclude waterkit-location-test --exclude waterkit-notification-test --exclude waterkit-sensor-test --exclude waterkit-video-test --exclude waterkit-test-ios --exclude waterkit-test-android	2026-02-20T20:39:09.8700469Z [1m[92m   Compiling[0m bytemuck v1.25.0
Coverage	Run cargo llvm-cov --all-features --workspace --lcov --output-path lcov.info --exclude waterkit-audio-test --exclude waterkit-biometric-test --exclude waterkit-camera-test --exclude waterkit-codec-bench --exclude waterkit-dialog-test --exclude waterkit-location-test --exclude waterkit-notification-test --exclude waterkit-sensor-test --exclude waterkit-video-test --exclude waterkit-test-ios --exclude waterkit-test-android	2026-02-20T20:39:09.9388791Z [1m[92m   Compiling[0m async-executor v1.14.0
Coverage	Run cargo llvm-cov --all-features --workspace --lcov --output-path lcov.info --exclude waterkit-audio-test --exclude waterkit-biometric-test --exclude waterkit-camera-test --exclude waterkit-codec-bench --exclude waterkit-dialog-test --exclude waterkit-location-test --exclude waterkit-notification-test --exclude waterkit-sensor-test --exclude waterkit-video-test --exclude waterkit-test-ios --exclude waterkit-test-android	2026-02-20T20:39:10.0923310Z [1m[92m   Compiling[0m futures-macro v0.3.32
Coverage	Run cargo llvm-cov --all-features --workspace --lcov --output-path lcov.info --exclude waterkit-audio-test --exclude waterkit-biometric-test --exclude waterkit-camera-test --exclude waterkit-codec-bench --exclude waterkit-dialog-test --exclude waterkit-location-test --exclude waterkit-notification-test --exclude waterkit-sensor-test --exclude waterkit-video-test --exclude waterkit-test-ios --exclude waterkit-test-android	2026-02-20T20:39:10.3025722Z [1m[92m   Compiling[0m endi v1.1.1
Coverage	Run cargo llvm-cov --all-features --workspace --lcov --output-path lcov.info --exclude waterkit-audio-test --exclude waterkit-biometric-test --exclude waterkit-camera-test --exclude waterkit-codec-bench --exclude waterkit-dialog-test --exclude waterkit-location-test --exclude waterkit-notification-test --exclude waterkit-sensor-test --exclude waterkit-video-test --exclude waterkit-test-ios --exclude waterkit-test-android	2026-02-20T20:39:10.4030830Z [1m[92m   Compiling[0m idna v1.1.0
Coverage	Run cargo llvm-cov --all-features --workspace --lcov --output-path lcov.info --exclude waterkit-audio-test --exclude waterkit-biometric-test --exclude waterkit-camera-test --exclude waterkit-codec-bench --exclude waterkit-dialog-test --exclude waterkit-location-test --exclude waterkit-notification-test --exclude waterkit-sensor-test --exclude waterkit-video-test --exclude waterkit-test-ios --exclude waterkit-test-android	2026-02-20T20:39:10.6477425Z [1m[92m   Compiling[0m tracing-attributes v0.1.31
Coverage	Run cargo llvm-cov --all-features --workspace --lcov --output-path lcov.info --exclude waterkit-audio-test --exclude waterkit-biometric-test --exclude waterkit-camera-test --exclude waterkit-codec-bench --exclude waterkit-dialog-test --exclude waterkit-location-test --exclude waterkit-notification-test --exclude waterkit-sensor-test --exclude waterkit-video-test --exclude waterkit-test-ios --exclude waterkit-test-android	2026-02-20T20:39:10.7866444Z [1m[92m   Compiling[0m futures-util v0.3.32
Coverage	Run cargo llvm-cov --all-features --workspace --lcov --output-path lcov.info --exclude waterkit-audio-test --exclude waterkit-biometric-test --exclude waterkit-camera-test --exclude waterkit-codec-bench --exclude waterkit-dialog-test --exclude waterkit-location-test --exclude waterkit-notification-test --exclude waterkit-sensor-test --exclude waterkit-video-test --exclude waterkit-test-ios --exclude waterkit-test-android	2026-02-20T20:39:11.4350865Z [1m[92m   Compiling[0m url v2.5.8
Coverage	Run cargo llvm-cov --all-features --workspace --lcov --output-path lcov.info --exclude waterkit-audio-test --exclude waterkit-biometric-test --exclude waterkit-camera-test --exclude waterkit-codec-bench --exclude waterkit-dialog-test --exclude waterkit-location-test --exclude waterkit-notification-test --exclude waterkit-sensor-test --exclude waterkit-video-test --exclude waterkit-test-ios --exclude waterkit-test-android	2026-02-20T20:39:11.8535567Z [1m[92m   Compiling[0m tracing v0.1.44
Coverage	Run cargo llvm-cov --all-features --workspace --lcov --output-path lcov.info --exclude waterkit-audio-test --exclude waterkit-biometric-test --exclude waterkit-camera-test --exclude waterkit-codec-bench --exclude waterkit-dialog-test --exclude waterkit-location-test --exclude waterkit-notification-test --exclude waterkit-sensor-test --exclude waterkit-video-test --exclude waterkit-test-ios --exclude waterkit-test-android	2026-02-20T20:39:12.0506975Z [1m[92m   Compiling[0m arrayvec v0.7.6
Coverage	Run cargo llvm-cov --all-features --workspace --lcov --output-path lcov.info --exclude waterkit-audio-test --exclude waterkit-biometric-test --exclude waterkit-camera-test --exclude waterkit-codec-bench --exclude waterkit-dialog-test --exclude waterkit-location-test --exclude waterkit-notification-test --exclude waterkit-sensor-test --exclude waterkit-video-test --exclude waterkit-test-ios --exclude waterkit-test-android	2026-02-20T20:39:12.2396331Z [1m[92m   Compiling[0m zvariant v5.9.2
Coverage	Run cargo llvm-cov --all-features --workspace --lcov --output-path lcov.info --exclude waterkit-audio-test --exclude waterkit-biometric-test --exclude waterkit-camera-test --exclude waterkit-codec-bench --exclude waterkit-dialog-test --exclude waterkit-location-test --exclude waterkit-notification-test --exclude waterkit-sensor-test --exclude waterkit-video-test --exclude waterkit-test-ios --exclude waterkit-test-android	2026-02-20T20:39:12.3659571Z [1m[92m   Compiling[0m async-signal v0.2.13
Coverage	Run cargo llvm-cov --all-features --workspace --lcov --output-path lcov.info --exclude waterkit-audio-test --exclude waterkit-biometric-test --exclude waterkit-camera-test --exclude waterkit-codec-bench --exclude waterkit-dialog-test --exclude waterkit-location-test --exclude waterkit-notification-test --exclude waterkit-sensor-test --exclude waterkit-video-test --exclude waterkit-test-ios --exclude waterkit-test-android	2026-02-20T20:39:12.5265267Z [1m[92m   Compiling[0m cfg_aliases v0.2.1
Coverage	Run cargo llvm-cov --all-features --workspace --lcov --output-path lcov.info --exclude waterkit-audio-test --exclude waterkit-biometric-test --exclude waterkit-camera-test --exclude waterkit-codec-bench --exclude waterkit-dialog-test --exclude waterkit-location-test --exclude waterkit-notification-test --exclude waterkit-sensor-test --exclude waterkit-video-test --exclude waterkit-test-ios --exclude waterkit-test-android	2026-02-20T20:39:12.5651557Z [1m[92m   Compiling[0m async-process v2.5.0
Coverage	Run cargo llvm-cov --all-features --workspace --lcov --output-path lcov.info --exclude waterkit-audio-test --exclude waterkit-biometric-test --exclude waterkit-camera-test --exclude waterkit-codec-bench --exclude waterkit-dialog-test --exclude waterkit-location-test --exclude waterkit-notification-test --exclude waterkit-sensor-test --exclude waterkit-video-test --exclude waterkit-test-ios --exclude waterkit-test-android	2026-02-20T20:39:13.3574915Z [1m[92m   Compiling[0m uuid v1.21.0
Coverage	Run cargo llvm-cov --all-features --workspace --lcov --output-path lcov.info --exclude waterkit-audio-test --exclude waterkit-biometric-test --exclude waterkit-camera-test --exclude waterkit-codec-bench --exclude waterkit-dialog-test --exclude waterkit-location-test --exclude waterkit-notification-test --exclude waterkit-sensor-test --exclude waterkit-video-test --exclude waterkit-test-ios --exclude waterkit-test-android	2026-02-20T20:39:13.6872713Z [1m[92m   Compiling[0m futures-executor v0.3.32
Coverage	Run cargo llvm-cov --all-features --workspace --lcov --output-path lcov.info --exclude waterkit-audio-test --exclude waterkit-biometric-test --exclude waterkit-camera-test --exclude waterkit-codec-bench --exclude waterkit-dialog-test --exclude waterkit-location-test --exclude waterkit-notification-test --exclude waterkit-sensor-test --exclude waterkit-video-test --exclude waterkit-test-ios --exclude waterkit-test-android	2026-02-20T20:39:13.7672207Z [1m[92m   Compiling[0m async-broadcast v0.7.2
Coverage	Run cargo llvm-cov --all-features --workspace --lcov --output-path lcov.info --exclude waterkit-audio-test --exclude waterkit-biometric-test --exclude waterkit-camera-test --exclude waterkit-codec-bench --exclude waterkit-dialog-test --exclude waterkit-location-test --exclude waterkit-notification-test --exclude waterkit-sensor-test --exclude waterkit-video-test --exclude waterkit-test-ios --exclude waterkit-test-android	2026-02-20T20:39:13.9229112Z [1m[92m   Compiling[0m ordered-stream v0.2.0
Coverage	Run cargo llvm-cov --all-features --workspace --lcov --output-path lcov.info --exclude waterkit-audio-test --exclude waterkit-biometric-test --exclude waterkit-camera-test --exclude waterkit-codec-bench --exclude waterkit-dialog-test --exclude waterkit-location-test --exclude waterkit-notification-test --exclude waterkit-sensor-test --exclude waterkit-video-test --exclude waterkit-test-ios --exclude waterkit-test-android	2026-02-20T20:39:13.9437525Z [1m[92m   Compiling[0m async-trait v0.1.89
Coverage	Run cargo llvm-cov --all-features --workspace --lcov --output-path lcov.info --exclude waterkit-audio-test --exclude waterkit-biometric-test --exclude waterkit-camera-test --exclude waterkit-codec-bench --exclude waterkit-dialog-test --exclude waterkit-location-test --exclude waterkit-notification-test --exclude waterkit-sensor-test --exclude waterkit-video-test --exclude waterkit-test-ios --exclude waterkit-test-android	2026-02-20T20:39:14.2160808Z [1m[92m   Compiling[0m serde_repr v0.1.20
Coverage	Run cargo llvm-cov --all-features --workspace --lcov --output-path lcov.info --exclude waterkit-audio-test --exclude waterkit-biometric-test --exclude waterkit-camera-test --exclude waterkit-codec-bench --exclude waterkit-dialog-test --exclude waterkit-location-test --exclude waterkit-notification-test --exclude waterkit-sensor-test --exclude waterkit-video-test --exclude waterkit-test-ios --exclude waterkit-test-android	2026-02-20T20:39:14.5663489Z [1m[92m   Compiling[0m zbus_names v4.3.1
Coverage	Run cargo llvm-cov --all-features --workspace --lcov --output-path lcov.info --exclude waterkit-audio-test --exclude waterkit-biometric-test --exclude waterkit-camera-test --exclude waterkit-codec-bench --exclude waterkit-dialog-test --exclude waterkit-location-test --exclude waterkit-notification-test --exclude waterkit-sensor-test --exclude waterkit-video-test --exclude waterkit-test-ios --exclude waterkit-test-android	2026-02-20T20:39:14.8022486Z [1m[92m   Compiling[0m hex v0.4.3
Coverage	Run cargo llvm-cov --all-features --workspace --lcov --output-path lcov.info --exclude waterkit-audio-test --exclude waterkit-biometric-test --exclude waterkit-camera-test --exclude waterkit-codec-bench --exclude waterkit-dialog-test --exclude waterkit-location-test --exclude waterkit-notification-test --exclude waterkit-sensor-test --exclude waterkit-video-test --exclude waterkit-test-ios --exclude waterkit-test-android	2026-02-20T20:39:14.8533807Z [1m[92m   Compiling[0m futures v0.3.32
Coverage	Run cargo llvm-cov --all-features --workspace --lcov --output-path lcov.info --exclude waterkit-audio-test --exclude waterkit-biometric-test --exclude waterkit-camera-test --exclude waterkit-codec-bench --exclude waterkit-dialog-test --exclude waterkit-location-test --exclude waterkit-notification-test --exclude waterkit-sensor-test --exclude waterkit-video-test --exclude waterkit-test-ios --exclude waterkit-test-android	2026-02-20T20:39:15.0261773Z [1m[92m   Compiling[0m bytes v1.11.1
Coverage	Run cargo llvm-cov --all-features --workspace --lcov --output-path lcov.info --exclude waterkit-audio-test --exclude waterkit-biometric-test --exclude waterkit-camera-test --exclude waterkit-codec-bench --exclude waterkit-dialog-test --exclude waterkit-location-test --exclude waterkit-notification-test --exclude waterkit-sensor-test --exclude waterkit-video-test --exclude waterkit-test-ios --exclude waterkit-test-android	2026-02-20T20:39:15.4058592Z [1m[92m   Compiling[0m zbus_macros v5.13.2
Coverage	Run cargo llvm-cov --all-features --workspace --lcov --output-path lcov.info --exclude waterkit-audio-test --exclude waterkit-biometric-test --exclude waterkit-camera-test --exclude waterkit-codec-bench --exclude waterkit-dialog-test --exclude waterkit-location-test --exclude waterkit-notification-test --exclude waterkit-sensor-test --exclude waterkit-video-test --exclude waterkit-test-ios --exclude waterkit-test-android	2026-02-20T20:39:15.7107668Z [1m[92m   Compiling[0m scopeguard v1.2.0
Coverage	Run cargo llvm-cov --all-features --workspace --lcov --output-path lcov.info --exclude waterkit-audio-test --exclude waterkit-biometric-test --exclude waterkit-camera-test --exclude waterkit-codec-bench --exclude waterkit-dialog-test --exclude waterkit-location-test --exclude waterkit-notification-test --exclude waterkit-sensor-test --exclude waterkit-video-test --exclude waterkit-test-ios --exclude waterkit-test-android	2026-02-20T20:39:15.7580890Z [1m[92m   Compiling[0m lock_api v0.4.14
Coverage	Run cargo llvm-cov --all-features --workspace --lcov --output-path lcov.info --exclude waterkit-audio-test --exclude waterkit-biometric-test --exclude waterkit-camera-test --exclude waterkit-codec-bench --exclude waterkit-dialog-test --exclude waterkit-location-test --exclude waterkit-notification-test --exclude waterkit-sensor-test --exclude waterkit-video-test --exclude waterkit-test-ios --exclude waterkit-test-android	2026-02-20T20:39:15.9479331Z [1m[92m   Compiling[0m parking_lot_core v0.9.12
Coverage	Run cargo llvm-cov --all-features --workspace --lcov --output-path lcov.info --exclude waterkit-audio-test --exclude waterkit-biometric-test --exclude waterkit-camera-test --exclude waterkit-codec-bench --exclude waterkit-dialog-test --exclude waterkit-location-test --exclude waterkit-notification-test --exclude waterkit-sensor-test --exclude waterkit-video-test --exclude waterkit-test-ios --exclude waterkit-test-android	2026-02-20T20:39:16.3186142Z [1m[92m   Compiling[0m parking_lot v0.12.5
Coverage	Run cargo llvm-cov --all-features --workspace --lcov --output-path lcov.info --exclude waterkit-audio-test --exclude waterkit-biometric-test --exclude waterkit-camera-test --exclude waterkit-codec-bench --exclude waterkit-dialog-test --exclude waterkit-location-test --exclude waterkit-notification-test --exclude waterkit-sensor-test --exclude waterkit-video-test --exclude waterkit-test-ios --exclude waterkit-test-android	2026-02-20T20:39:16.7698561Z [1m[92m   Compiling[0m thiserror v1.0.69
Coverage	Run cargo llvm-cov --all-features --workspace --lcov --output-path lcov.info --exclude waterkit-audio-test --exclude waterkit-biometric-test --exclude waterkit-camera-test --exclude waterkit-codec-bench --exclude waterkit-dialog-test --exclude waterkit-location-test --exclude waterkit-notification-test --exclude waterkit-sensor-test --exclude waterkit-video-test --exclude waterkit-test-ios --exclude waterkit-test-android	2026-02-20T20:39:17.0156632Z [1m[92m   Compiling[0m half v2.7.1
Coverage	Run cargo llvm-cov --all-features --workspace --lcov --output-path lcov.info --exclude waterkit-audio-test --exclude waterkit-biometric-test --exclude waterkit-camera-test --exclude waterkit-codec-bench --exclude waterkit-dialog-test --exclude waterkit-location-test --exclude waterkit-notification-test --exclude waterkit-sensor-test --exclude waterkit-video-test --exclude waterkit-test-ios --exclude waterkit-test-android	2026-02-20T20:39:17.8913147Z [1m[92m   Compiling[0m thiserror-impl v1.0.69
Coverage	Run cargo llvm-cov --all-features --workspace --lcov --output-path lcov.info --exclude waterkit-audio-test --exclude waterkit-biometric-test --exclude waterkit-camera-test --exclude waterkit-codec-bench --exclude waterkit-dialog-test --exclude waterkit-location-test --exclude waterkit-notification-test --exclude waterkit-sensor-test --exclude waterkit-video-test --exclude waterkit-test-ios --exclude waterkit-test-android	2026-02-20T20:39:18.1824691Z [1m[92m   Compiling[0m zbus v5.13.2
Coverage	Run cargo llvm-cov --all-features --workspace --lcov --output-path lcov.info --exclude waterkit-audio-test --exclude waterkit-biometric-test --exclude waterkit-camera-test --exclude waterkit-codec-bench --exclude waterkit-dialog-test --exclude waterkit-location-test --exclude waterkit-notification-test --exclude waterkit-sensor-test --exclude waterkit-video-test --exclude waterkit-test-ios --exclude waterkit-test-android	2026-02-20T20:39:18.2098072Z [1m[92m   Compiling[0m crossbeam-epoch v0.9.18
Coverage	Run cargo llvm-cov --all-features --workspace --lcov --output-path lcov.info --exclude waterkit-audio-test --exclude waterkit-biometric-test --exclude waterkit-camera-test --exclude waterkit-codec-bench --exclude waterkit-dialog-test --exclude waterkit-location-test --exclude waterkit-notification-test --exclude waterkit-sensor-test --exclude waterkit-video-test --exclude waterkit-test-ios --exclude waterkit-test-android	2026-02-20T20:39:18.2103263Z [1m[92m   Compiling[0m unicode-width v0.2.2
Coverage	Run cargo llvm-cov --all-features --workspace --lcov --output-path lcov.info --exclude waterkit-audio-test --exclude waterkit-biometric-test --exclude waterkit-camera-test --exclude waterkit-codec-bench --exclude waterkit-dialog-test --exclude waterkit-location-test --exclude waterkit-notification-test --exclude waterkit-sensor-test --exclude waterkit-video-test --exclude waterkit-test-ios --exclude waterkit-test-android	2026-02-20T20:39:18.4176968Z [1m[92m   Compiling[0m crossbeam-deque v0.8.6
Coverage	Run cargo llvm-cov --all-features --workspace --lcov --output-path lcov.info --exclude waterkit-audio-test --exclude waterkit-biometric-test --exclude waterkit-camera-test --exclude waterkit-codec-bench --exclude waterkit-dialog-test --exclude waterkit-location-test --exclude waterkit-notification-test --exclude waterkit-sensor-test --exclude waterkit-video-test --exclude waterkit-test-ios --exclude waterkit-test-android	2026-02-20T20:39:18.5198466Z [1m[92m   Compiling[0m either v1.15.0
Coverage	Run cargo llvm-cov --all-features --workspace --lcov --output-path lcov.info --exclude waterkit-audio-test --exclude waterkit-biometric-test --exclude waterkit-camera-test --exclude waterkit-codec-bench --exclude waterkit-dialog-test --exclude waterkit-location-test --exclude waterkit-notification-test --exclude waterkit-sensor-test --exclude waterkit-video-test --exclude waterkit-test-ios --exclude waterkit-test-android	2026-02-20T20:39:18.7015028Z [1m[92m   Compiling[0m rayon-core v1.13.0
Coverage	Run cargo llvm-cov --all-features --workspace --lcov --output-path lcov.info --exclude waterkit-audio-test --exclude waterkit-biometric-test --exclude waterkit-camera-test --exclude waterkit-codec-bench --exclude waterkit-dialog-test --exclude waterkit-location-test --exclude waterkit-notification-test --exclude waterkit-sensor-test --exclude waterkit-video-test --exclude waterkit-test-ios --exclude waterkit-test-android	2026-02-20T20:39:18.8177909Z [1m[92m   Compiling[0m allocator-api2 v0.2.21
Coverage	Run cargo llvm-cov --all-features --workspace --lcov --output-path lcov.info --exclude waterkit-audio-test --exclude waterkit-biometric-test --exclude waterkit-camera-test --exclude waterkit-codec-bench --exclude waterkit-dialog-test --exclude waterkit-location-test --exclude waterkit-notification-test --exclude waterkit-sensor-test --exclude waterkit-video-test --exclude waterkit-test-ios --exclude waterkit-test-android	2026-02-20T20:39:18.8429855Z [1m[92m   Compiling[0m foldhash v0.2.0
Coverage	Run cargo llvm-cov --all-features --workspace --lcov --output-path lcov.info --exclude waterkit-audio-test --exclude waterkit-biometric-test --exclude waterkit-camera-test --exclude waterkit-codec-bench --exclude waterkit-dialog-test --exclude waterkit-location-test --exclude waterkit-notification-test --exclude waterkit-sensor-test --exclude waterkit-video-test --exclude waterkit-test-ios --exclude waterkit-test-android	2026-02-20T20:39:19.0358965Z [1m[92m   Compiling[0m anyhow v1.0.102
Coverage	Run cargo llvm-cov --all-features --workspace --lcov --output-path lcov.info --exclude waterkit-audio-test --exclude waterkit-biometric-test --exclude waterkit-camera-test --exclude waterkit-codec-bench --exclude waterkit-dialog-test --exclude waterkit-location-test --exclude waterkit-notification-test --exclude waterkit-sensor-test --exclude waterkit-video-test --exclude waterkit-test-ios --exclude waterkit-test-android	2026-02-20T20:39:19.2419919Z [1m[92m   Compiling[0m paste v1.0.15
Coverage	Run cargo llvm-cov --all-features --workspace --lcov --output-path lcov.info --exclude waterkit-audio-test --exclude waterkit-biometric-test --exclude waterkit-camera-test --exclude waterkit-codec-bench --exclude waterkit-dialog-test --exclude waterkit-location-test --exclude waterkit-notification-test --exclude waterkit-sensor-test --exclude waterkit-video-test --exclude waterkit-test-ios --exclude waterkit-test-android	2026-02-20T20:39:19.4106577Z [1m[92m   Compiling[0m bitflags v1.3.2
Coverage	Run cargo llvm-cov --all-features --workspace --lcov --output-path lcov.info --exclude waterkit-audio-test --exclude waterkit-biometric-test --exclude waterkit-camera-test --exclude waterkit-codec-bench --exclude waterkit-dialog-test --exclude waterkit-location-test --exclude waterkit-notification-test --exclude waterkit-sensor-test --exclude waterkit-video-test --exclude waterkit-test-ios --exclude waterkit-test-android	2026-02-20T20:39:19.5394707Z [1m[92m   Compiling[0m dlib v0.5.2
Coverage	Run cargo llvm-cov --all-features --workspace --lcov --output-path lcov.info --exclude waterkit-audio-test --exclude waterkit-biometric-test --exclude waterkit-camera-test --exclude waterkit-codec-bench --exclude waterkit-dialog-test --exclude waterkit-location-test --exclude waterkit-notification-test --exclude waterkit-sensor-test --exclude waterkit-video-test --exclude waterkit-test-ios --exclude waterkit-test-android	2026-02-20T20:39:19.6062198Z [1m[92m   Compiling[0m profiling-procmacros v1.0.17
Coverage	Run cargo llvm-cov --all-features --workspace --lcov --output-path lcov.info --exclude waterkit-audio-test --exclude waterkit-biometric-test --exclude waterkit-camera-test --exclude waterkit-codec-bench --exclude waterkit-dialog-test --exclude waterkit-location-test --exclude waterkit-notification-test --exclude waterkit-sensor-test --exclude waterkit-video-test --exclude waterkit-test-ios --exclude waterkit-test-android	2026-02-20T20:39:19.7472683Z [1m[92m   Compiling[0m simd-adler32 v0.3.8
Coverage	Run cargo llvm-cov --all-features --workspace --lcov --output-path lcov.info --exclude waterkit-audio-test --exclude waterkit-biometric-test --exclude waterkit-camera-test --exclude waterkit-codec-bench --exclude waterkit-dialog-test --exclude waterkit-location-test --exclude waterkit-notification-test --exclude waterkit-sensor-test --exclude waterkit-video-test --exclude waterkit-test-ios --exclude waterkit-test-android	2026-02-20T20:39:19.8425258Z [1m[92m   Compiling[0m profiling v1.0.17
Coverage	Run cargo llvm-cov --all-features --workspace --lcov --output-path lcov.info --exclude waterkit-audio-test --exclude waterkit-biometric-test --exclude waterkit-camera-test --exclude waterkit-codec-bench --exclude waterkit-dialog-test --exclude waterkit-location-test --exclude waterkit-notification-test --exclude waterkit-sensor-test --exclude waterkit-video-test --exclude waterkit-test-ios --exclude waterkit-test-android	2026-02-20T20:39:20.2533667Z [1m[92m   Compiling[0m rayon v1.11.0
Coverage	Run cargo llvm-cov --all-features --workspace --lcov --output-path lcov.info --exclude waterkit-audio-test --exclude waterkit-biometric-test --exclude waterkit-camera-test --exclude waterkit-codec-bench --exclude waterkit-dialog-test --exclude waterkit-location-test --exclude waterkit-notification-test --exclude waterkit-sensor-test --exclude waterkit-video-test --exclude waterkit-test-ios --exclude waterkit-test-android	2026-02-20T20:39:20.2851868Z [1m[92m   Compiling[0m raw-window-handle v0.6.2
Coverage	Run cargo llvm-cov --all-features --workspace --lcov --output-path lcov.info --exclude waterkit-audio-test --exclude waterkit-biometric-test --exclude waterkit-camera-test --exclude waterkit-codec-bench --exclude waterkit-dialog-test --exclude waterkit-location-test --exclude waterkit-notification-test --exclude waterkit-sensor-test --exclude waterkit-video-test --exclude waterkit-test-ios --exclude waterkit-test-android	2026-02-20T20:39:20.4379272Z [1m[92m   Compiling[0m heck v0.5.0
Coverage	Run cargo llvm-cov --all-features --workspace --lcov --output-path lcov.info --exclude waterkit-audio-test --exclude waterkit-biometric-test --exclude waterkit-camera-test --exclude waterkit-codec-bench --exclude waterkit-dialog-test --exclude waterkit-location-test --exclude waterkit-notification-test --exclude waterkit-sensor-test --exclude waterkit-video-test --exclude waterkit-test-ios --exclude waterkit-test-android	2026-02-20T20:39:20.4733176Z [1m[92m   Compiling[0m vcpkg v0.2.15
Coverage	Run cargo llvm-cov --all-features --workspace --lcov --output-path lcov.info --exclude waterkit-audio-test --exclude waterkit-biometric-test --exclude waterkit-camera-test --exclude waterkit-codec-bench --exclude waterkit-dialog-test --exclude waterkit-location-test --exclude waterkit-notification-test --exclude waterkit-sensor-test --exclude waterkit-video-test --exclude waterkit-test-ios --exclude waterkit-test-android	2026-02-20T20:39:20.6026780Z [1m[92m   Compiling[0m adler2 v2.0.1
Coverage	Run cargo llvm-cov --all-features --workspace --lcov --output-path lcov.info --exclude waterkit-audio-test --exclude waterkit-biometric-test --exclude waterkit-camera-test --exclude waterkit-codec-bench --exclude waterkit-dialog-test --exclude waterkit-location-test --exclude waterkit-notification-test --exclude waterkit-sensor-test --exclude waterkit-video-test --exclude waterkit-test-ios --exclude waterkit-test-android	2026-02-20T20:39:20.6766612Z [1m[92m   Compiling[0m crc32fast v1.5.0
Coverage	Run cargo llvm-cov --all-features --workspace --lcov --output-path lcov.info --exclude waterkit-audio-test --exclude waterkit-biometric-test --exclude waterkit-camera-test --exclude waterkit-codec-bench --exclude waterkit-dialog-test --exclude waterkit-location-test --exclude waterkit-notification-test --exclude waterkit-sensor-test --exclude waterkit-video-test --exclude waterkit-test-ios --exclude waterkit-test-android	2026-02-20T20:39:20.8610860Z [1m[92m   Compiling[0m miniz_oxide v0.8.9
Coverage	Run cargo llvm-cov --all-features --workspace --lcov --output-path lcov.info --exclude waterkit-audio-test --exclude waterkit-biometric-test --exclude waterkit-camera-test --exclude waterkit-codec-bench --exclude waterkit-dialog-test --exclude waterkit-location-test --exclude waterkit-notification-test --exclude waterkit-sensor-test --exclude waterkit-video-test --exclude waterkit-test-ios --exclude waterkit-test-android	2026-02-20T20:39:21.0998528Z [1m[92m   Compiling[0m libz-sys v1.1.23
Coverage	Run cargo llvm-cov --all-features --workspace --lcov --output-path lcov.info --exclude waterkit-audio-test --exclude waterkit-biometric-test --exclude waterkit-camera-test --exclude waterkit-codec-bench --exclude waterkit-dialog-test --exclude waterkit-location-test --exclude waterkit-notification-test --exclude waterkit-sensor-test --exclude waterkit-video-test --exclude waterkit-test-ios --exclude waterkit-test-android	2026-02-20T20:39:21.3209034Z [1m[92m   Compiling[0m downcast-rs v1.2.1
Coverage	Run cargo llvm-cov --all-features --workspace --lcov --output-path lcov.info --exclude waterkit-audio-test --exclude waterkit-biometric-test --exclude waterkit-camera-test --exclude waterkit-codec-bench --exclude waterkit-dialog-test --exclude waterkit-location-test --exclude waterkit-notification-test --exclude waterkit-sensor-test --exclude waterkit-video-test --exclude waterkit-test-ios --exclude waterkit-test-android	2026-02-20T20:39:21.3717910Z [1m[92m   Compiling[0m scoped-tls v1.0.1
Coverage	Run cargo llvm-cov --all-features --workspace --lcov --output-path lcov.info --exclude waterkit-audio-test --exclude waterkit-biometric-test --exclude waterkit-camera-test --exclude waterkit-codec-bench --exclude waterkit-dialog-test --exclude waterkit-location-test --exclude waterkit-notification-test --exclude waterkit-sensor-test --exclude waterkit-video-test --exclude waterkit-test-ios --exclude waterkit-test-android	2026-02-20T20:39:21.7191880Z [1m[92m   Compiling[0m num-integer v0.1.46
Coverage	Run cargo llvm-cov --all-features --workspace --lcov --output-path lcov.info --exclude waterkit-audio-test --exclude waterkit-biometric-test --exclude waterkit-camera-test --exclude waterkit-codec-bench --exclude waterkit-dialog-test --exclude waterkit-location-test --exclude waterkit-notification-test --exclude waterkit-sensor-test --exclude waterkit-video-test --exclude waterkit-test-ios --exclude waterkit-test-android	2026-02-20T20:39:22.0449285Z [1m[92m   Compiling[0m itoa v1.0.17
Coverage	Run cargo llvm-cov --all-features --workspace --lcov --output-path lcov.info --exclude waterkit-audio-test --exclude waterkit-biometric-test --exclude waterkit-camera-test --exclude waterkit-codec-bench --exclude waterkit-dialog-test --exclude waterkit-location-test --exclude waterkit-notification-test --exclude waterkit-sensor-test --exclude waterkit-video-test --exclude waterkit-test-ios --exclude waterkit-test-android	2026-02-20T20:39:22.1781570Z [1m[92m   Compiling[0m ash v0.38.0+1.3.281
Coverage	Run cargo llvm-cov --all-features --workspace --lcov --output-path lcov.info --exclude waterkit-audio-test --exclude waterkit-biometric-test --exclude waterkit-camera-test --exclude waterkit-codec-bench --exclude waterkit-dialog-test --exclude waterkit-location-test --exclude waterkit-notification-test --exclude waterkit-sensor-test --exclude waterkit-video-test --exclude waterkit-test-ios --exclude waterkit-test-android	2026-02-20T20:39:22.2445029Z [1m[92m   Compiling[0m bit-vec v0.8.0
Coverage	Run cargo llvm-cov --all-features --workspace --lcov --output-path lcov.info --exclude waterkit-audio-test --exclude waterkit-biometric-test --exclude waterkit-camera-test --exclude waterkit-codec-bench --exclude waterkit-dialog-test --exclude waterkit-location-test --exclude waterkit-notification-test --exclude waterkit-sensor-test --exclude waterkit-video-test --exclude waterkit-test-ios --exclude waterkit-test-android	2026-02-20T20:39:22.2844381Z [1m[92m   Compiling[0m glob v0.3.3
Coverage	Run cargo llvm-cov --all-features --workspace --lcov --output-path lcov.info --exclude waterkit-audio-test --exclude waterkit-biometric-test --exclude waterkit-camera-test --exclude waterkit-codec-bench --exclude waterkit-dialog-test --exclude waterkit-location-test --exclude waterkit-notification-test --exclude waterkit-sensor-test --exclude waterkit-video-test --exclude waterkit-test-ios --exclude waterkit-test-android	2026-02-20T20:39:22.4473220Z [1m[92m   Compiling[0m bit-set v0.8.0
Coverage	Run cargo llvm-cov --all-features --workspace --lcov --output-path lcov.info --exclude waterkit-audio-test --exclude waterkit-biometric-test --exclude waterkit-camera-test --exclude waterkit-codec-bench --exclude waterkit-dialog-test --exclude waterkit-location-test --exclude waterkit-notification-test --exclude waterkit-sensor-test --exclude waterkit-video-test --exclude waterkit-test-ios --exclude waterkit-test-android	2026-02-20T20:39:22.4863780Z [1m[92m   Compiling[0m num-bigint v0.4.6
Coverage	Run cargo llvm-cov --all-features --workspace --lcov --output-path lcov.info --exclude waterkit-audio-test --exclude waterkit-biometric-test --exclude waterkit-camera-test --exclude waterkit-codec-bench --exclude waterkit-dialog-test --exclude waterkit-location-test --exclude waterkit-notification-test --exclude waterkit-sensor-test --exclude waterkit-video-test --exclude waterkit-test-ios --exclude waterkit-test-android	2026-02-20T20:39:22.5778668Z [1m[92m   Compiling[0m clang-sys v1.8.1
Coverage	Run cargo llvm-cov --all-features --workspace --lcov --output-path lcov.info --exclude waterkit-audio-test --exclude waterkit-biometric-test --exclude waterkit-camera-test --exclude waterkit-codec-bench --exclude waterkit-dialog-test --exclude waterkit-location-test --exclude waterkit-notification-test --exclude waterkit-sensor-test --exclude waterkit-video-test --exclude waterkit-test-ios --exclude waterkit-test-android	2026-02-20T20:39:22.6188131Z [1m[92m   Compiling[0m flate2 v1.1.9
Coverage	Run cargo llvm-cov --all-features --workspace --lcov --output-path lcov.info --exclude waterkit-audio-test --exclude waterkit-biometric-test --exclude waterkit-camera-test --exclude waterkit-codec-bench --exclude waterkit-dialog-test --exclude waterkit-location-test --exclude waterkit-notification-test --exclude waterkit-sensor-test --exclude waterkit-video-test --exclude waterkit-test-ios --exclude waterkit-test-android	2026-02-20T20:39:22.8252354Z [1m[92m   Compiling[0m nasm-rs v0.3.2
Coverage	Run cargo llvm-cov --all-features --workspace --lcov --output-path lcov.info --exclude waterkit-audio-test --exclude waterkit-biometric-test --exclude waterkit-camera-test --exclude waterkit-codec-bench --exclude waterkit-dialog-test --exclude waterkit-location-test --exclude waterkit-notification-test --exclude waterkit-sensor-test --exclude waterkit-video-test --exclude waterkit-test-ios --exclude waterkit-test-android	2026-02-20T20:39:23.0349341Z [1m[92m   Compiling[0m codespan-reporting v0.12.0
Coverage	Run cargo llvm-cov --all-features --workspace --lcov --output-path lcov.info --exclude waterkit-audio-test --exclude waterkit-biometric-test --exclude waterkit-camera-test --exclude waterkit-codec-bench --exclude waterkit-dialog-test --exclude waterkit-location-test --exclude waterkit-notification-test --exclude waterkit-sensor-test --exclude waterkit-video-test --exclude waterkit-test-ios --exclude waterkit-test-android	2026-02-20T20:39:23.2137805Z [1m[92m   Compiling[0m libgit2-sys v0.18.3+1.9.2
Coverage	Run cargo llvm-cov --all-features --workspace --lcov --output-path lcov.info --exclude waterkit-audio-test --exclude waterkit-biometric-test --exclude waterkit-camera-test --exclude waterkit-codec-bench --exclude waterkit-dialog-test --exclude waterkit-location-test --exclude waterkit-notification-test --exclude waterkit-sensor-test --exclude waterkit-video-test --exclude waterkit-test-ios --exclude waterkit-test-android	2026-02-20T20:39:23.4943240Z [1m[92m   Compiling[0m equator-macro v0.4.2
Coverage	Run cargo llvm-cov --all-features --workspace --lcov --output-path lcov.info --exclude waterkit-audio-test --exclude waterkit-biometric-test --exclude waterkit-camera-test --exclude waterkit-codec-bench --exclude waterkit-dialog-test --exclude waterkit-location-test --exclude waterkit-notification-test --exclude waterkit-sensor-test --exclude waterkit-video-test --exclude waterkit-test-ios --exclude waterkit-test-android	2026-02-20T20:39:23.5610960Z [1m[92m   Compiling[0m spirv v0.3.0+sdk-1.3.268.0
Coverage	Run cargo llvm-cov --all-features --workspace --lcov --output-path lcov.info --exclude waterkit-audio-test --exclude waterkit-biometric-test --exclude waterkit-camera-test --exclude waterkit-codec-bench --exclude waterkit-dialog-test --exclude waterkit-location-test --exclude waterkit-notification-test --exclude waterkit-sensor-test --exclude waterkit-video-test --exclude waterkit-test-ios --exclude waterkit-test-android	2026-02-20T20:39:24.0783791Z [1m[92m   Compiling[0m hexf-parse v0.2.1
Coverage	Run cargo llvm-cov --all-features --workspace --lcov --output-path lcov.info --exclude waterkit-audio-test --exclude waterkit-biometric-test --exclude waterkit-camera-test --exclude waterkit-codec-bench --exclude waterkit-dialog-test --exclude waterkit-location-test --exclude waterkit-notification-test --exclude waterkit-sensor-test --exclude waterkit-video-test --exclude waterkit-test-ios --exclude waterkit-test-android	2026-02-20T20:39:24.1600814Z [1m[92m   Compiling[0m utf8parse v0.2.2
Coverage	Run cargo llvm-cov --all-features --workspace --lcov --output-path lcov.info --exclude waterkit-audio-test --exclude waterkit-biometric-test --exclude waterkit-camera-test --exclude waterkit-codec-bench --exclude waterkit-dialog-test --exclude waterkit-location-test --exclude waterkit-notification-test --exclude waterkit-sensor-test --exclude waterkit-video-test --exclude waterkit-test-ios --exclude waterkit-test-android	2026-02-20T20:39:24.1736071Z [1m[92m   Compiling[0m rustc-hash v1.1.0
Coverage	Run cargo llvm-cov --all-features --workspace --lcov --output-path lcov.info --exclude waterkit-audio-test --exclude waterkit-biometric-test --exclude waterkit-camera-test --exclude waterkit-codec-bench --exclude waterkit-dialog-test --exclude waterkit-location-test --exclude waterkit-notification-test --exclude waterkit-sensor-test --exclude waterkit-video-test --exclude waterkit-test-ios --exclude waterkit-test-android	2026-02-20T20:39:24.2138338Z [1m[92m   Compiling[0m dunce v1.0.5
Coverage	Run cargo llvm-cov --all-features --workspace --lcov --output-path lcov.info --exclude waterkit-audio-test --exclude waterkit-biometric-test --exclude waterkit-camera-test --exclude waterkit-codec-bench --exclude waterkit-dialog-test --exclude waterkit-location-test --exclude waterkit-notification-test --exclude waterkit-sensor-test --exclude waterkit-video-test --exclude waterkit-test-ios --exclude waterkit-test-android	2026-02-20T20:39:24.2244709Z [1m[92m   Compiling[0m foldhash v0.1.5
Coverage	Run cargo llvm-cov --all-features --workspace --lcov --output-path lcov.info --exclude waterkit-audio-test --exclude waterkit-biometric-test --exclude waterkit-camera-test --exclude waterkit-codec-bench --exclude waterkit-dialog-test --exclude waterkit-location-test --exclude waterkit-notification-test --exclude waterkit-sensor-test --exclude waterkit-video-test --exclude waterkit-test-ios --exclude waterkit-test-android	2026-02-20T20:39:24.2594734Z [1m[92m   Compiling[0m khronos-egl v6.0.0
Coverage	Run cargo llvm-cov --all-features --workspace --lcov --output-path lcov.info --exclude waterkit-audio-test --exclude waterkit-biometric-test --exclude waterkit-camera-test --exclude waterkit-codec-bench --exclude waterkit-dialog-test --exclude waterkit-location-test --exclude waterkit-notification-test --exclude waterkit-sensor-test --exclude waterkit-video-test --exclude waterkit-test-ios --exclude waterkit-test-android	2026-02-20T20:39:24.3746628Z [1m[92m   Compiling[0m hashbrown v0.15.5
Coverage	Run cargo llvm-cov --all-features --workspace --lcov --output-path lcov.info --exclude waterkit-audio-test --exclude waterkit-biometric-test --exclude waterkit-camera-test --exclude waterkit-codec-bench --exclude waterkit-dialog-test --exclude waterkit-location-test --exclude waterkit-notification-test --exclude waterkit-sensor-test --exclude waterkit-video-test --exclude waterkit-test-ios --exclude waterkit-test-android	2026-02-20T20:39:24.5870847Z [1m[92m   Compiling[0m anstyle-parse v0.2.7
Coverage	Run cargo llvm-cov --all-features --workspace --lcov --output-path lcov.info --exclude waterkit-audio-test --exclude waterkit-biometric-test --exclude waterkit-camera-test --exclude waterkit-codec-bench --exclude waterkit-dialog-test --exclude waterkit-location-test --exclude waterkit-notification-test --exclude waterkit-sensor-test --exclude waterkit-video-test --exclude waterkit-test-ios --exclude waterkit-test-android	2026-02-20T20:39:24.7199953Z [1m[92m   Compiling[0m equator v0.4.2
Coverage	Run cargo llvm-cov --all-features --workspace --lcov --output-path lcov.info --exclude waterkit-audio-test --exclude waterkit-biometric-test --exclude waterkit-camera-test --exclude waterkit-codec-bench --exclude waterkit-dialog-test --exclude waterkit-location-test --exclude waterkit-notification-test --exclude waterkit-sensor-test --exclude waterkit-video-test --exclude waterkit-test-ios --exclude waterkit-test-android	2026-02-20T20:39:24.9148047Z [1m[92m   Compiling[0m num-rational v0.4.2
Coverage	Run cargo llvm-cov --all-features --workspace --lcov --output-path lcov.info --exclude waterkit-audio-test --exclude waterkit-biometric-test --exclude waterkit-camera-test --exclude waterkit-codec-bench --exclude waterkit-dialog-test --exclude waterkit-location-test --exclude waterkit-notification-test --exclude waterkit-sensor-test --exclude waterkit-video-test --exclude waterkit-test-ios --exclude waterkit-test-android	2026-02-20T20:39:26.1844288Z [1m[92m   Compiling[0m gpu-descriptor-types v0.2.0
Coverage	Run cargo llvm-cov --all-features --workspace --lcov --output-path lcov.info --exclude waterkit-audio-test --exclude waterkit-biometric-test --exclude waterkit-camera-test --exclude waterkit-codec-bench --exclude waterkit-dialog-test --exclude waterkit-location-test --exclude waterkit-notification-test --exclude waterkit-sensor-test --exclude waterkit-video-test --exclude waterkit-test-ios --exclude waterkit-test-android	2026-02-20T20:39:26.3915149Z [1m[92m   Compiling[0m version_check v0.9.5
Coverage	Run cargo llvm-cov --all-features --workspace --lcov --output-path lcov.info --exclude waterkit-audio-test --exclude waterkit-biometric-test --exclude waterkit-camera-test --exclude waterkit-codec-bench --exclude waterkit-dialog-test --exclude waterkit-location-test --exclude waterkit-notification-test --exclude waterkit-sensor-test --exclude waterkit-video-test --exclude waterkit-test-ios --exclude waterkit-test-android	2026-02-20T20:39:26.6887753Z [1m[92m   Compiling[0m anstyle-query v1.1.5
Coverage	Run cargo llvm-cov --all-features --workspace --lcov --output-path lcov.info --exclude waterkit-audio-test --exclude waterkit-biometric-test --exclude waterkit-camera-test --exclude waterkit-codec-bench --exclude waterkit-dialog-test --exclude waterkit-location-test --exclude waterkit-notification-test --exclude waterkit-sensor-test --exclude waterkit-video-test --exclude waterkit-test-ios --exclude waterkit-test-android	2026-02-20T20:39:26.7454201Z [1m[92m   Compiling[0m is_terminal_polyfill v1.70.2
Coverage	Run cargo llvm-cov --all-features --workspace --lcov --output-path lcov.info --exclude waterkit-audio-test --exclude waterkit-biometric-test --exclude waterkit-camera-test --exclude waterkit-codec-bench --exclude waterkit-dialog-test --exclude waterkit-location-test --exclude waterkit-notification-test --exclude waterkit-sensor-test --exclude waterkit-video-test --exclude waterkit-test-ios --exclude waterkit-test-android	2026-02-20T20:39:26.7899164Z [1m[92m   Compiling[0m colorchoice v1.0.4
Coverage	Run cargo llvm-cov --all-features --workspace --lcov --output-path lcov.info --exclude waterkit-audio-test --exclude waterkit-biometric-test --exclude waterkit-camera-test --exclude waterkit-codec-bench --exclude waterkit-dialog-test --exclude waterkit-location-test --exclude waterkit-notification-test --exclude waterkit-sensor-test --exclude waterkit-video-test --exclude waterkit-test-ios --exclude waterkit-test-android	2026-02-20T20:39:26.8493418Z [1m[92m   Compiling[0m anstyle v1.0.13
Coverage	Run cargo llvm-cov --all-features --workspace --lcov --output-path lcov.info --exclude waterkit-audio-test --exclude waterkit-biometric-test --exclude waterkit-camera-test --exclude waterkit-codec-bench --exclude waterkit-dialog-test --exclude waterkit-location-test --exclude waterkit-notification-test --exclude waterkit-sensor-test --exclude waterkit-video-test --exclude waterkit-test-ios --exclude waterkit-test-android	2026-02-20T20:39:27.0370730Z [1m[92m   Compiling[0m anstream v0.6.21
Coverage	Run cargo llvm-cov --all-features --workspace --lcov --output-path lcov.info --exclude waterkit-audio-test --exclude waterkit-biometric-test --exclude waterkit-camera-test --exclude waterkit-codec-bench --exclude waterkit-dialog-test --exclude waterkit-location-test --exclude waterkit-notification-test --exclude waterkit-sensor-test --exclude waterkit-video-test --exclude waterkit-test-ios --exclude waterkit-test-android	2026-02-20T20:39:27.3129054Z [1m[92m   Compiling[0m gpu-descriptor v0.3.2
Coverage	Run cargo llvm-cov --all-features --workspace --lcov --output-path lcov.info --exclude waterkit-audio-test --exclude waterkit-biometric-test --exclude waterkit-camera-test --exclude waterkit-codec-bench --exclude waterkit-dialog-test --exclude waterkit-location-test --exclude waterkit-notification-test --exclude waterkit-sensor-test --exclude waterkit-video-test --exclude waterkit-test-ios --exclude waterkit-test-android	2026-02-20T20:39:28.1925654Z [1m[92m   Compiling[0m aligned-vec v0.6.4
Coverage	Run cargo llvm-cov --all-features --workspace --lcov --output-path lcov.info --exclude waterkit-audio-test --exclude waterkit-biometric-test --exclude waterkit-camera-test --exclude waterkit-codec-bench --exclude waterkit-dialog-test --exclude waterkit-location-test --exclude waterkit-notification-test --exclude waterkit-sensor-test --exclude waterkit-video-test --exclude waterkit-test-ios --exclude waterkit-test-android	2026-02-20T20:39:28.6930196Z [1m[92m   Compiling[0m ordered-float v5.1.0
Coverage	Run cargo llvm-cov --all-features --workspace --lcov --output-path lcov.info --exclude waterkit-audio-test --exclude waterkit-biometric-test --exclude waterkit-camera-test --exclude waterkit-codec-bench --exclude waterkit-dialog-test --exclude waterkit-location-test --exclude waterkit-notification-test --exclude waterkit-sensor-test --exclude waterkit-video-test --exclude waterkit-test-ios --exclude waterkit-test-android	2026-02-20T20:39:28.9768931Z [1m[92m   Compiling[0m terminal_size v0.4.3
Coverage	Run cargo llvm-cov --all-features --workspace --lcov --output-path lcov.info --exclude waterkit-audio-test --exclude waterkit-biometric-test --exclude waterkit-camera-test --exclude waterkit-codec-bench --exclude waterkit-dialog-test --exclude waterkit-location-test --exclude waterkit-notification-test --exclude waterkit-sensor-test --exclude waterkit-video-test --exclude waterkit-test-ios --exclude waterkit-test-android	2026-02-20T20:39:29.0669631Z [1m[92m   Compiling[0m regex-syntax v0.8.9
Coverage	Run cargo llvm-cov --all-features --workspace --lcov --output-path lcov.info --exclude waterkit-audio-test --exclude waterkit-biometric-test --exclude waterkit-camera-test --exclude waterkit-codec-bench --exclude waterkit-dialog-test --exclude waterkit-location-test --exclude waterkit-notification-test --exclude waterkit-sensor-test --exclude waterkit-video-test --exclude waterkit-test-ios --exclude waterkit-test-android	2026-02-20T20:39:31.5577908Z [1m[92m   Compiling[0m renderdoc-sys v1.1.0
Coverage	Run cargo llvm-cov --all-features --workspace --lcov --output-path lcov.info --exclude waterkit-audio-test --exclude waterkit-biometric-test --exclude waterkit-camera-test --exclude waterkit-codec-bench --exclude waterkit-dialog-test --exclude waterkit-location-test --exclude waterkit-notification-test --exclude waterkit-sensor-test --exclude waterkit-video-test --exclude waterkit-test-ios --exclude waterkit-test-android	2026-02-20T20:39:31.6451541Z [1m[92m   Compiling[0m minimal-lexical v0.2.1
Coverage	Run cargo llvm-cov --all-features --workspace --lcov --output-path lcov.info --exclude waterkit-audio-test --exclude waterkit-biometric-test --exclude waterkit-camera-test --exclude waterkit-codec-bench --exclude waterkit-dialog-test --exclude waterkit-location-test --exclude waterkit-notification-test --exclude waterkit-sensor-test --exclude waterkit-video-test --exclude waterkit-test-ios --exclude waterkit-test-android	2026-02-20T20:39:31.8307863Z [1m[92m   Compiling[0m strsim v0.11.1
Coverage	Run cargo llvm-cov --all-features --workspace --lcov --output-path lcov.info --exclude waterkit-audio-test --exclude waterkit-biometric-test --exclude waterkit-camera-test --exclude waterkit-codec-bench --exclude waterkit-dialog-test --exclude waterkit-location-test --exclude waterkit-notification-test --exclude waterkit-sensor-test --exclude waterkit-video-test --exclude waterkit-test-ios --exclude waterkit-test-android	2026-02-20T20:39:31.9990531Z [1m[92m   Compiling[0m glow v0.16.0
Coverage	Run cargo llvm-cov --all-features --workspace --lcov --output-path lcov.info --exclude waterkit-audio-test --exclude waterkit-biometric-test --exclude waterkit-camera-test --exclude waterkit-codec-bench --exclude waterkit-dialog-test --exclude waterkit-location-test --exclude waterkit-notification-test --exclude waterkit-sensor-test --exclude waterkit-video-test --exclude waterkit-test-ios --exclude waterkit-test-android	2026-02-20T20:39:32.1313907Z [1m[92m   Compiling[0m clap_lex v1.0.0
Coverage	Run cargo llvm-cov --all-features --workspace --lcov --output-path lcov.info --exclude waterkit-audio-test --exclude waterkit-biometric-test --exclude waterkit-camera-test --exclude waterkit-codec-bench --exclude waterkit-dialog-test --exclude waterkit-location-test --exclude waterkit-notification-test --exclude waterkit-sensor-test --exclude waterkit-video-test --exclude waterkit-test-ios --exclude waterkit-test-android	2026-02-20T20:39:32.2742651Z [1m[92m   Compiling[0m clap_builder v4.5.60
Coverage	Run cargo llvm-cov --all-features --workspace --lcov --output-path lcov.info --exclude waterkit-audio-test --exclude waterkit-biometric-test --exclude waterkit-camera-test --exclude waterkit-codec-bench --exclude waterkit-dialog-test --exclude waterkit-location-test --exclude waterkit-notification-test --exclude waterkit-sensor-test --exclude waterkit-video-test --exclude waterkit-test-ios --exclude waterkit-test-android	2026-02-20T20:39:34.0915288Z [1m[92m   Compiling[0m nom v7.1.3
Coverage	Run cargo llvm-cov --all-features --workspace --lcov --output-path lcov.info --exclude waterkit-audio-test --exclude waterkit-biometric-test --exclude waterkit-camera-test --exclude waterkit-codec-bench --exclude waterkit-dialog-test --exclude waterkit-location-test --exclude waterkit-notification-test --exclude waterkit-sensor-test --exclude waterkit-video-test --exclude waterkit-test-ios --exclude waterkit-test-android	2026-02-20T20:39:35.6682314Z [1m[92m   Compiling[0m regex-automata v0.4.14
Coverage	Run cargo llvm-cov --all-features --workspace --lcov --output-path lcov.info --exclude waterkit-audio-test --exclude waterkit-biometric-test --exclude waterkit-camera-test --exclude waterkit-codec-bench --exclude waterkit-dialog-test --exclude waterkit-location-test --exclude waterkit-notification-test --exclude waterkit-sensor-test --exclude waterkit-video-test --exclude waterkit-test-ios --exclude waterkit-test-android	2026-02-20T20:39:36.1576752Z [1m[92m   Compiling[0m v_frame v0.3.9
Coverage	Run cargo llvm-cov --all-features --workspace --lcov --output-path lcov.info --exclude waterkit-audio-test --exclude waterkit-biometric-test --exclude waterkit-camera-test --exclude waterkit-codec-bench --exclude waterkit-dialog-test --exclude waterkit-location-test --exclude waterkit-notification-test --exclude waterkit-sensor-test --exclude waterkit-video-test --exclude waterkit-test-ios --exclude waterkit-test-android	2026-02-20T20:39:36.2842663Z [1m[92m   Compiling[0m clap_derive v4.5.55
Coverage	Run cargo llvm-cov --all-features --workspace --lcov --output-path lcov.info --exclude waterkit-audio-test --exclude waterkit-biometric-test --exclude waterkit-camera-test --exclude waterkit-codec-bench --exclude waterkit-dialog-test --exclude waterkit-location-test --exclude waterkit-notification-test --exclude waterkit-sensor-test --exclude waterkit-video-test --exclude waterkit-test-ios --exclude waterkit-test-android	2026-02-20T20:39:37.7390436Z [1m[92m   Compiling[0m itertools v0.14.0
Coverage	Run cargo llvm-cov --all-features --workspace --lcov --output-path lcov.info --exclude waterkit-audio-test --exclude waterkit-biometric-test --exclude waterkit-camera-test --exclude waterkit-codec-bench --exclude waterkit-dialog-test --exclude waterkit-location-test --exclude waterkit-notification-test --exclude waterkit-sensor-test --exclude waterkit-video-test --exclude waterkit-test-ios --exclude waterkit-test-android	2026-02-20T20:39:37.8353282Z [1m[92m   Compiling[0m wayland-sys v0.31.8
Coverage	Run cargo llvm-cov --all-features --workspace --lcov --output-path lcov.info --exclude waterkit-audio-test --exclude waterkit-biometric-test --exclude waterkit-camera-test --exclude waterkit-codec-bench --exclude waterkit-dialog-test --exclude waterkit-location-test --exclude waterkit-notification-test --exclude waterkit-sensor-test --exclude waterkit-video-test --exclude waterkit-test-ios --exclude waterkit-test-android	2026-02-20T20:39:37.8358886Z [1m[92m   Compiling[0m weezl v0.1.12
Coverage	Run cargo llvm-cov --all-features --workspace --lcov --output-path lcov.info --exclude waterkit-audio-test --exclude waterkit-biometric-test --exclude waterkit-camera-test --exclude waterkit-codec-bench --exclude waterkit-dialog-test --exclude waterkit-location-test --exclude waterkit-notification-test --exclude waterkit-sensor-test --exclude waterkit-video-test --exclude waterkit-test-ios --exclude waterkit-test-android	2026-02-20T20:39:37.9575458Z [1m[92m   Compiling[0m clap v4.5.60
Coverage	Run cargo llvm-cov --all-features --workspace --lcov --output-path lcov.info --exclude waterkit-audio-test --exclude waterkit-biometric-test --exclude waterkit-camera-test --exclude waterkit-codec-bench --exclude waterkit-dialog-test --exclude waterkit-location-test --exclude waterkit-notification-test --exclude waterkit-sensor-test --exclude waterkit-video-test --exclude waterkit-test-ios --exclude waterkit-test-android	2026-02-20T20:39:37.9978633Z [1m[92m   Compiling[0m regex v1.12.3
Coverage	Run cargo llvm-cov --all-features --workspace --lcov --output-path lcov.info --exclude waterkit-audio-test --exclude waterkit-biometric-test --exclude waterkit-camera-test --exclude waterkit-codec-bench --exclude waterkit-dialog-test --exclude waterkit-location-test --exclude waterkit-notification-test --exclude waterkit-sensor-test --exclude waterkit-video-test --exclude waterkit-test-ios --exclude waterkit-test-android	2026-02-20T20:39:38.2049790Z [1m[92m   Compiling[0m cexpr v0.6.0
Coverage	Run cargo llvm-cov --all-features --workspace --lcov --output-path lcov.info --exclude waterkit-audio-test --exclude waterkit-biometric-test --exclude waterkit-camera-test --exclude waterkit-codec-bench --exclude waterkit-dialog-test --exclude waterkit-location-test --exclude waterkit-notification-test --exclude waterkit-sensor-test --exclude waterkit-video-test --exclude waterkit-test-ios --exclude waterkit-test-android	2026-02-20T20:39:38.8291162Z [1m[92m   Compiling[0m wayland-backend v0.3.12
Coverage	Run cargo llvm-cov --all-features --workspace --lcov --output-path lcov.info --exclude waterkit-audio-test --exclude waterkit-biometric-test --exclude waterkit-camera-test --exclude waterkit-codec-bench --exclude waterkit-dialog-test --exclude waterkit-location-test --exclude waterkit-notification-test --exclude waterkit-sensor-test --exclude waterkit-video-test --exclude waterkit-test-ios --exclude waterkit-test-android	2026-02-20T20:39:38.9592478Z [1m[92m   Compiling[0m as-slice v0.2.1
Coverage	Run cargo llvm-cov --all-features --workspace --lcov --output-path lcov.info --exclude waterkit-audio-test --exclude waterkit-biometric-test --exclude waterkit-camera-test --exclude waterkit-codec-bench --exclude waterkit-dialog-test --exclude waterkit-location-test --exclude waterkit-notification-test --exclude waterkit-sensor-test --exclude waterkit-video-test --exclude waterkit-test-ios --exclude waterkit-test-android	2026-02-20T20:39:39.0044645Z [1m[92m   Compiling[0m num-derive v0.4.2
Coverage	Run cargo llvm-cov --all-features --workspace --lcov --output-path lcov.info --exclude waterkit-audio-test --exclude waterkit-biometric-test --exclude waterkit-camera-test --exclude waterkit-codec-bench --exclude waterkit-dialog-test --exclude waterkit-location-test --exclude waterkit-notification-test --exclude waterkit-sensor-test --exclude waterkit-video-test --exclude waterkit-test-ios --exclude waterkit-test-android	2026-02-20T20:39:39.0762076Z [1m[92m   Compiling[0m crossbeam-channel v0.5.15
Coverage	Run cargo llvm-cov --all-features --workspace --lcov --output-path lcov.info --exclude waterkit-audio-test --exclude waterkit-biometric-test --exclude waterkit-camera-test --exclude waterkit-codec-bench --exclude waterkit-dialog-test --exclude waterkit-location-test --exclude waterkit-notification-test --exclude waterkit-sensor-test --exclude waterkit-video-test --exclude waterkit-test-ios --exclude waterkit-test-android	2026-02-20T20:39:39.4432789Z [1m[92m   Compiling[0m crossbeam-queue v0.3.12
Coverage	Run cargo llvm-cov --all-features --workspace --lcov --output-path lcov.info --exclude waterkit-audio-test --exclude waterkit-biometric-test --exclude waterkit-camera-test --exclude waterkit-codec-bench --exclude waterkit-dialog-test --exclude waterkit-location-test --exclude waterkit-notification-test --exclude waterkit-sensor-test --exclude waterkit-video-test --exclude waterkit-test-ios --exclude waterkit-test-android	2026-02-20T20:39:39.5475522Z [1m[92m   Compiling[0m core2 v0.4.0
Coverage	Run cargo llvm-cov --all-features --workspace --lcov --output-path lcov.info --exclude waterkit-audio-test --exclude waterkit-biometric-test --exclude waterkit-camera-test --exclude waterkit-codec-bench --exclude waterkit-dialog-test --exclude waterkit-location-test --exclude waterkit-notification-test --exclude waterkit-sensor-test --exclude waterkit-video-test --exclude waterkit-test-ios --exclude waterkit-test-android	2026-02-20T20:39:39.5896465Z [1m[92m   Compiling[0m lazy_static v1.5.0
Coverage	Run cargo llvm-cov --all-features --workspace --lcov --output-path lcov.info --exclude waterkit-audio-test --exclude waterkit-biometric-test --exclude waterkit-camera-test --exclude waterkit-codec-bench --exclude waterkit-dialog-test --exclude waterkit-location-test --exclude waterkit-notification-test --exclude waterkit-sensor-test --exclude waterkit-video-test --exclude waterkit-test-ios --exclude waterkit-test-android	2026-02-20T20:39:39.6923627Z [1m[92m   Compiling[0m av-scenechange v0.14.1
Coverage	Run cargo llvm-cov --all-features --workspace --lcov --output-path lcov.info --exclude waterkit-audio-test --exclude waterkit-biometric-test --exclude waterkit-camera-test --exclude waterkit-codec-bench --exclude waterkit-dialog-test --exclude waterkit-location-test --exclude waterkit-notification-test --exclude waterkit-sensor-test --exclude waterkit-video-test --exclude waterkit-test-ios --exclude waterkit-test-android	2026-02-20T20:39:39.8106201Z [1m[92m   Compiling[0m getrandom v0.3.4
Coverage	Run cargo llvm-cov --all-features --workspace --lcov --output-path lcov.info --exclude waterkit-audio-test --exclude waterkit-biometric-test --exclude waterkit-camera-test --exclude waterkit-codec-bench --exclude waterkit-dialog-test --exclude waterkit-location-test --exclude waterkit-notification-test --exclude waterkit-sensor-test --exclude waterkit-video-test --exclude waterkit-test-ios --exclude waterkit-test-android	2026-02-20T20:39:39.8306030Z [1m[92m   Compiling[0m signal-hook v0.3.18
Coverage	Run cargo llvm-cov --all-features --workspace --lcov --output-path lcov.info --exclude waterkit-audio-test --exclude waterkit-biometric-test --exclude waterkit-camera-test --exclude waterkit-codec-bench --exclude waterkit-dialog-test --exclude waterkit-location-test --exclude waterkit-notification-test --exclude waterkit-sensor-test --exclude waterkit-video-test --exclude waterkit-test-ios --exclude waterkit-test-android	2026-02-20T20:39:39.9600487Z [1m[92m   Compiling[0m bitstream-io v4.9.0
Coverage	Run cargo llvm-cov --all-features --workspace --lcov --output-path lcov.info --exclude waterkit-audio-test --exclude waterkit-biometric-test --exclude waterkit-camera-test --exclude waterkit-codec-bench --exclude waterkit-dialog-test --exclude waterkit-location-test --exclude waterkit-notification-test --exclude waterkit-sensor-test --exclude waterkit-video-test --exclude waterkit-test-ios --exclude waterkit-test-android	2026-02-20T20:39:40.0341264Z [1m[92m   Compiling[0m crossbeam v0.8.4
Coverage	Run cargo llvm-cov --all-features --workspace --lcov --output-path lcov.info --exclude waterkit-audio-test --exclude waterkit-biometric-test --exclude waterkit-camera-test --exclude waterkit-codec-bench --exclude waterkit-dialog-test --exclude waterkit-location-test --exclude waterkit-notification-test --exclude waterkit-sensor-test --exclude waterkit-video-test --exclude waterkit-test-ios --exclude waterkit-test-android	2026-02-20T20:39:40.0759689Z [1m[92m   Compiling[0m aligned v0.4.3
Coverage	Run cargo llvm-cov --all-features --workspace --lcov --output-path lcov.info --exclude waterkit-audio-test --exclude waterkit-biometric-test --exclude waterkit-camera-test --exclude waterkit-codec-bench --exclude waterkit-dialog-test --exclude waterkit-location-test --exclude waterkit-notification-test --exclude waterkit-sensor-test --exclude waterkit-video-test --exclude waterkit-test-ios --exclude waterkit-test-android	2026-02-20T20:39:40.4300404Z [1m[92m   Compiling[0m fdeflate v0.3.7
Coverage	Run cargo llvm-cov --all-features --workspace --lcov --output-path lcov.info --exclude waterkit-audio-test --exclude waterkit-biometric-test --exclude waterkit-camera-test --exclude waterkit-codec-bench --exclude waterkit-dialog-test --exclude waterkit-location-test --exclude waterkit-notification-test --exclude waterkit-sensor-test --exclude waterkit-video-test --exclude waterkit-test-ios --exclude waterkit-test-android	2026-02-20T20:39:40.5774210Z [1m[92m   Compiling[0m itertools v0.10.5
Coverage	Run cargo llvm-cov --all-features --workspace --lcov --output-path lcov.info --exclude waterkit-audio-test --exclude waterkit-biometric-test --exclude waterkit-camera-test --exclude waterkit-codec-bench --exclude waterkit-dialog-test --exclude waterkit-location-test --exclude waterkit-notification-test --exclude waterkit-sensor-test --exclude waterkit-video-test --exclude waterkit-test-ios --exclude waterkit-test-android	2026-02-20T20:39:40.8586386Z [1m[92m   Compiling[0m arg_enum_proc_macro v0.3.4
Coverage	Run cargo llvm-cov --all-features --workspace --lcov --output-path lcov.info --exclude waterkit-audio-test --exclude waterkit-biometric-test --exclude waterkit-camera-test --exclude waterkit-codec-bench --exclude waterkit-dialog-test --exclude waterkit-location-test --exclude waterkit-notification-test --exclude waterkit-sensor-test --exclude waterkit-video-test --exclude waterkit-test-ios --exclude waterkit-test-android	2026-02-20T20:39:41.1897955Z [1m[92m   Compiling[0m nom v8.0.0
Coverage	Run cargo llvm-cov --all-features --workspace --lcov --output-path lcov.info --exclude waterkit-audio-test --exclude waterkit-biometric-test --exclude waterkit-camera-test --exclude waterkit-codec-bench --exclude waterkit-dialog-test --exclude waterkit-location-test --exclude waterkit-notification-test --exclude waterkit-sensor-test --exclude waterkit-video-test --exclude waterkit-test-ios --exclude waterkit-test-android	2026-02-20T20:39:41.8082001Z [1m[92m   Compiling[0m lab v0.11.0
Coverage	Run cargo llvm-cov --all-features --workspace --lcov --output-path lcov.info --exclude waterkit-audio-test --exclude waterkit-biometric-test --exclude waterkit-camera-test --exclude waterkit-codec-bench --exclude waterkit-dialog-test --exclude waterkit-location-test --exclude waterkit-notification-test --exclude waterkit-sensor-test --exclude waterkit-video-test --exclude waterkit-test-ios --exclude waterkit-test-android	2026-02-20T20:39:41.9129421Z [1m[92m   Compiling[0m color_quant v1.1.0
Coverage	Run cargo llvm-cov --all-features --workspace --lcov --output-path lcov.info --exclude waterkit-audio-test --exclude waterkit-biometric-test --exclude waterkit-camera-test --exclude waterkit-codec-bench --exclude waterkit-dialog-test --exclude waterkit-location-test --exclude waterkit-notification-test --exclude waterkit-sensor-test --exclude waterkit-video-test --exclude waterkit-test-ios --exclude waterkit-test-android	2026-02-20T20:39:41.9834790Z [1m[92m   Compiling[0m pastey v0.1.1
Coverage	Run cargo llvm-cov --all-features --workspace --lcov --output-path lcov.info --exclude waterkit-audio-test --exclude waterkit-biometric-test --exclude waterkit-camera-test --exclude waterkit-codec-bench --exclude waterkit-dialog-test --exclude waterkit-location-test --exclude waterkit-notification-test --exclude waterkit-sensor-test --exclude waterkit-video-test --exclude waterkit-test-ios --exclude waterkit-test-android	2026-02-20T20:39:42.0404894Z [1m[92m   Compiling[0m y4m v0.8.0
Coverage	Run cargo llvm-cov --all-features --workspace --lcov --output-path lcov.info --exclude waterkit-audio-test --exclude waterkit-biometric-test --exclude waterkit-camera-test --exclude waterkit-codec-bench --exclude waterkit-dialog-test --exclude waterkit-location-test --exclude waterkit-notification-test --exclude waterkit-sensor-test --exclude waterkit-video-test --exclude waterkit-test-ios --exclude waterkit-test-android	2026-02-20T20:39:42.2082470Z [1m[92m   Compiling[0m litrs v1.0.0
Coverage	Run cargo llvm-cov --all-features --workspace --lcov --output-path lcov.info --exclude waterkit-audio-test --exclude waterkit-biometric-test --exclude waterkit-camera-test --exclude waterkit-codec-bench --exclude waterkit-dialog-test --exclude waterkit-location-test --exclude waterkit-notification-test --exclude waterkit-sensor-test --exclude waterkit-video-test --exclude waterkit-test-ios --exclude waterkit-test-android	2026-02-20T20:39:42.6021645Z [1m[92m   Compiling[0m document-features v0.2.12
Coverage	Run cargo llvm-cov --all-features --workspace --lcov --output-path lcov.info --exclude waterkit-audio-test --exclude waterkit-biometric-test --exclude waterkit-camera-test --exclude waterkit-codec-bench --exclude waterkit-dialog-test --exclude waterkit-location-test --exclude waterkit-notification-test --exclude waterkit-sensor-test --exclude waterkit-video-test --exclude waterkit-test-ios --exclude waterkit-test-android	2026-02-20T20:39:42.9672177Z [1m[92m   Compiling[0m av-metrics v0.9.1
Coverage	Run cargo llvm-cov --all-features --workspace --lcov --output-path lcov.info --exclude waterkit-audio-test --exclude waterkit-biometric-test --exclude waterkit-camera-test --exclude waterkit-codec-bench --exclude waterkit-dialog-test --exclude waterkit-location-test --exclude waterkit-notification-test --exclude waterkit-sensor-test --exclude waterkit-video-test --exclude waterkit-test-ios --exclude waterkit-test-android	2026-02-20T20:39:43.0288882Z [1m[92m   Compiling[0m ivf v0.1.4
Coverage	Run cargo llvm-cov --all-features --workspace --lcov --output-path lcov.info --exclude waterkit-audio-test --exclude waterkit-biometric-test --exclude waterkit-camera-test --exclude waterkit-codec-bench --exclude waterkit-dialog-test --exclude waterkit-location-test --exclude waterkit-notification-test --exclude waterkit-sensor-test --exclude waterkit-video-test --exclude waterkit-test-ios --exclude waterkit-test-android	2026-02-20T20:39:43.8616380Z [1m[92m   Compiling[0m clap_complete v4.5.66
Coverage	Run cargo llvm-cov --all-features --workspace --lcov --output-path lcov.info --exclude waterkit-audio-test --exclude waterkit-biometric-test --exclude waterkit-camera-test --exclude waterkit-codec-bench --exclude waterkit-dialog-test --exclude waterkit-location-test --exclude waterkit-notification-test --exclude waterkit-sensor-test --exclude waterkit-video-test --exclude waterkit-test-ios --exclude waterkit-test-android	2026-02-20T20:39:44.1265979Z [1m[92m   Compiling[0m av1-grain v0.2.5
Coverage	Run cargo llvm-cov --all-features --workspace --lcov --output-path lcov.info --exclude waterkit-audio-test --exclude waterkit-biometric-test --exclude waterkit-camera-test --exclude waterkit-codec-bench --exclude waterkit-dialog-test --exclude waterkit-location-test --exclude waterkit-notification-test --exclude waterkit-sensor-test --exclude waterkit-video-test --exclude waterkit-test-ios --exclude waterkit-test-android	2026-02-20T20:39:44.6339798Z [1m[92m   Compiling[0m maybe-rayon v0.1.1
Coverage	Run cargo llvm-cov --all-features --workspace --lcov --output-path lcov.info --exclude waterkit-audio-test --exclude waterkit-biometric-test --exclude waterkit-camera-test --exclude waterkit-codec-bench --exclude waterkit-dialog-test --exclude waterkit-location-test --exclude waterkit-notification-test --exclude waterkit-sensor-test --exclude waterkit-video-test --exclude waterkit-test-ios --exclude waterkit-test-android	2026-02-20T20:39:44.6763523Z [1m[92m   Compiling[0m zune-inflate v0.2.54
Coverage	Run cargo llvm-cov --all-features --workspace --lcov --output-path lcov.info --exclude waterkit-audio-test --exclude waterkit-biometric-test --exclude waterkit-camera-test --exclude waterkit-codec-bench --exclude waterkit-dialog-test --exclude waterkit-location-test --exclude waterkit-notification-test --exclude waterkit-sensor-test --exclude waterkit-video-test --exclude waterkit-test-ios --exclude waterkit-test-android	2026-02-20T20:39:44.6834492Z [1m[92m   Compiling[0m console v0.15.11
Coverage	Run cargo llvm-cov --all-features --workspace --lcov --output-path lcov.info --exclude waterkit-audio-test --exclude waterkit-biometric-test --exclude waterkit-camera-test --exclude waterkit-codec-bench --exclude waterkit-dialog-test --exclude waterkit-location-test --exclude waterkit-notification-test --exclude waterkit-sensor-test --exclude waterkit-video-test --exclude waterkit-test-ios --exclude waterkit-test-android	2026-02-20T20:39:44.9489067Z [1m[92m   Compiling[0m fern v0.7.1
Coverage	Run cargo llvm-cov --all-features --workspace --lcov --output-path lcov.info --exclude waterkit-audio-test --exclude waterkit-biometric-test --exclude waterkit-camera-test --exclude waterkit-codec-bench --exclude waterkit-dialog-test --exclude waterkit-location-test --exclude waterkit-notification-test --exclude waterkit-sensor-test --exclude waterkit-video-test --exclude waterkit-test-ios --exclude waterkit-test-android	2026-02-20T20:39:45.1795659Z [1m[92m   Compiling[0m simd_helpers v0.1.0
Coverage	Run cargo llvm-cov --all-features --workspace --lcov --output-path lcov.info --exclude waterkit-audio-test --exclude waterkit-biometric-test --exclude waterkit-camera-test --exclude waterkit-codec-bench --exclude waterkit-dialog-test --exclude waterkit-location-test --exclude waterkit-notification-test --exclude waterkit-sensor-test --exclude waterkit-video-test --exclude waterkit-test-ios --exclude waterkit-test-android	2026-02-20T20:39:45.3512714Z [1m[92m   Compiling[0m quick-xml v0.38.4
Coverage	Run cargo llvm-cov --all-features --workspace --lcov --output-path lcov.info --exclude waterkit-audio-test --exclude waterkit-biometric-test --exclude waterkit-camera-test --exclude waterkit-codec-bench --exclude waterkit-dialog-test --exclude waterkit-location-test --exclude waterkit-notification-test --exclude waterkit-sensor-test --exclude waterkit-video-test --exclude waterkit-test-ios --exclude waterkit-test-android	2026-02-20T20:39:45.3553133Z [1m[92m   Compiling[0m wayland-client v0.31.12
Coverage	Run cargo llvm-cov --all-features --workspace --lcov --output-path lcov.info --exclude waterkit-audio-test --exclude waterkit-biometric-test --exclude waterkit-camera-test --exclude waterkit-codec-bench --exclude waterkit-dialog-test --exclude waterkit-location-test --exclude waterkit-notification-test --exclude waterkit-sensor-test --exclude waterkit-video-test --exclude waterkit-test-ios --exclude waterkit-test-android	2026-02-20T20:39:45.4567296Z [1m[92m   Compiling[0m new_debug_unreachable v1.0.6
Coverage	Run cargo llvm-cov --all-features --workspace --lcov --output-path lcov.info --exclude waterkit-audio-test --exclude waterkit-biometric-test --exclude waterkit-camera-test --exclude waterkit-codec-bench --exclude waterkit-dialog-test --exclude waterkit-location-test --exclude waterkit-notification-test --exclude waterkit-sensor-test --exclude waterkit-video-test --exclude waterkit-test-ios --exclude waterkit-test-android	2026-02-20T20:39:45.4962136Z [1m[92m   Compiling[0m noop_proc_macro v0.3.0
Coverage	Run cargo llvm-cov --all-features --workspace --lcov --output-path lcov.info --exclude waterkit-audio-test --exclude waterkit-biometric-test --exclude waterkit-camera-test --exclude waterkit-codec-bench --exclude waterkit-dialog-test --exclude waterkit-location-test --exclude waterkit-notification-test --exclude waterkit-sensor-test --exclude waterkit-video-test --exclude waterkit-test-ios --exclude waterkit-test-android	2026-02-20T20:39:45.5664609Z [1m[92m   Compiling[0m bit_field v0.10.3
Coverage	Run cargo llvm-cov --all-features --workspace --lcov --output-path lcov.info --exclude waterkit-audio-test --exclude waterkit-biometric-test --exclude waterkit-camera-test --exclude waterkit-codec-bench --exclude waterkit-dialog-test --exclude waterkit-location-test --exclude waterkit-notification-test --exclude waterkit-sensor-test --exclude waterkit-video-test --exclude waterkit-test-ios --exclude waterkit-test-android	2026-02-20T20:39:45.6345296Z [1m[92m   Compiling[0m scan_fmt v0.2.6
Coverage	Run cargo llvm-cov --all-features --workspace --lcov --output-path lcov.info --exclude waterkit-audio-test --exclude waterkit-biometric-test --exclude waterkit-camera-test --exclude waterkit-codec-bench --exclude waterkit-dialog-test --exclude waterkit-location-test --exclude waterkit-notification-test --exclude waterkit-sensor-test --exclude waterkit-video-test --exclude waterkit-test-ios --exclude waterkit-test-android	2026-02-20T20:39:45.6705942Z [1m[92m   Compiling[0m lebe v0.5.3
Coverage	Run cargo llvm-cov --all-features --workspace --lcov --output-path lcov.info --exclude waterkit-audio-test --exclude waterkit-biometric-test --exclude waterkit-camera-test --exclude waterkit-codec-bench --exclude waterkit-dialog-test --exclude waterkit-location-test --exclude waterkit-notification-test --exclude waterkit-sensor-test --exclude waterkit-video-test --exclude waterkit-test-ios --exclude waterkit-test-android	2026-02-20T20:39:45.7893972Z [1m[92m   Compiling[0m zmij v1.0.21
Coverage	Run cargo llvm-cov --all-features --workspace --lcov --output-path lcov.info --exclude waterkit-audio-test --exclude waterkit-biometric-test --exclude waterkit-camera-test --exclude waterkit-codec-bench --exclude waterkit-dialog-test --exclude waterkit-location-test --exclude waterkit-notification-test --exclude waterkit-sensor-test --exclude waterkit-video-test --exclude waterkit-test-ios --exclude waterkit-test-android	2026-02-20T20:39:45.8197169Z [1m[92m   Compiling[0m exr v1.74.0
Coverage	Run cargo llvm-cov --all-features --workspace --lcov --output-path lcov.info --exclude waterkit-audio-test --exclude waterkit-biometric-test --exclude waterkit-camera-test --exclude waterkit-codec-bench --exclude waterkit-dialog-test --exclude waterkit-location-test --exclude waterkit-notification-test --exclude waterkit-sensor-test --exclude waterkit-video-test --exclude waterkit-test-ios --exclude waterkit-test-android	2026-02-20T20:39:45.9654843Z [1m[92m   Compiling[0m qoi v0.4.1
Coverage	Run cargo llvm-cov --all-features --workspace --lcov --output-path lcov.info --exclude waterkit-audio-test --exclude waterkit-biometric-test --exclude waterkit-camera-test --exclude waterkit-codec-bench --exclude waterkit-dialog-test --exclude waterkit-location-test --exclude waterkit-notification-test --exclude waterkit-sensor-test --exclude waterkit-video-test --exclude waterkit-test-ios --exclude waterkit-test-android	2026-02-20T20:39:46.0959332Z [1m[92m   Compiling[0m wayland-scanner v0.31.8
Coverage	Run cargo llvm-cov --all-features --workspace --lcov --output-path lcov.info --exclude waterkit-audio-test --exclude waterkit-biometric-test --exclude waterkit-camera-test --exclude waterkit-codec-bench --exclude waterkit-dialog-test --exclude waterkit-location-test --exclude waterkit-notification-test --exclude waterkit-sensor-test --exclude waterkit-video-test --exclude waterkit-test-ios --exclude waterkit-test-android	2026-02-20T20:39:46.1381467Z [1m[92m   Compiling[0m tokio-macros v2.6.0
Coverage	Run cargo llvm-cov --all-features --workspace --lcov --output-path lcov.info --exclude waterkit-audio-test --exclude waterkit-biometric-test --exclude waterkit-camera-test --exclude waterkit-codec-bench --exclude waterkit-dialog-test --exclude waterkit-location-test --exclude waterkit-notification-test --exclude waterkit-sensor-test --exclude waterkit-video-test --exclude waterkit-test-ios --exclude waterkit-test-android	2026-02-20T20:39:46.6948308Z [1m[92m   Compiling[0m mio v1.1.1
Coverage	Run cargo llvm-cov --all-features --workspace --lcov --output-path lcov.info --exclude waterkit-audio-test --exclude waterkit-biometric-test --exclude waterkit-camera-test --exclude waterkit-codec-bench --exclude waterkit-dialog-test --exclude waterkit-location-test --exclude waterkit-notification-test --exclude waterkit-sensor-test --exclude waterkit-video-test --exclude waterkit-test-ios --exclude waterkit-test-android	2026-02-20T20:39:47.1874290Z [1m[92m   Compiling[0m socket2 v0.6.2
Coverage	Run cargo llvm-cov --all-features --workspace --lcov --output-path lcov.info --exclude waterkit-audio-test --exclude waterkit-biometric-test --exclude waterkit-camera-test --exclude waterkit-codec-bench --exclude waterkit-dialog-test --exclude waterkit-location-test --exclude waterkit-notification-test --exclude waterkit-sensor-test --exclude waterkit-video-test --exclude waterkit-test-ios --exclude waterkit-test-android	2026-02-20T20:39:47.4971833Z [1m[92m   Compiling[0m serde_json v1.0.149
Coverage	Run cargo llvm-cov --all-features --workspace --lcov --output-path lcov.info --exclude waterkit-audio-test --exclude waterkit-biometric-test --exclude waterkit-camera-test --exclude waterkit-codec-bench --exclude waterkit-dialog-test --exclude waterkit-location-test --exclude waterkit-notification-test --exclude waterkit-sensor-test --exclude waterkit-video-test --exclude waterkit-test-ios --exclude waterkit-test-android	2026-02-20T20:39:47.5970448Z [1m[92m   Compiling[0m static_assertions v1.1.0
Coverage	Run cargo llvm-cov --all-features --workspace --lcov --output-path lcov.info --exclude waterkit-audio-test --exclude waterkit-biometric-test --exclude waterkit-camera-test --exclude waterkit-codec-bench --exclude waterkit-dialog-test --exclude waterkit-location-test --exclude waterkit-notification-test --exclude waterkit-sensor-test --exclude waterkit-video-test --exclude waterkit-test-ios --exclude waterkit-test-android	2026-02-20T20:39:47.7023513Z [1m[92m   Compiling[0m tokio v1.49.0
Coverage	Run cargo llvm-cov --all-features --workspace --lcov --output-path lcov.info --exclude waterkit-audio-test --exclude waterkit-biometric-test --exclude waterkit-camera-test --exclude waterkit-codec-bench --exclude waterkit-dialog-test --exclude waterkit-location-test --exclude waterkit-notification-test --exclude waterkit-sensor-test --exclude waterkit-video-test --exclude waterkit-test-ios --exclude waterkit-test-android	2026-02-20T20:39:49.5542036Z [1m[92m   Compiling[0m byteorder v1.5.0
Coverage	Run cargo llvm-cov --all-features --workspace --lcov --output-path lcov.info --exclude waterkit-audio-test --exclude waterkit-biometric-test --exclude waterkit-camera-test --exclude waterkit-codec-bench --exclude waterkit-dialog-test --exclude waterkit-location-test --exclude waterkit-notification-test --exclude waterkit-sensor-test --exclude waterkit-video-test --exclude waterkit-test-ios --exclude waterkit-test-android	2026-02-20T20:39:49.7495290Z [1m[92m   Compiling[0m pin-utils v0.1.0
Coverage	Run cargo llvm-cov --all-features --workspace --lcov --output-path lcov.info --exclude waterkit-audio-test --exclude waterkit-biometric-test --exclude waterkit-camera-test --exclude waterkit-codec-bench --exclude waterkit-dialog-test --exclude waterkit-location-test --exclude waterkit-notification-test --exclude waterkit-sensor-test --exclude waterkit-video-test --exclude waterkit-test-ios --exclude waterkit-test-android	2026-02-20T20:39:49.7876653Z [1m[92m   Compiling[0m naga v28.0.0
Coverage	Run cargo llvm-cov --all-features --workspace --lcov --output-path lcov.info --exclude waterkit-audio-test --exclude waterkit-biometric-test --exclude waterkit-camera-test --exclude waterkit-codec-bench --exclude waterkit-dialog-test --exclude waterkit-location-test --exclude waterkit-notification-test --exclude waterkit-sensor-test --exclude waterkit-video-test --exclude waterkit-test-ios --exclude waterkit-test-android	2026-02-20T20:39:49.9809564Z [1m[92m   Compiling[0m quick-error v2.0.1
Coverage	Run cargo llvm-cov --all-features --workspace --lcov --output-path lcov.info --exclude waterkit-audio-test --exclude waterkit-biometric-test --exclude waterkit-camera-test --exclude waterkit-codec-bench --exclude waterkit-dialog-test --exclude waterkit-location-test --exclude waterkit-notification-test --exclude waterkit-sensor-test --exclude waterkit-video-test --exclude waterkit-test-ios --exclude waterkit-test-android	2026-02-20T20:39:50.0365647Z [1m[92m   Compiling[0m target-lexicon v0.13.3
Coverage	Run cargo llvm-cov --all-features --workspace --lcov --output-path lcov.info --exclude waterkit-audio-test --exclude waterkit-biometric-test --exclude waterkit-camera-test --exclude waterkit-codec-bench --exclude waterkit-dialog-test --exclude waterkit-location-test --exclude waterkit-notification-test --exclude waterkit-sensor-test --exclude waterkit-video-test --exclude waterkit-test-ios --exclude waterkit-test-android	2026-02-20T20:39:50.4501271Z [1m[92m   Compiling[0m wgpu-hal v28.0.0
Coverage	Run cargo llvm-cov --all-features --workspace --lcov --output-path lcov.info --exclude waterkit-audio-test --exclude waterkit-biometric-test --exclude waterkit-camera-test --exclude waterkit-codec-bench --exclude waterkit-dialog-test --exclude waterkit-location-test --exclude waterkit-notification-test --exclude waterkit-sensor-test --exclude waterkit-video-test --exclude waterkit-test-ios --exclude waterkit-test-android	2026-02-20T20:39:50.6575214Z [1m[92m   Compiling[0m naga v27.0.3
Coverage	Run cargo llvm-cov --all-features --workspace --lcov --output-path lcov.info --exclude waterkit-audio-test --exclude waterkit-biometric-test --exclude waterkit-camera-test --exclude waterkit-codec-bench --exclude waterkit-dialog-test --exclude waterkit-location-test --exclude waterkit-notification-test --exclude waterkit-sensor-test --exclude waterkit-video-test --exclude waterkit-test-ios --exclude waterkit-test-android	2026-02-20T20:39:50.8620622Z [1m[92m   Compiling[0m rgb v0.8.52
Coverage	Run cargo llvm-cov --all-features --workspace --lcov --output-path lcov.info --exclude waterkit-audio-test --exclude waterkit-biometric-test --exclude waterkit-camera-test --exclude waterkit-codec-bench --exclude waterkit-dialog-test --exclude waterkit-location-test --exclude waterkit-notification-test --exclude waterkit-sensor-test --exclude waterkit-video-test --exclude waterkit-test-ios --exclude waterkit-test-android	2026-02-20T20:39:50.9349984Z [1m[92m   Compiling[0m fax_derive v0.2.0
Coverage	Run cargo llvm-cov --all-features --workspace --lcov --output-path lcov.info --exclude waterkit-audio-test --exclude waterkit-biometric-test --exclude waterkit-camera-test --exclude waterkit-codec-bench --exclude waterkit-dialog-test --exclude waterkit-location-test --exclude waterkit-notification-test --exclude waterkit-sensor-test --exclude waterkit-video-test --exclude waterkit-test-ios --exclude waterkit-test-android	2026-02-20T20:39:51.1110891Z [1m[92m   Compiling[0m imgref v1.12.0
Coverage	Run cargo llvm-cov --all-features --workspace --lcov --output-path lcov.info --exclude waterkit-audio-test --exclude waterkit-biometric-test --exclude waterkit-camera-test --exclude waterkit-codec-bench --exclude waterkit-dialog-test --exclude waterkit-location-test --exclude waterkit-notification-test --exclude waterkit-sensor-test --exclude waterkit-video-test --exclude waterkit-test-ios --exclude waterkit-test-android	2026-02-20T20:39:51.2132297Z [1m[92m   Compiling[0m presser v0.3.1
Coverage	Run cargo llvm-cov --all-features --workspace --lcov --output-path lcov.info --exclude waterkit-audio-test --exclude waterkit-biometric-test --exclude waterkit-camera-test --exclude waterkit-codec-bench --exclude waterkit-dialog-test --exclude waterkit-location-test --exclude waterkit-notification-test --exclude waterkit-sensor-test --exclude waterkit-video-test --exclude waterkit-test-ios --exclude waterkit-test-android	2026-02-20T20:39:51.2926916Z [1m[92m   Compiling[0m zune-core v0.4.12
Coverage	Run cargo llvm-cov --all-features --workspace --lcov --output-path lcov.info --exclude waterkit-audio-test --exclude waterkit-biometric-test --exclude waterkit-camera-test --exclude waterkit-codec-bench --exclude waterkit-dialog-test --exclude waterkit-location-test --exclude waterkit-notification-test --exclude waterkit-sensor-test --exclude waterkit-video-test --exclude waterkit-test-ios --exclude waterkit-test-android	2026-02-20T20:39:51.3320130Z [1m[92m   Compiling[0m bindgen v0.70.1
Coverage	Run cargo llvm-cov --all-features --workspace --lcov --output-path lcov.info --exclude waterkit-audio-test --exclude waterkit-biometric-test --exclude waterkit-camera-test --exclude waterkit-codec-bench --exclude waterkit-dialog-test --exclude waterkit-location-test --exclude waterkit-notification-test --exclude waterkit-sensor-test --exclude waterkit-video-test --exclude waterkit-test-ios --exclude waterkit-test-android	2026-02-20T20:39:51.4773215Z [1m[92m   Compiling[0m zune-jpeg v0.4.21
Coverage	Run cargo llvm-cov --all-features --workspace --lcov --output-path lcov.info --exclude waterkit-audio-test --exclude waterkit-biometric-test --exclude waterkit-camera-test --exclude waterkit-codec-bench --exclude waterkit-dialog-test --exclude waterkit-location-test --exclude waterkit-notification-test --exclude waterkit-sensor-test --exclude waterkit-video-test --exclude waterkit-test-ios --exclude waterkit-test-android	2026-02-20T20:39:51.4834662Z [1m[92m   Compiling[0m fax v0.2.6
Coverage	Run cargo llvm-cov --all-features --workspace --lcov --output-path lcov.info --exclude waterkit-audio-test --exclude waterkit-biometric-test --exclude waterkit-camera-test --exclude waterkit-codec-bench --exclude waterkit-dialog-test --exclude waterkit-location-test --exclude waterkit-notification-test --exclude waterkit-sensor-test --exclude waterkit-video-test --exclude waterkit-test-ios --exclude waterkit-test-android	2026-02-20T20:39:51.7169689Z [1m[92m   Compiling[0m gpu-allocator v0.28.0
Coverage	Run cargo llvm-cov --all-features --workspace --lcov --output-path lcov.info --exclude waterkit-audio-test --exclude waterkit-biometric-test --exclude waterkit-camera-test --exclude waterkit-codec-bench --exclude waterkit-dialog-test --exclude waterkit-location-test --exclude waterkit-notification-test --exclude waterkit-sensor-test --exclude waterkit-video-test --exclude waterkit-test-ios --exclude waterkit-test-android	2026-02-20T20:39:52.2261533Z [1m[92m   Compiling[0m loop9 v0.1.5
Coverage	Run cargo llvm-cov --all-features --workspace --lcov --output-path lcov.info --exclude waterkit-audio-test --exclude waterkit-biometric-test --exclude waterkit-camera-test --exclude waterkit-codec-bench --exclude waterkit-dialog-test --exclude waterkit-location-test --exclude waterkit-notification-test --exclude waterkit-sensor-test --exclude waterkit-video-test --exclude waterkit-test-ios --exclude waterkit-test-android	2026-02-20T20:39:52.6831589Z [1m[92m   Compiling[0m wayland-protocols v0.32.10
Coverage	Run cargo llvm-cov --all-features --workspace --lcov --output-path lcov.info --exclude waterkit-audio-test --exclude waterkit-biometric-test --exclude waterkit-camera-test --exclude waterkit-codec-bench --exclude waterkit-dialog-test --exclude waterkit-location-test --exclude waterkit-notification-test --exclude waterkit-sensor-test --exclude waterkit-video-test --exclude waterkit-test-ios --exclude waterkit-test-android	2026-02-20T20:39:54.7636100Z [1m[92m   Compiling[0m rand_core v0.9.5
Coverage	Run cargo llvm-cov --all-features --workspace --lcov --output-path lcov.info --exclude waterkit-audio-test --exclude waterkit-biometric-test --exclude waterkit-camera-test --exclude waterkit-codec-bench --exclude waterkit-dialog-test --exclude waterkit-location-test --exclude waterkit-notification-test --exclude waterkit-sensor-test --exclude waterkit-video-test --exclude waterkit-test-ios --exclude waterkit-test-android	2026-02-20T20:39:54.9305508Z [1m[92m   Compiling[0m itertools v0.13.0
Coverage	Run cargo llvm-cov --all-features --workspace --lcov --output-path lcov.info --exclude waterkit-audio-test --exclude waterkit-biometric-test --exclude waterkit-camera-test --exclude waterkit-codec-bench --exclude waterkit-dialog-test --exclude waterkit-location-test --exclude waterkit-notification-test --exclude waterkit-sensor-test --exclude waterkit-video-test --exclude waterkit-test-ios --exclude waterkit-test-android	2026-02-20T20:39:55.9792367Z [1m[92m   Compiling[0m wgpu-hal v27.0.4
Coverage	Run cargo llvm-cov --all-features --workspace --lcov --output-path lcov.info --exclude waterkit-audio-test --exclude waterkit-biometric-test --exclude waterkit-camera-test --exclude waterkit-codec-bench --exclude waterkit-dialog-test --exclude waterkit-location-test --exclude waterkit-notification-test --exclude waterkit-sensor-test --exclude waterkit-video-test --exclude waterkit-test-ios --exclude waterkit-test-android	2026-02-20T20:39:56.2254491Z [1m[92m   Compiling[0m avif-serialize v0.8.8
Coverage	Run cargo llvm-cov --all-features --workspace --lcov --output-path lcov.info --exclude waterkit-audio-test --exclude waterkit-biometric-test --exclude waterkit-camera-test --exclude waterkit-codec-bench --exclude waterkit-dialog-test --exclude waterkit-location-test --exclude waterkit-notification-test --exclude waterkit-sensor-test --exclude waterkit-video-test --exclude waterkit-test-ios --exclude waterkit-test-android	2026-02-20T20:39:56.7058997Z [1m[92m   Compiling[0m ppv-lite86 v0.2.21
Coverage	Run cargo llvm-cov --all-features --workspace --lcov --output-path lcov.info --exclude waterkit-audio-test --exclude waterkit-biometric-test --exclude waterkit-camera-test --exclude waterkit-codec-bench --exclude waterkit-dialog-test --exclude waterkit-location-test --exclude waterkit-notification-test --exclude waterkit-sensor-test --exclude waterkit-video-test --exclude waterkit-test-ios --exclude waterkit-test-android	2026-02-20T20:39:57.0232498Z [1m[92m   Compiling[0m wgpu-types v28.0.0
Coverage	Run cargo llvm-cov --all-features --workspace --lcov --output-path lcov.info --exclude waterkit-audio-test --exclude waterkit-biometric-test --exclude waterkit-camera-test --exclude waterkit-codec-bench --exclude waterkit-dialog-test --exclude waterkit-location-test --exclude waterkit-notification-test --exclude waterkit-sensor-test --exclude waterkit-video-test --exclude waterkit-test-ios --exclude waterkit-test-android	2026-02-20T20:39:59.2764058Z [1m[92m   Compiling[0m pxfm v0.1.27
Coverage	Run cargo llvm-cov --all-features --workspace --lcov --output-path lcov.info --exclude waterkit-audio-test --exclude waterkit-biometric-test --exclude waterkit-camera-test --exclude waterkit-codec-bench --exclude waterkit-dialog-test --exclude waterkit-location-test --exclude waterkit-notification-test --exclude waterkit-sensor-test --exclude waterkit-video-test --exclude waterkit-test-ios --exclude waterkit-test-android	2026-02-20T20:40:00.4040441Z [1m[92m   Compiling[0m cmake v0.1.57
Coverage	Run cargo llvm-cov --all-features --workspace --lcov --output-path lcov.info --exclude waterkit-audio-test --exclude waterkit-biometric-test --exclude waterkit-camera-test --exclude waterkit-codec-bench --exclude waterkit-dialog-test --exclude waterkit-location-test --exclude waterkit-notification-test --exclude waterkit-sensor-test --exclude waterkit-video-test --exclude waterkit-test-ios --exclude waterkit-test-android	2026-02-20T20:40:00.7089948Z [1m[92m   Compiling[0m gpu-alloc-types v0.3.0
Coverage	Run cargo llvm-cov --all-features --workspace --lcov --output-path lcov.info --exclude waterkit-audio-test --exclude waterkit-biometric-test --exclude waterkit-camera-test --exclude waterkit-codec-bench --exclude waterkit-dialog-test --exclude waterkit-location-test --exclude waterkit-notification-test --exclude waterkit-sensor-test --exclude waterkit-video-test --exclude waterkit-test-ios --exclude waterkit-test-android	2026-02-20T20:40:00.9344448Z [1m[92m   Compiling[0m prettyplease v0.2.37
Coverage	Run cargo llvm-cov --all-features --workspace --lcov --output-path lcov.info --exclude waterkit-audio-test --exclude waterkit-biometric-test --exclude waterkit-camera-test --exclude waterkit-codec-bench --exclude waterkit-dialog-test --exclude waterkit-location-test --exclude waterkit-notification-test --exclude waterkit-sensor-test --exclude waterkit-video-test --exclude waterkit-test-ios --exclude waterkit-test-android	2026-02-20T20:40:01.0540252Z [1m[92m   Compiling[0m rustix v0.38.44
Coverage	Run cargo llvm-cov --all-features --workspace --lcov --output-path lcov.info --exclude waterkit-audio-test --exclude waterkit-biometric-test --exclude waterkit-camera-test --exclude waterkit-codec-bench --exclude waterkit-dialog-test --exclude waterkit-location-test --exclude waterkit-notification-test --exclude waterkit-sensor-test --exclude waterkit-video-test --exclude waterkit-test-ios --exclude waterkit-test-android	2026-02-20T20:40:01.2911004Z [1m[92m   Compiling[0m typenum v1.19.0
Coverage	Run cargo llvm-cov --all-features --workspace --lcov --output-path lcov.info --exclude waterkit-audio-test --exclude waterkit-biometric-test --exclude waterkit-camera-test --exclude waterkit-codec-bench --exclude waterkit-dialog-test --exclude waterkit-location-test --exclude waterkit-notification-test --exclude waterkit-sensor-test --exclude waterkit-video-test --exclude waterkit-test-ios --exclude waterkit-test-android	2026-02-20T20:40:01.5267950Z [1m[92m   Compiling[0m serde_spanned v1.0.4
Coverage	Run cargo llvm-cov --all-features --workspace --lcov --output-path lcov.info --exclude waterkit-audio-test --exclude waterkit-biometric-test --exclude waterkit-camera-test --exclude waterkit-codec-bench --exclude waterkit-dialog-test --exclude waterkit-location-test --exclude waterkit-notification-test --exclude waterkit-sensor-test --exclude waterkit-video-test --exclude waterkit-test-ios --exclude waterkit-test-android	2026-02-20T20:40:01.5923844Z [1m[92m   Compiling[0m zune-core v0.5.1
Coverage	Run cargo llvm-cov --all-features --workspace --lcov --output-path lcov.info --exclude waterkit-audio-test --exclude waterkit-biometric-test --exclude waterkit-camera-test --exclude waterkit-codec-bench --exclude waterkit-dialog-test --exclude waterkit-location-test --exclude waterkit-notification-test --exclude waterkit-sensor-test --exclude waterkit-video-test --exclude waterkit-test-ios --exclude waterkit-test-android	2026-02-20T20:40:01.8025949Z [1m[92m   Compiling[0m byteorder-lite v0.1.0
Coverage	Run cargo llvm-cov --all-features --workspace --lcov --output-path lcov.info --exclude waterkit-audio-test --exclude waterkit-biometric-test --exclude waterkit-camera-test --exclude waterkit-codec-bench --exclude waterkit-dialog-test --exclude waterkit-location-test --exclude waterkit-notification-test --exclude waterkit-sensor-test --exclude waterkit-video-test --exclude waterkit-test-ios --exclude waterkit-test-android	2026-02-20T20:40:02.0128947Z [1m[92m   Compiling[0m fs_extra v1.3.0
Coverage	Run cargo llvm-cov --all-features --workspace --lcov --output-path lcov.info --exclude waterkit-audio-test --exclude waterkit-biometric-test --exclude waterkit-camera-test --exclude waterkit-codec-bench --exclude waterkit-dialog-test --exclude waterkit-location-test --exclude waterkit-notification-test --exclude waterkit-sensor-test --exclude waterkit-video-test --exclude waterkit-test-ios --exclude waterkit-test-android	2026-02-20T20:40:02.2217100Z [1m[92m   Compiling[0m aws-lc-sys v0.37.1
Coverage	Run cargo llvm-cov --all-features --workspace --lcov --output-path lcov.info --exclude waterkit-audio-test --exclude waterkit-biometric-test --exclude waterkit-camera-test --exclude waterkit-codec-bench --exclude waterkit-dialog-test --exclude waterkit-location-test --exclude waterkit-notification-test --exclude waterkit-sensor-test --exclude waterkit-video-test --exclude waterkit-test-ios --exclude waterkit-test-android	2026-02-20T20:40:02.8546081Z [1m[92m   Compiling[0m image-webp v0.2.4
Coverage	Run cargo llvm-cov --all-features --workspace --lcov --output-path lcov.info --exclude waterkit-audio-test --exclude waterkit-biometric-test --exclude waterkit-camera-test --exclude waterkit-codec-bench --exclude waterkit-dialog-test --exclude waterkit-location-test --exclude waterkit-notification-test --exclude waterkit-sensor-test --exclude waterkit-video-test --exclude waterkit-test-ios --exclude waterkit-test-android	2026-02-20T20:40:03.1265577Z [1m[92m   Compiling[0m zune-jpeg v0.5.12
Coverage	Run cargo llvm-cov --all-features --workspace --lcov --output-path lcov.info --exclude waterkit-audio-test --exclude waterkit-biometric-test --exclude waterkit-camera-test --exclude waterkit-codec-bench --exclude waterkit-dialog-test --exclude waterkit-location-test --exclude waterkit-notification-test --exclude waterkit-sensor-test --exclude waterkit-video-test --exclude waterkit-test-ios --exclude waterkit-test-android	2026-02-20T20:40:03.9530771Z [1m[92m   Compiling[0m toml v0.9.12+spec-1.1.0
Coverage	Run cargo llvm-cov --all-features --workspace --lcov --output-path lcov.info --exclude waterkit-audio-test --exclude waterkit-biometric-test --exclude waterkit-camera-test --exclude waterkit-codec-bench --exclude waterkit-dialog-test --exclude waterkit-location-test --exclude waterkit-notification-test --exclude waterkit-sensor-test --exclude waterkit-video-test --exclude waterkit-test-ios --exclude waterkit-test-android	2026-02-20T20:40:04.4771634Z [1m[92m   Compiling[0m moxcms v0.7.11
Coverage	Run cargo llvm-cov --all-features --workspace --lcov --output-path lcov.info --exclude waterkit-audio-test --exclude waterkit-biometric-test --exclude waterkit-camera-test --exclude waterkit-codec-bench --exclude waterkit-dialog-test --exclude waterkit-location-test --exclude waterkit-notification-test --exclude waterkit-sensor-test --exclude waterkit-video-test --exclude waterkit-test-ios --exclude waterkit-test-android	2026-02-20T20:40:04.5291019Z [1m[92m   Compiling[0m gpu-alloc v0.6.0
Coverage	Run cargo llvm-cov --all-features --workspace --lcov --output-path lcov.info --exclude waterkit-audio-test --exclude waterkit-biometric-test --exclude waterkit-camera-test --exclude waterkit-codec-bench --exclude waterkit-dialog-test --exclude waterkit-location-test --exclude waterkit-notification-test --exclude waterkit-sensor-test --exclude waterkit-video-test --exclude waterkit-test-ios --exclude waterkit-test-android	2026-02-20T20:40:11.8129320Z [1m[92m   Compiling[0m rand_chacha v0.9.0
Coverage	Run cargo llvm-cov --all-features --workspace --lcov --output-path lcov.info --exclude waterkit-audio-test --exclude waterkit-biometric-test --exclude waterkit-camera-test --exclude waterkit-codec-bench --exclude waterkit-dialog-test --exclude waterkit-location-test --exclude waterkit-notification-test --exclude waterkit-sensor-test --exclude waterkit-video-test --exclude waterkit-test-ios --exclude waterkit-test-android	2026-02-20T20:40:12.6644272Z [1m[92m   Compiling[0m cfg-expr v0.20.6
Coverage	Run cargo llvm-cov --all-features --workspace --lcov --output-path lcov.info --exclude waterkit-audio-test --exclude waterkit-biometric-test --exclude waterkit-camera-test --exclude waterkit-codec-bench --exclude waterkit-dialog-test --exclude waterkit-location-test --exclude waterkit-notification-test --exclude waterkit-sensor-test --exclude waterkit-video-test --exclude waterkit-test-ios --exclude waterkit-test-android	2026-02-20T20:40:13.0166356Z [1m[92m   Compiling[0m git2 v0.20.4
Coverage	Run cargo llvm-cov --all-features --workspace --lcov --output-path lcov.info --exclude waterkit-audio-test --exclude waterkit-biometric-test --exclude waterkit-camera-test --exclude waterkit-codec-bench --exclude waterkit-dialog-test --exclude waterkit-location-test --exclude waterkit-notification-test --exclude waterkit-sensor-test --exclude waterkit-video-test --exclude waterkit-test-ios --exclude waterkit-test-android	2026-02-20T20:40:16.9409506Z [1m[92m   Compiling[0m built v0.8.0
Coverage	Run cargo llvm-cov --all-features --workspace --lcov --output-path lcov.info --exclude waterkit-audio-test --exclude waterkit-biometric-test --exclude waterkit-camera-test --exclude waterkit-codec-bench --exclude waterkit-dialog-test --exclude waterkit-location-test --exclude waterkit-notification-test --exclude waterkit-sensor-test --exclude waterkit-video-test --exclude waterkit-test-ios --exclude waterkit-test-android	2026-02-20T20:40:17.4142828Z [1m[92m   Compiling[0m rav1e v0.8.1
Coverage	Run cargo llvm-cov --all-features --workspace --lcov --output-path lcov.info --exclude waterkit-audio-test --exclude waterkit-biometric-test --exclude waterkit-camera-test --exclude waterkit-codec-bench --exclude waterkit-dialog-test --exclude waterkit-location-test --exclude waterkit-notification-test --exclude waterkit-sensor-test --exclude waterkit-video-test --exclude waterkit-test-ios --exclude waterkit-test-android	2026-02-20T20:40:17.4794090Z [1m[92m   Compiling[0m tiff v0.10.3
Coverage	Run cargo llvm-cov --all-features --workspace --lcov --output-path lcov.info --exclude waterkit-audio-test --exclude waterkit-biometric-test --exclude waterkit-camera-test --exclude waterkit-codec-bench --exclude waterkit-dialog-test --exclude waterkit-location-test --exclude waterkit-notification-test --exclude waterkit-sensor-test --exclude waterkit-video-test --exclude waterkit-test-ios --exclude waterkit-test-android	2026-02-20T20:40:17.8204784Z [1m[91merror[0m: failed to run custom build command for `rav1e v0.8.1`
Coverage	Run cargo llvm-cov --all-features --workspace --lcov --output-path lcov.info --exclude waterkit-audio-test --exclude waterkit-biometric-test --exclude waterkit-camera-test --exclude waterkit-codec-bench --exclude waterkit-dialog-test --exclude waterkit-location-test --exclude waterkit-notification-test --exclude waterkit-sensor-test --exclude waterkit-video-test --exclude waterkit-test-ios --exclude waterkit-test-android	2026-02-20T20:40:17.8205639Z 
Coverage	Run cargo llvm-cov --all-features --workspace --lcov --output-path lcov.info --exclude waterkit-audio-test --exclude waterkit-biometric-test --exclude waterkit-camera-test --exclude waterkit-codec-bench --exclude waterkit-dialog-test --exclude waterkit-location-test --exclude waterkit-notification-test --exclude waterkit-sensor-test --exclude waterkit-video-test --exclude waterkit-test-ios --exclude waterkit-test-android	2026-02-20T20:40:17.8206050Z Caused by:
Coverage	Run cargo llvm-cov --all-features --workspace --lcov --output-path lcov.info --exclude waterkit-audio-test --exclude waterkit-biometric-test --exclude waterkit-camera-test --exclude waterkit-codec-bench --exclude waterkit-dialog-test --exclude waterkit-location-test --exclude waterkit-notification-test --exclude waterkit-sensor-test --exclude waterkit-video-test --exclude waterkit-test-ios --exclude waterkit-test-android	2026-02-20T20:40:17.8210070Z   process didn't exit successfully: `/__w/waterkit/waterkit/target/llvm-cov-target/debug/build/rav1e-caf3a08149a8af24/build-script-build` (exit status: 101)
Coverage	Run cargo llvm-cov --all-features --workspace --lcov --output-path lcov.info --exclude waterkit-audio-test --exclude waterkit-biometric-test --exclude waterkit-camera-test --exclude waterkit-codec-bench --exclude waterkit-dialog-test --exclude waterkit-location-test --exclude waterkit-notification-test --exclude waterkit-sensor-test --exclude waterkit-video-test --exclude waterkit-test-ios --exclude waterkit-test-android	2026-02-20T20:40:17.8211542Z   --- stdout
Coverage	Run cargo llvm-cov --all-features --workspace --lcov --output-path lcov.info --exclude waterkit-audio-test --exclude waterkit-biometric-test --exclude waterkit-camera-test --exclude waterkit-codec-bench --exclude waterkit-dialog-test --exclude waterkit-location-test --exclude waterkit-notification-test --exclude waterkit-sensor-test --exclude waterkit-video-test --exclude waterkit-test-ios --exclude waterkit-test-android	2026-02-20T20:40:17.8212089Z   cargo:rustc-cfg=nasm_x86_64
Coverage	Run cargo llvm-cov --all-features --workspace --lcov --output-path lcov.info --exclude waterkit-audio-test --exclude waterkit-biometric-test --exclude waterkit-camera-test --exclude waterkit-codec-bench --exclude waterkit-dialog-test --exclude waterkit-location-test --exclude waterkit-notification-test --exclude waterkit-sensor-test --exclude waterkit-video-test --exclude waterkit-test-ios --exclude waterkit-test-android	2026-02-20T20:40:17.8212532Z 
Coverage	Run cargo llvm-cov --all-features --workspace --lcov --output-path lcov.info --exclude waterkit-audio-test --exclude waterkit-biometric-test --exclude waterkit-camera-test --exclude waterkit-codec-bench --exclude waterkit-dialog-test --exclude waterkit-location-test --exclude waterkit-notification-test --exclude waterkit-sensor-test --exclude waterkit-video-test --exclude waterkit-test-ios --exclude waterkit-test-android	2026-02-20T20:40:17.8213069Z   --- stderr
Coverage	Run cargo llvm-cov --all-features --workspace --lcov --output-path lcov.info --exclude waterkit-audio-test --exclude waterkit-biometric-test --exclude waterkit-camera-test --exclude waterkit-codec-bench --exclude waterkit-dialog-test --exclude waterkit-location-test --exclude waterkit-notification-test --exclude waterkit-sensor-test --exclude waterkit-video-test --exclude waterkit-test-ios --exclude waterkit-test-android	2026-02-20T20:40:17.8213254Z 
Coverage	Run cargo llvm-cov --all-features --workspace --lcov --output-path lcov.info --exclude waterkit-audio-test --exclude waterkit-biometric-test --exclude waterkit-camera-test --exclude waterkit-codec-bench --exclude waterkit-dialog-test --exclude waterkit-location-test --exclude waterkit-notification-test --exclude waterkit-sensor-test --exclude waterkit-video-test --exclude waterkit-test-ios --exclude waterkit-test-android	2026-02-20T20:40:17.8213880Z   thread 'main' (6173) panicked at /github/home/.cargo/registry/src/index.crates.io-1949cf8c6b5b557f/rav1e-0.8.1/build.rs:144:9:
Coverage	Run cargo llvm-cov --all-features --workspace --lcov --output-path lcov.info --exclude waterkit-audio-test --exclude waterkit-biometric-test --exclude waterkit-camera-test --exclude waterkit-codec-bench --exclude waterkit-dialog-test --exclude waterkit-location-test --exclude waterkit-notification-test --exclude waterkit-sensor-test --exclude waterkit-video-test --exclude waterkit-test-ios --exclude waterkit-test-android	2026-02-20T20:40:17.8215061Z   NASM build failed. Make sure you have nasm installed or disable the "asm" feature.
Coverage	Run cargo llvm-cov --all-features --workspace --lcov --output-path lcov.info --exclude waterkit-audio-test --exclude waterkit-biometric-test --exclude waterkit-camera-test --exclude waterkit-codec-bench --exclude waterkit-dialog-test --exclude waterkit-location-test --exclude waterkit-notification-test --exclude waterkit-sensor-test --exclude waterkit-video-test --exclude waterkit-test-ios --exclude waterkit-test-android	2026-02-20T20:40:17.8215929Z   You can get NASM from https://nasm.us or your system's package manager.
Coverage	Run cargo llvm-cov --all-features --workspace --lcov --output-path lcov.info --exclude waterkit-audio-test --exclude waterkit-biometric-test --exclude waterkit-camera-test --exclude waterkit-codec-bench --exclude waterkit-dialog-test --exclude waterkit-location-test --exclude waterkit-notification-test --exclude waterkit-sensor-test --exclude waterkit-video-test --exclude waterkit-test-ios --exclude waterkit-test-android	2026-02-20T20:40:17.8216412Z 
Coverage	Run cargo llvm-cov --all-features --workspace --lcov --output-path lcov.info --exclude waterkit-audio-test --exclude waterkit-biometric-test --exclude waterkit-camera-test --exclude waterkit-codec-bench --exclude waterkit-dialog-test --exclude waterkit-location-test --exclude waterkit-notification-test --exclude waterkit-sensor-test --exclude waterkit-video-test --exclude waterkit-test-ios --exclude waterkit-test-android	2026-02-20T20:40:17.8216686Z   error: Unable to run nasm: No such file or directory (os error 2)
Coverage	Run cargo llvm-cov --all-features --workspace --lcov --output-path lcov.info --exclude waterkit-audio-test --exclude waterkit-biometric-test --exclude waterkit-camera-test --exclude waterkit-codec-bench --exclude waterkit-dialog-test --exclude waterkit-location-test --exclude waterkit-notification-test --exclude waterkit-sensor-test --exclude waterkit-video-test --exclude waterkit-test-ios --exclude waterkit-test-android	2026-02-20T20:40:17.8217450Z   note: run with `RUST_BACKTRACE=1` environment variable to display a backtrace
Coverage	Run cargo llvm-cov --all-features --workspace --lcov --output-path lcov.info --exclude waterkit-audio-test --exclude waterkit-biometric-test --exclude waterkit-camera-test --exclude waterkit-codec-bench --exclude waterkit-dialog-test --exclude waterkit-location-test --exclude waterkit-notification-test --exclude waterkit-sensor-test --exclude waterkit-video-test --exclude waterkit-test-ios --exclude waterkit-test-android	2026-02-20T20:40:17.8218467Z [1m[33mwarning[0m: build failed, waiting for other jobs to finish...
Coverage	Run cargo llvm-cov --all-features --workspace --lcov --output-path lcov.info --exclude waterkit-audio-test --exclude waterkit-biometric-test --exclude waterkit-camera-test --exclude waterkit-codec-bench --exclude waterkit-dialog-test --exclude waterkit-location-test --exclude waterkit-notification-test --exclude waterkit-sensor-test --exclude waterkit-video-test --exclude waterkit-test-ios --exclude waterkit-test-android	2026-02-20T20:40:23.9285437Z error: process didn't exit successfully: `/github/home/.rustup/toolchains/nightly-x86_64-unknown-linux-gnu/bin/cargo test --tests --manifest-path /__w/waterkit/waterkit/Cargo.toml --target-dir /__w/waterkit/waterkit/target/llvm-cov-target --all-features --workspace --exclude waterkit-audio-test --exclude waterkit-biometric-test --exclude waterkit-camera-test --exclude waterkit-codec-bench --exclude waterkit-dialog-test --exclude waterkit-location-test --exclude waterkit-notification-test --exclude waterkit-sensor-test --exclude waterkit-video-test --exclude waterkit-test-ios --exclude waterkit-test-android` (exit status: 101)
Coverage	Run cargo llvm-cov --all-features --workspace --lcov --output-path lcov.info --exclude waterkit-audio-test --exclude waterkit-biometric-test --exclude waterkit-camera-test --exclude waterkit-codec-bench --exclude waterkit-dialog-test --exclude waterkit-location-test --exclude waterkit-notification-test --exclude waterkit-sensor-test --exclude waterkit-video-test --exclude waterkit-test-ios --exclude waterkit-test-android	2026-02-20T20:40:23.9329208Z ##[error]Process completed with exit code 101.
Coverage	Post Run actions/checkout@v4	﻿2026-02-20T20:40:23.9415339Z Post job cleanup.
Coverage	Post Run actions/checkout@v4	2026-02-20T20:40:23.9419392Z ##[command]/usr/bin/docker exec  041b39830a362228a4a89531eacd49d84d1b31681cd4ea8c5e7e8885c0f6fdbf sh -c "cat /etc/*release | grep ^ID"
Coverage	Post Run actions/checkout@v4	2026-02-20T20:40:24.1523996Z [command]/usr/bin/git version
Coverage	Post Run actions/checkout@v4	2026-02-20T20:40:24.1562063Z git version 2.52.0
Coverage	Post Run actions/checkout@v4	2026-02-20T20:40:24.1607652Z Temporarily overriding HOME='/__w/_temp/f0253ef1-b741-45e9-a5db-ef2ba57a9261' before making global git config changes
Coverage	Post Run actions/checkout@v4	2026-02-20T20:40:24.1608792Z Adding repository directory to the temporary git global config as a safe directory
Coverage	Post Run actions/checkout@v4	2026-02-20T20:40:24.1613513Z [command]/usr/bin/git config --global --add safe.directory /__w/waterkit/waterkit
Coverage	Post Run actions/checkout@v4	2026-02-20T20:40:24.1651337Z [command]/usr/bin/git config --local --name-only --get-regexp core\.sshCommand
Coverage	Post Run actions/checkout@v4	2026-02-20T20:40:24.1686045Z [command]/usr/bin/git submodule foreach --recursive sh -c "git config --local --name-only --get-regexp 'core\.sshCommand' && git config --local --unset-all 'core.sshCommand' || :"
Coverage	Post Run actions/checkout@v4	2026-02-20T20:40:24.1923716Z [command]/usr/bin/git config --local --name-only --get-regexp http\.https\:\/\/github\.com\/\.extraheader
Coverage	Post Run actions/checkout@v4	2026-02-20T20:40:24.1945195Z http.https://github.com/.extraheader
Coverage	Post Run actions/checkout@v4	2026-02-20T20:40:24.1958712Z [command]/usr/bin/git config --local --unset-all http.https://github.com/.extraheader
Coverage	Post Run actions/checkout@v4	2026-02-20T20:40:24.1990116Z [command]/usr/bin/git submodule foreach --recursive sh -c "git config --local --name-only --get-regexp 'http\.https\:\/\/github\.com\/\.extraheader' && git config --local --unset-all 'http.https://github.com/.extraheader' || :"
Coverage	Post Run actions/checkout@v4	2026-02-20T20:40:24.2203595Z [command]/usr/bin/git config --local --name-only --get-regexp ^includeIf\.gitdir:
Coverage	Post Run actions/checkout@v4	2026-02-20T20:40:24.2236304Z [command]/usr/bin/git submodule foreach --recursive git config --local --show-origin --name-only --get-regexp remote.origin.url
Coverage	Stop containers	﻿2026-02-20T20:40:24.2588945Z Stop and remove container: 283f1a6f582b4087a00e7a9c00b4c9fd_ghcriocatthehackerubuntufulllatest_656b62
Coverage	Stop containers	2026-02-20T20:40:24.2593659Z ##[command]/usr/bin/docker rm --force 041b39830a362228a4a89531eacd49d84d1b31681cd4ea8c5e7e8885c0f6fdbf
Coverage	Stop containers	2026-02-20T20:40:25.5765618Z 041b39830a362228a4a89531eacd49d84d1b31681cd4ea8c5e7e8885c0f6fdbf
Coverage	Stop containers	2026-02-20T20:40:25.5799394Z Remove container network: github_network_f0143026daf24d609252de54623a6931
Coverage	Stop containers	2026-02-20T20:40:25.5803790Z ##[command]/usr/bin/docker network rm github_network_f0143026daf24d609252de54623a6931
Coverage	Stop containers	2026-02-20T20:40:25.7179839Z github_network_f0143026daf24d609252de54623a6931
Coverage	Complete job	﻿2026-02-20T20:40:25.7238875Z Cleaning up orphan processes
