Test / ubuntu-latest	UNKNOWN STEP	﻿2026-02-20T20:29:32.4152845Z Current runner version: '2.331.0'
Test / ubuntu-latest	UNKNOWN STEP	2026-02-20T20:29:32.4180891Z ##[group]Runner Image Provisioner
Test / ubuntu-latest	UNKNOWN STEP	2026-02-20T20:29:32.4181819Z Hosted Compute Agent
Test / ubuntu-latest	UNKNOWN STEP	2026-02-20T20:29:32.4182348Z Version: 20260123.484
Test / ubuntu-latest	UNKNOWN STEP	2026-02-20T20:29:32.4182928Z Commit: 6bd6555ca37d84114959e1c76d2c01448ff61c5d
Test / ubuntu-latest	UNKNOWN STEP	2026-02-20T20:29:32.4183669Z Build Date: 2026-01-23T19:41:17Z
Test / ubuntu-latest	UNKNOWN STEP	2026-02-20T20:29:32.4184322Z Worker ID: {15058ef8-ba61-4f10-ba94-00e1059a5731}
Test / ubuntu-latest	UNKNOWN STEP	2026-02-20T20:29:32.4185022Z Azure Region: northcentralus
Test / ubuntu-latest	UNKNOWN STEP	2026-02-20T20:29:32.4185635Z ##[endgroup]
Test / ubuntu-latest	UNKNOWN STEP	2026-02-20T20:29:32.4187723Z ##[group]Operating System
Test / ubuntu-latest	UNKNOWN STEP	2026-02-20T20:29:32.4188297Z Ubuntu
Test / ubuntu-latest	UNKNOWN STEP	2026-02-20T20:29:32.4188863Z 24.04.3
Test / ubuntu-latest	UNKNOWN STEP	2026-02-20T20:29:32.4189276Z LTS
Test / ubuntu-latest	UNKNOWN STEP	2026-02-20T20:29:32.4189748Z ##[endgroup]
Test / ubuntu-latest	UNKNOWN STEP	2026-02-20T20:29:32.4190263Z ##[group]Runner Image
Test / ubuntu-latest	UNKNOWN STEP	2026-02-20T20:29:32.4190801Z Image: ubuntu-24.04
Test / ubuntu-latest	UNKNOWN STEP	2026-02-20T20:29:32.4191290Z Version: 20260201.15.1
Test / ubuntu-latest	UNKNOWN STEP	2026-02-20T20:29:32.4192823Z Included Software: https://github.com/actions/runner-images/blob/ubuntu24/20260201.15/images/ubuntu/Ubuntu2404-Readme.md
Test / ubuntu-latest	UNKNOWN STEP	2026-02-20T20:29:32.4194289Z Image Release: https://github.com/actions/runner-images/releases/tag/ubuntu24%2F20260201.15
Test / ubuntu-latest	UNKNOWN STEP	2026-02-20T20:29:32.4195257Z ##[endgroup]
Test / ubuntu-latest	UNKNOWN STEP	2026-02-20T20:29:32.4196320Z ##[group]GITHUB_TOKEN Permissions
Test / ubuntu-latest	UNKNOWN STEP	2026-02-20T20:29:32.4198941Z Checks: write
Test / ubuntu-latest	UNKNOWN STEP	2026-02-20T20:29:32.4199463Z Contents: read
Test / ubuntu-latest	UNKNOWN STEP	2026-02-20T20:29:32.4199961Z Metadata: read
Test / ubuntu-latest	UNKNOWN STEP	2026-02-20T20:29:32.4200459Z ##[endgroup]
Test / ubuntu-latest	UNKNOWN STEP	2026-02-20T20:29:32.4202928Z Secret source: Actions
Test / ubuntu-latest	UNKNOWN STEP	2026-02-20T20:29:32.4203908Z Prepare workflow directory
Test / ubuntu-latest	UNKNOWN STEP	2026-02-20T20:29:32.4655850Z Prepare all required actions
Test / ubuntu-latest	UNKNOWN STEP	2026-02-20T20:29:32.4695393Z Getting action download info
Test / ubuntu-latest	UNKNOWN STEP	2026-02-20T20:29:32.8468700Z Download action repository 'actions/checkout@v4' (SHA:34e114876b0b11c390a56381ad16ebd13914f8d5)
Test / ubuntu-latest	UNKNOWN STEP	2026-02-20T20:29:32.9617564Z Download action repository 'dtolnay/rust-toolchain@nightly' (SHA:0f1b44df7e9cbb178d781a242338dfa5e243ad7f)
Test / ubuntu-latest	UNKNOWN STEP	2026-02-20T20:29:33.2422486Z Download action repository 'Swatinem/rust-cache@v2' (SHA:779680da715d629ac1d338a641029a2f4372abb5)
Test / ubuntu-latest	UNKNOWN STEP	2026-02-20T20:29:33.8656196Z Uses: water-rs/waterkit/.github/workflows/test.yml@refs/heads/dev (98271b9a2fa3ca74f4337ffd01707b3bcb50a4d7)
Test / ubuntu-latest	UNKNOWN STEP	2026-02-20T20:29:33.8662757Z Complete job name: Test / ubuntu-latest
Test / ubuntu-latest	UNKNOWN STEP	2026-02-20T20:29:33.9189768Z ##[group]Checking docker version
Test / ubuntu-latest	UNKNOWN STEP	2026-02-20T20:29:33.9204352Z ##[command]/usr/bin/docker version --format '{{.Server.APIVersion}}'
Test / ubuntu-latest	UNKNOWN STEP	2026-02-20T20:29:33.9945122Z '1.48'
Test / ubuntu-latest	UNKNOWN STEP	2026-02-20T20:29:33.9959042Z Docker daemon API version: '1.48'
Test / ubuntu-latest	UNKNOWN STEP	2026-02-20T20:29:33.9960454Z ##[command]/usr/bin/docker version --format '{{.Client.APIVersion}}'
Test / ubuntu-latest	UNKNOWN STEP	2026-02-20T20:29:34.0148996Z '1.48'
Test / ubuntu-latest	UNKNOWN STEP	2026-02-20T20:29:34.0164987Z Docker client API version: '1.48'
Test / ubuntu-latest	UNKNOWN STEP	2026-02-20T20:29:34.0173205Z ##[endgroup]
Test / ubuntu-latest	UNKNOWN STEP	2026-02-20T20:29:34.0178775Z ##[group]Clean up resources from previous jobs
Test / ubuntu-latest	UNKNOWN STEP	2026-02-20T20:29:34.0185148Z ##[command]/usr/bin/docker ps --all --quiet --no-trunc --filter "label=a4b2a4"
Test / ubuntu-latest	UNKNOWN STEP	2026-02-20T20:29:34.0338431Z ##[command]/usr/bin/docker network prune --force --filter "label=a4b2a4"
Test / ubuntu-latest	UNKNOWN STEP	2026-02-20T20:29:34.0484389Z ##[endgroup]
Test / ubuntu-latest	UNKNOWN STEP	2026-02-20T20:29:34.0485337Z ##[group]Create local container network
Test / ubuntu-latest	UNKNOWN STEP	2026-02-20T20:29:34.0497989Z ##[command]/usr/bin/docker network create --label a4b2a4 github_network_ae20e0fedbe349c8a606428009aa4da9
Test / ubuntu-latest	UNKNOWN STEP	2026-02-20T20:29:34.1031882Z 5a778200eae84f12ca364e122833f6ee44939c0427d8019931555c9413f65ad4
Test / ubuntu-latest	UNKNOWN STEP	2026-02-20T20:29:34.1052377Z ##[endgroup]
Test / ubuntu-latest	UNKNOWN STEP	2026-02-20T20:29:34.1079197Z ##[group]Starting job container
Test / ubuntu-latest	UNKNOWN STEP	2026-02-20T20:29:34.1105271Z ##[command]/usr/bin/docker --config /home/runner/work/_temp/.docker_e3fdc4db-0b59-4769-ad3d-8e43eecefc18 login ghcr.io -u lexoliu --password-stdin
Test / ubuntu-latest	UNKNOWN STEP	2026-02-20T20:29:34.4276311Z ##[command]/usr/bin/docker --config /home/runner/work/_temp/.docker_e3fdc4db-0b59-4769-ad3d-8e43eecefc18 pull ghcr.io/catthehacker/ubuntu:full-latest
Test / ubuntu-latest	UNKNOWN STEP	2026-02-20T20:29:34.8244052Z full-latest: Pulling from catthehacker/ubuntu
Test / ubuntu-latest	UNKNOWN STEP	2026-02-20T20:29:34.9238625Z 9b806dfdaed9: Pulling fs layer
Test / ubuntu-latest	UNKNOWN STEP	2026-02-20T20:29:34.9240709Z 1dde18305acb: Pulling fs layer
Test / ubuntu-latest	UNKNOWN STEP	2026-02-20T20:29:34.9241927Z 6df4edeb4397: Pulling fs layer
Test / ubuntu-latest	UNKNOWN STEP	2026-02-20T20:29:34.9243593Z 25f9251537f4: Pulling fs layer
Test / ubuntu-latest	UNKNOWN STEP	2026-02-20T20:29:34.9244761Z cbdccf58eb85: Pulling fs layer
Test / ubuntu-latest	UNKNOWN STEP	2026-02-20T20:29:34.9245994Z bde644ad596d: Pulling fs layer
Test / ubuntu-latest	UNKNOWN STEP	2026-02-20T20:29:34.9247821Z 994221bc8b7c: Pulling fs layer
Test / ubuntu-latest	UNKNOWN STEP	2026-02-20T20:29:34.9249552Z e904d24dad07: Pulling fs layer
Test / ubuntu-latest	UNKNOWN STEP	2026-02-20T20:29:34.9250890Z eb1f0bb8861d: Pulling fs layer
Test / ubuntu-latest	UNKNOWN STEP	2026-02-20T20:29:34.9252066Z 076b7ce4610e: Pulling fs layer
Test / ubuntu-latest	UNKNOWN STEP	2026-02-20T20:29:34.9253226Z 52aa22a86b4b: Pulling fs layer
Test / ubuntu-latest	UNKNOWN STEP	2026-02-20T20:29:34.9254356Z ffdee555c486: Pulling fs layer
Test / ubuntu-latest	UNKNOWN STEP	2026-02-20T20:29:34.9255488Z 79d252bf7787: Pulling fs layer
Test / ubuntu-latest	UNKNOWN STEP	2026-02-20T20:29:34.9256594Z a2c714f6e069: Pulling fs layer
Test / ubuntu-latest	UNKNOWN STEP	2026-02-20T20:29:34.9257957Z 9304117cb56e: Pulling fs layer
Test / ubuntu-latest	UNKNOWN STEP	2026-02-20T20:29:34.9259145Z b9cfa9f6fbbc: Pulling fs layer
Test / ubuntu-latest	UNKNOWN STEP	2026-02-20T20:29:34.9260281Z 172b577f6339: Pulling fs layer
Test / ubuntu-latest	UNKNOWN STEP	2026-02-20T20:29:34.9261398Z 64fdaaa7fb94: Pulling fs layer
Test / ubuntu-latest	UNKNOWN STEP	2026-02-20T20:29:34.9262504Z 25f9251537f4: Waiting
Test / ubuntu-latest	UNKNOWN STEP	2026-02-20T20:29:34.9263501Z cbdccf58eb85: Waiting
Test / ubuntu-latest	UNKNOWN STEP	2026-02-20T20:29:34.9264512Z bde644ad596d: Waiting
Test / ubuntu-latest	UNKNOWN STEP	2026-02-20T20:29:34.9265538Z 52aa22a86b4b: Waiting
Test / ubuntu-latest	UNKNOWN STEP	2026-02-20T20:29:34.9266537Z ffdee555c486: Waiting
Test / ubuntu-latest	UNKNOWN STEP	2026-02-20T20:29:34.9267710Z 994221bc8b7c: Waiting
Test / ubuntu-latest	UNKNOWN STEP	2026-02-20T20:29:34.9268730Z 79d252bf7787: Waiting
Test / ubuntu-latest	UNKNOWN STEP	2026-02-20T20:29:34.9269996Z e904d24dad07: Waiting
Test / ubuntu-latest	UNKNOWN STEP	2026-02-20T20:29:34.9271017Z a2c714f6e069: Waiting
Test / ubuntu-latest	UNKNOWN STEP	2026-02-20T20:29:34.9272094Z eb1f0bb8861d: Waiting
Test / ubuntu-latest	UNKNOWN STEP	2026-02-20T20:29:34.9273131Z 076b7ce4610e: Waiting
Test / ubuntu-latest	UNKNOWN STEP	2026-02-20T20:29:34.9274431Z 9304117cb56e: Waiting
Test / ubuntu-latest	UNKNOWN STEP	2026-02-20T20:29:34.9275527Z 172b577f6339: Waiting
Test / ubuntu-latest	UNKNOWN STEP	2026-02-20T20:29:34.9276517Z 64fdaaa7fb94: Waiting
Test / ubuntu-latest	UNKNOWN STEP	2026-02-20T20:29:40.7362651Z 6df4edeb4397: Verifying Checksum
Test / ubuntu-latest	UNKNOWN STEP	2026-02-20T20:29:40.7365946Z 6df4edeb4397: Download complete
Test / ubuntu-latest	UNKNOWN STEP	2026-02-20T20:29:41.2631349Z 1dde18305acb: Verifying Checksum
Test / ubuntu-latest	UNKNOWN STEP	2026-02-20T20:29:41.2631960Z 1dde18305acb: Download complete
Test / ubuntu-latest	UNKNOWN STEP	2026-02-20T20:29:46.2894937Z cbdccf58eb85: Verifying Checksum
Test / ubuntu-latest	UNKNOWN STEP	2026-02-20T20:29:46.2898654Z cbdccf58eb85: Download complete
Test / ubuntu-latest	UNKNOWN STEP	2026-02-20T20:29:48.8372265Z bde644ad596d: Download complete
Test / ubuntu-latest	UNKNOWN STEP	2026-02-20T20:29:49.7634168Z 9b806dfdaed9: Verifying Checksum
Test / ubuntu-latest	UNKNOWN STEP	2026-02-20T20:29:49.7638059Z 9b806dfdaed9: Download complete
Test / ubuntu-latest	UNKNOWN STEP	2026-02-20T20:29:50.1346628Z 994221bc8b7c: Verifying Checksum
Test / ubuntu-latest	UNKNOWN STEP	2026-02-20T20:29:50.1347889Z 994221bc8b7c: Download complete
Test / ubuntu-latest	UNKNOWN STEP	2026-02-20T20:29:50.2433632Z eb1f0bb8861d: Download complete
Test / ubuntu-latest	UNKNOWN STEP	2026-02-20T20:29:50.7552838Z 25f9251537f4: Verifying Checksum
Test / ubuntu-latest	UNKNOWN STEP	2026-02-20T20:29:50.7553729Z 25f9251537f4: Download complete
Test / ubuntu-latest	UNKNOWN STEP	2026-02-20T20:29:50.8219378Z 076b7ce4610e: Verifying Checksum
Test / ubuntu-latest	UNKNOWN STEP	2026-02-20T20:29:50.8223915Z 076b7ce4610e: Download complete
Test / ubuntu-latest	UNKNOWN STEP	2026-02-20T20:29:51.7234426Z ffdee555c486: Verifying Checksum
Test / ubuntu-latest	UNKNOWN STEP	2026-02-20T20:29:51.7236666Z ffdee555c486: Download complete
Test / ubuntu-latest	UNKNOWN STEP	2026-02-20T20:29:52.2996508Z 79d252bf7787: Verifying Checksum
Test / ubuntu-latest	UNKNOWN STEP	2026-02-20T20:29:52.2999406Z 79d252bf7787: Download complete
Test / ubuntu-latest	UNKNOWN STEP	2026-02-20T20:29:55.0222035Z 52aa22a86b4b: Download complete
Test / ubuntu-latest	UNKNOWN STEP	2026-02-20T20:29:56.8722462Z e904d24dad07: Verifying Checksum
Test / ubuntu-latest	UNKNOWN STEP	2026-02-20T20:29:56.8724234Z e904d24dad07: Download complete
Test / ubuntu-latest	UNKNOWN STEP	2026-02-20T20:29:58.4871903Z b9cfa9f6fbbc: Verifying Checksum
Test / ubuntu-latest	UNKNOWN STEP	2026-02-20T20:29:59.7468496Z b9cfa9f6fbbc: Download complete
Test / ubuntu-latest	UNKNOWN STEP	2026-02-20T20:29:59.7468976Z 9304117cb56e: Verifying Checksum
Test / ubuntu-latest	UNKNOWN STEP	2026-02-20T20:30:01.7380964Z 9304117cb56e: Download complete
Test / ubuntu-latest	UNKNOWN STEP	2026-02-20T20:30:01.7381610Z 64fdaaa7fb94: Verifying Checksum
Test / ubuntu-latest	UNKNOWN STEP	2026-02-20T20:30:11.1614579Z 64fdaaa7fb94: Download complete
Test / ubuntu-latest	UNKNOWN STEP	2026-02-20T20:30:11.1615116Z 172b577f6339: Verifying Checksum
Test / ubuntu-latest	UNKNOWN STEP	2026-02-20T20:30:11.1615515Z 172b577f6339: Download complete
Test / ubuntu-latest	UNKNOWN STEP	2026-02-20T20:30:15.6472611Z a2c714f6e069: Verifying Checksum
Test / ubuntu-latest	UNKNOWN STEP	2026-02-20T20:30:15.6473082Z a2c714f6e069: Download complete
Test / ubuntu-latest	UNKNOWN STEP	2026-02-20T20:31:22.4845224Z 9b806dfdaed9: Pull complete
Test / ubuntu-latest	UNKNOWN STEP	2026-02-20T20:32:09.3679026Z 1dde18305acb: Pull complete
Test / ubuntu-latest	UNKNOWN STEP	2026-02-20T20:32:49.0692070Z 6df4edeb4397: Pull complete
Test / ubuntu-latest	UNKNOWN STEP	2026-02-20T20:33:27.0267308Z 25f9251537f4: Pull complete
Test / ubuntu-latest	UNKNOWN STEP	2026-02-20T20:33:46.8236261Z cbdccf58eb85: Pull complete
Test / ubuntu-latest	UNKNOWN STEP	2026-02-20T20:34:00.2160092Z bde644ad596d: Pull complete
Test / ubuntu-latest	UNKNOWN STEP	2026-02-20T20:34:20.1656947Z 994221bc8b7c: Pull complete
Test / ubuntu-latest	UNKNOWN STEP	2026-02-20T20:34:30.3699140Z e904d24dad07: Pull complete
Test / ubuntu-latest	UNKNOWN STEP	2026-02-20T20:34:30.3831817Z eb1f0bb8861d: Pull complete
Test / ubuntu-latest	UNKNOWN STEP	2026-02-20T20:34:31.8201189Z 076b7ce4610e: Pull complete
Test / ubuntu-latest	UNKNOWN STEP	2026-02-20T20:34:43.9178353Z 52aa22a86b4b: Pull complete
Test / ubuntu-latest	UNKNOWN STEP	2026-02-20T20:34:45.6651735Z ffdee555c486: Pull complete
Test / ubuntu-latest	UNKNOWN STEP	2026-02-20T20:34:50.0689652Z 79d252bf7787: Pull complete
Test / ubuntu-latest	UNKNOWN STEP	2026-02-20T20:36:45.1892501Z a2c714f6e069: Pull complete
Test / ubuntu-latest	UNKNOWN STEP	2026-02-20T20:37:09.3891990Z 9304117cb56e: Pull complete
Test / ubuntu-latest	UNKNOWN STEP	2026-02-20T20:37:16.9967898Z b9cfa9f6fbbc: Pull complete
Test / ubuntu-latest	UNKNOWN STEP	2026-02-20T20:38:38.1372403Z 172b577f6339: Pull complete
Test / ubuntu-latest	UNKNOWN STEP	2026-02-20T20:38:42.3330626Z 64fdaaa7fb94: Pull complete
Test / ubuntu-latest	UNKNOWN STEP	2026-02-20T20:38:42.3378616Z Digest: sha256:9327301aea27f88258ad7f16ebf83eb772cc97ac831542ce90264b776833474d
Test / ubuntu-latest	UNKNOWN STEP	2026-02-20T20:38:42.3390070Z Status: Downloaded newer image for ghcr.io/catthehacker/ubuntu:full-latest
Test / ubuntu-latest	UNKNOWN STEP	2026-02-20T20:38:42.3418164Z ghcr.io/catthehacker/ubuntu:full-latest
Test / ubuntu-latest	UNKNOWN STEP	2026-02-20T20:38:42.3509310Z ##[command]/usr/bin/docker create --name 71dca7f6681540cdabf7f278084eaa7f_ghcriocatthehackerubuntufulllatest_9521e0 --label a4b2a4 --workdir /__w/waterkit/waterkit --network github_network_ae20e0fedbe349c8a606428009aa4da9  -e "HOME=/github/home" -e GITHUB_ACTIONS=true -e CI=true -v "/var/run/docker.sock":"/var/run/docker.sock" -v "/home/runner/work":"/__w" -v "/home/runner/actions-runner/cached/externals":"/__e":ro -v "/home/runner/work/_temp":"/__w/_temp" -v "/home/runner/work/_actions":"/__w/_actions" -v "/opt/hostedtoolcache":"/__t" -v "/home/runner/work/_temp/_github_home":"/github/home" -v "/home/runner/work/_temp/_github_workflow":"/github/workflow" --entrypoint "tail" ghcr.io/catthehacker/ubuntu:full-latest "-f" "/dev/null"
Test / ubuntu-latest	UNKNOWN STEP	2026-02-20T20:38:42.3804590Z 06ea01fa7f3497fa95c0a2f343bb3eb49c9cb3aa8f365e1e4a35832efdd54299
Test / ubuntu-latest	UNKNOWN STEP	2026-02-20T20:38:42.3832892Z ##[command]/usr/bin/docker start 06ea01fa7f3497fa95c0a2f343bb3eb49c9cb3aa8f365e1e4a35832efdd54299
Test / ubuntu-latest	UNKNOWN STEP	2026-02-20T20:38:42.5674869Z 06ea01fa7f3497fa95c0a2f343bb3eb49c9cb3aa8f365e1e4a35832efdd54299
Test / ubuntu-latest	UNKNOWN STEP	2026-02-20T20:38:42.5705938Z ##[command]/usr/bin/docker ps --all --filter id=06ea01fa7f3497fa95c0a2f343bb3eb49c9cb3aa8f365e1e4a35832efdd54299 --filter status=running --no-trunc --format "{{.ID}} {{.Status}}"
Test / ubuntu-latest	UNKNOWN STEP	2026-02-20T20:38:42.5841295Z 06ea01fa7f3497fa95c0a2f343bb3eb49c9cb3aa8f365e1e4a35832efdd54299 Up Less than a second
Test / ubuntu-latest	UNKNOWN STEP	2026-02-20T20:38:42.5865331Z ##[command]/usr/bin/docker inspect --format "{{range .Config.Env}}{{println .}}{{end}}" 06ea01fa7f3497fa95c0a2f343bb3eb49c9cb3aa8f365e1e4a35832efdd54299
Test / ubuntu-latest	UNKNOWN STEP	2026-02-20T20:38:42.6002228Z CI=true
Test / ubuntu-latest	UNKNOWN STEP	2026-02-20T20:38:42.6002595Z HOME=/github/home
Test / ubuntu-latest	UNKNOWN STEP	2026-02-20T20:38:42.6002955Z GITHUB_ACTIONS=true
Test / ubuntu-latest	UNKNOWN STEP	2026-02-20T20:38:42.6004495Z PATH=/snap/bin:/home/runner/.local/bin:/opt/pipx_bin:/home/runner/.cargo/bin:/home/runner/.config/composer/vendor/bin:/usr/local/.ghcup/bin:/home/runner/.dotnet/tools:/usr/local/sbin:/usr/local/bin:/usr/sbin:/usr/bin:/sbin:/bin:/usr/games:/usr/local/games:/snap/bin
Test / ubuntu-latest	UNKNOWN STEP	2026-02-20T20:38:42.6006236Z ImageVersion=20260119.4.1
Test / ubuntu-latest	UNKNOWN STEP	2026-02-20T20:38:42.6006613Z ImageOS=ubuntu24
Test / ubuntu-latest	UNKNOWN STEP	2026-02-20T20:38:42.6006931Z ACCEPT_EULA=Y
Test / ubuntu-latest	UNKNOWN STEP	2026-02-20T20:38:42.6007444Z XDG_CONFIG_HOME=/home/runner/.config
Test / ubuntu-latest	UNKNOWN STEP	2026-02-20T20:38:42.6007933Z AGENT_TOOLSDIRECTORY=/opt/hostedtoolcache
Test / ubuntu-latest	UNKNOWN STEP	2026-02-20T20:38:42.6008401Z RUNNER_TOOL_CACHE=/opt/hostedtoolcache
Test / ubuntu-latest	UNKNOWN STEP	2026-02-20T20:38:42.6009456Z PSModulePath=/root/.local/share/powershell/Modules:/usr/local/share/powershell/Modules:/opt/microsoft/powershell/7/Modules:/usr/share/az_12.5.0
Test / ubuntu-latest	UNKNOWN STEP	2026-02-20T20:38:42.6010607Z ACTIONS_RUNNER_ACTION_ARCHIVE_CACHE=/opt/actionarchivecache
Test / ubuntu-latest	UNKNOWN STEP	2026-02-20T20:38:42.6011170Z AZURE_EXTENSION_DIR=/opt/az/azcliextensions
Test / ubuntu-latest	UNKNOWN STEP	2026-02-20T20:38:42.6011610Z SWIFT_PATH=/usr/share/swift/usr/bin
Test / ubuntu-latest	UNKNOWN STEP	2026-02-20T20:38:42.6012021Z DOTNET_SKIP_FIRST_TIME_EXPERIENCE=1
Test / ubuntu-latest	UNKNOWN STEP	2026-02-20T20:38:42.6012399Z DOTNET_NOLOGO=1
Test / ubuntu-latest	UNKNOWN STEP	2026-02-20T20:38:42.6012716Z DOTNET_MULTILEVEL_LOOKUP=0
Test / ubuntu-latest	UNKNOWN STEP	2026-02-20T20:38:42.6013069Z EDGEWEBDRIVER=/usr/local/share/edge_driver
Test / ubuntu-latest	UNKNOWN STEP	2026-02-20T20:38:42.6013377Z GECKOWEBDRIVER=/usr/local/share/gecko_driver
Test / ubuntu-latest	UNKNOWN STEP	2026-02-20T20:38:42.6013658Z CHROME_BIN=/usr/bin/google-chrome
Test / ubuntu-latest	UNKNOWN STEP	2026-02-20T20:38:42.6013944Z CHROMEWEBDRIVER=/usr/local/share/chromedriver-linux64
Test / ubuntu-latest	UNKNOWN STEP	2026-02-20T20:38:42.6014265Z BOOTSTRAP_HASKELL_NONINTERACTIVE=1
Test / ubuntu-latest	UNKNOWN STEP	2026-02-20T20:38:42.6015072Z GHCUP_INSTALL_BASE_PREFIX=/usr/local
Test / ubuntu-latest	UNKNOWN STEP	2026-02-20T20:38:42.6015403Z JAVA_HOME_8_X64=/usr/lib/jvm/temurin-8-jdk-amd64
Test / ubuntu-latest	UNKNOWN STEP	2026-02-20T20:38:42.6015725Z JAVA_HOME_11_X64=/usr/lib/jvm/temurin-11-jdk-amd64
Test / ubuntu-latest	UNKNOWN STEP	2026-02-20T20:38:42.6016035Z JAVA_HOME=/usr/lib/jvm/temurin-17-jdk-amd64
Test / ubuntu-latest	UNKNOWN STEP	2026-02-20T20:38:42.6016339Z JAVA_HOME_17_X64=/usr/lib/jvm/temurin-17-jdk-amd64
Test / ubuntu-latest	UNKNOWN STEP	2026-02-20T20:38:42.6016658Z JAVA_HOME_21_X64=/usr/lib/jvm/temurin-21-jdk-amd64
Test / ubuntu-latest	UNKNOWN STEP	2026-02-20T20:38:42.6017695Z JAVA_HOME_25_X64=/usr/lib/jvm/temurin-25-jdk-amd64
Test / ubuntu-latest	UNKNOWN STEP	2026-02-20T20:38:42.6018282Z ANT_HOME=/usr/share/ant
Test / ubuntu-latest	UNKNOWN STEP	2026-02-20T20:38:42.6018650Z GRADLE_HOME=/usr/share/gradle-9.3.0
Test / ubuntu-latest	UNKNOWN STEP	2026-02-20T20:38:42.6018976Z CONDA=/usr/share/miniconda
Test / ubuntu-latest	UNKNOWN STEP	2026-02-20T20:38:42.6019372Z NVM_DIR=/home/runner/.nvm
Test / ubuntu-latest	UNKNOWN STEP	2026-02-20T20:38:42.6089048Z SELENIUM_JAR_PATH=/usr/share/java/selenium-server.jar
Test / ubuntu-latest	UNKNOWN STEP	2026-02-20T20:38:42.6089531Z VCPKG_INSTALLATION_ROOT=/usr/local/share/vcpkg
Test / ubuntu-latest	UNKNOWN STEP	2026-02-20T20:38:42.6089825Z DEBIAN_FRONTEND=noninteractive
Test / ubuntu-latest	UNKNOWN STEP	2026-02-20T20:38:42.6090099Z ANDROID_SDK_ROOT=/usr/local/lib/android/sdk
Test / ubuntu-latest	UNKNOWN STEP	2026-02-20T20:38:42.6090401Z ANDROID_HOME=/usr/local/lib/android/sdk
Test / ubuntu-latest	UNKNOWN STEP	2026-02-20T20:38:42.6090703Z ANDROID_NDK=/usr/local/lib/android/sdk/ndk/27.3.13750724
Test / ubuntu-latest	UNKNOWN STEP	2026-02-20T20:38:42.6091058Z ANDROID_NDK_HOME=/usr/local/lib/android/sdk/ndk/27.3.13750724
Test / ubuntu-latest	UNKNOWN STEP	2026-02-20T20:38:42.6091428Z ANDROID_NDK_ROOT=/usr/local/lib/android/sdk/ndk/27.3.13750724
Test / ubuntu-latest	UNKNOWN STEP	2026-02-20T20:38:42.6091818Z ANDROID_NDK_LATEST_HOME=/usr/local/lib/android/sdk/ndk/29.0.14206865
Test / ubuntu-latest	UNKNOWN STEP	2026-02-20T20:38:42.6092147Z PIPX_BIN_DIR=/opt/pipx_bin
Test / ubuntu-latest	UNKNOWN STEP	2026-02-20T20:38:42.6092394Z PIPX_HOME=/opt/pipx
Test / ubuntu-latest	UNKNOWN STEP	2026-02-20T20:38:42.6092645Z GOROOT_1_22_X64=/opt/hostedtoolcache/go/1.22.12/x64
Test / ubuntu-latest	UNKNOWN STEP	2026-02-20T20:38:42.6092980Z GOROOT_1_23_X64=/opt/hostedtoolcache/go/1.23.12/x64
Test / ubuntu-latest	UNKNOWN STEP	2026-02-20T20:38:42.6093323Z GOROOT_1_24_X64=/opt/hostedtoolcache/go/1.24.12/x64
Test / ubuntu-latest	UNKNOWN STEP	2026-02-20T20:38:42.6093627Z GOROOT_1_25_X64=/opt/hostedtoolcache/go/1.25.6/x64
Test / ubuntu-latest	UNKNOWN STEP	2026-02-20T20:38:42.6093904Z HOMEBREW_NO_AUTO_UPDATE=1
Test / ubuntu-latest	UNKNOWN STEP	2026-02-20T20:38:42.6094127Z HOMEBREW_CLEANUP_PERIODIC_FULL_DAYS=3650
Test / ubuntu-latest	UNKNOWN STEP	2026-02-20T20:38:42.6094392Z XDG_RUNTIME_DIR=/run/user/1001
Test / ubuntu-latest	UNKNOWN STEP	2026-02-20T20:38:42.6094684Z POWERSHELL_DISTRIBUTION_CHANNEL=GitHub-Actions-ubuntu24
Test / ubuntu-latest	UNKNOWN STEP	2026-02-20T20:38:42.6103830Z ##[endgroup]
Test / ubuntu-latest	UNKNOWN STEP	2026-02-20T20:38:42.6114159Z ##[group]Waiting for all services to be ready
Test / ubuntu-latest	UNKNOWN STEP	2026-02-20T20:38:42.6115668Z ##[endgroup]
Test / ubuntu-latest	UNKNOWN STEP	2026-02-20T20:38:42.6378436Z ##[group]Run actions/checkout@v4
Test / ubuntu-latest	UNKNOWN STEP	2026-02-20T20:38:42.6379088Z with:
Test / ubuntu-latest	UNKNOWN STEP	2026-02-20T20:38:42.6379293Z   repository: water-rs/waterkit
Test / ubuntu-latest	UNKNOWN STEP	2026-02-20T20:38:42.6379782Z   token: ***
Test / ubuntu-latest	UNKNOWN STEP	2026-02-20T20:38:42.6379968Z   ssh-strict: true
Test / ubuntu-latest	UNKNOWN STEP	2026-02-20T20:38:42.6380153Z   ssh-user: git
Test / ubuntu-latest	UNKNOWN STEP	2026-02-20T20:38:42.6380339Z   persist-credentials: true
Test / ubuntu-latest	UNKNOWN STEP	2026-02-20T20:38:42.6380556Z   clean: true
Test / ubuntu-latest	UNKNOWN STEP	2026-02-20T20:38:42.6380750Z   sparse-checkout-cone-mode: true
Test / ubuntu-latest	UNKNOWN STEP	2026-02-20T20:38:42.6380991Z   fetch-depth: 1
Test / ubuntu-latest	UNKNOWN STEP	2026-02-20T20:38:42.6381171Z   fetch-tags: false
Test / ubuntu-latest	UNKNOWN STEP	2026-02-20T20:38:42.6381362Z   show-progress: true
Test / ubuntu-latest	UNKNOWN STEP	2026-02-20T20:38:42.6381548Z   lfs: false
Test / ubuntu-latest	UNKNOWN STEP	2026-02-20T20:38:42.6381721Z   submodules: false
Test / ubuntu-latest	UNKNOWN STEP	2026-02-20T20:38:42.6381933Z   set-safe-directory: true
Test / ubuntu-latest	UNKNOWN STEP	2026-02-20T20:38:42.6382357Z env:
Test / ubuntu-latest	UNKNOWN STEP	2026-02-20T20:38:42.6382532Z   CARGO_TERM_COLOR: always
Test / ubuntu-latest	UNKNOWN STEP	2026-02-20T20:38:42.6382734Z ##[endgroup]
Test / ubuntu-latest	UNKNOWN STEP	2026-02-20T20:38:42.6443176Z ##[command]/usr/bin/docker exec  06ea01fa7f3497fa95c0a2f343bb3eb49c9cb3aa8f365e1e4a35832efdd54299 sh -c "cat /etc/*release | grep ^ID"
Test / ubuntu-latest	UNKNOWN STEP	2026-02-20T20:38:42.9758944Z Syncing repository: water-rs/waterkit
Test / ubuntu-latest	UNKNOWN STEP	2026-02-20T20:38:42.9760316Z ##[group]Getting Git version info
Test / ubuntu-latest	UNKNOWN STEP	2026-02-20T20:38:42.9760650Z Working directory is '/__w/waterkit/waterkit'
Test / ubuntu-latest	UNKNOWN STEP	2026-02-20T20:38:42.9761121Z [command]/usr/bin/git version
Test / ubuntu-latest	UNKNOWN STEP	2026-02-20T20:38:42.9843077Z git version 2.52.0
Test / ubuntu-latest	UNKNOWN STEP	2026-02-20T20:38:42.9875036Z ##[endgroup]
Test / ubuntu-latest	UNKNOWN STEP	2026-02-20T20:38:42.9891733Z Temporarily overriding HOME='/__w/_temp/292a6246-29eb-4fa3-b61b-34e75df484b6' before making global git config changes
Test / ubuntu-latest	UNKNOWN STEP	2026-02-20T20:38:42.9892509Z Adding repository directory to the temporary git global config as a safe directory
Test / ubuntu-latest	UNKNOWN STEP	2026-02-20T20:38:42.9905801Z [command]/usr/bin/git config --global --add safe.directory /__w/waterkit/waterkit
Test / ubuntu-latest	UNKNOWN STEP	2026-02-20T20:38:42.9947596Z Deleting the contents of '/__w/waterkit/waterkit'
Test / ubuntu-latest	UNKNOWN STEP	2026-02-20T20:38:42.9952135Z ##[group]Initializing the repository
Test / ubuntu-latest	UNKNOWN STEP	2026-02-20T20:38:42.9956947Z [command]/usr/bin/git init /__w/waterkit/waterkit
Test / ubuntu-latest	UNKNOWN STEP	2026-02-20T20:38:43.0074232Z hint: Using 'master' as the name for the initial branch. This default branch name
Test / ubuntu-latest	UNKNOWN STEP	2026-02-20T20:38:43.0075077Z hint: will change to "main" in Git 3.0. To configure the initial branch name
Test / ubuntu-latest	UNKNOWN STEP	2026-02-20T20:38:43.0075747Z hint: to use in all of your new repositories, which will suppress this warning,
Test / ubuntu-latest	UNKNOWN STEP	2026-02-20T20:38:43.0076522Z hint: call:
Test / ubuntu-latest	UNKNOWN STEP	2026-02-20T20:38:43.0076865Z hint:
Test / ubuntu-latest	UNKNOWN STEP	2026-02-20T20:38:43.0077484Z hint: 	git config --global init.defaultBranch <name>
Test / ubuntu-latest	UNKNOWN STEP	2026-02-20T20:38:43.0078009Z hint:
Test / ubuntu-latest	UNKNOWN STEP	2026-02-20T20:38:43.0078554Z hint: Names commonly chosen instead of 'master' are 'main', 'trunk' and
Test / ubuntu-latest	UNKNOWN STEP	2026-02-20T20:38:43.0079594Z hint: 'development'. The just-created branch can be renamed via this command:
Test / ubuntu-latest	UNKNOWN STEP	2026-02-20T20:38:43.0080401Z hint:
Test / ubuntu-latest	UNKNOWN STEP	2026-02-20T20:38:43.0080853Z hint: 	git branch -m <name>
Test / ubuntu-latest	UNKNOWN STEP	2026-02-20T20:38:43.0081335Z hint:
Test / ubuntu-latest	UNKNOWN STEP	2026-02-20T20:38:43.0081962Z hint: Disable this message with "git config set advice.defaultBranchName false"
Test / ubuntu-latest	UNKNOWN STEP	2026-02-20T20:38:43.0082990Z Initialized empty Git repository in /__w/waterkit/waterkit/.git/
Test / ubuntu-latest	UNKNOWN STEP	2026-02-20T20:38:43.0093622Z [command]/usr/bin/git remote add origin https://github.com/water-rs/waterkit
Test / ubuntu-latest	UNKNOWN STEP	2026-02-20T20:38:43.0130124Z ##[endgroup]
Test / ubuntu-latest	UNKNOWN STEP	2026-02-20T20:38:43.0130746Z ##[group]Disabling automatic garbage collection
Test / ubuntu-latest	UNKNOWN STEP	2026-02-20T20:38:43.0135921Z [command]/usr/bin/git config --local gc.auto 0
Test / ubuntu-latest	UNKNOWN STEP	2026-02-20T20:38:43.0164978Z ##[endgroup]
Test / ubuntu-latest	UNKNOWN STEP	2026-02-20T20:38:43.0165327Z ##[group]Setting up auth
Test / ubuntu-latest	UNKNOWN STEP	2026-02-20T20:38:43.0173216Z [command]/usr/bin/git config --local --name-only --get-regexp core\.sshCommand
Test / ubuntu-latest	UNKNOWN STEP	2026-02-20T20:38:43.0204631Z [command]/usr/bin/git submodule foreach --recursive sh -c "git config --local --name-only --get-regexp 'core\.sshCommand' && git config --local --unset-all 'core.sshCommand' || :"
Test / ubuntu-latest	UNKNOWN STEP	2026-02-20T20:38:43.0536301Z [command]/usr/bin/git config --local --name-only --get-regexp http\.https\:\/\/github\.com\/\.extraheader
Test / ubuntu-latest	UNKNOWN STEP	2026-02-20T20:38:43.0572631Z [command]/usr/bin/git submodule foreach --recursive sh -c "git config --local --name-only --get-regexp 'http\.https\:\/\/github\.com\/\.extraheader' && git config --local --unset-all 'http.https://github.com/.extraheader' || :"
Test / ubuntu-latest	UNKNOWN STEP	2026-02-20T20:38:43.0791367Z [command]/usr/bin/git config --local --name-only --get-regexp ^includeIf\.gitdir:
Test / ubuntu-latest	UNKNOWN STEP	2026-02-20T20:38:43.0824564Z [command]/usr/bin/git submodule foreach --recursive git config --local --show-origin --name-only --get-regexp remote.origin.url
Test / ubuntu-latest	UNKNOWN STEP	2026-02-20T20:38:43.1063666Z [command]/usr/bin/git config --local http.https://github.com/.extraheader AUTHORIZATION: basic ***
Test / ubuntu-latest	UNKNOWN STEP	2026-02-20T20:38:43.1110377Z ##[endgroup]
Test / ubuntu-latest	UNKNOWN STEP	2026-02-20T20:38:43.1111150Z ##[group]Fetching the repository
Test / ubuntu-latest	UNKNOWN STEP	2026-02-20T20:38:43.1121897Z [command]/usr/bin/git -c protocol.version=2 fetch --no-tags --prune --no-recurse-submodules --depth=1 origin +98271b9a2fa3ca74f4337ffd01707b3bcb50a4d7:refs/remotes/origin/dev
Test / ubuntu-latest	UNKNOWN STEP	2026-02-20T20:38:44.1435746Z From https://github.com/water-rs/waterkit
Test / ubuntu-latest	UNKNOWN STEP	2026-02-20T20:38:44.1436479Z  * [new ref]         98271b9a2fa3ca74f4337ffd01707b3bcb50a4d7 -> origin/dev
Test / ubuntu-latest	UNKNOWN STEP	2026-02-20T20:38:44.1468861Z ##[endgroup]
Test / ubuntu-latest	UNKNOWN STEP	2026-02-20T20:38:44.1469484Z ##[group]Determining the checkout info
Test / ubuntu-latest	UNKNOWN STEP	2026-02-20T20:38:44.1472414Z ##[endgroup]
Test / ubuntu-latest	UNKNOWN STEP	2026-02-20T20:38:44.1477998Z [command]/usr/bin/git sparse-checkout disable
Test / ubuntu-latest	UNKNOWN STEP	2026-02-20T20:38:44.1521386Z [command]/usr/bin/git config --local --unset-all extensions.worktreeConfig
Test / ubuntu-latest	UNKNOWN STEP	2026-02-20T20:38:44.1548782Z ##[group]Checking out the ref
Test / ubuntu-latest	UNKNOWN STEP	2026-02-20T20:38:44.1552497Z [command]/usr/bin/git checkout --progress --force -B dev refs/remotes/origin/dev
Test / ubuntu-latest	UNKNOWN STEP	2026-02-20T20:38:44.2776632Z Switched to a new branch 'dev'
Test / ubuntu-latest	UNKNOWN STEP	2026-02-20T20:38:44.2778634Z branch 'dev' set up to track 'origin/dev'.
Test / ubuntu-latest	UNKNOWN STEP	2026-02-20T20:38:44.2803218Z ##[endgroup]
Test / ubuntu-latest	UNKNOWN STEP	2026-02-20T20:38:44.2847228Z [command]/usr/bin/git log -1 --format=%H
Test / ubuntu-latest	UNKNOWN STEP	2026-02-20T20:38:44.2872012Z 98271b9a2fa3ca74f4337ffd01707b3bcb50a4d7
Test / ubuntu-latest	UNKNOWN STEP	2026-02-20T20:38:44.3213688Z ##[group]Run dtolnay/rust-toolchain@nightly
Test / ubuntu-latest	UNKNOWN STEP	2026-02-20T20:38:44.3213981Z with:
Test / ubuntu-latest	UNKNOWN STEP	2026-02-20T20:38:44.3214156Z   toolchain: nightly
Test / ubuntu-latest	UNKNOWN STEP	2026-02-20T20:38:44.3214343Z env:
Test / ubuntu-latest	UNKNOWN STEP	2026-02-20T20:38:44.3214513Z   CARGO_TERM_COLOR: always
Test / ubuntu-latest	UNKNOWN STEP	2026-02-20T20:38:44.3214720Z ##[endgroup]
Test / ubuntu-latest	UNKNOWN STEP	2026-02-20T20:38:44.3322804Z ##[group]Run : parse toolchain version
Test / ubuntu-latest	UNKNOWN STEP	2026-02-20T20:38:44.3323161Z [36;1m: parse toolchain version[0m
Test / ubuntu-latest	UNKNOWN STEP	2026-02-20T20:38:44.3323442Z [36;1mif [[ -z $toolchain ]]; then[0m
Test / ubuntu-latest	UNKNOWN STEP	2026-02-20T20:38:44.3323950Z [36;1m  # GitHub does not enforce `required: true` inputs itself. https://github.com/actions/runner/issues/1070[0m
Test / ubuntu-latest	UNKNOWN STEP	2026-02-20T20:38:44.3324490Z [36;1m  echo "'toolchain' is a required input" >&2[0m
Test / ubuntu-latest	UNKNOWN STEP	2026-02-20T20:38:44.3324762Z [36;1m  exit 1[0m
Test / ubuntu-latest	UNKNOWN STEP	2026-02-20T20:38:44.3325066Z [36;1melif [[ $toolchain =~ ^stable' '[0-9]+' '(year|month|week|day)s?' 'ago$ ]]; then[0m
Test / ubuntu-latest	UNKNOWN STEP	2026-02-20T20:38:44.3325449Z [36;1m  if [[ Linux == macOS ]]; then[0m
Test / ubuntu-latest	UNKNOWN STEP	2026-02-20T20:38:44.3326013Z [36;1m    echo "toolchain=1.$((($(date -v-$(sed 's/stable \([0-9]*\) \(.\).*/\1\2/' <<< $toolchain) +%s)/60/60/24-16569)/7/6))" >> $GITHUB_OUTPUT[0m
Test / ubuntu-latest	UNKNOWN STEP	2026-02-20T20:38:44.3326496Z [36;1m  else[0m
Test / ubuntu-latest	UNKNOWN STEP	2026-02-20T20:38:44.3326875Z [36;1m    echo "toolchain=1.$((($(date --date "${toolchain#stable }" +%s)/60/60/24-16569)/7/6))" >> $GITHUB_OUTPUT[0m
Test / ubuntu-latest	UNKNOWN STEP	2026-02-20T20:38:44.3327475Z [36;1m  fi[0m
Test / ubuntu-latest	UNKNOWN STEP	2026-02-20T20:38:44.3327741Z [36;1melif [[ $toolchain =~ ^stable' 'minus' '[0-9]+' 'releases?$ ]]; then[0m
Test / ubuntu-latest	UNKNOWN STEP	2026-02-20T20:38:44.3328240Z [36;1m  echo "toolchain=1.$((($(date +%s)/60/60/24-16569)/7/6-${toolchain//[^0-9]/}))" >> $GITHUB_OUTPUT[0m
Test / ubuntu-latest	UNKNOWN STEP	2026-02-20T20:38:44.3328669Z [36;1melif [[ $toolchain =~ ^1\.[0-9]+$ ]]; then[0m
Test / ubuntu-latest	UNKNOWN STEP	2026-02-20T20:38:44.3329156Z [36;1m  echo "toolchain=1.$((i=${toolchain#1.}, c=($(date +%s)/60/60/24-16569)/7/6, i+9*i*(10*i<=c)+90*i*(100*i<=c)))" >> $GITHUB_OUTPUT[0m
Test / ubuntu-latest	UNKNOWN STEP	2026-02-20T20:38:44.3329631Z [36;1melse[0m
Test / ubuntu-latest	UNKNOWN STEP	2026-02-20T20:38:44.3329854Z [36;1m  echo "toolchain=$toolchain" >> $GITHUB_OUTPUT[0m
Test / ubuntu-latest	UNKNOWN STEP	2026-02-20T20:38:44.3330147Z [36;1mfi[0m
Test / ubuntu-latest	UNKNOWN STEP	2026-02-20T20:38:44.3333810Z shell: bash --noprofile --norc -e -o pipefail {0}
Test / ubuntu-latest	UNKNOWN STEP	2026-02-20T20:38:44.3334117Z env:
Test / ubuntu-latest	UNKNOWN STEP	2026-02-20T20:38:44.3334286Z   CARGO_TERM_COLOR: always
Test / ubuntu-latest	UNKNOWN STEP	2026-02-20T20:38:44.3334500Z   toolchain: nightly
Test / ubuntu-latest	UNKNOWN STEP	2026-02-20T20:38:44.3334688Z ##[endgroup]
Test / ubuntu-latest	UNKNOWN STEP	2026-02-20T20:38:44.4043167Z ##[group]Run : construct rustup command line
Test / ubuntu-latest	UNKNOWN STEP	2026-02-20T20:38:44.4043495Z [36;1m: construct rustup command line[0m
Test / ubuntu-latest	UNKNOWN STEP	2026-02-20T20:38:44.4043920Z [36;1mecho "targets=$(for t in ${targets//,/ }; do echo -n ' --target' $t; done)" >> $GITHUB_OUTPUT[0m
Test / ubuntu-latest	UNKNOWN STEP	2026-02-20T20:38:44.4044512Z [36;1mecho "components=$(for c in ${components//,/ }; do echo -n ' --component' $c; done)" >> $GITHUB_OUTPUT[0m
Test / ubuntu-latest	UNKNOWN STEP	2026-02-20T20:38:44.4044963Z [36;1mecho "downgrade=" >> $GITHUB_OUTPUT[0m
Test / ubuntu-latest	UNKNOWN STEP	2026-02-20T20:38:44.4045369Z shell: bash --noprofile --norc -e -o pipefail {0}
Test / ubuntu-latest	UNKNOWN STEP	2026-02-20T20:38:44.4045636Z env:
Test / ubuntu-latest	UNKNOWN STEP	2026-02-20T20:38:44.4045805Z   CARGO_TERM_COLOR: always
Test / ubuntu-latest	UNKNOWN STEP	2026-02-20T20:38:44.4046010Z   targets: 
Test / ubuntu-latest	UNKNOWN STEP	2026-02-20T20:38:44.4046203Z   components: 
Test / ubuntu-latest	UNKNOWN STEP	2026-02-20T20:38:44.4046377Z ##[endgroup]
Test / ubuntu-latest	UNKNOWN STEP	2026-02-20T20:38:44.4659259Z ##[group]Run : set $CARGO_HOME
Test / ubuntu-latest	UNKNOWN STEP	2026-02-20T20:38:44.4659525Z [36;1m: set $CARGO_HOME[0m
Test / ubuntu-latest	UNKNOWN STEP	2026-02-20T20:38:44.4659834Z [36;1mecho CARGO_HOME=${CARGO_HOME:-"$HOME/.cargo"} >> $GITHUB_ENV[0m
Test / ubuntu-latest	UNKNOWN STEP	2026-02-20T20:38:44.4660371Z shell: bash --noprofile --norc -e -o pipefail {0}
Test / ubuntu-latest	UNKNOWN STEP	2026-02-20T20:38:44.4660656Z env:
Test / ubuntu-latest	UNKNOWN STEP	2026-02-20T20:38:44.4660829Z   CARGO_TERM_COLOR: always
Test / ubuntu-latest	UNKNOWN STEP	2026-02-20T20:38:44.4661043Z ##[endgroup]
Test / ubuntu-latest	UNKNOWN STEP	2026-02-20T20:38:44.5287952Z ##[group]Run : install rustup if needed
Test / ubuntu-latest	UNKNOWN STEP	2026-02-20T20:38:44.5288253Z [36;1m: install rustup if needed[0m
Test / ubuntu-latest	UNKNOWN STEP	2026-02-20T20:38:44.5288530Z [36;1mif ! command -v rustup &>/dev/null; then[0m
Test / ubuntu-latest	UNKNOWN STEP	2026-02-20T20:38:44.5289263Z [36;1m  curl --proto '=https' --tlsv1.2 --retry 10 --retry-connrefused --location --silent --show-error --fail https://sh.rustup.rs | sh -s -- --default-toolchain none -y[0m
Test / ubuntu-latest	UNKNOWN STEP	2026-02-20T20:38:44.5289984Z [36;1m  echo "$CARGO_HOME/bin" >> $GITHUB_PATH[0m
Test / ubuntu-latest	UNKNOWN STEP	2026-02-20T20:38:44.5290612Z [36;1mfi[0m
Test / ubuntu-latest	UNKNOWN STEP	2026-02-20T20:38:44.5290961Z shell: bash --noprofile --norc -e -o pipefail {0}
Test / ubuntu-latest	UNKNOWN STEP	2026-02-20T20:38:44.5291224Z env:
Test / ubuntu-latest	UNKNOWN STEP	2026-02-20T20:38:44.5291393Z   CARGO_TERM_COLOR: always
Test / ubuntu-latest	UNKNOWN STEP	2026-02-20T20:38:44.5291614Z   CARGO_HOME: /github/home/.cargo
Test / ubuntu-latest	UNKNOWN STEP	2026-02-20T20:38:44.5291831Z ##[endgroup]
Test / ubuntu-latest	UNKNOWN STEP	2026-02-20T20:38:44.5882408Z ##[group]Run rustup toolchain install nightly --profile minimal --no-self-update
Test / ubuntu-latest	UNKNOWN STEP	2026-02-20T20:38:44.5883010Z [36;1mrustup toolchain install nightly --profile minimal --no-self-update[0m
Test / ubuntu-latest	UNKNOWN STEP	2026-02-20T20:38:44.5883559Z shell: bash --noprofile --norc -e -o pipefail {0}
Test / ubuntu-latest	UNKNOWN STEP	2026-02-20T20:38:44.5883841Z env:
Test / ubuntu-latest	UNKNOWN STEP	2026-02-20T20:38:44.5884017Z   CARGO_TERM_COLOR: always
Test / ubuntu-latest	UNKNOWN STEP	2026-02-20T20:38:44.5884248Z   CARGO_HOME: /github/home/.cargo
Test / ubuntu-latest	UNKNOWN STEP	2026-02-20T20:38:44.5884493Z   RUSTUP_PERMIT_COPY_RENAME: 1
Test / ubuntu-latest	UNKNOWN STEP	2026-02-20T20:38:44.5884723Z ##[endgroup]
Test / ubuntu-latest	UNKNOWN STEP	2026-02-20T20:38:44.6521253Z info: syncing channel updates for 'nightly-x86_64-unknown-linux-gnu'
Test / ubuntu-latest	UNKNOWN STEP	2026-02-20T20:38:45.2339435Z info: latest update on 2026-02-20, rust version 1.95.0-nightly (7f99507f5 2026-02-19)
Test / ubuntu-latest	UNKNOWN STEP	2026-02-20T20:38:45.2343439Z info: downloading component 'cargo'
Test / ubuntu-latest	UNKNOWN STEP	2026-02-20T20:38:45.2933805Z info: downloading component 'rust-std'
Test / ubuntu-latest	UNKNOWN STEP	2026-02-20T20:38:45.4022315Z info: downloading component 'rustc'
Test / ubuntu-latest	UNKNOWN STEP	2026-02-20T20:38:45.6614440Z info: installing component 'cargo'
Test / ubuntu-latest	UNKNOWN STEP	2026-02-20T20:38:46.4118202Z info: installing component 'rust-std'
Test / ubuntu-latest	UNKNOWN STEP	2026-02-20T20:38:48.3368664Z info: installing component 'rustc'
Test / ubuntu-latest	UNKNOWN STEP	2026-02-20T20:38:53.2685992Z 
Test / ubuntu-latest	UNKNOWN STEP	2026-02-20T20:38:53.2789348Z   nightly-x86_64-unknown-linux-gnu installed - rustc 1.95.0-nightly (7f99507f5 2026-02-19)
Test / ubuntu-latest	UNKNOWN STEP	2026-02-20T20:38:53.2789926Z 
Test / ubuntu-latest	UNKNOWN STEP	2026-02-20T20:38:53.2794597Z info: default toolchain set to 'nightly-x86_64-unknown-linux-gnu'
Test / ubuntu-latest	UNKNOWN STEP	2026-02-20T20:38:53.2883568Z ##[group]Run rustup default nightly
Test / ubuntu-latest	UNKNOWN STEP	2026-02-20T20:38:53.2883860Z [36;1mrustup default nightly[0m
Test / ubuntu-latest	UNKNOWN STEP	2026-02-20T20:38:53.2884410Z shell: bash --noprofile --norc -e -o pipefail {0}
Test / ubuntu-latest	UNKNOWN STEP	2026-02-20T20:38:53.2884699Z env:
Test / ubuntu-latest	UNKNOWN STEP	2026-02-20T20:38:53.2884871Z   CARGO_TERM_COLOR: always
Test / ubuntu-latest	UNKNOWN STEP	2026-02-20T20:38:53.2885129Z   CARGO_HOME: /github/home/.cargo
Test / ubuntu-latest	UNKNOWN STEP	2026-02-20T20:38:53.2885357Z ##[endgroup]
Test / ubuntu-latest	UNKNOWN STEP	2026-02-20T20:38:53.3514014Z info: using existing install for 'nightly-x86_64-unknown-linux-gnu'
Test / ubuntu-latest	UNKNOWN STEP	2026-02-20T20:38:53.3811416Z info: default toolchain set to 'nightly-x86_64-unknown-linux-gnu'
Test / ubuntu-latest	UNKNOWN STEP	2026-02-20T20:38:53.3812263Z 
Test / ubuntu-latest	UNKNOWN STEP	2026-02-20T20:38:53.3911150Z   nightly-x86_64-unknown-linux-gnu unchanged - rustc 1.95.0-nightly (7f99507f5 2026-02-19)
Test / ubuntu-latest	UNKNOWN STEP	2026-02-20T20:38:53.3911812Z 
Test / ubuntu-latest	UNKNOWN STEP	2026-02-20T20:38:53.3987827Z ##[group]Run : create cachekey
Test / ubuntu-latest	UNKNOWN STEP	2026-02-20T20:38:53.3988114Z [36;1m: create cachekey[0m
Test / ubuntu-latest	UNKNOWN STEP	2026-02-20T20:38:53.3988601Z [36;1mDATE=$(rustc +nightly --version --verbose | sed -ne 's/^commit-date: \(20[0-9][0-9]\)-\([01][0-9]\)-\([0-3][0-9]\)$/\1\2\3/p')[0m
Test / ubuntu-latest	UNKNOWN STEP	2026-02-20T20:38:53.3989269Z [36;1mHASH=$(rustc +nightly --version --verbose | sed -ne 's/^commit-hash: //p')[0m
Test / ubuntu-latest	UNKNOWN STEP	2026-02-20T20:38:53.3989791Z [36;1mecho "cachekey=$(echo $DATE$HASH | head -c12)" >> $GITHUB_OUTPUT[0m
Test / ubuntu-latest	UNKNOWN STEP	2026-02-20T20:38:53.3990320Z shell: bash --noprofile --norc -e -o pipefail {0}
Test / ubuntu-latest	UNKNOWN STEP	2026-02-20T20:38:53.3990623Z env:
Test / ubuntu-latest	UNKNOWN STEP	2026-02-20T20:38:53.3990793Z   CARGO_TERM_COLOR: always
Test / ubuntu-latest	UNKNOWN STEP	2026-02-20T20:38:53.3991021Z   CARGO_HOME: /github/home/.cargo
Test / ubuntu-latest	UNKNOWN STEP	2026-02-20T20:38:53.3991240Z ##[endgroup]
Test / ubuntu-latest	UNKNOWN STEP	2026-02-20T20:38:53.4922317Z ##[group]Run : disable incremental compilation
Test / ubuntu-latest	UNKNOWN STEP	2026-02-20T20:38:53.4922874Z [36;1m: disable incremental compilation[0m
Test / ubuntu-latest	UNKNOWN STEP	2026-02-20T20:38:53.4923402Z [36;1mif [ -z "${CARGO_INCREMENTAL+set}" ]; then[0m
Test / ubuntu-latest	UNKNOWN STEP	2026-02-20T20:38:53.4923917Z [36;1m  echo CARGO_INCREMENTAL=0 >> $GITHUB_ENV[0m
Test / ubuntu-latest	UNKNOWN STEP	2026-02-20T20:38:53.4924378Z [36;1mfi[0m
Test / ubuntu-latest	UNKNOWN STEP	2026-02-20T20:38:53.4924861Z shell: bash --noprofile --norc -e -o pipefail {0}
Test / ubuntu-latest	UNKNOWN STEP	2026-02-20T20:38:53.4925325Z env:
Test / ubuntu-latest	UNKNOWN STEP	2026-02-20T20:38:53.4925606Z   CARGO_TERM_COLOR: always
Test / ubuntu-latest	UNKNOWN STEP	2026-02-20T20:38:53.4925979Z   CARGO_HOME: /github/home/.cargo
Test / ubuntu-latest	UNKNOWN STEP	2026-02-20T20:38:53.4926380Z ##[endgroup]
Test / ubuntu-latest	UNKNOWN STEP	2026-02-20T20:38:53.5572613Z ##[group]Run : enable colors in Cargo output
Test / ubuntu-latest	UNKNOWN STEP	2026-02-20T20:38:53.5572929Z [36;1m: enable colors in Cargo output[0m
Test / ubuntu-latest	UNKNOWN STEP	2026-02-20T20:38:53.5573548Z [36;1mif [ -z "${CARGO_TERM_COLOR+set}" ]; then[0m
Test / ubuntu-latest	UNKNOWN STEP	2026-02-20T20:38:53.5573868Z [36;1m  echo CARGO_TERM_COLOR=always >> $GITHUB_ENV[0m
Test / ubuntu-latest	UNKNOWN STEP	2026-02-20T20:38:53.5574144Z [36;1mfi[0m
Test / ubuntu-latest	UNKNOWN STEP	2026-02-20T20:38:53.5574463Z shell: bash --noprofile --norc -e -o pipefail {0}
Test / ubuntu-latest	UNKNOWN STEP	2026-02-20T20:38:53.5574737Z env:
Test / ubuntu-latest	UNKNOWN STEP	2026-02-20T20:38:53.5574910Z   CARGO_TERM_COLOR: always
Test / ubuntu-latest	UNKNOWN STEP	2026-02-20T20:38:53.5575128Z   CARGO_HOME: /github/home/.cargo
Test / ubuntu-latest	UNKNOWN STEP	2026-02-20T20:38:53.5575364Z   CARGO_INCREMENTAL: 0
Test / ubuntu-latest	UNKNOWN STEP	2026-02-20T20:38:53.5575552Z ##[endgroup]
Test / ubuntu-latest	UNKNOWN STEP	2026-02-20T20:38:53.6166159Z ##[group]Run : enable Cargo sparse registry
Test / ubuntu-latest	UNKNOWN STEP	2026-02-20T20:38:53.6166497Z [36;1m: enable Cargo sparse registry[0m
Test / ubuntu-latest	UNKNOWN STEP	2026-02-20T20:38:53.6166843Z [36;1m# implemented in 1.66, stabilized in 1.68, made default in 1.70[0m
Test / ubuntu-latest	UNKNOWN STEP	2026-02-20T20:38:53.6167801Z [36;1mif [ -z "${CARGO_REGISTRIES_CRATES_IO_PROTOCOL+set}" -o -f "/home/runner/work/_temp"/.implicit_cargo_registries_crates_io_protocol ]; then[0m
Test / ubuntu-latest	UNKNOWN STEP	2026-02-20T20:38:53.6168550Z [36;1m  if rustc +nightly --version --verbose | grep -q '^release: 1\.6[89]\.'; then[0m
Test / ubuntu-latest	UNKNOWN STEP	2026-02-20T20:38:53.6169116Z [36;1m    touch "/home/runner/work/_temp"/.implicit_cargo_registries_crates_io_protocol || true[0m
Test / ubuntu-latest	UNKNOWN STEP	2026-02-20T20:38:53.6169623Z [36;1m    echo CARGO_REGISTRIES_CRATES_IO_PROTOCOL=sparse >> $GITHUB_ENV[0m
Test / ubuntu-latest	UNKNOWN STEP	2026-02-20T20:38:53.6170099Z [36;1m  elif rustc +nightly --version --verbose | grep -q '^release: 1\.6[67]\.'; then[0m
Test / ubuntu-latest	UNKNOWN STEP	2026-02-20T20:38:53.6170633Z [36;1m    touch "/home/runner/work/_temp"/.implicit_cargo_registries_crates_io_protocol || true[0m
Test / ubuntu-latest	UNKNOWN STEP	2026-02-20T20:38:53.6171121Z [36;1m    echo CARGO_REGISTRIES_CRATES_IO_PROTOCOL=git >> $GITHUB_ENV[0m
Test / ubuntu-latest	UNKNOWN STEP	2026-02-20T20:38:53.6171442Z [36;1m  fi[0m
Test / ubuntu-latest	UNKNOWN STEP	2026-02-20T20:38:53.6171609Z [36;1mfi[0m
Test / ubuntu-latest	UNKNOWN STEP	2026-02-20T20:38:53.6171934Z shell: bash --noprofile --norc -e -o pipefail {0}
Test / ubuntu-latest	UNKNOWN STEP	2026-02-20T20:38:53.6172200Z env:
Test / ubuntu-latest	UNKNOWN STEP	2026-02-20T20:38:53.6172375Z   CARGO_TERM_COLOR: always
Test / ubuntu-latest	UNKNOWN STEP	2026-02-20T20:38:53.6172589Z   CARGO_HOME: /github/home/.cargo
Test / ubuntu-latest	UNKNOWN STEP	2026-02-20T20:38:53.6172818Z   CARGO_INCREMENTAL: 0
Test / ubuntu-latest	UNKNOWN STEP	2026-02-20T20:38:53.6173020Z ##[endgroup]
Test / ubuntu-latest	UNKNOWN STEP	2026-02-20T20:38:53.7103236Z ##[group]Run : work around spurious network errors in curl 8.0
Test / ubuntu-latest	UNKNOWN STEP	2026-02-20T20:38:53.7103646Z [36;1m: work around spurious network errors in curl 8.0[0m
Test / ubuntu-latest	UNKNOWN STEP	2026-02-20T20:38:53.7104161Z [36;1m# https://rust-lang.zulipchat.com/#narrow/stream/246057-t-cargo/topic/timeout.20investigation[0m
Test / ubuntu-latest	UNKNOWN STEP	2026-02-20T20:38:53.7104785Z [36;1mif rustc +nightly --version --verbose | grep -q '^release: 1\.7[01]\.'; then[0m
Test / ubuntu-latest	UNKNOWN STEP	2026-02-20T20:38:53.7105228Z [36;1m  echo CARGO_HTTP_MULTIPLEXING=false >> $GITHUB_ENV[0m
Test / ubuntu-latest	UNKNOWN STEP	2026-02-20T20:38:53.7105518Z [36;1mfi[0m
Test / ubuntu-latest	UNKNOWN STEP	2026-02-20T20:38:53.7105831Z shell: bash --noprofile --norc -e -o pipefail {0}
Test / ubuntu-latest	UNKNOWN STEP	2026-02-20T20:38:53.7106106Z env:
Test / ubuntu-latest	UNKNOWN STEP	2026-02-20T20:38:53.7106273Z   CARGO_TERM_COLOR: always
Test / ubuntu-latest	UNKNOWN STEP	2026-02-20T20:38:53.7106499Z   CARGO_HOME: /github/home/.cargo
Test / ubuntu-latest	UNKNOWN STEP	2026-02-20T20:38:53.7106725Z   CARGO_INCREMENTAL: 0
Test / ubuntu-latest	UNKNOWN STEP	2026-02-20T20:38:53.7106910Z ##[endgroup]
Test / ubuntu-latest	UNKNOWN STEP	2026-02-20T20:38:53.7862992Z ##[group]Run rustc +nightly --version --verbose
Test / ubuntu-latest	UNKNOWN STEP	2026-02-20T20:38:53.7863611Z [36;1mrustc +nightly --version --verbose[0m
Test / ubuntu-latest	UNKNOWN STEP	2026-02-20T20:38:53.7864332Z shell: bash --noprofile --norc -e -o pipefail {0}
Test / ubuntu-latest	UNKNOWN STEP	2026-02-20T20:38:53.7864824Z env:
Test / ubuntu-latest	UNKNOWN STEP	2026-02-20T20:38:53.7865128Z   CARGO_TERM_COLOR: always
Test / ubuntu-latest	UNKNOWN STEP	2026-02-20T20:38:53.7865536Z   CARGO_HOME: /github/home/.cargo
Test / ubuntu-latest	UNKNOWN STEP	2026-02-20T20:38:53.7865944Z   CARGO_INCREMENTAL: 0
Test / ubuntu-latest	UNKNOWN STEP	2026-02-20T20:38:53.7866283Z ##[endgroup]
Test / ubuntu-latest	UNKNOWN STEP	2026-02-20T20:38:53.8546731Z rustc 1.95.0-nightly (7f99507f5 2026-02-19)
Test / ubuntu-latest	UNKNOWN STEP	2026-02-20T20:38:53.8547664Z binary: rustc
Test / ubuntu-latest	UNKNOWN STEP	2026-02-20T20:38:53.8548187Z commit-hash: 7f99507f57e6c4aa0dce3daf6a13cca8cd4dd312
Test / ubuntu-latest	UNKNOWN STEP	2026-02-20T20:38:53.8548643Z commit-date: 2026-02-19
Test / ubuntu-latest	UNKNOWN STEP	2026-02-20T20:38:53.8548984Z host: x86_64-unknown-linux-gnu
Test / ubuntu-latest	UNKNOWN STEP	2026-02-20T20:38:53.8549330Z release: 1.95.0-nightly
Test / ubuntu-latest	UNKNOWN STEP	2026-02-20T20:38:53.8549643Z LLVM version: 22.1.0
Test / ubuntu-latest	UNKNOWN STEP	2026-02-20T20:38:53.8675161Z ##[group]Run Swatinem/rust-cache@v2
Test / ubuntu-latest	UNKNOWN STEP	2026-02-20T20:38:53.8675425Z with:
Test / ubuntu-latest	UNKNOWN STEP	2026-02-20T20:38:53.8675615Z   shared-key: test-ubuntu-latest
Test / ubuntu-latest	UNKNOWN STEP	2026-02-20T20:38:53.8675848Z   prefix-key: v0-rust
Test / ubuntu-latest	UNKNOWN STEP	2026-02-20T20:38:53.8733348Z   add-job-id-key: true
Test / ubuntu-latest	UNKNOWN STEP	2026-02-20T20:38:53.8733783Z   add-rust-environment-hash-key: true
Test / ubuntu-latest	UNKNOWN STEP	2026-02-20T20:38:53.8734189Z   cache-targets: true
Test / ubuntu-latest	UNKNOWN STEP	2026-02-20T20:38:53.8734545Z   cache-all-crates: false
Test / ubuntu-latest	UNKNOWN STEP	2026-02-20T20:38:53.8734898Z   cache-workspace-crates: false
Test / ubuntu-latest	UNKNOWN STEP	2026-02-20T20:38:53.8735243Z   save-if: true
Test / ubuntu-latest	UNKNOWN STEP	2026-02-20T20:38:53.8735532Z   cache-provider: github
Test / ubuntu-latest	UNKNOWN STEP	2026-02-20T20:38:53.8735830Z   cache-bin: true
Test / ubuntu-latest	UNKNOWN STEP	2026-02-20T20:38:53.8736097Z   lookup-only: false
Test / ubuntu-latest	UNKNOWN STEP	2026-02-20T20:38:53.8736360Z env:
Test / ubuntu-latest	UNKNOWN STEP	2026-02-20T20:38:53.8736606Z   CARGO_TERM_COLOR: always
Test / ubuntu-latest	UNKNOWN STEP	2026-02-20T20:38:53.8736926Z   CARGO_HOME: /github/home/.cargo
Test / ubuntu-latest	UNKNOWN STEP	2026-02-20T20:38:53.8737453Z   CARGO_INCREMENTAL: 0
Test / ubuntu-latest	UNKNOWN STEP	2026-02-20T20:38:53.8737741Z ##[endgroup]
Test / ubuntu-latest	UNKNOWN STEP	2026-02-20T20:38:53.8743717Z ##[command]/usr/bin/docker exec  06ea01fa7f3497fa95c0a2f343bb3eb49c9cb3aa8f365e1e4a35832efdd54299 sh -c "cat /etc/*release | grep ^ID"
Test / ubuntu-latest	UNKNOWN STEP	2026-02-20T20:38:54.5104311Z ##[group]Cache Configuration
Test / ubuntu-latest	UNKNOWN STEP	2026-02-20T20:38:54.5105560Z Cache Provider:
Test / ubuntu-latest	UNKNOWN STEP	2026-02-20T20:38:54.5106161Z     github
Test / ubuntu-latest	UNKNOWN STEP	2026-02-20T20:38:54.5106488Z Workspaces:
Test / ubuntu-latest	UNKNOWN STEP	2026-02-20T20:38:54.5106677Z     /__w/waterkit/waterkit
Test / ubuntu-latest	UNKNOWN STEP	2026-02-20T20:38:54.5106928Z Cache Paths:
Test / ubuntu-latest	UNKNOWN STEP	2026-02-20T20:38:54.5107497Z     /github/home/.cargo/bin
Test / ubuntu-latest	UNKNOWN STEP	2026-02-20T20:38:54.5107732Z     /github/home/.cargo/.crates.toml
Test / ubuntu-latest	UNKNOWN STEP	2026-02-20T20:38:54.5107986Z     /github/home/.cargo/.crates2.json
Test / ubuntu-latest	UNKNOWN STEP	2026-02-20T20:38:54.5108630Z     /github/home/.cargo/registry
Test / ubuntu-latest	UNKNOWN STEP	2026-02-20T20:38:54.5109089Z     /github/home/.cargo/git
Test / ubuntu-latest	UNKNOWN STEP	2026-02-20T20:38:54.5109486Z     /__w/waterkit/waterkit/target
Test / ubuntu-latest	UNKNOWN STEP	2026-02-20T20:38:54.5109885Z Restore Key:
Test / ubuntu-latest	UNKNOWN STEP	2026-02-20T20:38:54.5110274Z     v0-rust-test-ubuntu-latest-Linux-x64-445d2973
Test / ubuntu-latest	UNKNOWN STEP	2026-02-20T20:38:54.5110728Z Cache Key:
Test / ubuntu-latest	UNKNOWN STEP	2026-02-20T20:38:54.5110987Z     v0-rust-test-ubuntu-latest-Linux-x64-445d2973-892e6ec8
Test / ubuntu-latest	UNKNOWN STEP	2026-02-20T20:38:54.5111350Z .. Prefix:
Test / ubuntu-latest	UNKNOWN STEP	2026-02-20T20:38:54.5111717Z   - v0-rust-test-ubuntu-latest-Linux-x64
Test / ubuntu-latest	UNKNOWN STEP	2026-02-20T20:38:54.5112243Z .. Environment considered:
Test / ubuntu-latest	UNKNOWN STEP	2026-02-20T20:38:54.5112790Z   - Rust Version: 1.95.0-nightly x86_64-unknown-linux-gnu (7f99507f57e6c4aa0dce3daf6a13cca8cd4dd312)
Test / ubuntu-latest	UNKNOWN STEP	2026-02-20T20:38:54.5113345Z   - CARGO_HOME
Test / ubuntu-latest	UNKNOWN STEP	2026-02-20T20:38:54.5113544Z   - CARGO_INCREMENTAL
Test / ubuntu-latest	UNKNOWN STEP	2026-02-20T20:38:54.5113751Z   - CARGO_TERM_COLOR
Test / ubuntu-latest	UNKNOWN STEP	2026-02-20T20:38:54.5113943Z .. Lockfiles considered:
Test / ubuntu-latest	UNKNOWN STEP	2026-02-20T20:38:54.5114172Z   - /__w/waterkit/waterkit/audio/Cargo.toml
Test / ubuntu-latest	UNKNOWN STEP	2026-02-20T20:38:54.5114456Z   - /__w/waterkit/waterkit/background/Cargo.toml
Test / ubuntu-latest	UNKNOWN STEP	2026-02-20T20:38:54.5114746Z   - /__w/waterkit/waterkit/biometric/Cargo.toml
Test / ubuntu-latest	UNKNOWN STEP	2026-02-20T20:38:54.5115022Z   - /__w/waterkit/waterkit/bluetooth/Cargo.toml
Test / ubuntu-latest	UNKNOWN STEP	2026-02-20T20:38:54.5115298Z   - /__w/waterkit/waterkit/calendar/Cargo.toml
Test / ubuntu-latest	UNKNOWN STEP	2026-02-20T20:38:54.5115568Z   - /__w/waterkit/waterkit/camera/Cargo.toml
Test / ubuntu-latest	UNKNOWN STEP	2026-02-20T20:38:54.5115826Z   - /__w/waterkit/waterkit/Cargo.toml
Test / ubuntu-latest	UNKNOWN STEP	2026-02-20T20:38:54.5116092Z   - /__w/waterkit/waterkit/clipboard/Cargo.toml
Test / ubuntu-latest	UNKNOWN STEP	2026-02-20T20:38:54.5116446Z   - /__w/waterkit/waterkit/codec/Cargo.toml
Test / ubuntu-latest	UNKNOWN STEP	2026-02-20T20:38:54.5116908Z   - /__w/waterkit/waterkit/contacts/Cargo.toml
Test / ubuntu-latest	UNKNOWN STEP	2026-02-20T20:38:54.5117579Z   - /__w/waterkit/waterkit/deeplink/Cargo.toml
Test / ubuntu-latest	UNKNOWN STEP	2026-02-20T20:38:54.5118048Z   - /__w/waterkit/waterkit/dialog/Cargo.toml
Test / ubuntu-latest	UNKNOWN STEP	2026-02-20T20:38:54.5118474Z   - /__w/waterkit/waterkit/fs/Cargo.toml
Test / ubuntu-latest	UNKNOWN STEP	2026-02-20T20:38:54.5118863Z   - /__w/waterkit/waterkit/haptic/Cargo.toml
Test / ubuntu-latest	UNKNOWN STEP	2026-02-20T20:38:54.5119127Z   - /__w/waterkit/waterkit/health/Cargo.toml
Test / ubuntu-latest	UNKNOWN STEP	2026-02-20T20:38:54.5119393Z   - /__w/waterkit/waterkit/location/Cargo.toml
Test / ubuntu-latest	UNKNOWN STEP	2026-02-20T20:38:54.5119658Z   - /__w/waterkit/waterkit/nfc/Cargo.toml
Test / ubuntu-latest	UNKNOWN STEP	2026-02-20T20:38:54.5119930Z   - /__w/waterkit/waterkit/notification/Cargo.toml
Test / ubuntu-latest	UNKNOWN STEP	2026-02-20T20:38:54.5120233Z   - /__w/waterkit/waterkit/passkey/Cargo.toml
Test / ubuntu-latest	UNKNOWN STEP	2026-02-20T20:38:54.5120514Z   - /__w/waterkit/waterkit/permission/Cargo.toml
Test / ubuntu-latest	UNKNOWN STEP	2026-02-20T20:38:54.5120791Z   - /__w/waterkit/waterkit/screen/Cargo.toml
Test / ubuntu-latest	UNKNOWN STEP	2026-02-20T20:38:54.5121497Z   - /__w/waterkit/waterkit/secret/Cargo.toml
Test / ubuntu-latest	UNKNOWN STEP	2026-02-20T20:38:54.5121781Z   - /__w/waterkit/waterkit/sensor/Cargo.toml
Test / ubuntu-latest	UNKNOWN STEP	2026-02-20T20:38:54.5122037Z   - /__w/waterkit/waterkit/share/Cargo.toml
Test / ubuntu-latest	UNKNOWN STEP	2026-02-20T20:38:54.5122470Z   - /__w/waterkit/waterkit/speech/Cargo.toml
Test / ubuntu-latest	UNKNOWN STEP	2026-02-20T20:38:54.5123000Z   - /__w/waterkit/waterkit/system/Cargo.toml
Test / ubuntu-latest	UNKNOWN STEP	2026-02-20T20:38:54.5123412Z   - /__w/waterkit/waterkit/tests/android/rust/Cargo.toml
Test / ubuntu-latest	UNKNOWN STEP	2026-02-20T20:38:54.5123853Z   - /__w/waterkit/waterkit/tests/ios/rust/Cargo.toml
Test / ubuntu-latest	UNKNOWN STEP	2026-02-20T20:38:54.5124162Z   - /__w/waterkit/waterkit/tests/linux/rust/Cargo.toml
Test / ubuntu-latest	UNKNOWN STEP	2026-02-20T20:38:54.5124476Z   - /__w/waterkit/waterkit/tests/macos/audio/Cargo.toml
Test / ubuntu-latest	UNKNOWN STEP	2026-02-20T20:38:54.5124799Z   - /__w/waterkit/waterkit/tests/macos/biometric/Cargo.toml
Test / ubuntu-latest	UNKNOWN STEP	2026-02-20T20:38:54.5125131Z   - /__w/waterkit/waterkit/tests/macos/camera/Cargo.toml
Test / ubuntu-latest	UNKNOWN STEP	2026-02-20T20:38:54.5125450Z   - /__w/waterkit/waterkit/tests/macos/codec/Cargo.toml
Test / ubuntu-latest	UNKNOWN STEP	2026-02-20T20:38:54.5125771Z   - /__w/waterkit/waterkit/tests/macos/dialog/Cargo.toml
Test / ubuntu-latest	UNKNOWN STEP	2026-02-20T20:38:54.5126097Z   - /__w/waterkit/waterkit/tests/macos/location/Cargo.toml
Test / ubuntu-latest	UNKNOWN STEP	2026-02-20T20:38:54.5126648Z   - /__w/waterkit/waterkit/tests/macos/notification/Cargo.toml
Test / ubuntu-latest	UNKNOWN STEP	2026-02-20T20:38:54.5127227Z   - /__w/waterkit/waterkit/tests/macos/passkey/Cargo.toml
Test / ubuntu-latest	UNKNOWN STEP	2026-02-20T20:38:54.5127806Z   - /__w/waterkit/waterkit/tests/macos/sensor/Cargo.toml
Test / ubuntu-latest	UNKNOWN STEP	2026-02-20T20:38:54.5128134Z   - /__w/waterkit/waterkit/tests/macos/video/Cargo.toml
Test / ubuntu-latest	UNKNOWN STEP	2026-02-20T20:38:54.5128466Z   - /__w/waterkit/waterkit/tests/shared/dialog-demo/Cargo.toml
Test / ubuntu-latest	UNKNOWN STEP	2026-02-20T20:38:54.5128806Z   - /__w/waterkit/waterkit/tests/windows/rust/Cargo.toml
Test / ubuntu-latest	UNKNOWN STEP	2026-02-20T20:38:54.5129121Z   - /__w/waterkit/waterkit/tools/waterkit-test/Cargo.toml
Test / ubuntu-latest	UNKNOWN STEP	2026-02-20T20:38:54.5129411Z   - /__w/waterkit/waterkit/video/Cargo.toml
Test / ubuntu-latest	UNKNOWN STEP	2026-02-20T20:38:54.5129696Z   - /__w/waterkit/waterkit/waterkit-build/Cargo.toml
Test / ubuntu-latest	UNKNOWN STEP	2026-02-20T20:38:54.5130172Z ##[endgroup]
Test / ubuntu-latest	UNKNOWN STEP	2026-02-20T20:38:54.5130275Z 
Test / ubuntu-latest	UNKNOWN STEP	2026-02-20T20:38:54.5130355Z ... Restoring cache ...
Test / ubuntu-latest	UNKNOWN STEP	2026-02-20T20:38:54.6380090Z No cache found.
Test / ubuntu-latest	UNKNOWN STEP	2026-02-20T20:38:54.6530025Z ##[group]Run cargo test --verbose --all-features
Test / ubuntu-latest	UNKNOWN STEP	2026-02-20T20:38:54.6530408Z [36;1mcargo test --verbose --all-features[0m
Test / ubuntu-latest	UNKNOWN STEP	2026-02-20T20:38:54.6531852Z shell: sh -e {0}
Test / ubuntu-latest	UNKNOWN STEP	2026-02-20T20:38:54.6532057Z env:
Test / ubuntu-latest	UNKNOWN STEP	2026-02-20T20:38:54.6532254Z   CARGO_TERM_COLOR: always
Test / ubuntu-latest	UNKNOWN STEP	2026-02-20T20:38:54.6532481Z   CARGO_HOME: /github/home/.cargo
Test / ubuntu-latest	UNKNOWN STEP	2026-02-20T20:38:54.6532715Z   CARGO_INCREMENTAL: 0
Test / ubuntu-latest	UNKNOWN STEP	2026-02-20T20:38:54.6532909Z   CACHE_ON_FAILURE: false
Test / ubuntu-latest	UNKNOWN STEP	2026-02-20T20:38:54.6533111Z ##[endgroup]
Test / ubuntu-latest	UNKNOWN STEP	2026-02-20T20:38:54.7871532Z [1m[92m    Updating[0m crates.io index
Test / ubuntu-latest	UNKNOWN STEP	2026-02-20T20:38:56.7698570Z [1m[92m     Locking[0m 779 packages to latest compatible versions
Test / ubuntu-latest	UNKNOWN STEP	2026-02-20T20:38:56.7853733Z [1m[92m      Adding[0m cpal v0.15.3 [1m[33m(available: v0.17.3)[0m
Test / ubuntu-latest	UNKNOWN STEP	2026-02-20T20:38:56.7880384Z [1m[92m      Adding[0m ffmpeg-next v7.1.0 [1m[33m(available: v8.0.0)[0m
Test / ubuntu-latest	UNKNOWN STEP	2026-02-20T20:38:56.7894050Z [1m[92m      Adding[0m generic-array v0.14.7 [1m[33m(available: v0.14.9)[0m
Test / ubuntu-latest	UNKNOWN STEP	2026-02-20T20:38:56.7976381Z [1m[92m      Adding[0m jni v0.21.1 [1m[33m(available: v0.22.1)[0m
Test / ubuntu-latest	UNKNOWN STEP	2026-02-20T20:38:56.8007891Z [1m[92m      Adding[0m lofty v0.21.1 [1m[33m(available: v0.23.2)[0m
Test / ubuntu-latest	UNKNOWN STEP	2026-02-20T20:38:56.8129693Z [1m[92m      Adding[0m rfd v0.16.0 [1m[33m(available: v0.17.2)[0m
Test / ubuntu-latest	UNKNOWN STEP	2026-02-20T20:38:56.8142204Z [1m[92m      Adding[0m rodio v0.19.0 [1m[33m(available: v0.22.0)[0m
Test / ubuntu-latest	UNKNOWN STEP	2026-02-20T20:38:56.8346900Z [1m[92m      Adding[0m sysinfo v0.37.2 [1m[33m(available: v0.38.2)[0m
Test / ubuntu-latest	UNKNOWN STEP	2026-02-20T20:38:56.8354528Z [1m[92m      Adding[0m target-lexicon v0.13.3 [1m[33m(available: v0.13.5)[0m
Test / ubuntu-latest	UNKNOWN STEP	2026-02-20T20:38:56.8403490Z [1m[92m      Adding[0m toml v0.8.23 [1m[33m(available: v1.0.3+spec-1.1.0)[0m
Test / ubuntu-latest	UNKNOWN STEP	2026-02-20T20:38:56.8416765Z [1m[92m      Adding[0m toml_edit v0.23.10+spec-1.0.0 [1m[33m(available: v0.25.3+spec-1.1.0)[0m
Test / ubuntu-latest	UNKNOWN STEP	2026-02-20T20:38:56.9070399Z [1m[92m Downloading[0m crates ...
Test / ubuntu-latest	UNKNOWN STEP	2026-02-20T20:38:56.9865241Z [1m[92m  Downloaded[0m adler2 v2.0.1
Test / ubuntu-latest	UNKNOWN STEP	2026-02-20T20:38:56.9906466Z [1m[92m  Downloaded[0m bit_field v0.10.3
Test / ubuntu-latest	UNKNOWN STEP	2026-02-20T20:38:56.9948782Z [1m[92m  Downloaded[0m dunce v1.0.5
Test / ubuntu-latest	UNKNOWN STEP	2026-02-20T20:38:56.9986408Z [1m[92m  Downloaded[0m is_terminal_polyfill v1.70.2
Test / ubuntu-latest	UNKNOWN STEP	2026-02-20T20:38:57.0026862Z [1m[92m  Downloaded[0m indenter v0.3.4
Test / ubuntu-latest	UNKNOWN STEP	2026-02-20T20:38:57.0076472Z [1m[92m  Downloaded[0m ivf v0.1.4
Test / ubuntu-latest	UNKNOWN STEP	2026-02-20T20:38:57.0111100Z [1m[92m  Downloaded[0m keyring v3.6.3
Test / ubuntu-latest	UNKNOWN STEP	2026-02-20T20:38:57.0183069Z [1m[92m  Downloaded[0m lazycell v1.3.0
Test / ubuntu-latest	UNKNOWN STEP	2026-02-20T20:38:57.0220411Z [1m[92m  Downloaded[0m lebe v0.5.3
Test / ubuntu-latest	UNKNOWN STEP	2026-02-20T20:38:57.0257670Z [1m[92m  Downloaded[0m byte-slice-cast v1.2.3
Test / ubuntu-latest	UNKNOWN STEP	2026-02-20T20:38:57.0295866Z [1m[92m  Downloaded[0m loop9 v0.1.5
Test / ubuntu-latest	UNKNOWN STEP	2026-02-20T20:38:57.0341365Z [1m[92m  Downloaded[0m maybe-rayon v0.1.1
Test / ubuntu-latest	UNKNOWN STEP	2026-02-20T20:38:57.0392211Z [1m[92m  Downloaded[0m lab v0.11.0
Test / ubuntu-latest	UNKNOWN STEP	2026-02-20T20:38:57.0440444Z [1m[92m  Downloaded[0m nokhwa-bindings-linux v0.1.3
Test / ubuntu-latest	UNKNOWN STEP	2026-02-20T20:38:57.0508785Z [1m[92m  Downloaded[0m parking_lot v0.12.5
Test / ubuntu-latest	UNKNOWN STEP	2026-02-20T20:38:57.0597766Z [1m[92m  Downloaded[0m option-ext v0.2.0
Test / ubuntu-latest	UNKNOWN STEP	2026-02-20T20:38:57.0642268Z [1m[92m  Downloaded[0m ppv-lite86 v0.2.21
Test / ubuntu-latest	UNKNOWN STEP	2026-02-20T20:38:57.0678359Z [1m[92m  Downloaded[0m polling v3.11.0
Test / ubuntu-latest	UNKNOWN STEP	2026-02-20T20:38:57.0771736Z [1m[92m  Downloaded[0m scopeguard v1.2.0
Test / ubuntu-latest	UNKNOWN STEP	2026-02-20T20:38:57.0826337Z [1m[92m  Downloaded[0m smallvec v1.15.1
Test / ubuntu-latest	UNKNOWN STEP	2026-02-20T20:38:57.0890810Z [1m[92m  Downloaded[0m synstructure v0.13.2
Test / ubuntu-latest	UNKNOWN STEP	2026-02-20T20:38:57.0933928Z [1m[92m  Downloaded[0m system-deps v7.0.7
Test / ubuntu-latest	UNKNOWN STEP	2026-02-20T20:38:57.1019645Z [1m[92m  Downloaded[0m time-macros v0.2.27
Test / ubuntu-latest	UNKNOWN STEP	2026-02-20T20:38:57.1094713Z [1m[92m  Downloaded[0m tungstenite v0.28.0
Test / ubuntu-latest	UNKNOWN STEP	2026-02-20T20:38:57.1186700Z [1m[92m  Downloaded[0m zerofrom-derive v0.1.6
Test / ubuntu-latest	UNKNOWN STEP	2026-02-20T20:38:57.1234583Z [1m[92m  Downloaded[0m zeroize v1.8.2
Test / ubuntu-latest	UNKNOWN STEP	2026-02-20T20:38:57.1267942Z [1m[92m  Downloaded[0m wgpu v27.0.1
Test / ubuntu-latest	UNKNOWN STEP	2026-02-20T20:38:57.1491227Z [1m[92m  Downloaded[0m which v4.4.2
Test / ubuntu-latest	UNKNOWN STEP	2026-02-20T20:38:57.1535394Z [1m[92m  Downloaded[0m wayland-sys v0.30.1
Test / ubuntu-latest	UNKNOWN STEP	2026-02-20T20:38:57.1572876Z [1m[92m  Downloaded[0m zbus_macros v5.13.2
Test / ubuntu-latest	UNKNOWN STEP	2026-02-20T20:38:57.1616328Z [1m[92m  Downloaded[0m zvariant_utils v3.3.0
Test / ubuntu-latest	UNKNOWN STEP	2026-02-20T20:38:57.1649695Z [1m[92m  Downloaded[0m zune-inflate v0.2.54
Test / ubuntu-latest	UNKNOWN STEP	2026-02-20T20:38:57.1692950Z [1m[92m  Downloaded[0m zmij v1.0.21
Test / ubuntu-latest	UNKNOWN STEP	2026-02-20T20:38:57.1727860Z [1m[92m  Downloaded[0m zvariant_derive v5.9.2
Test / ubuntu-latest	UNKNOWN STEP	2026-02-20T20:38:57.1759566Z [1m[92m  Downloaded[0m yoke v0.8.1
Test / ubuntu-latest	UNKNOWN STEP	2026-02-20T20:38:57.1793209Z [1m[92m  Downloaded[0m zune-core v0.5.1
Test / ubuntu-latest	UNKNOWN STEP	2026-02-20T20:38:57.1832985Z [1m[92m  Downloaded[0m wayland-protocols v0.32.10
Test / ubuntu-latest	UNKNOWN STEP	2026-02-20T20:38:57.1946916Z [1m[92m  Downloaded[0m syn v2.0.117
Test / ubuntu-latest	UNKNOWN STEP	2026-02-20T20:38:57.2085470Z [1m[92m  Downloaded[0m zerotrie v0.2.3
Test / ubuntu-latest	UNKNOWN STEP	2026-02-20T20:38:57.2137287Z [1m[92m  Downloaded[0m libz-sys v1.1.23
Test / ubuntu-latest	UNKNOWN STEP	2026-02-20T20:38:57.2394137Z [1m[92m  Downloaded[0m winnow v0.7.14
Test / ubuntu-latest	UNKNOWN STEP	2026-02-20T20:38:57.2518182Z [1m[92m  Downloaded[0m sysinfo v0.37.2
Test / ubuntu-latest	UNKNOWN STEP	2026-02-20T20:38:57.2658933Z [1m[92m  Downloaded[0m wayland-backend v0.3.12
Test / ubuntu-latest	UNKNOWN STEP	2026-02-20T20:38:57.2715603Z [1m[92m  Downloaded[0m wgpu-hal v27.0.4
Test / ubuntu-latest	UNKNOWN STEP	2026-02-20T20:38:57.2848712Z [1m[92m  Downloaded[0m zerocopy v0.8.39
Test / ubuntu-latest	UNKNOWN STEP	2026-02-20T20:38:57.3142547Z [1m[92m  Downloaded[0m x11rb-protocol v0.13.2
Test / ubuntu-latest	UNKNOWN STEP	2026-02-20T20:38:57.3290958Z [1m[92m  Downloaded[0m naga v27.0.3
Test / ubuntu-latest	UNKNOWN STEP	2026-02-20T20:38:57.3520659Z [1m[92m  Downloaded[0m wgpu-hal v28.0.0
Test / ubuntu-latest	UNKNOWN STEP	2026-02-20T20:38:57.3651728Z [1m[92m  Downloaded[0m naga v28.0.0
Test / ubuntu-latest	UNKNOWN STEP	2026-02-20T20:38:57.3889961Z [1m[92m  Downloaded[0m mozjpeg-sys v2.2.3
Test / ubuntu-latest	UNKNOWN STEP	2026-02-20T20:38:57.4213170Z [1m[92m  Downloaded[0m tracing v0.1.44
Test / ubuntu-latest	UNKNOWN STEP	2026-02-20T20:38:57.4403446Z [1m[92m  Downloaded[0m rustls v0.23.36
Test / ubuntu-latest	UNKNOWN STEP	2026-02-20T20:38:57.4548945Z [1m[92m  Downloaded[0m wgpu-core v28.0.0
Test / ubuntu-latest	UNKNOWN STEP	2026-02-20T20:38:57.4659927Z [1m[92m  Downloaded[0m wgpu-core v27.0.3
Test / ubuntu-latest	UNKNOWN STEP	2026-02-20T20:38:57.4768752Z [1m[92m  Downloaded[0m regex-automata v0.4.14
Test / ubuntu-latest	UNKNOWN STEP	2026-02-20T20:38:57.4939257Z [1m[92m  Downloaded[0m libdbus-sys v0.2.7
Test / ubuntu-latest	UNKNOWN STEP	2026-02-20T20:38:57.5301714Z [1m[92m  Downloaded[0m unicode-width v0.2.2
Test / ubuntu-latest	UNKNOWN STEP	2026-02-20T20:38:57.5368441Z [1m[92m  Downloaded[0m zvariant v5.9.2
Test / ubuntu-latest	UNKNOWN STEP	2026-02-20T20:38:57.5454850Z [1m[92m  Downloaded[0m zenwave v0.3.0
Test / ubuntu-latest	UNKNOWN STEP	2026-02-20T20:38:57.5519309Z [1m[92m  Downloaded[0m encoding_rs v0.8.35
Test / ubuntu-latest	UNKNOWN STEP	2026-02-20T20:38:57.5740815Z [1m[92m  Downloaded[0m zune-jpeg v0.5.12
Test / ubuntu-latest	UNKNOWN STEP	2026-02-20T20:38:57.5788310Z [1m[92m  Downloaded[0m zbus v5.13.2
Test / ubuntu-latest	UNKNOWN STEP	2026-02-20T20:38:57.5908320Z [1m[92m  Downloaded[0m smol v2.0.2
Test / ubuntu-latest	UNKNOWN STEP	2026-02-20T20:38:57.5961004Z [1m[92m  Downloaded[0m xcb v1.7.0
Test / ubuntu-latest	UNKNOWN STEP	2026-02-20T20:38:57.6060951Z [1m[92m  Downloaded[0m pxfm v0.1.27
Test / ubuntu-latest	UNKNOWN STEP	2026-02-20T20:38:57.6354954Z [1m[92m  Downloaded[0m x11rb v0.13.2
Test / ubuntu-latest	UNKNOWN STEP	2026-02-20T20:38:57.6454302Z [1m[92m  Downloaded[0m libc v0.2.182
Test / ubuntu-latest	UNKNOWN STEP	2026-02-20T20:38:57.6936220Z [1m[92m  Downloaded[0m regex-syntax v0.8.9
Test / ubuntu-latest	UNKNOWN STEP	2026-02-20T20:38:57.7012211Z [1m[92m  Downloaded[0m time v0.3.47
Test / ubuntu-latest	UNKNOWN STEP	2026-02-20T20:38:57.7172802Z [1m[92m  Downloaded[0m syn v1.0.109
Test / ubuntu-latest	UNKNOWN STEP	2026-02-20T20:38:57.7285471Z [1m[92m  Downloaded[0m zune-core v0.4.12
Test / ubuntu-latest	UNKNOWN STEP	2026-02-20T20:38:57.7315577Z [1m[92m  Downloaded[0m y4m v0.8.0
Test / ubuntu-latest	UNKNOWN STEP	2026-02-20T20:38:57.7334039Z [1m[92m  Downloaded[0m weezl v0.1.12
Test / ubuntu-latest	UNKNOWN STEP	2026-02-20T20:38:57.7369919Z [1m[92m  Downloaded[0m wayland-sys v0.31.8
Test / ubuntu-latest	UNKNOWN STEP	2026-02-20T20:38:57.7387631Z [1m[92m  Downloaded[0m wayland-protocols v0.30.1
Test / ubuntu-latest	UNKNOWN STEP	2026-02-20T20:38:57.7509545Z [1m[92m  Downloaded[0m toml_edit v0.22.27
Test / ubuntu-latest	UNKNOWN STEP	2026-02-20T20:38:57.7563654Z [1m[92m  Downloaded[0m zerovec v0.11.5
Test / ubuntu-latest	UNKNOWN STEP	2026-02-20T20:38:57.7634964Z [1m[92m  Downloaded[0m yoke-derive v0.8.1
Test / ubuntu-latest	UNKNOWN STEP	2026-02-20T20:38:57.7649078Z [1m[92m  Downloaded[0m value-bag v1.12.0
Test / ubuntu-latest	UNKNOWN STEP	2026-02-20T20:38:57.7687711Z [1m[92m  Downloaded[0m tokio v1.49.0
Test / ubuntu-latest	UNKNOWN STEP	2026-02-20T20:38:57.8214380Z [1m[92m  Downloaded[0m rustix v1.1.3
Test / ubuntu-latest	UNKNOWN STEP	2026-02-20T20:38:57.8556026Z [1m[92m  Downloaded[0m rayon v1.11.0
Test / ubuntu-latest	UNKNOWN STEP	2026-02-20T20:38:57.8672054Z [1m[92m  Downloaded[0m zerovec-derive v0.11.2
Test / ubuntu-latest	UNKNOWN STEP	2026-02-20T20:38:57.8693475Z [1m[92m  Downloaded[0m zerofrom v0.1.6
Test / ubuntu-latest	UNKNOWN STEP	2026-02-20T20:38:57.8706957Z [1m[92m  Downloaded[0m zerocopy-derive v0.8.39
Test / ubuntu-latest	UNKNOWN STEP	2026-02-20T20:38:57.8830456Z [1m[92m  Downloaded[0m zbus_names v4.3.1
Test / ubuntu-latest	UNKNOWN STEP	2026-02-20T20:38:57.8851531Z [1m[92m  Downloaded[0m wgpu-types v28.0.0
Test / ubuntu-latest	UNKNOWN STEP	2026-02-20T20:38:57.8899687Z [1m[92m  Downloaded[0m wgpu-types v27.0.1
Test / ubuntu-latest	UNKNOWN STEP	2026-02-20T20:38:57.8930741Z [1m[92m  Downloaded[0m wgpu v28.0.0
Test / ubuntu-latest	UNKNOWN STEP	2026-02-20T20:38:57.9113089Z [1m[92m  Downloaded[0m webpki-roots v1.0.6
Test / ubuntu-latest	UNKNOWN STEP	2026-02-20T20:38:57.9150717Z [1m[92m  Downloaded[0m uuid v1.21.0
Test / ubuntu-latest	UNKNOWN STEP	2026-02-20T20:38:57.9190757Z [1m[92m  Downloaded[0m urlencoding v2.1.3
Test / ubuntu-latest	UNKNOWN STEP	2026-02-20T20:38:57.9206205Z [1m[92m  Downloaded[0m rav1e v0.8.1
Test / ubuntu-latest	UNKNOWN STEP	2026-02-20T20:38:57.9587703Z [1m[92m  Downloaded[0m libgit2-sys v0.18.3+1.9.2
Test / ubuntu-latest	UNKNOWN STEP	2026-02-20T20:38:58.0330819Z [1m[92m  Downloaded[0m serde v1.0.228
Test / ubuntu-latest	UNKNOWN STEP	2026-02-20T20:38:58.0380391Z [1m[92m  Downloaded[0m wayland-protocols-wlr v0.1.0
Test / ubuntu-latest	UNKNOWN STEP	2026-02-20T20:38:58.0410499Z [1m[92m  Downloaded[0m utf8parse v0.2.2
Test / ubuntu-latest	UNKNOWN STEP	2026-02-20T20:38:58.0427594Z [1m[92m  Downloaded[0m unicode-ident v1.0.24
Test / ubuntu-latest	UNKNOWN STEP	2026-02-20T20:38:58.0466768Z [1m[92m  Downloaded[0m toml_edit v0.23.10+spec-1.0.0
Test / ubuntu-latest	UNKNOWN STEP	2026-02-20T20:38:58.0525896Z [1m[92m  Downloaded[0m toml_datetime v0.6.11
Test / ubuntu-latest	UNKNOWN STEP	2026-02-20T20:38:58.0545755Z [1m[92m  Downloaded[0m jpeg-decoder v0.3.2
Test / ubuntu-latest	UNKNOWN STEP	2026-02-20T20:38:58.0620351Z [1m[92m  Downloaded[0m tiff v0.10.3
Test / ubuntu-latest	UNKNOWN STEP	2026-02-20T20:38:58.0751841Z [1m[92m  Downloaded[0m jiff v0.2.20
Test / ubuntu-latest	UNKNOWN STEP	2026-02-20T20:38:58.0954247Z [1m[92m  Downloaded[0m ring v0.17.14
Test / ubuntu-latest	UNKNOWN STEP	2026-02-20T20:38:58.1452754Z [1m[92m  Downloaded[0m wasm-bindgen v0.2.109
Test / ubuntu-latest	UNKNOWN STEP	2026-02-20T20:38:58.1483916Z [1m[92m  Downloaded[0m want v0.3.1
Test / ubuntu-latest	UNKNOWN STEP	2026-02-20T20:38:58.1497206Z [1m[92m  Downloaded[0m tracing-core v0.1.36
Test / ubuntu-latest	UNKNOWN STEP	2026-02-20T20:38:58.1530904Z [1m[92m  Downloaded[0m swift-bridge-ir v0.1.59
Test / ubuntu-latest	UNKNOWN STEP	2026-02-20T20:38:58.1624737Z [1m[92m  Downloaded[0m tiff v0.9.1
Test / ubuntu-latest	UNKNOWN STEP	2026-02-20T20:38:58.1746582Z [1m[92m  Downloaded[0m spin v0.9.8
Test / ubuntu-latest	UNKNOWN STEP	2026-02-20T20:38:58.1779649Z [1m[92m  Downloaded[0m signal-hook-registry v1.4.8
Test / ubuntu-latest	UNKNOWN STEP	2026-02-20T20:38:58.1796889Z [1m[92m  Downloaded[0m wayland-client v0.31.12
Test / ubuntu-latest	UNKNOWN STEP	2026-02-20T20:38:58.1822218Z [1m[92m  Downloaded[0m wasm-bindgen-macro v0.2.109
Test / ubuntu-latest	UNKNOWN STEP	2026-02-20T20:38:58.1836690Z [1m[92m  Downloaded[0m version_check v0.9.5
Test / ubuntu-latest	UNKNOWN STEP	2026-02-20T20:38:58.1855135Z [1m[92m  Downloaded[0m trait-variant v0.1.2
Test / ubuntu-latest	UNKNOWN STEP	2026-02-20T20:38:58.1867620Z [1m[92m  Downloaded[0m tower-service v0.3.3
Test / ubuntu-latest	UNKNOWN STEP	2026-02-20T20:38:58.1878176Z [1m[92m  Downloaded[0m thiserror-impl v2.0.18
Test / ubuntu-latest	UNKNOWN STEP	2026-02-20T20:38:58.1895982Z [1m[92m  Downloaded[0m target-lexicon v0.13.3
Test / ubuntu-latest	UNKNOWN STEP	2026-02-20T20:38:58.1922511Z [1m[92m  Downloaded[0m scoped-tls v1.0.1
Test / ubuntu-latest	UNKNOWN STEP	2026-02-20T20:38:58.1938493Z [1m[92m  Downloaded[0m rustls-webpki v0.103.9
Test / ubuntu-latest	UNKNOWN STEP	2026-02-20T20:38:58.1976155Z [1m[92m  Downloaded[0m rustix v0.38.44
Test / ubuntu-latest	UNKNOWN STEP	2026-02-20T20:38:58.2314391Z [1m[92m  Downloaded[0m av-scenechange v0.14.1
Test / ubuntu-latest	UNKNOWN STEP	2026-02-20T20:38:58.2443091Z [1m[92m  Downloaded[0m linux-raw-sys v0.4.15
Test / ubuntu-latest	UNKNOWN STEP	2026-02-20T20:38:58.2963574Z [1m[92m  Downloaded[0m ash v0.38.0+1.3.281
Test / ubuntu-latest	UNKNOWN STEP	2026-02-20T20:38:58.3143488Z [1m[92m  Downloaded[0m wgpu-core-deps-windows-linux-android v27.0.0
Test / ubuntu-latest	UNKNOWN STEP	2026-02-20T20:38:58.3154980Z [1m[92m  Downloaded[0m wasm-bindgen-shared v0.2.109
Test / ubuntu-latest	UNKNOWN STEP	2026-02-20T20:38:58.3169218Z [1m[92m  Downloaded[0m wasm-bindgen-macro-support v0.2.109
Test / ubuntu-latest	UNKNOWN STEP	2026-02-20T20:38:58.3191764Z [1m[92m  Downloaded[0m url v2.5.8
Test / ubuntu-latest	UNKNOWN STEP	2026-02-20T20:38:58.3223834Z [1m[92m  Downloaded[0m try-lock v0.2.5
Test / ubuntu-latest	UNKNOWN STEP	2026-02-20T20:38:58.3237591Z [1m[92m  Downloaded[0m tracing-attributes v0.1.31
Test / ubuntu-latest	UNKNOWN STEP	2026-02-20T20:38:58.3271332Z [1m[92m  Downloaded[0m toml_write v0.1.2
Test / ubuntu-latest	UNKNOWN STEP	2026-02-20T20:38:58.3288515Z [1m[92m  Downloaded[0m linux-raw-sys v0.11.0
Test / ubuntu-latest	UNKNOWN STEP	2026-02-20T20:38:58.3903530Z [1m[92m  Downloaded[0m wayland-scanner v0.31.8
Test / ubuntu-latest	UNKNOWN STEP	2026-02-20T20:38:58.3929249Z [1m[92m  Downloaded[0m version-compare v0.2.1
Test / ubuntu-latest	UNKNOWN STEP	2026-02-20T20:38:58.3947282Z [1m[92m  Downloaded[0m vcpkg v0.2.15
Test / ubuntu-latest	UNKNOWN STEP	2026-02-20T20:38:58.4623557Z [1m[92m  Downloaded[0m v_frame v0.3.9
Test / ubuntu-latest	UNKNOWN STEP	2026-02-20T20:38:58.4643026Z [1m[92m  Downloaded[0m v4l v0.14.0
Test / ubuntu-latest	UNKNOWN STEP	2026-02-20T20:38:58.4695955Z [1m[92m  Downloaded[0m utf8_iter v1.0.4
Test / ubuntu-latest	UNKNOWN STEP	2026-02-20T20:38:58.4709872Z [1m[92m  Downloaded[0m untrusted v0.9.0
Test / ubuntu-latest	UNKNOWN STEP	2026-02-20T20:38:58.4730988Z [1m[92m  Downloaded[0m typenum v1.19.0
Test / ubuntu-latest	UNKNOWN STEP	2026-02-20T20:38:58.4765154Z [1m[92m  Downloaded[0m toml v0.9.12+spec-1.1.0
Test / ubuntu-latest	UNKNOWN STEP	2026-02-20T20:38:58.4814630Z [1m[92m  Downloaded[0m tinyvec v1.10.0
Test / ubuntu-latest	UNKNOWN STEP	2026-02-20T20:38:58.4845131Z [1m[92m  Downloaded[0m subtle v2.6.1
Test / ubuntu-latest	UNKNOWN STEP	2026-02-20T20:38:58.4861429Z [1m[92m  Downloaded[0m scan_fmt v0.2.6
Test / ubuntu-latest	UNKNOWN STEP	2026-02-20T20:38:58.4873793Z [1m[92m  Downloaded[0m quick-xml v0.38.4
Test / ubuntu-latest	UNKNOWN STEP	2026-02-20T20:38:58.4939051Z [1m[92m  Downloaded[0m quick-xml v0.28.2
Test / ubuntu-latest	UNKNOWN STEP	2026-02-20T20:38:58.4992326Z [1m[92m  Downloaded[0m async-std v1.13.2
Test / ubuntu-latest	UNKNOWN STEP	2026-02-20T20:38:58.5279625Z [1m[92m  Downloaded[0m writeable v0.6.2
Test / ubuntu-latest	UNKNOWN STEP	2026-02-20T20:38:58.5301950Z [1m[92m  Downloaded[0m wgpu-core-deps-windows-linux-android v28.0.0
Test / ubuntu-latest	UNKNOWN STEP	2026-02-20T20:38:58.5313422Z [1m[92m  Downloaded[0m zune-jpeg v0.4.21
Test / ubuntu-latest	UNKNOWN STEP	2026-02-20T20:38:58.5348636Z [1m[92m  Downloaded[0m wayland-backend v0.1.2
Test / ubuntu-latest	UNKNOWN STEP	2026-02-20T20:38:58.5394168Z [1m[92m  Downloaded[0m v4l2-sys-mit v0.3.0
Test / ubuntu-latest	UNKNOWN STEP	2026-02-20T20:38:58.5403124Z [1m[92m  Downloaded[0m utf-8 v0.7.6
Test / ubuntu-latest	UNKNOWN STEP	2026-02-20T20:38:58.5418358Z [1m[92m  Downloaded[0m toml_datetime v0.7.5+spec-1.1.0
Test / ubuntu-latest	UNKNOWN STEP	2026-02-20T20:38:58.5433503Z [1m[92m  Downloaded[0m tinystr v0.8.2
Test / ubuntu-latest	UNKNOWN STEP	2026-02-20T20:38:58.5458065Z [1m[92m  Downloaded[0m time-core v0.1.8
Test / ubuntu-latest	UNKNOWN STEP	2026-02-20T20:38:58.5472528Z [1m[92m  Downloaded[0m static_assertions v1.1.0
Test / ubuntu-latest	UNKNOWN STEP	2026-02-20T20:38:58.5490132Z [1m[92m  Downloaded[0m spirv v0.3.0+sdk-1.3.268.0
Test / ubuntu-latest	UNKNOWN STEP	2026-02-20T20:38:58.5502619Z [1m[92m  Downloaded[0m serde_json v1.0.149
Test / ubuntu-latest	UNKNOWN STEP	2026-02-20T20:38:58.5588980Z [1m[92m  Downloaded[0m serde_derive v1.0.228
Test / ubuntu-latest	UNKNOWN STEP	2026-02-20T20:38:58.5626132Z [1m[92m  Downloaded[0m rustversion v1.0.22
Test / ubuntu-latest	UNKNOWN STEP	2026-02-20T20:38:58.5663231Z [1m[92m  Downloaded[0m raw-window-handle v0.6.2
Test / ubuntu-latest	UNKNOWN STEP	2026-02-20T20:38:58.5684950Z [1m[92m  Downloaded[0m quote v1.0.44
Test / ubuntu-latest	UNKNOWN STEP	2026-02-20T20:38:58.5718413Z [1m[92m  Downloaded[0m quick-xml v0.30.0
Test / ubuntu-latest	UNKNOWN STEP	2026-02-20T20:38:58.5772591Z [1m[92m  Downloaded[0m nom v8.0.0
Test / ubuntu-latest	UNKNOWN STEP	2026-02-20T20:38:58.5835680Z [1m[92m  Downloaded[0m netlink-packet-route v0.25.1
Test / ubuntu-latest	UNKNOWN STEP	2026-02-20T20:38:58.6050958Z [1m[92m  Downloaded[0m moxcms v0.7.11
Test / ubuntu-latest	UNKNOWN STEP	2026-02-20T20:38:58.6171352Z [1m[92m  Downloaded[0m itertools v0.14.0
Test / ubuntu-latest	UNKNOWN STEP	2026-02-20T20:38:58.6253813Z [1m[92m  Downloaded[0m itertools v0.13.0
Test / ubuntu-latest	UNKNOWN STEP	2026-02-20T20:38:58.6335264Z [1m[92m  Downloaded[0m clap_builder v4.5.60
Test / ubuntu-latest	UNKNOWN STEP	2026-02-20T20:38:58.6409791Z [1m[92m  Downloaded[0m bindgen v0.70.1
Test / ubuntu-latest	UNKNOWN STEP	2026-02-20T20:38:58.6481658Z [1m[92m  Downloaded[0m bindgen v0.65.1
Test / ubuntu-latest	UNKNOWN STEP	2026-02-20T20:38:58.6552213Z [1m[92m  Downloaded[0m aws-lc-rs v1.16.0
Test / ubuntu-latest	UNKNOWN STEP	2026-02-20T20:38:58.6677444Z [1m[92m  Downloaded[0m wayland-scanner v0.30.1
Test / ubuntu-latest	UNKNOWN STEP	2026-02-20T20:38:58.6701952Z [1m[92m  Downloaded[0m wayland-client v0.30.2
Test / ubuntu-latest	UNKNOWN STEP	2026-02-20T20:38:58.6726644Z [1m[92m  Downloaded[0m toml_parser v1.0.9+spec-1.1.0
Test / ubuntu-latest	UNKNOWN STEP	2026-02-20T20:38:58.6754293Z [1m[92m  Downloaded[0m toml v0.8.23
Test / ubuntu-latest	UNKNOWN STEP	2026-02-20T20:38:58.6785820Z [1m[92m  Downloaded[0m tokio-macros v2.6.0
Test / ubuntu-latest	UNKNOWN STEP	2026-02-20T20:38:58.6800597Z [1m[92m  Downloaded[0m tinyvec_macros v0.1.1
Test / ubuntu-latest	UNKNOWN STEP	2026-02-20T20:38:58.6811497Z [1m[92m  Downloaded[0m thiserror-impl v1.0.69
Test / ubuntu-latest	UNKNOWN STEP	2026-02-20T20:38:58.6828241Z [1m[92m  Downloaded[0m termcolor v1.4.1
Test / ubuntu-latest	UNKNOWN STEP	2026-02-20T20:38:58.6843917Z [1m[92m  Downloaded[0m tempfile v3.25.0
Test / ubuntu-latest	UNKNOWN STEP	2026-02-20T20:38:58.6874846Z [1m[92m  Downloaded[0m symphonia-core v0.5.5
Test / ubuntu-latest	UNKNOWN STEP	2026-02-20T20:38:58.6914788Z [1m[92m  Downloaded[0m symphonia-bundle-mp3 v0.5.5
Test / ubuntu-latest	UNKNOWN STEP	2026-02-20T20:38:58.6942428Z [1m[92m  Downloaded[0m stable_deref_trait v1.2.1
Test / ubuntu-latest	UNKNOWN STEP	2026-02-20T20:38:58.6953081Z [1m[92m  Downloaded[0m slab v0.4.12
Test / ubuntu-latest	UNKNOWN STEP	2026-02-20T20:38:58.6969104Z [1m[92m  Downloaded[0m screenshots v0.8.10
Test / ubuntu-latest	UNKNOWN STEP	2026-02-20T20:38:58.6994896Z [1m[92m  Downloaded[0m ryu v1.0.23
Test / ubuntu-latest	UNKNOWN STEP	2026-02-20T20:38:58.7034565Z [1m[92m  Downloaded[0m rustls-native-certs v0.8.3
Test / ubuntu-latest	UNKNOWN STEP	2026-02-20T20:38:58.7064118Z [1m[92m  Downloaded[0m rustc-hash v1.1.0
Test / ubuntu-latest	UNKNOWN STEP	2026-02-20T20:38:58.7076093Z [1m[92m  Downloaded[0m regex v1.12.3
Test / ubuntu-latest	UNKNOWN STEP	2026-02-20T20:38:58.7139106Z [1m[92m  Downloaded[0m rayon-core v1.13.0
Test / ubuntu-latest	UNKNOWN STEP	2026-02-20T20:38:58.7183933Z [1m[92m  Downloaded[0m num-bigint v0.4.6
Test / ubuntu-latest	UNKNOWN STEP	2026-02-20T20:38:58.7240050Z [1m[92m  Downloaded[0m nom v7.1.3
Test / ubuntu-latest	UNKNOWN STEP	2026-02-20T20:38:58.7304373Z [1m[92m  Downloaded[0m minimal-lexical v0.2.1
Test / ubuntu-latest	UNKNOWN STEP	2026-02-20T20:38:58.7358769Z [1m[92m  Downloaded[0m jiff-static v0.2.20
Test / ubuntu-latest	UNKNOWN STEP	2026-02-20T20:38:58.7389433Z [1m[92m  Downloaded[0m dbus v0.9.10
Test / ubuntu-latest	UNKNOWN STEP	2026-02-20T20:38:58.7440147Z [1m[92m  Downloaded[0m crossbeam-channel v0.5.15
Test / ubuntu-latest	UNKNOWN STEP	2026-02-20T20:38:58.7487300Z [1m[92m  Downloaded[0m cpal v0.15.3
Test / ubuntu-latest	UNKNOWN STEP	2026-02-20T20:38:58.7550919Z [1m[92m  Downloaded[0m claxon v0.4.3
Test / ubuntu-latest	UNKNOWN STEP	2026-02-20T20:38:58.7611270Z [1m[92m  Downloaded[0m cc v1.2.56
Test / ubuntu-latest	UNKNOWN STEP	2026-02-20T20:38:58.7645850Z [1m[92m  Downloaded[0m bitstream-io v4.9.0
Test / ubuntu-latest	UNKNOWN STEP	2026-02-20T20:38:58.7679855Z [1m[92m  Downloaded[0m base64 v0.22.1
Test / ubuntu-latest	UNKNOWN STEP	2026-02-20T20:38:58.7725549Z [1m[92m  Downloaded[0m ashpd v0.11.1
Test / ubuntu-latest	UNKNOWN STEP	2026-02-20T20:38:58.7809108Z [1m[92m  Downloaded[0m toml_writer v1.0.6+spec-1.1.0
Test / ubuntu-latest	UNKNOWN STEP	2026-02-20T20:38:58.7825184Z [1m[92m  Downloaded[0m thiserror v2.0.18
Test / ubuntu-latest	UNKNOWN STEP	2026-02-20T20:38:58.7904692Z [1m[92m  Downloaded[0m thiserror v1.0.69
Test / ubuntu-latest	UNKNOWN STEP	2026-02-20T20:38:58.7974469Z [1m[92m  Downloaded[0m terminal_size v0.4.3
Test / ubuntu-latest	UNKNOWN STEP	2026-02-20T20:38:58.7991346Z [1m[92m  Downloaded[0m symphonia-metadata v0.5.5
Test / ubuntu-latest	UNKNOWN STEP	2026-02-20T20:38:58.8009306Z [1m[92m  Downloaded[0m simd_helpers v0.1.0
Test / ubuntu-latest	UNKNOWN STEP	2026-02-20T20:38:58.8019924Z [1m[92m  Downloaded[0m shlex v1.3.0
Test / ubuntu-latest	UNKNOWN STEP	2026-02-20T20:38:58.8038863Z [1m[92m  Downloaded[0m serde_urlencoded v0.7.1
Test / ubuntu-latest	UNKNOWN STEP	2026-02-20T20:38:58.8063855Z [1m[92m  Downloaded[0m rodio v0.19.0
Test / ubuntu-latest	UNKNOWN STEP	2026-02-20T20:38:58.8126578Z [1m[92m  Downloaded[0m rfd v0.16.0
Test / ubuntu-latest	UNKNOWN STEP	2026-02-20T20:38:58.8186941Z [1m[92m  Downloaded[0m rand_chacha v0.9.0
Test / ubuntu-latest	UNKNOWN STEP	2026-02-20T20:38:58.8201825Z [1m[92m  Downloaded[0m quick-error v2.0.1
Test / ubuntu-latest	UNKNOWN STEP	2026-02-20T20:38:58.8217708Z [1m[92m  Downloaded[0m profiling-procmacros v1.0.17
Test / ubuntu-latest	UNKNOWN STEP	2026-02-20T20:38:58.8226694Z [1m[92m  Downloaded[0m prettyplease v0.2.37
Test / ubuntu-latest	UNKNOWN STEP	2026-02-20T20:38:58.8270148Z [1m[92m  Downloaded[0m presser v0.3.1
Test / ubuntu-latest	UNKNOWN STEP	2026-02-20T20:38:58.8291933Z [1m[92m  Downloaded[0m pin-project-lite v0.2.16
Test / ubuntu-latest	UNKNOWN STEP	2026-02-20T20:38:58.8365291Z [1m[92m  Downloaded[0m notify-rust v4.12.0
Test / ubuntu-latest	UNKNOWN STEP	2026-02-20T20:38:58.8398794Z [1m[92m  Downloaded[0m jobserver v0.1.34
Test / ubuntu-latest	UNKNOWN STEP	2026-02-20T20:38:58.8424867Z [1m[92m  Downloaded[0m crossbeam-utils v0.8.21
Test / ubuntu-latest	UNKNOWN STEP	2026-02-20T20:38:58.8459243Z [1m[92m  Downloaded[0m codespan-reporting v0.12.0
Test / ubuntu-latest	UNKNOWN STEP	2026-02-20T20:38:58.8554534Z [1m[92m  Downloaded[0m clap_complete v4.5.66
Test / ubuntu-latest	UNKNOWN STEP	2026-02-20T20:38:58.8591139Z [1m[92m  Downloaded[0m clap v4.5.60
Test / ubuntu-latest	UNKNOWN STEP	2026-02-20T20:38:58.8712586Z [1m[92m  Downloaded[0m bytes v1.11.1
Test / ubuntu-latest	UNKNOWN STEP	2026-02-20T20:38:58.8766195Z [1m[92m  Downloaded[0m bytemuck v1.25.0
Test / ubuntu-latest	UNKNOWN STEP	2026-02-20T20:38:58.8807786Z [1m[92m  Downloaded[0m bitflags v2.11.0
Test / ubuntu-latest	UNKNOWN STEP	2026-02-20T20:38:58.8860523Z [1m[92m  Downloaded[0m alsa v0.9.1
Test / ubuntu-latest	UNKNOWN STEP	2026-02-20T20:38:58.8890908Z [1m[92m  Downloaded[0m allocator-api2 v0.2.21
Test / ubuntu-latest	UNKNOWN STEP	2026-02-20T20:38:58.8922011Z [1m[92m  Downloaded[0m symphonia v0.5.5
Test / ubuntu-latest	UNKNOWN STEP	2026-02-20T20:38:58.8935556Z [1m[92m  Downloaded[0m sha1 v0.10.6
Test / ubuntu-latest	UNKNOWN STEP	2026-02-20T20:38:58.8956149Z [1m[92m  Downloaded[0m serde_spanned v0.6.9
Test / ubuntu-latest	UNKNOWN STEP	2026-02-20T20:38:58.8969232Z [1m[92m  Downloaded[0m rgb v0.8.52
Test / ubuntu-latest	UNKNOWN STEP	2026-02-20T20:38:58.9000149Z [1m[92m  Downloaded[0m renderdoc-sys v1.1.0
Test / ubuntu-latest	UNKNOWN STEP	2026-02-20T20:38:58.9011527Z [1m[92m  Downloaded[0m profiling v1.0.17
Test / ubuntu-latest	UNKNOWN STEP	2026-02-20T20:38:58.9026431Z [1m[92m  Downloaded[0m potential_utf v0.1.4
Test / ubuntu-latest	UNKNOWN STEP	2026-02-20T20:38:58.9039251Z [1m[92m  Downloaded[0m parking v2.2.1
Test / ubuntu-latest	UNKNOWN STEP	2026-02-20T20:38:58.9053010Z [1m[92m  Downloaded[0m ordered-float v5.1.0
Test / ubuntu-latest	UNKNOWN STEP	2026-02-20T20:38:58.9072280Z [1m[92m  Downloaded[0m nix v0.26.4
Test / ubuntu-latest	UNKNOWN STEP	2026-02-20T20:38:58.9201597Z [1m[92m  Downloaded[0m deranged v0.5.6
Test / ubuntu-latest	UNKNOWN STEP	2026-02-20T20:38:58.9221904Z [1m[92m  Downloaded[0m cookie v0.18.1
Test / ubuntu-latest	UNKNOWN STEP	2026-02-20T20:38:58.9259988Z [1m[92m  Downloaded[0m clipboard-rs v0.3.2
Test / ubuntu-latest	UNKNOWN STEP	2026-02-20T20:38:58.9305044Z [1m[92m  Downloaded[0m clang-sys v1.8.1
Test / ubuntu-latest	UNKNOWN STEP	2026-02-20T20:38:58.9339510Z [1m[92m  Downloaded[0m async-fs v2.2.0
Test / ubuntu-latest	UNKNOWN STEP	2026-02-20T20:38:58.9355040Z [1m[92m  Downloaded[0m async-broadcast v0.7.2
Test / ubuntu-latest	UNKNOWN STEP	2026-02-20T20:38:58.9383366Z [1m[92m  Downloaded[0m anstyle-parse v0.2.7
Test / ubuntu-latest	UNKNOWN STEP	2026-02-20T20:38:58.9405271Z [1m[92m  Downloaded[0m alsa-sys v0.3.1
Test / ubuntu-latest	UNKNOWN STEP	2026-02-20T20:38:58.9425576Z [1m[92m  Downloaded[0m signal-hook v0.3.18
Test / ubuntu-latest	UNKNOWN STEP	2026-02-20T20:38:58.9472787Z [1m[92m  Downloaded[0m pastey v0.1.1
Test / ubuntu-latest	UNKNOWN STEP	2026-02-20T20:38:58.9500814Z [1m[92m  Downloaded[0m paste v1.0.15
Test / ubuntu-latest	UNKNOWN STEP	2026-02-20T20:38:58.9547489Z [1m[92m  Downloaded[0m num_cpus v1.17.0
Test / ubuntu-latest	UNKNOWN STEP	2026-02-20T20:38:58.9587964Z [1m[92m  Downloaded[0m crc32fast v1.5.0
Test / ubuntu-latest	UNKNOWN STEP	2026-02-20T20:38:58.9610545Z [1m[92m  Downloaded[0m core2 v0.4.0
Test / ubuntu-latest	UNKNOWN STEP	2026-02-20T20:38:58.9635120Z [1m[92m  Downloaded[0m console v0.15.11
Test / ubuntu-latest	UNKNOWN STEP	2026-02-20T20:38:58.9671431Z [1m[92m  Downloaded[0m clap_derive v4.5.55
Test / ubuntu-latest	UNKNOWN STEP	2026-02-20T20:38:58.9717632Z [1m[92m  Downloaded[0m cfg-expr v0.20.6
Test / ubuntu-latest	UNKNOWN STEP	2026-02-20T20:38:58.9738915Z [1m[92m  Downloaded[0m byteorder v1.5.0
Test / ubuntu-latest	UNKNOWN STEP	2026-02-20T20:38:58.9759623Z [1m[92m  Downloaded[0m bytemuck_derive v1.10.2
Test / ubuntu-latest	UNKNOWN STEP	2026-02-20T20:38:58.9779136Z [1m[92m  Downloaded[0m built v0.8.0
Test / ubuntu-latest	UNKNOWN STEP	2026-02-20T20:38:58.9801575Z [1m[92m  Downloaded[0m brightness v0.8.0
Test / ubuntu-latest	UNKNOWN STEP	2026-02-20T20:38:58.9822351Z [1m[92m  Downloaded[0m av-metrics v0.9.1
Test / ubuntu-latest	UNKNOWN STEP	2026-02-20T20:38:58.9845457Z [1m[92m  Downloaded[0m av-data v0.4.4
Test / ubuntu-latest	UNKNOWN STEP	2026-02-20T20:38:58.9860647Z [1m[92m  Downloaded[0m async-lock v3.4.2
Test / ubuntu-latest	UNKNOWN STEP	2026-02-20T20:38:58.9886854Z [1m[92m  Downloaded[0m anyhow v1.0.102
Test / ubuntu-latest	UNKNOWN STEP	2026-02-20T20:38:58.9934778Z [1m[92m  Downloaded[0m swift-bridge-build v0.1.59
Test / ubuntu-latest	UNKNOWN STEP	2026-02-20T20:38:58.9950328Z [1m[92m  Downloaded[0m simd-adler32 v0.3.8
Test / ubuntu-latest	UNKNOWN STEP	2026-02-20T20:38:58.9973095Z [1m[92m  Downloaded[0m serde_spanned v1.0.4
Test / ubuntu-latest	UNKNOWN STEP	2026-02-20T20:38:58.9986803Z [1m[92m  Downloaded[0m serde_repr v0.1.20
Test / ubuntu-latest	UNKNOWN STEP	2026-02-20T20:38:59.0012042Z [1m[92m  Downloaded[0m ravif v0.12.0
Test / ubuntu-latest	UNKNOWN STEP	2026-02-20T20:38:59.0026608Z [1m[92m  Downloaded[0m rand_core v0.9.5
Test / ubuntu-latest	UNKNOWN STEP	2026-02-20T20:38:59.0042778Z [1m[92m  Downloaded[0m proc-macro2 v1.0.106
Test / ubuntu-latest	UNKNOWN STEP	2026-02-20T20:38:59.0077536Z [1m[92m  Downloaded[0m png v0.18.1
Test / ubuntu-latest	UNKNOWN STEP	2026-02-20T20:38:59.0125319Z [1m[92m  Downloaded[0m png v0.17.16
Test / ubuntu-latest	UNKNOWN STEP	2026-02-20T20:38:59.0170286Z [1m[92m  Downloaded[0m percent-encoding v2.3.2
Test / ubuntu-latest	UNKNOWN STEP	2026-02-20T20:38:59.0180601Z [1m[92m  Downloaded[0m netlink-sys v0.8.8
Test / ubuntu-latest	UNKNOWN STEP	2026-02-20T20:38:59.0206479Z [1m[92m  Downloaded[0m netlink-packet-core v0.8.1
Test / ubuntu-latest	UNKNOWN STEP	2026-02-20T20:38:59.0232218Z [1m[92m  Downloaded[0m dav1d v0.11.1
Test / ubuntu-latest	UNKNOWN STEP	2026-02-20T20:38:59.0248169Z [1m[92m  Downloaded[0m data-encoding v2.10.0
Test / ubuntu-latest	UNKNOWN STEP	2026-02-20T20:38:59.0261204Z [1m[92m  Downloaded[0m concurrent-queue v2.5.0
Test / ubuntu-latest	UNKNOWN STEP	2026-02-20T20:38:59.0281660Z [1m[92m  Downloaded[0m cmake v0.1.57
Test / ubuntu-latest	UNKNOWN STEP	2026-02-20T20:38:59.0298281Z [1m[92m  Downloaded[0m blocking v1.6.2
Test / ubuntu-latest	UNKNOWN STEP	2026-02-20T20:38:59.0313557Z [1m[92m  Downloaded[0m bit-vec v0.8.0
Test / ubuntu-latest	UNKNOWN STEP	2026-02-20T20:38:59.0332739Z [1m[92m  Downloaded[0m async-task v4.7.1
Test / ubuntu-latest	UNKNOWN STEP	2026-02-20T20:38:59.0364091Z [1m[92m  Downloaded[0m async-signal v0.2.13
Test / ubuntu-latest	UNKNOWN STEP	2026-02-20T20:38:59.0381395Z [1m[92m  Downloaded[0m anstream v0.6.21
Test / ubuntu-latest	UNKNOWN STEP	2026-02-20T20:38:59.0405131Z [1m[92m  Downloaded[0m aligned v0.4.3
Test / ubuntu-latest	UNKNOWN STEP	2026-02-20T20:38:59.0419114Z [1m[92m  Downloaded[0m serde_core v1.0.228
Test / ubuntu-latest	UNKNOWN STEP	2026-02-20T20:38:59.0451431Z [1m[92m  Downloaded[0m rustls-pki-types v1.14.0
Test / ubuntu-latest	UNKNOWN STEP	2026-02-20T20:38:59.0481575Z [1m[92m  Downloaded[0m rand v0.9.2
Test / ubuntu-latest	UNKNOWN STEP	2026-02-20T20:38:59.0525604Z [1m[92m  Downloaded[0m aws-lc-sys v0.37.1
Test / ubuntu-latest	UNKNOWN STEP	2026-02-20T20:38:59.3412003Z [1m[92m  Downloaded[0m qoi v0.4.1
Test / ubuntu-latest	UNKNOWN STEP	2026-02-20T20:38:59.3445767Z [1m[92m  Downloaded[0m pkg-config v0.3.32
Test / ubuntu-latest	UNKNOWN STEP	2026-02-20T20:38:59.3465420Z [1m[92m  Downloaded[0m pathdiff v0.2.3
Test / ubuntu-latest	UNKNOWN STEP	2026-02-20T20:38:59.3477601Z [1m[92m  Downloaded[0m ordered-stream v0.2.0
Test / ubuntu-latest	UNKNOWN STEP	2026-02-20T20:38:59.3491644Z [1m[92m  Downloaded[0m open v5.3.3
Test / ubuntu-latest	UNKNOWN STEP	2026-02-20T20:38:59.3508893Z [1m[92m  Downloaded[0m once_cell v1.21.3
Test / ubuntu-latest	UNKNOWN STEP	2026-02-20T20:38:59.3539625Z [1m[92m  Downloaded[0m num-traits v0.2.19
Test / ubuntu-latest	UNKNOWN STEP	2026-02-20T20:38:59.3570770Z [1m[92m  Downloaded[0m num-rational v0.4.2
Test / ubuntu-latest	UNKNOWN STEP	2026-02-20T20:38:59.3585359Z [1m[92m  Downloaded[0m num-integer v0.1.46
Test / ubuntu-latest	UNKNOWN STEP	2026-02-20T20:38:59.3605498Z [1m[92m  Downloaded[0m num-conv v0.2.0
Test / ubuntu-latest	UNKNOWN STEP	2026-02-20T20:38:59.3615710Z [1m[92m  Downloaded[0m nokhwa v0.10.10
Test / ubuntu-latest	UNKNOWN STEP	2026-02-20T20:38:59.3661714Z [1m[92m  Downloaded[0m netdev v0.40.0
Test / ubuntu-latest	UNKNOWN STEP	2026-02-20T20:38:59.3738965Z [1m[92m  Downloaded[0m mozjpeg v0.10.13
Test / ubuntu-latest	UNKNOWN STEP	2026-02-20T20:38:59.3756718Z [1m[92m  Downloaded[0m miniz_oxide v0.8.9
Test / ubuntu-latest	UNKNOWN STEP	2026-02-20T20:38:59.3786631Z [1m[92m  Downloaded[0m digest v0.10.7
Test / ubuntu-latest	UNKNOWN STEP	2026-02-20T20:38:59.3809802Z [1m[92m  Downloaded[0m crossbeam v0.8.4
Test / ubuntu-latest	UNKNOWN STEP	2026-02-20T20:38:59.3823645Z [1m[92m  Downloaded[0m cexpr v0.6.0
Test / ubuntu-latest	UNKNOWN STEP	2026-02-20T20:38:59.3847270Z [1m[92m  Downloaded[0m bumpalo v3.20.2
Test / ubuntu-latest	UNKNOWN STEP	2026-02-20T20:38:59.3877225Z [1m[92m  Downloaded[0m bitflags v1.3.2
Test / ubuntu-latest	UNKNOWN STEP	2026-02-20T20:38:59.3918376Z [1m[92m  Downloaded[0m avif-serialize v0.8.8
Test / ubuntu-latest	UNKNOWN STEP	2026-02-20T20:38:59.3931172Z [1m[92m  Downloaded[0m proc-macro-crate v3.4.0
Test / ubuntu-latest	UNKNOWN STEP	2026-02-20T20:38:59.3947979Z [1m[92m  Downloaded[0m powerfmt v0.2.0
Test / ubuntu-latest	UNKNOWN STEP	2026-02-20T20:38:59.3961444Z [1m[92m  Downloaded[0m pollster v0.4.0
Test / ubuntu-latest	UNKNOWN STEP	2026-02-20T20:38:59.3976815Z [1m[92m  Downloaded[0m piper v0.2.4
Test / ubuntu-latest	UNKNOWN STEP	2026-02-20T20:38:59.3995020Z [1m[92m  Downloaded[0m pin-utils v0.1.0
Test / ubuntu-latest	UNKNOWN STEP	2026-02-20T20:38:59.4010176Z [1m[92m  Downloaded[0m num-derive v0.4.2
Test / ubuntu-latest	UNKNOWN STEP	2026-02-20T20:38:59.4031607Z [1m[92m  Downloaded[0m noop_proc_macro v0.3.0
Test / ubuntu-latest	UNKNOWN STEP	2026-02-20T20:38:59.4043329Z [1m[92m  Downloaded[0m nokhwa-core v0.1.8
Test / ubuntu-latest	UNKNOWN STEP	2026-02-20T20:38:59.4058719Z [1m[92m  Downloaded[0m mime v0.3.17
Test / ubuntu-latest	UNKNOWN STEP	2026-02-20T20:38:59.4074987Z [1m[92m  Downloaded[0m memoffset v0.7.1
Test / ubuntu-latest	UNKNOWN STEP	2026-02-20T20:38:59.4089484Z [1m[92m  Downloaded[0m dasp_sample v0.11.0
Test / ubuntu-latest	UNKNOWN STEP	2026-02-20T20:38:59.4102062Z [1m[92m  Downloaded[0m atomic-waker v1.1.2
Test / ubuntu-latest	UNKNOWN STEP	2026-02-20T20:38:59.4117215Z [1m[92m  Downloaded[0m async-global-executor v2.4.1
Test / ubuntu-latest	UNKNOWN STEP	2026-02-20T20:38:59.4138681Z [1m[92m  Downloaded[0m nokhwa-bindings-windows v0.4.5
Test / ubuntu-latest	UNKNOWN STEP	2026-02-20T20:38:59.4149720Z [1m[92m  Downloaded[0m new_debug_unreachable v1.0.6
Test / ubuntu-latest	UNKNOWN STEP	2026-02-20T20:38:59.4162877Z [1m[92m  Downloaded[0m nanorand v0.7.0
Test / ubuntu-latest	UNKNOWN STEP	2026-02-20T20:38:59.4193891Z [1m[92m  Downloaded[0m mp4 v0.14.0
Test / ubuntu-latest	UNKNOWN STEP	2026-02-20T20:38:59.4242781Z [1m[92m  Downloaded[0m fern v0.7.1
Test / ubuntu-latest	UNKNOWN STEP	2026-02-20T20:38:59.4291490Z [1m[92m  Downloaded[0m dav1d-sys v0.8.3
Test / ubuntu-latest	UNKNOWN STEP	2026-02-20T20:38:59.4302281Z [1m[92m  Downloaded[0m bytestr v0.3.1
Test / ubuntu-latest	UNKNOWN STEP	2026-02-20T20:38:59.4316852Z [1m[92m  Downloaded[0m bit-set v0.8.0
Test / ubuntu-latest	UNKNOWN STEP	2026-02-20T20:38:59.4334143Z [1m[92m  Downloaded[0m aligned-vec v0.6.4
Test / ubuntu-latest	UNKNOWN STEP	2026-02-20T20:38:59.4345942Z [1m[92m  Downloaded[0m peeking_take_while v0.1.2
Test / ubuntu-latest	UNKNOWN STEP	2026-02-20T20:38:59.4355752Z [1m[92m  Downloaded[0m parking_lot_core v0.9.12
Test / ubuntu-latest	UNKNOWN STEP	2026-02-20T20:38:59.4381048Z [1m[92m  Downloaded[0m lofty v0.21.1
Test / ubuntu-latest	UNKNOWN STEP	2026-02-20T20:38:59.4538547Z [1m[92m  Downloaded[0m libm v0.2.16
Test / ubuntu-latest	UNKNOWN STEP	2026-02-20T20:38:59.4669089Z [1m[92m  Downloaded[0m libloading v0.8.9
Test / ubuntu-latest	UNKNOWN STEP	2026-02-20T20:38:59.4697688Z [1m[92m  Downloaded[0m lewton v0.10.2
Test / ubuntu-latest	UNKNOWN STEP	2026-02-20T20:38:59.4729503Z [1m[92m  Downloaded[0m itoa v1.0.17
Test / ubuntu-latest	UNKNOWN STEP	2026-02-20T20:38:59.4747407Z [1m[92m  Downloaded[0m image v0.25.9
Test / ubuntu-latest	UNKNOWN STEP	2026-02-20T20:38:59.4853314Z [1m[92m  Downloaded[0m idna v1.1.0
Test / ubuntu-latest	UNKNOWN STEP	2026-02-20T20:38:59.4892439Z [1m[92m  Downloaded[0m hyper v1.8.1
Test / ubuntu-latest	UNKNOWN STEP	2026-02-20T20:38:59.4971185Z [1m[92m  Downloaded[0m hashbrown v0.15.5
Test / ubuntu-latest	UNKNOWN STEP	2026-02-20T20:38:59.5028917Z [1m[92m  Downloaded[0m git2 v0.20.4
Test / ubuntu-latest	UNKNOWN STEP	2026-02-20T20:38:59.5122748Z [1m[92m  Downloaded[0m futures-util v0.3.32
Test / ubuntu-latest	UNKNOWN STEP	2026-02-20T20:38:59.5283104Z [1m[92m  Downloaded[0m exr v1.74.0
Test / ubuntu-latest	UNKNOWN STEP	2026-02-20T20:38:59.5385798Z [1m[92m  Downloaded[0m crypto-common v0.1.7
Test / ubuntu-latest	UNKNOWN STEP	2026-02-20T20:38:59.5397621Z [1m[92m  Downloaded[0m crossbeam-queue v0.3.12
Test / ubuntu-latest	UNKNOWN STEP	2026-02-20T20:38:59.5412750Z [1m[92m  Downloaded[0m crossbeam-deque v0.8.6
Test / ubuntu-latest	UNKNOWN STEP	2026-02-20T20:38:59.5429227Z [1m[92m  Downloaded[0m cpufeatures v0.2.17
Test / ubuntu-latest	UNKNOWN STEP	2026-02-20T20:38:59.5446466Z [1m[92m  Downloaded[0m colorchoice v1.0.4
Test / ubuntu-latest	UNKNOWN STEP	2026-02-20T20:38:59.5458614Z [1m[92m  Downloaded[0m block-buffer v0.10.4
Test / ubuntu-latest	UNKNOWN STEP	2026-02-20T20:38:59.5471520Z [1m[92m  Downloaded[0m ogg v0.8.0
Test / ubuntu-latest	UNKNOWN STEP	2026-02-20T20:38:59.5493915Z [1m[92m  Downloaded[0m memmap2 v0.7.1
Test / ubuntu-latest	UNKNOWN STEP	2026-02-20T20:38:59.5513978Z [1m[92m  Downloaded[0m memchr v2.8.0
Test / ubuntu-latest	UNKNOWN STEP	2026-02-20T20:38:59.5579257Z [1m[92m  Downloaded[0m log v0.4.29
Test / ubuntu-latest	UNKNOWN STEP	2026-02-20T20:38:59.5608452Z [1m[92m  Downloaded[0m lofty_attr v0.11.1
Test / ubuntu-latest	UNKNOWN STEP	2026-02-20T20:38:59.5621222Z [1m[92m  Downloaded[0m lock_api v0.4.14
Test / ubuntu-latest	UNKNOWN STEP	2026-02-20T20:38:59.5635995Z [1m[92m  Downloaded[0m litemap v0.8.1
Test / ubuntu-latest	UNKNOWN STEP	2026-02-20T20:38:59.5663043Z [1m[92m  Downloaded[0m libwayshot v0.2.0
Test / ubuntu-latest	UNKNOWN STEP	2026-02-20T20:38:59.5675151Z [1m[92m  Downloaded[0m js-sys v0.3.86
Test / ubuntu-latest	UNKNOWN STEP	2026-02-20T20:38:59.5700091Z [1m[92m  Downloaded[0m icu_normalizer_data v2.1.1
Test / ubuntu-latest	UNKNOWN STEP	2026-02-20T20:38:59.5724406Z [1m[92m  Downloaded[0m icu_locale_core v2.1.1
Test / ubuntu-latest	UNKNOWN STEP	2026-02-20T20:38:59.5807408Z [1m[92m  Downloaded[0m http v1.4.0
Test / ubuntu-latest	UNKNOWN STEP	2026-02-20T20:38:59.5850007Z [1m[92m  Downloaded[0m glow v0.16.0
Test / ubuntu-latest	UNKNOWN STEP	2026-02-20T20:38:59.5898872Z [1m[92m  Downloaded[0m futures v0.3.32
Test / ubuntu-latest	UNKNOWN STEP	2026-02-20T20:38:59.5956932Z [1m[92m  Downloaded[0m flate2 v1.1.9
Test / ubuntu-latest	UNKNOWN STEP	2026-02-20T20:38:59.6015482Z [1m[92m  Downloaded[0m find-msvc-tools v0.1.9
Test / ubuntu-latest	UNKNOWN STEP	2026-02-20T20:38:59.6034808Z [1m[92m  Downloaded[0m ffmpeg-sys-next v7.1.3
Test / ubuntu-latest	UNKNOWN STEP	2026-02-20T20:38:59.6054702Z [1m[92m  Downloaded[0m crossbeam-epoch v0.9.18
Test / ubuntu-latest	UNKNOWN STEP	2026-02-20T20:38:59.6083844Z [1m[92m  Downloaded[0m openssl-probe v0.2.1
Test / ubuntu-latest	UNKNOWN STEP	2026-02-20T20:38:59.6098068Z [1m[92m  Downloaded[0m ogg_pager v0.6.1
Test / ubuntu-latest	UNKNOWN STEP	2026-02-20T20:38:59.6110298Z [1m[92m  Downloaded[0m nokhwa-bindings-macos v0.2.3
Test / ubuntu-latest	UNKNOWN STEP	2026-02-20T20:38:59.6122758Z [1m[92m  Downloaded[0m mpris-server v0.9.0
Test / ubuntu-latest	UNKNOWN STEP	2026-02-20T20:38:59.6156261Z [1m[92m  Downloaded[0m mac-addr v0.3.0
Test / ubuntu-latest	UNKNOWN STEP	2026-02-20T20:38:59.6180830Z [1m[92m  Downloaded[0m kv-log-macro v1.0.7
Test / ubuntu-latest	UNKNOWN STEP	2026-02-20T20:38:59.6208907Z [1m[92m  Downloaded[0m image-webp v0.2.4
Test / ubuntu-latest	UNKNOWN STEP	2026-02-20T20:38:59.6241001Z [1m[92m  Downloaded[0m icu_provider v2.1.1
Test / ubuntu-latest	UNKNOWN STEP	2026-02-20T20:38:59.6278587Z [1m[92m  Downloaded[0m icu_normalizer v2.1.1
Test / ubuntu-latest	UNKNOWN STEP	2026-02-20T20:38:59.6331389Z [1m[92m  Downloaded[0m half v2.7.1
Test / ubuntu-latest	UNKNOWN STEP	2026-02-20T20:38:59.6371408Z [1m[92m  Downloaded[0m gif v0.14.1
Test / ubuntu-latest	UNKNOWN STEP	2026-02-20T20:38:59.6396618Z [1m[92m  Downloaded[0m getrandom v0.4.1
Test / ubuntu-latest	UNKNOWN STEP	2026-02-20T20:38:59.6454034Z [1m[92m  Downloaded[0m event-listener v5.4.1
Test / ubuntu-latest	UNKNOWN STEP	2026-02-20T20:38:59.6484197Z [1m[92m  Downloaded[0m cfg-if v1.0.4
Test / ubuntu-latest	UNKNOWN STEP	2026-02-20T20:38:59.6503919Z [1m[92m  Downloaded[0m byteorder-lite v0.1.0
Test / ubuntu-latest	UNKNOWN STEP	2026-02-20T20:38:59.6519663Z [1m[92m  Downloaded[0m anstyle-query v1.1.5
Test / ubuntu-latest	UNKNOWN STEP	2026-02-20T20:38:59.6534780Z [1m[92m  Downloaded[0m nasm-rs v0.3.2
Test / ubuntu-latest	UNKNOWN STEP	2026-02-20T20:38:59.6546206Z [1m[92m  Downloaded[0m litrs v1.0.0
Test / ubuntu-latest	UNKNOWN STEP	2026-02-20T20:38:59.6583154Z [1m[92m  Downloaded[0m itertools v0.10.5
Test / ubuntu-latest	UNKNOWN STEP	2026-02-20T20:38:59.6663944Z [1m[92m  Downloaded[0m hound v3.5.1
Test / ubuntu-latest	UNKNOWN STEP	2026-02-20T20:38:59.6700118Z [1m[92m  Downloaded[0m gif v0.13.3
Test / ubuntu-latest	UNKNOWN STEP	2026-02-20T20:38:59.6720184Z [1m[92m  Downloaded[0m getrandom v0.3.4
Test / ubuntu-latest	UNKNOWN STEP	2026-02-20T20:38:59.6761024Z [1m[92m  Downloaded[0m getrandom v0.2.17
Test / ubuntu-latest	UNKNOWN STEP	2026-02-20T20:38:59.6795962Z [1m[92m  Downloaded[0m fs_extra v1.3.0
Test / ubuntu-latest	UNKNOWN STEP	2026-02-20T20:38:59.6815545Z [1m[92m  Downloaded[0m khronos-egl v6.0.0
Test / ubuntu-latest	UNKNOWN STEP	2026-02-20T20:38:59.6837954Z [1m[92m  Downloaded[0m ipnet v2.11.0
Test / ubuntu-latest	UNKNOWN STEP	2026-02-20T20:38:59.6856590Z [1m[92m  Downloaded[0m httparse v1.10.1
Test / ubuntu-latest	UNKNOWN STEP	2026-02-20T20:38:59.6886664Z [1m[92m  Downloaded[0m glob v0.3.3
Test / ubuntu-latest	UNKNOWN STEP	2026-02-20T20:38:59.6907255Z [1m[92m  Downloaded[0m foldhash v0.1.5
Test / ubuntu-latest	UNKNOWN STEP	2026-02-20T20:38:59.6922270Z [1m[92m  Downloaded[0m eyre v0.6.12
Test / ubuntu-latest	UNKNOWN STEP	2026-02-20T20:38:59.6963124Z [1m[92m  Downloaded[0m executor-core v0.7.1
Test / ubuntu-latest	UNKNOWN STEP	2026-02-20T20:38:59.6986442Z [1m[92m  Downloaded[0m equivalent v1.0.2
Test / ubuntu-latest	UNKNOWN STEP	2026-02-20T20:38:59.6999026Z [1m[92m  Downloaded[0m enumflags2_derive v0.7.12
Test / ubuntu-latest	UNKNOWN STEP	2026-02-20T20:38:59.7008711Z [1m[92m  Downloaded[0m color_quant v1.1.0
Test / ubuntu-latest	UNKNOWN STEP	2026-02-20T20:38:59.7021526Z [1m[92m  Downloaded[0m async-io v2.6.0
Test / ubuntu-latest	UNKNOWN STEP	2026-02-20T20:38:59.7056079Z [1m[92m  Downloaded[0m is-wsl v0.4.0
Test / ubuntu-latest	UNKNOWN STEP	2026-02-20T20:38:59.7069475Z [1m[92m  Downloaded[0m httpdate v1.0.3
Test / ubuntu-latest	UNKNOWN STEP	2026-02-20T20:38:59.7084373Z [1m[92m  Downloaded[0m http-body v1.0.1
Test / ubuntu-latest	UNKNOWN STEP	2026-02-20T20:38:59.7096792Z [1m[92m  Downloaded[0m heck v0.5.0
Test / ubuntu-latest	UNKNOWN STEP	2026-02-20T20:38:59.7112901Z [1m[92m  Downloaded[0m gpu-descriptor-types v0.2.0
Test / ubuntu-latest	UNKNOWN STEP	2026-02-20T20:38:59.7121952Z [1m[92m  Downloaded[0m gpu-descriptor v0.3.2
Test / ubuntu-latest	UNKNOWN STEP	2026-02-20T20:38:59.7132175Z [1m[92m  Downloaded[0m gpu-alloc-types v0.3.0
Test / ubuntu-latest	UNKNOWN STEP	2026-02-20T20:38:59.7141931Z [1m[92m  Downloaded[0m gethostname v1.1.0
Test / ubuntu-latest	UNKNOWN STEP	2026-02-20T20:38:59.7155732Z [1m[92m  Downloaded[0m futures-timer v3.0.3
Test / ubuntu-latest	UNKNOWN STEP	2026-02-20T20:38:59.7179216Z [1m[92m  Downloaded[0m futures-task v0.3.32
Test / ubuntu-latest	UNKNOWN STEP	2026-02-20T20:38:59.7193678Z [1m[92m  Downloaded[0m futures-channel v0.3.32
Test / ubuntu-latest	UNKNOWN STEP	2026-02-20T20:38:59.7216564Z [1m[92m  Downloaded[0m form_urlencoded v1.2.2
Test / ubuntu-latest	UNKNOWN STEP	2026-02-20T20:38:59.7226061Z [1m[92m  Downloaded[0m fax_derive v0.2.0
Test / ubuntu-latest	UNKNOWN STEP	2026-02-20T20:38:59.7235773Z [1m[92m  Downloaded[0m fastrand v2.3.0
Test / ubuntu-latest	UNKNOWN STEP	2026-02-20T20:38:59.7250847Z [1m[92m  Downloaded[0m event-listener-strategy v0.5.4
Test / ubuntu-latest	UNKNOWN STEP	2026-02-20T20:38:59.7263858Z [1m[92m  Downloaded[0m errno v0.3.14
Test / ubuntu-latest	UNKNOWN STEP	2026-02-20T20:38:59.7282890Z [1m[92m  Downloaded[0m enumflags2 v0.7.12
Test / ubuntu-latest	UNKNOWN STEP	2026-02-20T20:38:59.7299198Z [1m[92m  Downloaded[0m linux-keyutils v0.2.4
Test / ubuntu-latest	UNKNOWN STEP	2026-02-20T20:38:59.7321418Z [1m[92m  Downloaded[0m endi v1.1.1
Test / ubuntu-latest	UNKNOWN STEP	2026-02-20T20:38:59.7335387Z [1m[92m  Downloaded[0m cfg_aliases v0.2.1
Test / ubuntu-latest	UNKNOWN STEP	2026-02-20T20:38:59.7347362Z [1m[92m  Downloaded[0m async-trait v0.1.89
Test / ubuntu-latest	UNKNOWN STEP	2026-02-20T20:38:59.7393085Z [1m[92m  Downloaded[0m async-process v2.5.0
Test / ubuntu-latest	UNKNOWN STEP	2026-02-20T20:38:59.7414094Z [1m[92m  Downloaded[0m as-slice v0.2.1
Test / ubuntu-latest	UNKNOWN STEP	2026-02-20T20:38:59.7425310Z [1m[92m  Downloaded[0m is-docker v0.2.0
Test / ubuntu-latest	UNKNOWN STEP	2026-02-20T20:38:59.7438404Z [1m[92m  Downloaded[0m home v0.5.12
Test / ubuntu-latest	UNKNOWN STEP	2026-02-20T20:38:59.7450581Z [1m[92m  Downloaded[0m generic-array v0.14.7
Test / ubuntu-latest	UNKNOWN STEP	2026-02-20T20:38:59.7467299Z [1m[92m  Downloaded[0m fax v0.2.6
Test / ubuntu-latest	UNKNOWN STEP	2026-02-20T20:38:59.7485326Z [1m[92m  Downloaded[0m equator-macro v0.4.2
Test / ubuntu-latest	UNKNOWN STEP	2026-02-20T20:38:59.7494691Z [1m[92m  Downloaded[0m equator v0.4.2
Test / ubuntu-latest	UNKNOWN STEP	2026-02-20T20:38:59.7511790Z [1m[92m  Downloaded[0m async-tungstenite v0.32.1
Test / ubuntu-latest	UNKNOWN STEP	2026-02-20T20:38:59.7548814Z [1m[92m  Downloaded[0m async-executor v1.14.0
Test / ubuntu-latest	UNKNOWN STEP	2026-02-20T20:38:59.7571848Z [1m[92m  Downloaded[0m arg_enum_proc_macro v0.3.4
Test / ubuntu-latest	UNKNOWN STEP	2026-02-20T20:38:59.7586383Z [1m[92m  Downloaded[0m lazy_static v1.5.0
Test / ubuntu-latest	UNKNOWN STEP	2026-02-20T20:38:59.7608929Z [1m[92m  Downloaded[0m io-lifetimes v1.0.11
Test / ubuntu-latest	UNKNOWN STEP	2026-02-20T20:38:59.7635993Z [1m[92m  Downloaded[0m imgref v1.12.0
Test / ubuntu-latest	UNKNOWN STEP	2026-02-20T20:38:59.7656655Z [1m[92m  Downloaded[0m http-body-util v0.1.3
Test / ubuntu-latest	UNKNOWN STEP	2026-02-20T20:38:59.7678166Z [1m[92m  Downloaded[0m hex v0.4.3
Test / ubuntu-latest	UNKNOWN STEP	2026-02-20T20:38:59.7697327Z [1m[92m  Downloaded[0m futures-sink v0.3.32
Test / ubuntu-latest	UNKNOWN STEP	2026-02-20T20:38:59.7721890Z [1m[92m  Downloaded[0m futures-macro v0.3.32
Test / ubuntu-latest	UNKNOWN STEP	2026-02-20T20:38:59.7737723Z [1m[92m  Downloaded[0m futures-lite v2.6.1
Test / ubuntu-latest	UNKNOWN STEP	2026-02-20T20:38:59.7763851Z [1m[92m  Downloaded[0m futures-io v0.3.32
Test / ubuntu-latest	UNKNOWN STEP	2026-02-20T20:38:59.7780779Z [1m[92m  Downloaded[0m dlib v0.5.2
Test / ubuntu-latest	UNKNOWN STEP	2026-02-20T20:38:59.7799758Z [1m[92m  Downloaded[0m av1-grain v0.2.5
Test / ubuntu-latest	UNKNOWN STEP	2026-02-20T20:38:59.7836969Z [1m[92m  Downloaded[0m async-channel v2.5.0
Test / ubuntu-latest	UNKNOWN STEP	2026-02-20T20:38:59.7853952Z [1m[92m  Downloaded[0m arrayvec v0.7.6
Test / ubuntu-latest	UNKNOWN STEP	2026-02-20T20:38:59.7883563Z [1m[92m  Downloaded[0m icu_collections v2.1.1
Test / ubuntu-latest	UNKNOWN STEP	2026-02-20T20:38:59.7965915Z [1m[92m  Downloaded[0m futures-rustls v0.26.0
Test / ubuntu-latest	UNKNOWN STEP	2026-02-20T20:38:59.7986298Z [1m[92m  Downloaded[0m futures-executor v0.3.32
Test / ubuntu-latest	UNKNOWN STEP	2026-02-20T20:38:59.8003109Z [1m[92m  Downloaded[0m futures-core v0.3.32
Test / ubuntu-latest	UNKNOWN STEP	2026-02-20T20:38:59.8019395Z [1m[92m  Downloaded[0m event-listener v2.5.3
Test / ubuntu-latest	UNKNOWN STEP	2026-02-20T20:38:59.8034620Z [1m[92m  Downloaded[0m either v1.15.0
Test / ubuntu-latest	UNKNOWN STEP	2026-02-20T20:38:59.8053972Z [1m[92m  Downloaded[0m downcast-rs v1.2.1
Test / ubuntu-latest	UNKNOWN STEP	2026-02-20T20:38:59.8069678Z [1m[92m  Downloaded[0m displaydoc v0.2.5
Test / ubuntu-latest	UNKNOWN STEP	2026-02-20T20:38:59.8106996Z [1m[92m  Downloaded[0m indexmap v2.13.0
Test / ubuntu-latest	UNKNOWN STEP	2026-02-20T20:38:59.8157323Z [1m[92m  Downloaded[0m icu_properties_data v2.1.2
Test / ubuntu-latest	UNKNOWN STEP	2026-02-20T20:38:59.8277642Z [1m[92m  Downloaded[0m hashbrown v0.16.1
Test / ubuntu-latest	UNKNOWN STEP	2026-02-20T20:38:59.8337392Z [1m[92m  Downloaded[0m ffmpeg-next v7.1.0
Test / ubuntu-latest	UNKNOWN STEP	2026-02-20T20:38:59.8474777Z [1m[92m  Downloaded[0m idna_adapter v1.2.1
Test / ubuntu-latest	UNKNOWN STEP	2026-02-20T20:38:59.8487833Z [1m[92m  Downloaded[0m icu_properties v2.1.2
Test / ubuntu-latest	UNKNOWN STEP	2026-02-20T20:38:59.8513258Z [1m[92m  Downloaded[0m http-kit v0.4.2
Test / ubuntu-latest	UNKNOWN STEP	2026-02-20T20:38:59.8539674Z [1m[92m  Downloaded[0m hexf-parse v0.2.1
Test / ubuntu-latest	UNKNOWN STEP	2026-02-20T20:38:59.8547463Z [1m[92m  Downloaded[0m gpu-allocator v0.28.0
Test / ubuntu-latest	UNKNOWN STEP	2026-02-20T20:38:59.8581582Z [1m[92m  Downloaded[0m foldhash v0.2.0
Test / ubuntu-latest	UNKNOWN STEP	2026-02-20T20:38:59.8596051Z [1m[92m  Downloaded[0m flume v0.11.1
Test / ubuntu-latest	UNKNOWN STEP	2026-02-20T20:38:59.8636481Z [1m[92m  Downloaded[0m fdeflate v0.3.7
Test / ubuntu-latest	UNKNOWN STEP	2026-02-20T20:38:59.8656097Z [1m[92m  Downloaded[0m gpu-alloc v0.6.0
Test / ubuntu-latest	UNKNOWN STEP	2026-02-20T20:38:59.8673282Z [1m[92m  Downloaded[0m dirs-sys v0.5.0
Test / ubuntu-latest	UNKNOWN STEP	2026-02-20T20:38:59.8686650Z [1m[92m  Downloaded[0m dirs v6.0.0
Test / ubuntu-latest	UNKNOWN STEP	2026-02-20T20:38:59.8702885Z [1m[92m  Downloaded[0m document-features v0.2.12
Test / ubuntu-latest	UNKNOWN STEP	2026-02-20T20:38:59.8717743Z [1m[92m  Downloaded[0m display-info v0.4.8
Test / ubuntu-latest	UNKNOWN STEP	2026-02-20T20:38:59.8737800Z [1m[92m  Downloaded[0m clap_lex v1.0.0
Test / ubuntu-latest	UNKNOWN STEP	2026-02-20T20:38:59.8750619Z [1m[92m  Downloaded[0m async-net v2.0.0
Test / ubuntu-latest	UNKNOWN STEP	2026-02-20T20:38:59.8764969Z [1m[92m  Downloaded[0m async-channel v1.9.0
Test / ubuntu-latest	UNKNOWN STEP	2026-02-20T20:38:59.8778808Z [1m[92m  Downloaded[0m aho-corasick v1.1.4
Test / ubuntu-latest	UNKNOWN STEP	2026-02-20T20:38:59.8839053Z [1m[92m  Downloaded[0m autocfg v1.5.0
Test / ubuntu-latest	UNKNOWN STEP	2026-02-20T20:38:59.8862205Z [1m[92m  Downloaded[0m anstyle v1.0.13
Test / ubuntu-latest	UNKNOWN STEP	2026-02-20T20:38:59.8888886Z [1m[92m  Downloaded[0m image v0.24.9
Test / ubuntu-latest	UNKNOWN STEP	2026-02-20T20:39:00.1542832Z [1m[92m   Compiling[0m unicode-ident v1.0.24
Test / ubuntu-latest	UNKNOWN STEP	2026-02-20T20:39:00.1546497Z [1m[92m   Compiling[0m proc-macro2 v1.0.106
Test / ubuntu-latest	UNKNOWN STEP	2026-02-20T20:39:00.1547377Z [1m[92m   Compiling[0m quote v1.0.44
Test / ubuntu-latest	UNKNOWN STEP	2026-02-20T20:39:00.1547967Z [1m[92m   Compiling[0m cfg-if v1.0.4
Test / ubuntu-latest	UNKNOWN STEP	2026-02-20T20:39:00.1552796Z [1m[92m     Running[0m `/github/home/.rustup/toolchains/nightly-x86_64-unknown-linux-gnu/bin/rustc --crate-name build_script_build --edition=2021 /github/home/.cargo/registry/src/index.crates.io-1949cf8c6b5b557f/proc-macro2-1.0.106/build.rs --error-format=json --json=diagnostic-rendered-ansi,artifacts,future-incompat --crate-type bin --emit=dep-info,link -C embed-bitcode=no --cfg 'feature="default"' --cfg 'feature="proc-macro"' --check-cfg 'cfg(docsrs,test)' --check-cfg 'cfg(feature, values("default", "nightly", "proc-macro", "span-locations"))' -C metadata=0c7e1e582327754c -C extra-filename=-cdf796aa2c14344f --out-dir /__w/waterkit/waterkit/target/debug/build/proc-macro2-cdf796aa2c14344f -L dependency=/__w/waterkit/waterkit/target/debug/deps --cap-lints allow`
Test / ubuntu-latest	UNKNOWN STEP	2026-02-20T20:39:00.1571477Z [1m[92m     Running[0m `/github/home/.rustup/toolchains/nightly-x86_64-unknown-linux-gnu/bin/rustc --crate-name unicode_ident --edition=2021 /github/home/.cargo/registry/src/index.crates.io-1949cf8c6b5b557f/unicode-ident-1.0.24/src/lib.rs --error-format=json --json=diagnostic-rendered-ansi,artifacts,future-incompat --crate-type lib --emit=dep-info,metadata,link -C embed-bitcode=no -C debuginfo=2 --check-cfg 'cfg(docsrs,test)' --check-cfg 'cfg(feature, values())' -C metadata=0bbb7f0d070acd95 -C extra-filename=-e36a029196a2cca1 --out-dir /__w/waterkit/waterkit/target/debug/deps -L dependency=/__w/waterkit/waterkit/target/debug/deps --cap-lints allow`
Test / ubuntu-latest	UNKNOWN STEP	2026-02-20T20:39:00.1596674Z [1m[92m     Running[0m `/github/home/.rustup/toolchains/nightly-x86_64-unknown-linux-gnu/bin/rustc --crate-name cfg_if --edition=2018 /github/home/.cargo/registry/src/index.crates.io-1949cf8c6b5b557f/cfg-if-1.0.4/src/lib.rs --error-format=json --json=diagnostic-rendered-ansi,artifacts,future-incompat --crate-type lib --emit=dep-info,metadata,link -C embed-bitcode=no -C debuginfo=2 --check-cfg 'cfg(docsrs,test)' --check-cfg 'cfg(feature, values("core", "rustc-dep-of-std"))' -C metadata=da77556cd7f2a9d4 -C extra-filename=-2262c59ed30cbfdf --out-dir /__w/waterkit/waterkit/target/debug/deps -L dependency=/__w/waterkit/waterkit/target/debug/deps --cap-lints allow`
Test / ubuntu-latest	UNKNOWN STEP	2026-02-20T20:39:00.1606637Z [1m[92m     Running[0m `/github/home/.rustup/toolchains/nightly-x86_64-unknown-linux-gnu/bin/rustc --crate-name build_script_build --edition=2021 /github/home/.cargo/registry/src/index.crates.io-1949cf8c6b5b557f/quote-1.0.44/build.rs --error-format=json --json=diagnostic-rendered-ansi,artifacts,future-incompat --crate-type bin --emit=dep-info,link -C embed-bitcode=no --cfg 'feature="default"' --cfg 'feature="proc-macro"' --check-cfg 'cfg(docsrs,test)' --check-cfg 'cfg(feature, values("default", "proc-macro"))' -C metadata=9317dbb0dde7c07b -C extra-filename=-dd492d978b206574 --out-dir /__w/waterkit/waterkit/target/debug/build/quote-dd492d978b206574 -L dependency=/__w/waterkit/waterkit/target/debug/deps --cap-lints allow`
Test / ubuntu-latest	UNKNOWN STEP	2026-02-20T20:39:00.2129823Z [1m[92m   Compiling[0m bitflags v2.11.0
Test / ubuntu-latest	UNKNOWN STEP	2026-02-20T20:39:00.2136925Z [1m[92m     Running[0m `/github/home/.rustup/toolchains/nightly-x86_64-unknown-linux-gnu/bin/rustc --crate-name bitflags --edition=2021 /github/home/.cargo/registry/src/index.crates.io-1949cf8c6b5b557f/bitflags-2.11.0/src/lib.rs --error-format=json --json=diagnostic-rendered-ansi,artifacts,future-incompat --crate-type lib --emit=dep-info,metadata,link -C embed-bitcode=no -C debuginfo=2 --cfg 'feature="std"' --check-cfg 'cfg(docsrs,test)' --check-cfg 'cfg(feature, values("arbitrary", "bytemuck", "example_generated", "serde", "serde_core", "std"))' -C metadata=b01e21db1450b53a -C extra-filename=-ccf1cefa6e5b3c4f --out-dir /__w/waterkit/waterkit/target/debug/deps -L dependency=/__w/waterkit/waterkit/target/debug/deps --cap-lints allow`
Test / ubuntu-latest	UNKNOWN STEP	2026-02-20T20:39:00.2710930Z [1m[92m   Compiling[0m libc v0.2.182
Test / ubuntu-latest	UNKNOWN STEP	2026-02-20T20:39:00.2896236Z [1m[92m     Running[0m `/github/home/.rustup/toolchains/nightly-x86_64-unknown-linux-gnu/bin/rustc --crate-name build_script_build --edition=2021 /github/home/.cargo/registry/src/index.crates.io-1949cf8c6b5b557f/libc-0.2.182/build.rs --error-format=json --json=diagnostic-rendered-ansi,artifacts,future-incompat --crate-type bin --emit=dep-info,link -C embed-bitcode=no '--allow=clippy::used_underscore_binding' --allow=unused_qualifications '--warn=clippy::unnecessary_semicolon' '--allow=clippy::unnecessary_cast' '--allow=clippy::uninlined_format_args' '--warn=clippy::ptr_as_ptr' '--allow=clippy::non_minimal_cfg' '--allow=clippy::missing_safety_doc' '--warn=clippy::map_unwrap_or' '--warn=clippy::manual_assert' '--allow=clippy::identity_op' '--warn=clippy::explicit_iter_loop' '--allow=clippy::expl_impl_clone_on_copy' --cfg 'feature="default"' --cfg 'feature="std"' --check-cfg 'cfg(docsrs,test)' --check-cfg 'cfg(feature, values("align", "const-extern-fn", "default", "extra_traits", "rustc-dep-of-std", "rustc-std-workspace-core", "std", "use_std"))' -C metadata=14082f91e1e660ee -C extra-filename=-ee598bd101e8c315 --out-dir /__w/waterkit/waterkit/target/debug/build/libc-ee598bd101e8c315 -L dependency=/__w/waterkit/waterkit/target/debug/deps --cap-lints allow`
Test / ubuntu-latest	UNKNOWN STEP	2026-02-20T20:39:00.3984823Z [1m[92m     Running[0m `/__w/waterkit/waterkit/target/debug/build/proc-macro2-cdf796aa2c14344f/build-script-build`
Test / ubuntu-latest	UNKNOWN STEP	2026-02-20T20:39:00.4135868Z [1m[92m     Running[0m `/__w/waterkit/waterkit/target/debug/build/quote-dd492d978b206574/build-script-build`
Test / ubuntu-latest	UNKNOWN STEP	2026-02-20T20:39:00.4493365Z [1m[92m     Running[0m `/github/home/.rustup/toolchains/nightly-x86_64-unknown-linux-gnu/bin/rustc --crate-name build_script_build --edition=2021 /github/home/.cargo/registry/src/index.crates.io-1949cf8c6b5b557f/libc-0.2.182/build.rs --error-format=json --json=diagnostic-rendered-ansi,artifacts,future-incompat --crate-type bin --emit=dep-info,link -C embed-bitcode=no '--allow=clippy::used_underscore_binding' --allow=unused_qualifications '--warn=clippy::unnecessary_semicolon' '--allow=clippy::unnecessary_cast' '--allow=clippy::uninlined_format_args' '--warn=clippy::ptr_as_ptr' '--allow=clippy::non_minimal_cfg' '--allow=clippy::missing_safety_doc' '--warn=clippy::map_unwrap_or' '--warn=clippy::manual_assert' '--allow=clippy::identity_op' '--warn=clippy::explicit_iter_loop' '--allow=clippy::expl_impl_clone_on_copy' --cfg 'feature="default"' --cfg 'feature="extra_traits"' --cfg 'feature="std"' --check-cfg 'cfg(docsrs,test)' --check-cfg 'cfg(feature, values("align", "const-extern-fn", "default", "extra_traits", "rustc-dep-of-std", "rustc-std-workspace-core", "std", "use_std"))' -C metadata=ac2aa2f598884934 -C extra-filename=-37858d95a7c641a2 --out-dir /__w/waterkit/waterkit/target/debug/build/libc-37858d95a7c641a2 -L dependency=/__w/waterkit/waterkit/target/debug/deps --cap-lints allow`
Test / ubuntu-latest	UNKNOWN STEP	2026-02-20T20:39:00.4868556Z [1m[92m     Running[0m `/github/home/.rustup/toolchains/nightly-x86_64-unknown-linux-gnu/bin/rustc --crate-name proc_macro2 --edition=2021 /github/home/.cargo/registry/src/index.crates.io-1949cf8c6b5b557f/proc-macro2-1.0.106/src/lib.rs --error-format=json --json=diagnostic-rendered-ansi,artifacts,future-incompat --crate-type lib --emit=dep-info,metadata,link -C embed-bitcode=no -C debuginfo=2 --cfg 'feature="default"' --cfg 'feature="proc-macro"' --check-cfg 'cfg(docsrs,test)' --check-cfg 'cfg(feature, values("default", "nightly", "proc-macro", "span-locations"))' -C metadata=863d02be192b01ec -C extra-filename=-9fe81c40f0b8c0b8 --out-dir /__w/waterkit/waterkit/target/debug/deps -L dependency=/__w/waterkit/waterkit/target/debug/deps --extern unicode_ident=/__w/waterkit/waterkit/target/debug/deps/libunicode_ident-e36a029196a2cca1.rmeta --cap-lints allow --cfg wrap_proc_macro --cfg proc_macro_span --cfg proc_macro_span_location --cfg proc_macro_span_file --check-cfg 'cfg(fuzzing)' --check-cfg 'cfg(no_is_available)' --check-cfg 'cfg(no_literal_byte_character)' --check-cfg 'cfg(no_literal_c_string)' --check-cfg 'cfg(no_source_text)' --check-cfg 'cfg(proc_macro_span)' --check-cfg 'cfg(proc_macro_span_file)' --check-cfg 'cfg(proc_macro_span_location)' --check-cfg 'cfg(procmacro2_backtrace)' --check-cfg 'cfg(procmacro2_build_probe)' --check-cfg 'cfg(procmacro2_nightly_testing)' --check-cfg 'cfg(procmacro2_semver_exempt)' --check-cfg 'cfg(randomize_layout)' --check-cfg 'cfg(span_locations)' --check-cfg 'cfg(super_unstable)' --check-cfg 'cfg(wrap_proc_macro)'`
Test / ubuntu-latest	UNKNOWN STEP	2026-02-20T20:39:00.4880365Z [1m[92m   Compiling[0m fastrand v2.3.0
Test / ubuntu-latest	UNKNOWN STEP	2026-02-20T20:39:00.4885076Z [1m[92m     Running[0m `/github/home/.rustup/toolchains/nightly-x86_64-unknown-linux-gnu/bin/rustc --crate-name fastrand --edition=2018 /github/home/.cargo/registry/src/index.crates.io-1949cf8c6b5b557f/fastrand-2.3.0/src/lib.rs --error-format=json --json=diagnostic-rendered-ansi,artifacts,future-incompat --crate-type lib --emit=dep-info,metadata,link -C embed-bitcode=no -C debuginfo=2 --cfg 'feature="alloc"' --cfg 'feature="default"' --cfg 'feature="std"' --check-cfg 'cfg(docsrs,test)' --check-cfg 'cfg(feature, values("alloc", "default", "getrandom", "js", "std"))' -C metadata=2a473ef5177b3a23 -C extra-filename=-ecdbacb34276294a --out-dir /__w/waterkit/waterkit/target/debug/deps -L dependency=/__w/waterkit/waterkit/target/debug/deps --cap-lints allow`
Test / ubuntu-latest	UNKNOWN STEP	2026-02-20T20:39:00.6480472Z [1m[92m     Running[0m `/__w/waterkit/waterkit/target/debug/build/libc-ee598bd101e8c315/build-script-build`
Test / ubuntu-latest	UNKNOWN STEP	2026-02-20T20:39:00.6909436Z [1m[92m     Running[0m `/github/home/.rustup/toolchains/nightly-x86_64-unknown-linux-gnu/bin/rustc --crate-name libc --edition=2021 /github/home/.cargo/registry/src/index.crates.io-1949cf8c6b5b557f/libc-0.2.182/src/lib.rs --error-format=json --json=diagnostic-rendered-ansi,artifacts,future-incompat --crate-type lib --emit=dep-info,metadata,link -C embed-bitcode=no '--allow=clippy::used_underscore_binding' --allow=unused_qualifications '--warn=clippy::unnecessary_semicolon' '--allow=clippy::unnecessary_cast' '--allow=clippy::uninlined_format_args' '--warn=clippy::ptr_as_ptr' '--allow=clippy::non_minimal_cfg' '--allow=clippy::missing_safety_doc' '--warn=clippy::map_unwrap_or' '--warn=clippy::manual_assert' '--allow=clippy::identity_op' '--warn=clippy::explicit_iter_loop' '--allow=clippy::expl_impl_clone_on_copy' --cfg 'feature="default"' --cfg 'feature="std"' --check-cfg 'cfg(docsrs,test)' --check-cfg 'cfg(feature, values("align", "const-extern-fn", "default", "extra_traits", "rustc-dep-of-std", "rustc-std-workspace-core", "std", "use_std"))' -C metadata=71c73f143be6b7f1 -C extra-filename=-daa6a27b3be417a1 --out-dir /__w/waterkit/waterkit/target/debug/deps -L dependency=/__w/waterkit/waterkit/target/debug/deps --cap-lints allow --cfg freebsd12 --check-cfg 'cfg(emscripten_old_stat_abi)' --check-cfg 'cfg(espidf_time32)' --check-cfg 'cfg(freebsd10)' --check-cfg 'cfg(freebsd11)' --check-cfg 'cfg(freebsd12)' --check-cfg 'cfg(freebsd13)' --check-cfg 'cfg(freebsd14)' --check-cfg 'cfg(freebsd15)' --check-cfg 'cfg(gnu_file_offset_bits64)' --check-cfg 'cfg(gnu_time_bits64)' --check-cfg 'cfg(libc_deny_warnings)' --check-cfg 'cfg(linux_time_bits64)' --check-cfg 'cfg(musl_v1_2_3)' --check-cfg 'cfg(musl32_time64)' --check-cfg 'cfg(vxworks_lt_25_09)' --check-cfg 'cfg(target_os,values("switch","aix","ohos","hurd","rtems","visionos","nuttx","cygwin","qurt"))' --check-cfg 'cfg(target_env,values("illumos","wasi","aix","ohos","nto71_iosock","nto80"))' --check-cfg 'cfg(target_arch,values("loongarch64","mips32r6","mips64r6","csky"))'`
Test / ubuntu-latest	UNKNOWN STEP	2026-02-20T20:39:00.7404961Z [1m[92m   Compiling[0m autocfg v1.5.0
Test / ubuntu-latest	UNKNOWN STEP	2026-02-20T20:39:00.7411526Z [1m[92m     Running[0m `/github/home/.rustup/toolchains/nightly-x86_64-unknown-linux-gnu/bin/rustc --crate-name autocfg --edition=2015 /github/home/.cargo/registry/src/index.crates.io-1949cf8c6b5b557f/autocfg-1.5.0/src/lib.rs --error-format=json --json=diagnostic-rendered-ansi,artifacts,future-incompat --crate-type lib --emit=dep-info,metadata,link -C embed-bitcode=no --check-cfg 'cfg(docsrs,test)' --check-cfg 'cfg(feature, values())' -C metadata=224ad9470e17213e -C extra-filename=-3b49e0afa777d415 --out-dir /__w/waterkit/waterkit/target/debug/deps -L dependency=/__w/waterkit/waterkit/target/debug/deps --cap-lints allow`
Test / ubuntu-latest	UNKNOWN STEP	2026-02-20T20:39:00.8158587Z [1m[92m     Running[0m `/__w/waterkit/waterkit/target/debug/build/libc-37858d95a7c641a2/build-script-build`
Test / ubuntu-latest	UNKNOWN STEP	2026-02-20T20:39:00.8756145Z [1m[92m     Running[0m `/github/home/.rustup/toolchains/nightly-x86_64-unknown-linux-gnu/bin/rustc --crate-name libc --edition=2021 /github/home/.cargo/registry/src/index.crates.io-1949cf8c6b5b557f/libc-0.2.182/src/lib.rs --error-format=json --json=diagnostic-rendered-ansi,artifacts,future-incompat --crate-type lib --emit=dep-info,metadata,link -C embed-bitcode=no -C debuginfo=2 '--allow=clippy::used_underscore_binding' --allow=unused_qualifications '--warn=clippy::unnecessary_semicolon' '--allow=clippy::unnecessary_cast' '--allow=clippy::uninlined_format_args' '--warn=clippy::ptr_as_ptr' '--allow=clippy::non_minimal_cfg' '--allow=clippy::missing_safety_doc' '--warn=clippy::map_unwrap_or' '--warn=clippy::manual_assert' '--allow=clippy::identity_op' '--warn=clippy::explicit_iter_loop' '--allow=clippy::expl_impl_clone_on_copy' --cfg 'feature="default"' --cfg 'feature="extra_traits"' --cfg 'feature="std"' --check-cfg 'cfg(docsrs,test)' --check-cfg 'cfg(feature, values("align", "const-extern-fn", "default", "extra_traits", "rustc-dep-of-std", "rustc-std-workspace-core", "std", "use_std"))' -C metadata=a199b7f29400f9e5 -C extra-filename=-32506a6f335a62d8 --out-dir /__w/waterkit/waterkit/target/debug/deps -L dependency=/__w/waterkit/waterkit/target/debug/deps --cap-lints allow --cfg freebsd12 --check-cfg 'cfg(emscripten_old_stat_abi)' --check-cfg 'cfg(espidf_time32)' --check-cfg 'cfg(freebsd10)' --check-cfg 'cfg(freebsd11)' --check-cfg 'cfg(freebsd12)' --check-cfg 'cfg(freebsd13)' --check-cfg 'cfg(freebsd14)' --check-cfg 'cfg(freebsd15)' --check-cfg 'cfg(gnu_file_offset_bits64)' --check-cfg 'cfg(gnu_time_bits64)' --check-cfg 'cfg(libc_deny_warnings)' --check-cfg 'cfg(linux_time_bits64)' --check-cfg 'cfg(musl_v1_2_3)' --check-cfg 'cfg(musl32_time64)' --check-cfg 'cfg(vxworks_lt_25_09)' --check-cfg 'cfg(target_os,values("switch","aix","ohos","hurd","rtems","visionos","nuttx","cygwin","qurt"))' --check-cfg 'cfg(target_env,values("illumos","wasi","aix","ohos","nto71_iosock","nto80"))' --check-cfg 'cfg(target_arch,values("loongarch64","mips32r6","mips64r6","csky"))'`
Test / ubuntu-latest	UNKNOWN STEP	2026-02-20T20:39:01.1566120Z [1m[92m     Running[0m `/github/home/.rustup/toolchains/nightly-x86_64-unknown-linux-gnu/bin/rustc --crate-name quote --edition=2021 /github/home/.cargo/registry/src/index.crates.io-1949cf8c6b5b557f/quote-1.0.44/src/lib.rs --error-format=json --json=diagnostic-rendered-ansi,artifacts,future-incompat --crate-type lib --emit=dep-info,metadata,link -C embed-bitcode=no -C debuginfo=2 --cfg 'feature="default"' --cfg 'feature="proc-macro"' --check-cfg 'cfg(docsrs,test)' --check-cfg 'cfg(feature, values("default", "proc-macro"))' -C metadata=7281519d0a537327 -C extra-filename=-5f37932b4137efa1 --out-dir /__w/waterkit/waterkit/target/debug/deps -L dependency=/__w/waterkit/waterkit/target/debug/deps --extern proc_macro2=/__w/waterkit/waterkit/target/debug/deps/libproc_macro2-9fe81c40f0b8c0b8.rmeta --cap-lints allow --check-cfg 'cfg(no_diagnostic_namespace)'`
Test / ubuntu-latest	UNKNOWN STEP	2026-02-20T20:39:01.4804991Z [1m[92m   Compiling[0m syn v2.0.117
Test / ubuntu-latest	UNKNOWN STEP	2026-02-20T20:39:01.4879346Z [1m[92m     Running[0m `/github/home/.rustup/toolchains/nightly-x86_64-unknown-linux-gnu/bin/rustc --crate-name syn --edition=2021 /github/home/.cargo/registry/src/index.crates.io-1949cf8c6b5b557f/syn-2.0.117/src/lib.rs --error-format=json --json=diagnostic-rendered-ansi,artifacts,future-incompat --crate-type lib --emit=dep-info,metadata,link -C embed-bitcode=no --cfg 'feature="clone-impls"' --cfg 'feature="default"' --cfg 'feature="derive"' --cfg 'feature="extra-traits"' --cfg 'feature="fold"' --cfg 'feature="full"' --cfg 'feature="parsing"' --cfg 'feature="printing"' --cfg 'feature="proc-macro"' --cfg 'feature="visit"' --cfg 'feature="visit-mut"' --check-cfg 'cfg(docsrs,test)' --check-cfg 'cfg(feature, values("clone-impls", "default", "derive", "extra-traits", "fold", "full", "parsing", "printing", "proc-macro", "test", "visit", "visit-mut"))' -C metadata=3979770b3f827354 -C extra-filename=-56cc86ffab105581 --out-dir /__w/waterkit/waterkit/target/debug/deps -L dependency=/__w/waterkit/waterkit/target/debug/deps --extern proc_macro2=/__w/waterkit/waterkit/target/debug/deps/libproc_macro2-9fe81c40f0b8c0b8.rmeta --extern quote=/__w/waterkit/waterkit/target/debug/deps/libquote-5f37932b4137efa1.rmeta --extern unicode_ident=/__w/waterkit/waterkit/target/debug/deps/libunicode_ident-e36a029196a2cca1.rmeta --cap-lints allow`
Test / ubuntu-latest	UNKNOWN STEP	2026-02-20T20:39:01.6589085Z [1m[92m   Compiling[0m getrandom v0.4.1
Test / ubuntu-latest	UNKNOWN STEP	2026-02-20T20:39:01.6603948Z [1m[92m     Running[0m `/github/home/.rustup/toolchains/nightly-x86_64-unknown-linux-gnu/bin/rustc --crate-name build_script_build --edition=2024 /github/home/.cargo/registry/src/index.crates.io-1949cf8c6b5b557f/getrandom-0.4.1/build.rs --error-format=json --json=diagnostic-rendered-ansi,artifacts,future-incompat --crate-type bin --emit=dep-info,link -C embed-bitcode=no '--warn=clippy::useless_conversion' --warn=unused_lifetimes '--warn=clippy::unnecessary_cast' --warn=unexpected_cfgs '--warn=clippy::ptr_as_ptr' --warn=missing_docs '--warn=clippy::fn_to_numeric_cast_with_truncation' '--warn=clippy::fn_to_numeric_cast' '--warn=clippy::checked_conversions' '--warn=clippy::char_lit_as_u8' '--warn=clippy::cast_sign_loss' '--warn=clippy::cast_ptr_alignment' '--warn=clippy::cast_precision_loss' '--warn=clippy::cast_possible_wrap' '--warn=clippy::cast_possible_truncation' '--warn=clippy::cast_lossless' --check-cfg 'cfg(getrandom_backend, values("custom", "efi_rng", "rdrand", "rndr", "linux_getrandom", "linux_raw", "windows_legacy", "unsupported", "extern_impl"))' --check-cfg 'cfg(getrandom_msan)' --check-cfg 'cfg(getrandom_test_linux_fallback)' --check-cfg 'cfg(getrandom_test_linux_without_fallback)' --check-cfg 'cfg(getrandom_test_netbsd_fallback)' --check-cfg 'cfg(target_os, values("cygwin"))' --check-cfg 'cfg(target_os, values("motor"))' --check-cfg 'cfg(docsrs,test)' --check-cfg 'cfg(feature, values("std", "sys_rng", "wasm_js"))' -C metadata=57b8d8c85389de24 -C extra-filename=-a8f8610511b68923 --out-dir /__w/waterkit/waterkit/target/debug/build/getrandom-a8f8610511b68923 -L dependency=/__w/waterkit/waterkit/target/debug/deps --cap-lints allow`
Test / ubuntu-latest	UNKNOWN STEP	2026-02-20T20:39:01.8155914Z [1m[92m   Compiling[0m memchr v2.8.0
Test / ubuntu-latest	UNKNOWN STEP	2026-02-20T20:39:01.8166207Z [1m[92m     Running[0m `/github/home/.rustup/toolchains/nightly-x86_64-unknown-linux-gnu/bin/rustc --crate-name memchr --edition=2021 /github/home/.cargo/registry/src/index.crates.io-1949cf8c6b5b557f/memchr-2.8.0/src/lib.rs --error-format=json --json=diagnostic-rendered-ansi,artifacts,future-incompat --crate-type lib --emit=dep-info,metadata,link -C embed-bitcode=no -C debuginfo=2 --cfg 'feature="alloc"' --cfg 'feature="default"' --cfg 'feature="std"' --check-cfg 'cfg(docsrs,test)' --check-cfg 'cfg(feature, values("alloc", "core", "default", "libc", "logging", "rustc-dep-of-std", "std", "use_std"))' -C metadata=18a47b0468d1392a -C extra-filename=-6107e8755c89e2eb --out-dir /__w/waterkit/waterkit/target/debug/deps -L dependency=/__w/waterkit/waterkit/target/debug/deps --cap-lints allow`
Test / ubuntu-latest	UNKNOWN STEP	2026-02-20T20:39:01.8794238Z [1m[92m     Running[0m `/__w/waterkit/waterkit/target/debug/build/getrandom-a8f8610511b68923/build-script-build`
Test / ubuntu-latest	UNKNOWN STEP	2026-02-20T20:39:01.9128905Z [1m[92m   Compiling[0m syn v1.0.109
Test / ubuntu-latest	UNKNOWN STEP	2026-02-20T20:39:01.9139810Z [1m[92m     Running[0m `/github/home/.rustup/toolchains/nightly-x86_64-unknown-linux-gnu/bin/rustc --crate-name build_script_build --edition=2018 /github/home/.cargo/registry/src/index.crates.io-1949cf8c6b5b557f/syn-1.0.109/build.rs --error-format=json --json=diagnostic-rendered-ansi,artifacts,future-incompat --crate-type bin --emit=dep-info,link -C embed-bitcode=no --cfg 'feature="clone-impls"' --cfg 'feature="default"' --cfg 'feature="derive"' --cfg 'feature="full"' --cfg 'feature="parsing"' --cfg 'feature="printing"' --cfg 'feature="proc-macro"' --cfg 'feature="quote"' --check-cfg 'cfg(docsrs,test)' --check-cfg 'cfg(feature, values("clone-impls", "default", "derive", "extra-traits", "fold", "full", "parsing", "printing", "proc-macro", "quote", "test", "visit", "visit-mut"))' -C metadata=f279515f0f15ec8f -C extra-filename=-e6b2105ef72c534e --out-dir /__w/waterkit/waterkit/target/debug/build/syn-e6b2105ef72c534e -L dependency=/__w/waterkit/waterkit/target/debug/deps --cap-lints allow`
Test / ubuntu-latest	UNKNOWN STEP	2026-02-20T20:39:02.1593171Z [1m[92m   Compiling[0m rustix v1.1.3
Test / ubuntu-latest	UNKNOWN STEP	2026-02-20T20:39:02.1610986Z [1m[92m     Running[0m `/github/home/.rustup/toolchains/nightly-x86_64-unknown-linux-gnu/bin/rustc --crate-name build_script_build --edition=2021 /github/home/.cargo/registry/src/index.crates.io-1949cf8c6b5b557f/rustix-1.1.3/build.rs --error-format=json --json=diagnostic-rendered-ansi,artifacts,future-incompat --crate-type bin --emit=dep-info,link -C embed-bitcode=no --warn=unexpected_cfgs --check-cfg 'cfg(alloc_c_string)' --check-cfg 'cfg(alloc_ffi)' --check-cfg 'cfg(apple)' --check-cfg 'cfg(asm_experimental_arch)' --check-cfg 'cfg(bsd)' --check-cfg 'cfg(core_c_str)' --check-cfg 'cfg(core_ffi_c)' --check-cfg 'cfg(core_intrinsics)' --check-cfg 'cfg(criterion)' --check-cfg 'cfg(document_experimental_runtime_api)' --check-cfg 'cfg(error_in_core)' --check-cfg 'cfg(fix_y2038)' --check-cfg 'cfg(freebsdlike)' --check-cfg 'cfg(libc)' --check-cfg 'cfg(linux_kernel)' --check-cfg 'cfg(linux_like)' --check-cfg 'cfg(linux_raw)' --check-cfg 'cfg(linux_raw_dep)' --check-cfg 'cfg(lower_upper_exp_for_non_zero)' --check-cfg 'cfg(sanitize_memory)' --check-cfg 'cfg(netbsdlike)' --check-cfg 'cfg(rustc_attrs)' --check-cfg 'cfg(rustc_diagnostics)' --check-cfg 'cfg(solarish)' --check-cfg 'cfg(staged_api)' --check-cfg 'cfg(static_assertions)' --check-cfg 'cfg(thumb_mode)' --check-cfg 'cfg(wasi)' --check-cfg 'cfg(wasi_ext)' --check-cfg 'cfg(wasip2)' --check-cfg 'cfg(target_arch, values("xtensa"))' --check-cfg 'cfg(target_os, values("cygwin"))' --cfg 'feature="alloc"' --cfg 'feature="default"' --cfg 'feature="fs"' --cfg 'feature="std"' --check-cfg 'cfg(docsrs,test)' --check-cfg 'cfg(feature, values("all-apis", "alloc", "core", "default", "event", "fs", "io_uring", "libc", "libc_errno", "linux_4_11", "linux_5_1", "linux_5_11", "linux_latest", "mm", "mount", "net", "param", "pipe", "process", "pty", "rand", "runtime", "rustc-dep-of-std", "rustc-std-workspace-alloc", "shm", "std", "stdio", "system", "termios", "thread", "time", "try_close", "use-explicitly-provided-auxv", "use-libc", "use-libc-auxv"))' -C metadata=707a7e9a751f749e -C extra-filename=-8dda716dfe6eff45 --out-dir /__w/waterkit/waterkit/target/debug/build/rustix-8dda716dfe6eff45 -L dependency=/__w/waterkit/waterkit/target/debug/deps --cap-lints allow`
Test / ubuntu-latest	UNKNOWN STEP	2026-02-20T20:39:02.4021044Z [1m[92m     Running[0m `/__w/waterkit/waterkit/target/debug/build/rustix-8dda716dfe6eff45/build-script-build`
Test / ubuntu-latest	UNKNOWN STEP	2026-02-20T20:39:02.4928253Z [1m[92m     Running[0m `/__w/waterkit/waterkit/target/debug/build/syn-e6b2105ef72c534e/build-script-build`
Test / ubuntu-latest	UNKNOWN STEP	2026-02-20T20:39:02.5221401Z [1m[92m   Compiling[0m crossbeam-utils v0.8.21
Test / ubuntu-latest	UNKNOWN STEP	2026-02-20T20:39:02.5229439Z [1m[92m     Running[0m `/github/home/.rustup/toolchains/nightly-x86_64-unknown-linux-gnu/bin/rustc --crate-name build_script_build --edition=2021 /github/home/.cargo/registry/src/index.crates.io-1949cf8c6b5b557f/crossbeam-utils-0.8.21/build.rs --error-format=json --json=diagnostic-rendered-ansi,artifacts,future-incompat --crate-type bin --emit=dep-info,link -C embed-bitcode=no --warn=unexpected_cfgs '--allow=clippy::lint_groups_priority' '--allow=clippy::declare_interior_mutable_const' --check-cfg 'cfg(crossbeam_loom)' --check-cfg 'cfg(crossbeam_sanitize)' --cfg 'feature="default"' --cfg 'feature="std"' --check-cfg 'cfg(docsrs,test)' --check-cfg 'cfg(feature, values("default", "loom", "nightly", "std"))' -C metadata=d6dc24f5ae108739 -C extra-filename=-5887ca59ff28d947 --out-dir /__w/waterkit/waterkit/target/debug/build/crossbeam-utils-5887ca59ff28d947 -L dependency=/__w/waterkit/waterkit/target/debug/deps --cap-lints allow`
Test / ubuntu-latest	UNKNOWN STEP	2026-02-20T20:39:02.6738624Z [1m[92m   Compiling[0m linux-raw-sys v0.11.0
Test / ubuntu-latest	UNKNOWN STEP	2026-02-20T20:39:02.6756057Z [1m[92m     Running[0m `/github/home/.rustup/toolchains/nightly-x86_64-unknown-linux-gnu/bin/rustc --crate-name linux_raw_sys --edition=2021 /github/home/.cargo/registry/src/index.crates.io-1949cf8c6b5b557f/linux-raw-sys-0.11.0/src/lib.rs --error-format=json --json=diagnostic-rendered-ansi,artifacts,future-incompat --crate-type lib --emit=dep-info,metadata,link -C embed-bitcode=no --warn=unexpected_cfgs --check-cfg 'cfg(target_arch, values("xtensa"))' --cfg 'feature="auxvec"' --cfg 'feature="elf"' --cfg 'feature="errno"' --cfg 'feature="general"' --cfg 'feature="ioctl"' --cfg 'feature="no_std"' --check-cfg 'cfg(docsrs,test)' --check-cfg 'cfg(feature, values("auxvec", "bootparam", "btrfs", "core", "default", "elf", "elf_uapi", "errno", "general", "if_arp", "if_ether", "if_packet", "image", "io_uring", "ioctl", "landlock", "loop_device", "mempolicy", "net", "netlink", "no_std", "prctl", "ptrace", "rustc-dep-of-std", "std", "system", "xdp"))' -C metadata=8c4e30feb1c6ac81 -C extra-filename=-f5ea344991b0e4f4 --out-dir /__w/waterkit/waterkit/target/debug/deps -L dependency=/__w/waterkit/waterkit/target/debug/deps --cap-lints allow`
Test / ubuntu-latest	UNKNOWN STEP	2026-02-20T20:39:02.6826928Z [1m[92m     Running[0m `/github/home/.rustup/toolchains/nightly-x86_64-unknown-linux-gnu/bin/rustc --crate-name syn --edition=2018 /github/home/.cargo/registry/src/index.crates.io-1949cf8c6b5b557f/syn-1.0.109/src/lib.rs --error-format=json --json=diagnostic-rendered-ansi,artifacts,future-incompat --crate-type lib --emit=dep-info,metadata,link -C embed-bitcode=no --cfg 'feature="clone-impls"' --cfg 'feature="default"' --cfg 'feature="derive"' --cfg 'feature="full"' --cfg 'feature="parsing"' --cfg 'feature="printing"' --cfg 'feature="proc-macro"' --cfg 'feature="quote"' --check-cfg 'cfg(docsrs,test)' --check-cfg 'cfg(feature, values("clone-impls", "default", "derive", "extra-traits", "fold", "full", "parsing", "printing", "proc-macro", "quote", "test", "visit", "visit-mut"))' -C metadata=234a371b9624c452 -C extra-filename=-9695fa98730ae7a7 --out-dir /__w/waterkit/waterkit/target/debug/deps -L dependency=/__w/waterkit/waterkit/target/debug/deps --extern proc_macro2=/__w/waterkit/waterkit/target/debug/deps/libproc_macro2-9fe81c40f0b8c0b8.rmeta --extern quote=/__w/waterkit/waterkit/target/debug/deps/libquote-5f37932b4137efa1.rmeta --extern unicode_ident=/__w/waterkit/waterkit/target/debug/deps/libunicode_ident-e36a029196a2cca1.rmeta --cap-lints allow`
Test / ubuntu-latest	UNKNOWN STEP	2026-02-20T20:39:02.7140535Z [1m[92m     Running[0m `/__w/waterkit/waterkit/target/debug/build/crossbeam-utils-5887ca59ff28d947/build-script-build`
Test / ubuntu-latest	UNKNOWN STEP	2026-02-20T20:39:02.7327289Z [1m[92m     Running[0m `/github/home/.rustup/toolchains/nightly-x86_64-unknown-linux-gnu/bin/rustc --crate-name getrandom --edition=2024 /github/home/.cargo/registry/src/index.crates.io-1949cf8c6b5b557f/getrandom-0.4.1/src/lib.rs --error-format=json --json=diagnostic-rendered-ansi,artifacts,future-incompat --crate-type lib --emit=dep-info,metadata,link -C embed-bitcode=no -C debuginfo=2 '--warn=clippy::useless_conversion' --warn=unused_lifetimes '--warn=clippy::unnecessary_cast' --warn=unexpected_cfgs '--warn=clippy::ptr_as_ptr' --warn=missing_docs '--warn=clippy::fn_to_numeric_cast_with_truncation' '--warn=clippy::fn_to_numeric_cast' '--warn=clippy::checked_conversions' '--warn=clippy::char_lit_as_u8' '--warn=clippy::cast_sign_loss' '--warn=clippy::cast_ptr_alignment' '--warn=clippy::cast_precision_loss' '--warn=clippy::cast_possible_wrap' '--warn=clippy::cast_possible_truncation' '--warn=clippy::cast_lossless' --check-cfg 'cfg(getrandom_backend, values("custom", "efi_rng", "rdrand", "rndr", "linux_getrandom", "linux_raw", "windows_legacy", "unsupported", "extern_impl"))' --check-cfg 'cfg(getrandom_msan)' --check-cfg 'cfg(getrandom_test_linux_fallback)' --check-cfg 'cfg(getrandom_test_linux_without_fallback)' --check-cfg 'cfg(getrandom_test_netbsd_fallback)' --check-cfg 'cfg(target_os, values("cygwin"))' --check-cfg 'cfg(target_os, values("motor"))' --check-cfg 'cfg(docsrs,test)' --check-cfg 'cfg(feature, values("std", "sys_rng", "wasm_js"))' -C metadata=843407c93d088f59 -C extra-filename=-12fa53cd46712832 --out-dir /__w/waterkit/waterkit/target/debug/deps -L dependency=/__w/waterkit/waterkit/target/debug/deps --extern cfg_if=/__w/waterkit/waterkit/target/debug/deps/libcfg_if-2262c59ed30cbfdf.rmeta --extern libc=/__w/waterkit/waterkit/target/debug/deps/liblibc-daa6a27b3be417a1.rmeta --cap-lints allow`
Test / ubuntu-latest	UNKNOWN STEP	2026-02-20T20:39:02.8680404Z [1m[92m   Compiling[0m once_cell v1.21.3
Test / ubuntu-latest	UNKNOWN STEP	2026-02-20T20:39:02.8693324Z [1m[92m     Running[0m `/github/home/.rustup/toolchains/nightly-x86_64-unknown-linux-gnu/bin/rustc --crate-name once_cell --edition=2021 /github/home/.cargo/registry/src/index.crates.io-1949cf8c6b5b557f/once_cell-1.21.3/src/lib.rs --error-format=json --json=diagnostic-rendered-ansi,artifacts,future-incompat --crate-type lib --emit=dep-info,metadata,link -C embed-bitcode=no --cfg 'feature="alloc"' --cfg 'feature="race"' --cfg 'feature="std"' --check-cfg 'cfg(docsrs,test)' --check-cfg 'cfg(feature, values("alloc", "atomic-polyfill", "critical-section", "default", "parking_lot", "portable-atomic", "race", "std", "unstable"))' -C metadata=b8f88b826377752e -C extra-filename=-49c07b912e02d1e3 --out-dir /__w/waterkit/waterkit/target/debug/deps -L dependency=/__w/waterkit/waterkit/target/debug/deps --cap-lints allow`
Test / ubuntu-latest	UNKNOWN STEP	2026-02-20T20:39:03.0220652Z [1m[92m     Running[0m `/github/home/.rustup/toolchains/nightly-x86_64-unknown-linux-gnu/bin/rustc --crate-name rustix --edition=2021 /github/home/.cargo/registry/src/index.crates.io-1949cf8c6b5b557f/rustix-1.1.3/src/lib.rs --error-format=json --json=diagnostic-rendered-ansi,artifacts,future-incompat --crate-type lib --emit=dep-info,metadata,link -C embed-bitcode=no --warn=unexpected_cfgs --check-cfg 'cfg(alloc_c_string)' --check-cfg 'cfg(alloc_ffi)' --check-cfg 'cfg(apple)' --check-cfg 'cfg(asm_experimental_arch)' --check-cfg 'cfg(bsd)' --check-cfg 'cfg(core_c_str)' --check-cfg 'cfg(core_ffi_c)' --check-cfg 'cfg(core_intrinsics)' --check-cfg 'cfg(criterion)' --check-cfg 'cfg(document_experimental_runtime_api)' --check-cfg 'cfg(error_in_core)' --check-cfg 'cfg(fix_y2038)' --check-cfg 'cfg(freebsdlike)' --check-cfg 'cfg(libc)' --check-cfg 'cfg(linux_kernel)' --check-cfg 'cfg(linux_like)' --check-cfg 'cfg(linux_raw)' --check-cfg 'cfg(linux_raw_dep)' --check-cfg 'cfg(lower_upper_exp_for_non_zero)' --check-cfg 'cfg(sanitize_memory)' --check-cfg 'cfg(netbsdlike)' --check-cfg 'cfg(rustc_attrs)' --check-cfg 'cfg(rustc_diagnostics)' --check-cfg 'cfg(solarish)' --check-cfg 'cfg(staged_api)' --check-cfg 'cfg(static_assertions)' --check-cfg 'cfg(thumb_mode)' --check-cfg 'cfg(wasi)' --check-cfg 'cfg(wasi_ext)' --check-cfg 'cfg(wasip2)' --check-cfg 'cfg(target_arch, values("xtensa"))' --check-cfg 'cfg(target_os, values("cygwin"))' --cfg 'feature="alloc"' --cfg 'feature="default"' --cfg 'feature="fs"' --cfg 'feature="std"' --check-cfg 'cfg(docsrs,test)' --check-cfg 'cfg(feature, values("all-apis", "alloc", "core", "default", "event", "fs", "io_uring", "libc", "libc_errno", "linux_4_11", "linux_5_1", "linux_5_11", "linux_latest", "mm", "mount", "net", "param", "pipe", "process", "pty", "rand", "runtime", "rustc-dep-of-std", "rustc-std-workspace-alloc", "shm", "std", "stdio", "system", "termios", "thread", "time", "try_close", "use-explicitly-provided-auxv", "use-libc", "use-libc-auxv"))' -C metadata=fd894c2fecdcccbf -C extra-filename=-194881227704fe85 --out-dir /__w/waterkit/waterkit/target/debug/deps -L dependency=/__w/waterkit/waterkit/target/debug/deps --extern bitflags=/__w/waterkit/waterkit/target/debug/deps/libbitflags-ccf1cefa6e5b3c4f.rmeta --extern linux_raw_sys=/__w/waterkit/waterkit/target/debug/deps/liblinux_raw_sys-f5ea344991b0e4f4.rmeta --cap-lints allow --cfg static_assertions --cfg lower_upper_exp_for_non_zero --cfg rustc_diagnostics --cfg linux_raw_dep --cfg linux_raw --cfg linux_like --cfg linux_kernel`
Test / ubuntu-latest	UNKNOWN STEP	2026-02-20T20:39:03.0394819Z [1m[92m   Compiling[0m shlex v1.3.0
Test / ubuntu-latest	UNKNOWN STEP	2026-02-20T20:39:03.0404910Z [1m[92m     Running[0m `/github/home/.rustup/toolchains/nightly-x86_64-unknown-linux-gnu/bin/rustc --crate-name shlex --edition=2015 /github/home/.cargo/registry/src/index.crates.io-1949cf8c6b5b557f/shlex-1.3.0/src/lib.rs --error-format=json --json=diagnostic-rendered-ansi,artifacts,future-incompat --crate-type lib --emit=dep-info,metadata,link -C embed-bitcode=no --cfg 'feature="default"' --cfg 'feature="std"' --check-cfg 'cfg(docsrs,test)' --check-cfg 'cfg(feature, values("default", "std"))' -C metadata=5119dce769441d3c -C extra-filename=-e8c7a80568050100 --out-dir /__w/waterkit/waterkit/target/debug/deps -L dependency=/__w/waterkit/waterkit/target/debug/deps --cap-lints allow`
Test / ubuntu-latest	UNKNOWN STEP	2026-02-20T20:39:03.1855641Z [1m[92m     Running[0m `/github/home/.rustup/toolchains/nightly-x86_64-unknown-linux-gnu/bin/rustc --crate-name crossbeam_utils --edition=2021 /github/home/.cargo/registry/src/index.crates.io-1949cf8c6b5b557f/crossbeam-utils-0.8.21/src/lib.rs --error-format=json --json=diagnostic-rendered-ansi,artifacts,future-incompat --crate-type lib --emit=dep-info,metadata,link -C embed-bitcode=no -C debuginfo=2 --warn=unexpected_cfgs '--allow=clippy::lint_groups_priority' '--allow=clippy::declare_interior_mutable_const' --check-cfg 'cfg(crossbeam_loom)' --check-cfg 'cfg(crossbeam_sanitize)' --cfg 'feature="default"' --cfg 'feature="std"' --check-cfg 'cfg(docsrs,test)' --check-cfg 'cfg(feature, values("default", "loom", "nightly", "std"))' -C metadata=6eb475c6d68d19ef -C extra-filename=-1ab00d54e6c79ffa --out-dir /__w/waterkit/waterkit/target/debug/deps -L dependency=/__w/waterkit/waterkit/target/debug/deps --cap-lints allow --check-cfg 'cfg(crossbeam_no_atomic,crossbeam_sanitize_thread)'`
Test / ubuntu-latest	UNKNOWN STEP	2026-02-20T20:39:03.7338004Z [1m[92m   Compiling[0m value-bag v1.12.0
Test / ubuntu-latest	UNKNOWN STEP	2026-02-20T20:39:03.7349993Z [1m[92m     Running[0m `/github/home/.rustup/toolchains/nightly-x86_64-unknown-linux-gnu/bin/rustc --crate-name value_bag --edition=2021 /github/home/.cargo/registry/src/index.crates.io-1949cf8c6b5b557f/value-bag-1.12.0/src/lib.rs --error-format=json --json=diagnostic-rendered-ansi,artifacts,future-incompat --crate-type lib --emit=dep-info,metadata,link -C embed-bitcode=no -C debuginfo=2 --cfg 'feature="inline-i128"' --check-cfg 'cfg(docsrs,test)' --check-cfg 'cfg(feature, values("alloc", "error", "inline-i128", "inline-str", "owned", "seq", "serde", "serde1", "std", "sval", "sval2", "test", "value-bag-serde1", "value-bag-sval2"))' -C metadata=a82d5370d218534b -C extra-filename=-5fd9a2efccf894a0 --out-dir /__w/waterkit/waterkit/target/debug/deps -L dependency=/__w/waterkit/waterkit/target/debug/deps --cap-lints allow`
Test / ubuntu-latest	UNKNOWN STEP	2026-02-20T20:39:03.9992850Z [1m[92m   Compiling[0m log v0.4.29
Test / ubuntu-latest	UNKNOWN STEP	2026-02-20T20:39:04.0007853Z [1m[92m     Running[0m `/github/home/.rustup/toolchains/nightly-x86_64-unknown-linux-gnu/bin/rustc --crate-name log --edition=2021 /github/home/.cargo/registry/src/index.crates.io-1949cf8c6b5b557f/log-0.4.29/src/lib.rs --error-format=json --json=diagnostic-rendered-ansi,artifacts,future-incompat --crate-type lib --emit=dep-info,metadata,link -C embed-bitcode=no -C debuginfo=2 --cfg 'feature="kv"' --cfg 'feature="kv_unstable"' --cfg 'feature="std"' --cfg 'feature="value-bag"' --check-cfg 'cfg(docsrs,test)' --check-cfg 'cfg(feature, values("kv", "kv_serde", "kv_std", "kv_sval", "kv_unstable", "kv_unstable_serde", "kv_unstable_std", "kv_unstable_sval", "max_level_debug", "max_level_error", "max_level_info", "max_level_off", "max_level_trace", "max_level_warn", "release_max_level_debug", "release_max_level_error", "release_max_level_info", "release_max_level_off", "release_max_level_trace", "release_max_level_warn", "serde", "serde_core", "std", "sval", "sval_ref", "value-bag"))' -C metadata=258a311c9d869cb7 -C extra-filename=-2f944dc4363dc0db --out-dir /__w/waterkit/waterkit/target/debug/deps -L dependency=/__w/waterkit/waterkit/target/debug/deps --extern value_bag=/__w/waterkit/waterkit/target/debug/deps/libvalue_bag-5fd9a2efccf894a0.rmeta --cap-lints allow`
Test / ubuntu-latest	UNKNOWN STEP	2026-02-20T20:39:04.4081149Z [1m[92m   Compiling[0m jobserver v0.1.34
Test / ubuntu-latest	UNKNOWN STEP	2026-02-20T20:39:04.4089147Z [1m[92m     Running[0m `/github/home/.rustup/toolchains/nightly-x86_64-unknown-linux-gnu/bin/rustc --crate-name jobserver --edition=2021 /github/home/.cargo/registry/src/index.crates.io-1949cf8c6b5b557f/jobserver-0.1.34/src/lib.rs --error-format=json --json=diagnostic-rendered-ansi,artifacts,future-incompat --crate-type lib --emit=dep-info,metadata,link -C embed-bitcode=no --check-cfg 'cfg(docsrs,test)' --check-cfg 'cfg(feature, values())' -C metadata=25d5d79671433356 -C extra-filename=-fabb1336dc68cb90 --out-dir /__w/waterkit/waterkit/target/debug/deps -L dependency=/__w/waterkit/waterkit/target/debug/deps --extern libc=/__w/waterkit/waterkit/target/debug/deps/liblibc-daa6a27b3be417a1.rmeta --cap-lints allow`
Test / ubuntu-latest	UNKNOWN STEP	2026-02-20T20:39:04.7240952Z [1m[92m   Compiling[0m tempfile v3.25.0
Test / ubuntu-latest	UNKNOWN STEP	2026-02-20T20:39:04.7251512Z [1m[92m     Running[0m `/github/home/.rustup/toolchains/nightly-x86_64-unknown-linux-gnu/bin/rustc --crate-name tempfile --edition=2021 /github/home/.cargo/registry/src/index.crates.io-1949cf8c6b5b557f/tempfile-3.25.0/src/lib.rs --error-format=json --json=diagnostic-rendered-ansi,artifacts,future-incompat --crate-type lib --emit=dep-info,metadata,link -C embed-bitcode=no --cfg 'feature="default"' --cfg 'feature="getrandom"' --check-cfg 'cfg(docsrs,test)' --check-cfg 'cfg(feature, values("default", "getrandom", "nightly"))' -C metadata=fa78e088ef865370 -C extra-filename=-de851e23aed40b4d --out-dir /__w/waterkit/waterkit/target/debug/deps -L dependency=/__w/waterkit/waterkit/target/debug/deps --extern fastrand=/__w/waterkit/waterkit/target/debug/deps/libfastrand-ecdbacb34276294a.rmeta --extern getrandom=/__w/waterkit/waterkit/target/debug/deps/libgetrandom-12fa53cd46712832.rmeta --extern once_cell=/__w/waterkit/waterkit/target/debug/deps/libonce_cell-49c07b912e02d1e3.rmeta --extern rustix=/__w/waterkit/waterkit/target/debug/deps/librustix-194881227704fe85.rmeta --cap-lints allow`
Test / ubuntu-latest	UNKNOWN STEP	2026-02-20T20:39:04.9376900Z [1m[92m   Compiling[0m find-msvc-tools v0.1.9
Test / ubuntu-latest	UNKNOWN STEP	2026-02-20T20:39:04.9388130Z [1m[92m     Running[0m `/github/home/.rustup/toolchains/nightly-x86_64-unknown-linux-gnu/bin/rustc --crate-name find_msvc_tools --edition=2018 /github/home/.cargo/registry/src/index.crates.io-1949cf8c6b5b557f/find-msvc-tools-0.1.9/src/lib.rs --error-format=json --json=diagnostic-rendered-ansi,artifacts,future-incompat --crate-type lib --emit=dep-info,metadata,link -C embed-bitcode=no --allow=unexpected_cfgs --check-cfg 'cfg(disable_clang_cl_tests)' --check-cfg 'cfg(docsrs,test)' --check-cfg 'cfg(feature, values())' -C metadata=5ce9ee00a794640e -C extra-filename=-4dd13e36e4d06e55 --out-dir /__w/waterkit/waterkit/target/debug/deps -L dependency=/__w/waterkit/waterkit/target/debug/deps --cap-lints allow`
Test / ubuntu-latest	UNKNOWN STEP	2026-02-20T20:39:05.1114484Z [1m[92m   Compiling[0m swift-bridge-ir v0.1.59
Test / ubuntu-latest	UNKNOWN STEP	2026-02-20T20:39:05.1128913Z [1m[92m     Running[0m `/github/home/.rustup/toolchains/nightly-x86_64-unknown-linux-gnu/bin/rustc --crate-name swift_bridge_ir --edition=2021 /github/home/.cargo/registry/src/index.crates.io-1949cf8c6b5b557f/swift-bridge-ir-0.1.59/src/lib.rs --error-format=json --json=diagnostic-rendered-ansi,artifacts,future-incompat --crate-type lib --emit=dep-info,metadata,link -C embed-bitcode=no --check-cfg 'cfg(docsrs,test)' --check-cfg 'cfg(feature, values())' -C metadata=94a7d81bccf7203f -C extra-filename=-12bc1be1890690e4 --out-dir /__w/waterkit/waterkit/target/debug/deps -L dependency=/__w/waterkit/waterkit/target/debug/deps --extern proc_macro2=/__w/waterkit/waterkit/target/debug/deps/libproc_macro2-9fe81c40f0b8c0b8.rmeta --extern quote=/__w/waterkit/waterkit/target/debug/deps/libquote-5f37932b4137efa1.rmeta --extern syn=/__w/waterkit/waterkit/target/debug/deps/libsyn-9695fa98730ae7a7.rmeta --cap-lints allow`
Test / ubuntu-latest	UNKNOWN STEP	2026-02-20T20:39:05.1466618Z [1m[92m   Compiling[0m cc v1.2.56
Test / ubuntu-latest	UNKNOWN STEP	2026-02-20T20:39:05.1474960Z [1m[92m     Running[0m `/github/home/.rustup/toolchains/nightly-x86_64-unknown-linux-gnu/bin/rustc --crate-name cc --edition=2018 /github/home/.cargo/registry/src/index.crates.io-1949cf8c6b5b557f/cc-1.2.56/src/lib.rs --error-format=json --json=diagnostic-rendered-ansi,artifacts,future-incompat --crate-type lib --emit=dep-info,metadata,link -C embed-bitcode=no --allow=unexpected_cfgs --check-cfg 'cfg(disable_clang_cl_tests)' --cfg 'feature="parallel"' --check-cfg 'cfg(docsrs,test)' --check-cfg 'cfg(feature, values("jobserver", "parallel"))' -C metadata=a2f1084edc9cb5ad -C extra-filename=-bf89973bbffe1577 --out-dir /__w/waterkit/waterkit/target/debug/deps -L dependency=/__w/waterkit/waterkit/target/debug/deps --extern find_msvc_tools=/__w/waterkit/waterkit/target/debug/deps/libfind_msvc_tools-4dd13e36e4d06e55.rmeta --extern jobserver=/__w/waterkit/waterkit/target/debug/deps/libjobserver-fabb1336dc68cb90.rmeta --extern libc=/__w/waterkit/waterkit/target/debug/deps/liblibc-daa6a27b3be417a1.rmeta --extern shlex=/__w/waterkit/waterkit/target/debug/deps/libshlex-e8c7a80568050100.rmeta --cap-lints allow`
Test / ubuntu-latest	UNKNOWN STEP	2026-02-20T20:39:06.7856795Z [1m[92m   Compiling[0m serde_core v1.0.228
Test / ubuntu-latest	UNKNOWN STEP	2026-02-20T20:39:06.7871446Z [1m[92m     Running[0m `/github/home/.rustup/toolchains/nightly-x86_64-unknown-linux-gnu/bin/rustc --crate-name build_script_build --edition=2021 /github/home/.cargo/registry/src/index.crates.io-1949cf8c6b5b557f/serde_core-1.0.228/build.rs --error-format=json --json=diagnostic-rendered-ansi,artifacts,future-incompat --crate-type bin --emit=dep-info,link -C embed-bitcode=no --cfg 'feature="result"' --cfg 'feature="std"' --check-cfg 'cfg(docsrs,test)' --check-cfg 'cfg(feature, values("alloc", "default", "rc", "result", "std", "unstable"))' -C metadata=ff3d0cf9c796cf9e -C extra-filename=-c44f039cd676198c --out-dir /__w/waterkit/waterkit/target/debug/build/serde_core-c44f039cd676198c -L dependency=/__w/waterkit/waterkit/target/debug/deps --cap-lints allow`
Test / ubuntu-latest	UNKNOWN STEP	2026-02-20T20:39:06.9367913Z [1m[92m   Compiling[0m pkg-config v0.3.32
Test / ubuntu-latest	UNKNOWN STEP	2026-02-20T20:39:06.9378657Z [1m[92m     Running[0m `/github/home/.rustup/toolchains/nightly-x86_64-unknown-linux-gnu/bin/rustc --crate-name pkg_config --edition=2018 /github/home/.cargo/registry/src/index.crates.io-1949cf8c6b5b557f/pkg-config-0.3.32/src/lib.rs --error-format=json --json=diagnostic-rendered-ansi,artifacts,future-incompat --crate-type lib --emit=dep-info,metadata,link -C embed-bitcode=no --check-cfg 'cfg(docsrs,test)' --check-cfg 'cfg(feature, values())' -C metadata=18cc64866961da63 -C extra-filename=-27318cb7412d9ab4 --out-dir /__w/waterkit/waterkit/target/debug/deps -L dependency=/__w/waterkit/waterkit/target/debug/deps --cap-lints allow`
Test / ubuntu-latest	UNKNOWN STEP	2026-02-20T20:39:07.0017721Z [1m[92m     Running[0m `/__w/waterkit/waterkit/target/debug/build/serde_core-c44f039cd676198c/build-script-build`
Test / ubuntu-latest	UNKNOWN STEP	2026-02-20T20:39:07.0351145Z [1m[92m     Running[0m `/github/home/.rustup/toolchains/nightly-x86_64-unknown-linux-gnu/bin/rustc --crate-name serde_core --edition=2021 /github/home/.cargo/registry/src/index.crates.io-1949cf8c6b5b557f/serde_core-1.0.228/src/lib.rs --error-format=json --json=diagnostic-rendered-ansi,artifacts,future-incompat --crate-type lib --emit=dep-info,metadata,link -C embed-bitcode=no -C debuginfo=2 --cfg 'feature="result"' --cfg 'feature="std"' --check-cfg 'cfg(docsrs,test)' --check-cfg 'cfg(feature, values("alloc", "default", "rc", "result", "std", "unstable"))' -C metadata=cdbb61454a8beb0a -C extra-filename=-0239ce017d00b9f5 --out-dir /__w/waterkit/waterkit/target/debug/deps -L dependency=/__w/waterkit/waterkit/target/debug/deps --cap-lints allow --check-cfg 'cfg(if_docsrs_then_no_serde_core)' --check-cfg 'cfg(no_core_cstr)' --check-cfg 'cfg(no_core_error)' --check-cfg 'cfg(no_core_net)' --check-cfg 'cfg(no_core_num_saturating)' --check-cfg 'cfg(no_diagnostic_namespace)' --check-cfg 'cfg(no_serde_derive)' --check-cfg 'cfg(no_std_atomic)' --check-cfg 'cfg(no_std_atomic64)' --check-cfg 'cfg(no_target_has_atomic)'`
Test / ubuntu-latest	UNKNOWN STEP	2026-02-20T20:39:07.1612852Z [1m[92m   Compiling[0m swift-bridge-build v0.1.59
Test / ubuntu-latest	UNKNOWN STEP	2026-02-20T20:39:07.1626880Z [1m[92m     Running[0m `/github/home/.rustup/toolchains/nightly-x86_64-unknown-linux-gnu/bin/rustc --crate-name swift_bridge_build --edition=2021 /github/home/.cargo/registry/src/index.crates.io-1949cf8c6b5b557f/swift-bridge-build-0.1.59/src/lib.rs --error-format=json --json=diagnostic-rendered-ansi,artifacts,future-incompat --crate-type lib --emit=dep-info,metadata,link -C embed-bitcode=no --check-cfg 'cfg(docsrs,test)' --check-cfg 'cfg(feature, values())' -C metadata=e2c917110b457315 -C extra-filename=-60d232434dd800b5 --out-dir /__w/waterkit/waterkit/target/debug/deps -L dependency=/__w/waterkit/waterkit/target/debug/deps --extern proc_macro2=/__w/waterkit/waterkit/target/debug/deps/libproc_macro2-9fe81c40f0b8c0b8.rmeta --extern swift_bridge_ir=/__w/waterkit/waterkit/target/debug/deps/libswift_bridge_ir-12bc1be1890690e4.rmeta --extern syn=/__w/waterkit/waterkit/target/debug/deps/libsyn-9695fa98730ae7a7.rmeta --extern tempfile=/__w/waterkit/waterkit/target/debug/deps/libtempfile-de851e23aed40b4d.rmeta --cap-lints allow`
Test / ubuntu-latest	UNKNOWN STEP	2026-02-20T20:39:07.4144402Z [1m[92m   Compiling[0m waterkit-build v0.1.0 (/__w/waterkit/waterkit/waterkit-build)
Test / ubuntu-latest	UNKNOWN STEP	2026-02-20T20:39:07.4215922Z [1m[92m     Running[0m `/github/home/.rustup/toolchains/nightly-x86_64-unknown-linux-gnu/bin/rustc --crate-name waterkit_build --edition=2024 waterkit-build/src/lib.rs --error-format=json --json=diagnostic-rendered-ansi,artifacts,future-incompat --crate-type lib --emit=dep-info,metadata,link -C embed-bitcode=no --check-cfg 'cfg(docsrs,test)' --check-cfg 'cfg(feature, values())' -C metadata=d9ee57bd0a752212 -C extra-filename=-72ef31a8d426c281 --out-dir /__w/waterkit/waterkit/target/debug/deps -L dependency=/__w/waterkit/waterkit/target/debug/deps --extern swift_bridge_build=/__w/waterkit/waterkit/target/debug/deps/libswift_bridge_build-60d232434dd800b5.rmeta`
Test / ubuntu-latest	UNKNOWN STEP	2026-02-20T20:39:07.4280196Z [1m[92m   Compiling[0m synstructure v0.13.2
Test / ubuntu-latest	UNKNOWN STEP	2026-02-20T20:39:07.4292395Z [1m[92m     Running[0m `/github/home/.rustup/toolchains/nightly-x86_64-unknown-linux-gnu/bin/rustc --crate-name synstructure --edition=2018 /github/home/.cargo/registry/src/index.crates.io-1949cf8c6b5b557f/synstructure-0.13.2/src/lib.rs --error-format=json --json=diagnostic-rendered-ansi,artifacts,future-incompat --crate-type lib --emit=dep-info,metadata,link -C embed-bitcode=no --cfg 'feature="default"' --cfg 'feature="proc-macro"' --check-cfg 'cfg(docsrs,test)' --check-cfg 'cfg(feature, values("default", "proc-macro"))' -C metadata=9169ac01e75e7cda -C extra-filename=-3488c15f4527d727 --out-dir /__w/waterkit/waterkit/target/debug/deps -L dependency=/__w/waterkit/waterkit/target/debug/deps --extern proc_macro2=/__w/waterkit/waterkit/target/debug/deps/libproc_macro2-9fe81c40f0b8c0b8.rmeta --extern quote=/__w/waterkit/waterkit/target/debug/deps/libquote-5f37932b4137efa1.rmeta --extern syn=/__w/waterkit/waterkit/target/debug/deps/libsyn-56cc86ffab105581.rmeta --cap-lints allow`
Test / ubuntu-latest	UNKNOWN STEP	2026-02-20T20:39:07.5882480Z [1m[92m   Compiling[0m stable_deref_trait v1.2.1
Test / ubuntu-latest	UNKNOWN STEP	2026-02-20T20:39:07.5892948Z [1m[92m     Running[0m `/github/home/.rustup/toolchains/nightly-x86_64-unknown-linux-gnu/bin/rustc --crate-name stable_deref_trait --edition=2015 /github/home/.cargo/registry/src/index.crates.io-1949cf8c6b5b557f/stable_deref_trait-1.2.1/src/lib.rs --error-format=json --json=diagnostic-rendered-ansi,artifacts,future-incompat --crate-type lib --emit=dep-info,metadata,link -C embed-bitcode=no -C debuginfo=2 --check-cfg 'cfg(docsrs,test)' --check-cfg 'cfg(feature, values("alloc", "default", "std"))' -C metadata=661c821a80c8243d -C extra-filename=-d13fd163da2fc199 --out-dir /__w/waterkit/waterkit/target/debug/deps -L dependency=/__w/waterkit/waterkit/target/debug/deps --cap-lints allow`
Test / ubuntu-latest	UNKNOWN STEP	2026-02-20T20:39:07.6351109Z [1m[92m   Compiling[0m smallvec v1.15.1
Test / ubuntu-latest	UNKNOWN STEP	2026-02-20T20:39:07.6363450Z [1m[92m     Running[0m `/github/home/.rustup/toolchains/nightly-x86_64-unknown-linux-gnu/bin/rustc --crate-name smallvec --edition=2018 /github/home/.cargo/registry/src/index.crates.io-1949cf8c6b5b557f/smallvec-1.15.1/src/lib.rs --error-format=json --json=diagnostic-rendered-ansi,artifacts,future-incompat --crate-type lib --emit=dep-info,metadata,link -C embed-bitcode=no -C debuginfo=2 --cfg 'feature="const_generics"' --cfg 'feature="const_new"' --cfg 'feature="union"' --check-cfg 'cfg(docsrs,test)' --check-cfg 'cfg(feature, values("arbitrary", "bincode", "const_generics", "const_new", "debugger_visualizer", "drain_filter", "drain_keep_rest", "impl_bincode", "malloc_size_of", "may_dangle", "serde", "specialization", "union", "unty", "write"))' -C metadata=2b4bce678122909b -C extra-filename=-e23cfd1cc88132d6 --out-dir /__w/waterkit/waterkit/target/debug/deps -L dependency=/__w/waterkit/waterkit/target/debug/deps --cap-lints allow`
Test / ubuntu-latest	UNKNOWN STEP	2026-02-20T20:39:07.8137502Z [1m[92m   Compiling[0m serde v1.0.228
Test / ubuntu-latest	UNKNOWN STEP	2026-02-20T20:39:07.8145546Z [1m[92m     Running[0m `/github/home/.rustup/toolchains/nightly-x86_64-unknown-linux-gnu/bin/rustc --crate-name build_script_build --edition=2021 /github/home/.cargo/registry/src/index.crates.io-1949cf8c6b5b557f/serde-1.0.228/build.rs --error-format=json --json=diagnostic-rendered-ansi,artifacts,future-incompat --crate-type bin --emit=dep-info,link -C embed-bitcode=no --cfg 'feature="default"' --cfg 'feature="derive"' --cfg 'feature="serde_derive"' --cfg 'feature="std"' --check-cfg 'cfg(docsrs,test)' --check-cfg 'cfg(feature, values("alloc", "default", "derive", "rc", "serde_derive", "std", "unstable"))' -C metadata=6b910350a609e066 -C extra-filename=-4c6639c325e28d82 --out-dir /__w/waterkit/waterkit/target/debug/build/serde-4c6639c325e28d82 -L dependency=/__w/waterkit/waterkit/target/debug/deps --cap-lints allow`
Test / ubuntu-latest	UNKNOWN STEP	2026-02-20T20:39:08.0015691Z [1m[92m   Compiling[0m serde_derive v1.0.228
Test / ubuntu-latest	UNKNOWN STEP	2026-02-20T20:39:08.0026877Z [1m[92m     Running[0m `/github/home/.rustup/toolchains/nightly-x86_64-unknown-linux-gnu/bin/rustc --crate-name serde_derive --edition=2021 /github/home/.cargo/registry/src/index.crates.io-1949cf8c6b5b557f/serde_derive-1.0.228/src/lib.rs --error-format=json --json=diagnostic-rendered-ansi,artifacts,future-incompat --crate-type proc-macro --emit=dep-info,link -C prefer-dynamic -C embed-bitcode=no --cfg 'feature="default"' --check-cfg 'cfg(docsrs,test)' --check-cfg 'cfg(feature, values("default", "deserialize_in_place"))' -C metadata=b945707a57ecb993 -C extra-filename=-b29578af610180c4 --out-dir /__w/waterkit/waterkit/target/debug/deps -L dependency=/__w/waterkit/waterkit/target/debug/deps --extern proc_macro2=/__w/waterkit/waterkit/target/debug/deps/libproc_macro2-9fe81c40f0b8c0b8.rlib --extern quote=/__w/waterkit/waterkit/target/debug/deps/libquote-5f37932b4137efa1.rlib --extern syn=/__w/waterkit/waterkit/target/debug/deps/libsyn-56cc86ffab105581.rlib --extern proc_macro --cap-lints allow`
Test / ubuntu-latest	UNKNOWN STEP	2026-02-20T20:39:08.0162834Z [1m[92m     Running[0m `/__w/waterkit/waterkit/target/debug/build/serde-4c6639c325e28d82/build-script-build`
Test / ubuntu-latest	UNKNOWN STEP	2026-02-20T20:39:08.0463272Z [1m[92m     Running[0m `/github/home/.rustup/toolchains/nightly-x86_64-unknown-linux-gnu/bin/rustc --crate-name once_cell --edition=2021 /github/home/.cargo/registry/src/index.crates.io-1949cf8c6b5b557f/once_cell-1.21.3/src/lib.rs --error-format=json --json=diagnostic-rendered-ansi,artifacts,future-incompat --crate-type lib --emit=dep-info,metadata,link -C embed-bitcode=no -C debuginfo=2 --cfg 'feature="alloc"' --cfg 'feature="default"' --cfg 'feature="race"' --cfg 'feature="std"' --check-cfg 'cfg(docsrs,test)' --check-cfg 'cfg(feature, values("alloc", "atomic-polyfill", "critical-section", "default", "parking_lot", "portable-atomic", "race", "std", "unstable"))' -C metadata=ccbe334cb2c025a1 -C extra-filename=-6c5ecd365f058077 --out-dir /__w/waterkit/waterkit/target/debug/deps -L dependency=/__w/waterkit/waterkit/target/debug/deps --cap-lints allow`
Test / ubuntu-latest	UNKNOWN STEP	2026-02-20T20:39:08.2179660Z [1m[92m   Compiling[0m zerofrom-derive v0.1.6
Test / ubuntu-latest	UNKNOWN STEP	2026-02-20T20:39:08.2197236Z [1m[92m     Running[0m `/github/home/.rustup/toolchains/nightly-x86_64-unknown-linux-gnu/bin/rustc --crate-name zerofrom_derive --edition=2021 /github/home/.cargo/registry/src/index.crates.io-1949cf8c6b5b557f/zerofrom-derive-0.1.6/src/lib.rs --error-format=json --json=diagnostic-rendered-ansi,artifacts,future-incompat --crate-type proc-macro --emit=dep-info,link -C prefer-dynamic -C embed-bitcode=no --check-cfg 'cfg(docsrs,test)' --check-cfg 'cfg(feature, values())' -C metadata=ec1d07f5b0e6ff7d -C extra-filename=-e6093d76786a5a83 --out-dir /__w/waterkit/waterkit/target/debug/deps -L dependency=/__w/waterkit/waterkit/target/debug/deps --extern proc_macro2=/__w/waterkit/waterkit/target/debug/deps/libproc_macro2-9fe81c40f0b8c0b8.rlib --extern quote=/__w/waterkit/waterkit/target/debug/deps/libquote-5f37932b4137efa1.rlib --extern syn=/__w/waterkit/waterkit/target/debug/deps/libsyn-56cc86ffab105581.rlib --extern synstructure=/__w/waterkit/waterkit/target/debug/deps/libsynstructure-3488c15f4527d727.rlib --extern proc_macro --cap-lints allow`
Test / ubuntu-latest	UNKNOWN STEP	2026-02-20T20:39:08.6356535Z [1m[92m   Compiling[0m yoke-derive v0.8.1
Test / ubuntu-latest	UNKNOWN STEP	2026-02-20T20:39:08.6373654Z [1m[92m     Running[0m `/github/home/.rustup/toolchains/nightly-x86_64-unknown-linux-gnu/bin/rustc --crate-name yoke_derive --edition=2021 /github/home/.cargo/registry/src/index.crates.io-1949cf8c6b5b557f/yoke-derive-0.8.1/src/lib.rs --error-format=json --json=diagnostic-rendered-ansi,artifacts,future-incompat --crate-type proc-macro --emit=dep-info,link -C prefer-dynamic -C embed-bitcode=no --check-cfg 'cfg(docsrs,test)' --check-cfg 'cfg(feature, values())' -C metadata=b1c85bd6596cabe9 -C extra-filename=-b9ccd6d85f1b28d1 --out-dir /__w/waterkit/waterkit/target/debug/deps -L dependency=/__w/waterkit/waterkit/target/debug/deps --extern proc_macro2=/__w/waterkit/waterkit/target/debug/deps/libproc_macro2-9fe81c40f0b8c0b8.rlib --extern quote=/__w/waterkit/waterkit/target/debug/deps/libquote-5f37932b4137efa1.rlib --extern syn=/__w/waterkit/waterkit/target/debug/deps/libsyn-56cc86ffab105581.rlib --extern synstructure=/__w/waterkit/waterkit/target/debug/deps/libsynstructure-3488c15f4527d727.rlib --extern proc_macro --cap-lints allow`
Test / ubuntu-latest	UNKNOWN STEP	2026-02-20T20:39:09.4505124Z [1m[92m   Compiling[0m zerofrom v0.1.6
Test / ubuntu-latest	UNKNOWN STEP	2026-02-20T20:39:09.4516040Z [1m[92m     Running[0m `/github/home/.rustup/toolchains/nightly-x86_64-unknown-linux-gnu/bin/rustc --crate-name zerofrom --edition=2021 /github/home/.cargo/registry/src/index.crates.io-1949cf8c6b5b557f/zerofrom-0.1.6/src/lib.rs --error-format=json --json=diagnostic-rendered-ansi,artifacts,future-incompat --crate-type lib --emit=dep-info,metadata,link -C embed-bitcode=no -C debuginfo=2 --cfg 'feature="derive"' --check-cfg 'cfg(docsrs,test)' --check-cfg 'cfg(feature, values("alloc", "default", "derive"))' -C metadata=05870ff451fde8c6 -C extra-filename=-f91d6572e52ea573 --out-dir /__w/waterkit/waterkit/target/debug/deps -L dependency=/__w/waterkit/waterkit/target/debug/deps --extern zerofrom_derive=/__w/waterkit/waterkit/target/debug/deps/libzerofrom_derive-e6093d76786a5a83.so --cap-lints allow`
Test / ubuntu-latest	UNKNOWN STEP	2026-02-20T20:39:09.5225347Z [1m[92m   Compiling[0m zerovec-derive v0.11.2
Test / ubuntu-latest	UNKNOWN STEP	2026-02-20T20:39:09.5235097Z [1m[92m     Running[0m `/github/home/.rustup/toolchains/nightly-x86_64-unknown-linux-gnu/bin/rustc --crate-name zerovec_derive --edition=2021 /github/home/.cargo/registry/src/index.crates.io-1949cf8c6b5b557f/zerovec-derive-0.11.2/src/lib.rs --error-format=json --json=diagnostic-rendered-ansi,artifacts,future-incompat --crate-type proc-macro --emit=dep-info,link -C prefer-dynamic -C embed-bitcode=no --check-cfg 'cfg(docsrs,test)' --check-cfg 'cfg(feature, values())' -C metadata=f880d613125d7c3c -C extra-filename=-0500eb733c0fd6d5 --out-dir /__w/waterkit/waterkit/target/debug/deps -L dependency=/__w/waterkit/waterkit/target/debug/deps --extern proc_macro2=/__w/waterkit/waterkit/target/debug/deps/libproc_macro2-9fe81c40f0b8c0b8.rlib --extern quote=/__w/waterkit/waterkit/target/debug/deps/libquote-5f37932b4137efa1.rlib --extern syn=/__w/waterkit/waterkit/target/debug/deps/libsyn-56cc86ffab105581.rlib --extern proc_macro --cap-lints allow`
Test / ubuntu-latest	UNKNOWN STEP	2026-02-20T20:39:09.5332472Z [1m[92m   Compiling[0m pin-project-lite v0.2.16
Test / ubuntu-latest	UNKNOWN STEP	2026-02-20T20:39:09.5357712Z [1m[92m     Running[0m `/github/home/.rustup/toolchains/nightly-x86_64-unknown-linux-gnu/bin/rustc --crate-name pin_project_lite --edition=2018 /github/home/.cargo/registry/src/index.crates.io-1949cf8c6b5b557f/pin-project-lite-0.2.16/src/lib.rs --error-format=json --json=diagnostic-rendered-ansi,artifacts,future-incompat --crate-type lib --emit=dep-info,metadata,link -C embed-bitcode=no -C debuginfo=2 --warn=unreachable_pub --warn=unexpected_cfgs '--warn=clippy::undocumented_unsafe_blocks' '--warn=clippy::transmute_undefined_repr' '--warn=clippy::trailing_empty_array' --warn=single_use_lifetimes --warn=rust_2018_idioms '--warn=clippy::pedantic' --warn=non_ascii_idents '--warn=clippy::inline_asm_x86_att_syntax' --warn=improper_ctypes_definitions --warn=improper_ctypes --warn=deprecated_safe '--warn=clippy::default_union_representation' '--warn=clippy::as_underscore' '--warn=clippy::as_ptr_cast_mut' '--warn=clippy::all' '--allow=clippy::unreadable_literal' '--allow=clippy::type_complexity' '--allow=clippy::too_many_lines' '--allow=clippy::too_many_arguments' '--allow=clippy::struct_field_names' '--allow=clippy::struct_excessive_bools' '--allow=clippy::single_match_else' '--allow=clippy::single_match' '--allow=clippy::similar_names' '--allow=clippy::range_plus_one' '--allow=clippy::nonminimal_bool' '--allow=clippy::naive_bytecount' '--allow=clippy::module_name_repetitions' '--allow=clippy::missing_errors_doc' '--allow=clippy::manual_range_contains' '--allow=clippy::manual_assert' '--allow=clippy::lint_groups_priority' '--allow=clippy::incompatible_msrv' '--allow=clippy::float_cmp' '--allow=clippy::doc_markdown' '--allow=clippy::declare_interior_mutable_const' '--allow=clippy::cast_lossless' '--allow=clippy::borrow_as_ptr' '--allow=clippy::bool_assert_comparison' --check-cfg 'cfg(docsrs,test)' --check-cfg 'cfg(feature, values())' -C metadata=62dca504e616439b -C extra-filename=-8ceaaa5d1655a324 --out-dir /__w/waterkit/waterkit/target/debug/deps -L dependency=/__w/waterkit/waterkit/target/debug/deps --cap-lints allow`
Test / ubuntu-latest	UNKNOWN STEP	2026-02-20T20:39:09.5906094Z [1m[92m   Compiling[0m displaydoc v0.2.5
Test / ubuntu-latest	UNKNOWN STEP	2026-02-20T20:39:09.5919431Z [1m[92m     Running[0m `/github/home/.rustup/toolchains/nightly-x86_64-unknown-linux-gnu/bin/rustc --crate-name displaydoc --edition=2021 /github/home/.cargo/registry/src/index.crates.io-1949cf8c6b5b557f/displaydoc-0.2.5/src/lib.rs --error-format=json --json=diagnostic-rendered-ansi,artifacts,future-incompat --crate-type proc-macro --emit=dep-info,link -C prefer-dynamic -C embed-bitcode=no --check-cfg 'cfg(docsrs,test)' --check-cfg 'cfg(feature, values("default", "std"))' -C metadata=ea046f74c9ec4a21 -C extra-filename=-c0a0fb2c7101810a --out-dir /__w/waterkit/waterkit/target/debug/deps -L dependency=/__w/waterkit/waterkit/target/debug/deps --extern proc_macro2=/__w/waterkit/waterkit/target/debug/deps/libproc_macro2-9fe81c40f0b8c0b8.rlib --extern quote=/__w/waterkit/waterkit/target/debug/deps/libquote-5f37932b4137efa1.rlib --extern syn=/__w/waterkit/waterkit/target/debug/deps/libsyn-56cc86ffab105581.rlib --extern proc_macro --cap-lints allow`
Test / ubuntu-latest	UNKNOWN STEP	2026-02-20T20:39:09.5992170Z [1m[92m   Compiling[0m yoke v0.8.1
Test / ubuntu-latest	UNKNOWN STEP	2026-02-20T20:39:09.6063485Z [1m[92m     Running[0m `/github/home/.rustup/toolchains/nightly-x86_64-unknown-linux-gnu/bin/rustc --crate-name yoke --edition=2021 /github/home/.cargo/registry/src/index.crates.io-1949cf8c6b5b557f/yoke-0.8.1/src/lib.rs --error-format=json --json=diagnostic-rendered-ansi,artifacts,future-incompat --crate-type lib --emit=dep-info,metadata,link -C embed-bitcode=no -C debuginfo=2 --cfg 'feature="derive"' --cfg 'feature="zerofrom"' --check-cfg 'cfg(docsrs,test)' --check-cfg 'cfg(feature, values("alloc", "default", "derive", "serde", "zerofrom"))' -C metadata=e2150f0b2d12252f -C extra-filename=-eaf104389ff3d917 --out-dir /__w/waterkit/waterkit/target/debug/deps -L dependency=/__w/waterkit/waterkit/target/debug/deps --extern stable_deref_trait=/__w/waterkit/waterkit/target/debug/deps/libstable_deref_trait-d13fd163da2fc199.rmeta --extern yoke_derive=/__w/waterkit/waterkit/target/debug/deps/libyoke_derive-b9ccd6d85f1b28d1.so --extern zerofrom=/__w/waterkit/waterkit/target/debug/deps/libzerofrom-f91d6572e52ea573.rmeta --cap-lints allow`
Test / ubuntu-latest	UNKNOWN STEP	2026-02-20T20:39:09.7419935Z [1m[92m   Compiling[0m futures-core v0.3.32
Test / ubuntu-latest	UNKNOWN STEP	2026-02-20T20:39:09.7435895Z [1m[92m     Running[0m `/github/home/.rustup/toolchains/nightly-x86_64-unknown-linux-gnu/bin/rustc --crate-name futures_core --edition=2018 /github/home/.cargo/registry/src/index.crates.io-1949cf8c6b5b557f/futures-core-0.3.32/src/lib.rs --error-format=json --json=diagnostic-rendered-ansi,artifacts,future-incompat --crate-type lib --emit=dep-info,metadata,link -C embed-bitcode=no -C debuginfo=2 --warn=unreachable_pub --warn=unexpected_cfgs --warn=single_use_lifetimes --warn=rust_2018_idioms --warn=missing_debug_implementations --check-cfg 'cfg(futures_sanitizer)' --cfg 'feature="alloc"' --cfg 'feature="default"' --cfg 'feature="std"' --check-cfg 'cfg(docsrs,test)' --check-cfg 'cfg(feature, values("alloc", "cfg-target-has-atomic", "default", "portable-atomic", "std", "unstable"))' -C metadata=a9c2d41c4469b5b3 -C extra-filename=-2d7bb4d1409fb0c1 --out-dir /__w/waterkit/waterkit/target/debug/deps -L dependency=/__w/waterkit/waterkit/target/debug/deps --cap-lints allow`
Test / ubuntu-latest	UNKNOWN STEP	2026-02-20T20:39:09.8475094Z [1m[92m     Running[0m `/github/home/.rustup/toolchains/nightly-x86_64-unknown-linux-gnu/bin/rustc --crate-name build_script_build --edition=2021 /github/home/.cargo/registry/src/index.crates.io-1949cf8c6b5b557f/rustix-1.1.3/build.rs --error-format=json --json=diagnostic-rendered-ansi,artifacts,future-incompat --crate-type bin --emit=dep-info,link -C embed-bitcode=no --warn=unexpected_cfgs --check-cfg 'cfg(alloc_c_string)' --check-cfg 'cfg(alloc_ffi)' --check-cfg 'cfg(apple)' --check-cfg 'cfg(asm_experimental_arch)' --check-cfg 'cfg(bsd)' --check-cfg 'cfg(core_c_str)' --check-cfg 'cfg(core_ffi_c)' --check-cfg 'cfg(core_intrinsics)' --check-cfg 'cfg(criterion)' --check-cfg 'cfg(document_experimental_runtime_api)' --check-cfg 'cfg(error_in_core)' --check-cfg 'cfg(fix_y2038)' --check-cfg 'cfg(freebsdlike)' --check-cfg 'cfg(libc)' --check-cfg 'cfg(linux_kernel)' --check-cfg 'cfg(linux_like)' --check-cfg 'cfg(linux_raw)' --check-cfg 'cfg(linux_raw_dep)' --check-cfg 'cfg(lower_upper_exp_for_non_zero)' --check-cfg 'cfg(sanitize_memory)' --check-cfg 'cfg(netbsdlike)' --check-cfg 'cfg(rustc_attrs)' --check-cfg 'cfg(rustc_diagnostics)' --check-cfg 'cfg(solarish)' --check-cfg 'cfg(staged_api)' --check-cfg 'cfg(static_assertions)' --check-cfg 'cfg(thumb_mode)' --check-cfg 'cfg(wasi)' --check-cfg 'cfg(wasi_ext)' --check-cfg 'cfg(wasip2)' --check-cfg 'cfg(target_arch, values("xtensa"))' --check-cfg 'cfg(target_os, values("cygwin"))' --cfg 'feature="alloc"' --cfg 'feature="default"' --cfg 'feature="event"' --cfg 'feature="fs"' --cfg 'feature="net"' --cfg 'feature="pipe"' --cfg 'feature="process"' --cfg 'feature="std"' --cfg 'feature="system"' --cfg 'feature="termios"' --cfg 'feature="time"' --check-cfg 'cfg(docsrs,test)' --check-cfg 'cfg(feature, values("all-apis", "alloc", "core", "default", "event", "fs", "io_uring", "libc", "libc_errno", "linux_4_11", "linux_5_1", "linux_5_11", "linux_latest", "mm", "mount", "net", "param", "pipe", "process", "pty", "rand", "runtime", "rustc-dep-of-std", "rustc-std-workspace-alloc", "shm", "std", "stdio", "system", "termios", "thread", "time", "try_close", "use-explicitly-provided-auxv", "use-libc", "use-libc-auxv"))' -C metadata=3c03a51f1c808dda -C extra-filename=-d4681eb6f1e34cd2 --out-dir /__w/waterkit/waterkit/target/debug/build/rustix-d4681eb6f1e34cd2 -L dependency=/__w/waterkit/waterkit/target/debug/deps --cap-lints allow`
Test / ubuntu-latest	UNKNOWN STEP	2026-02-20T20:39:10.0922154Z [1m[92m     Running[0m `/__w/waterkit/waterkit/target/debug/build/rustix-d4681eb6f1e34cd2/build-script-build`
Test / ubuntu-latest	UNKNOWN STEP	2026-02-20T20:39:10.1490928Z [1m[92m     Running[0m `/github/home/.rustup/toolchains/nightly-x86_64-unknown-linux-gnu/bin/rustc --crate-name linux_raw_sys --edition=2021 /github/home/.cargo/registry/src/index.crates.io-1949cf8c6b5b557f/linux-raw-sys-0.11.0/src/lib.rs --error-format=json --json=diagnostic-rendered-ansi,artifacts,future-incompat --crate-type lib --emit=dep-info,metadata,link -C embed-bitcode=no -C debuginfo=2 --warn=unexpected_cfgs --check-cfg 'cfg(target_arch, values("xtensa"))' --cfg 'feature="auxvec"' --cfg 'feature="elf"' --cfg 'feature="errno"' --cfg 'feature="general"' --cfg 'feature="if_ether"' --cfg 'feature="ioctl"' --cfg 'feature="net"' --cfg 'feature="netlink"' --cfg 'feature="no_std"' --cfg 'feature="prctl"' --cfg 'feature="system"' --cfg 'feature="xdp"' --check-cfg 'cfg(docsrs,test)' --check-cfg 'cfg(feature, values("auxvec", "bootparam", "btrfs", "core", "default", "elf", "elf_uapi", "errno", "general", "if_arp", "if_ether", "if_packet", "image", "io_uring", "ioctl", "landlock", "loop_device", "mempolicy", "net", "netlink", "no_std", "prctl", "ptrace", "rustc-dep-of-std", "std", "system", "xdp"))' -C metadata=6b1089fda612eb24 -C extra-filename=-9178a136e6346f3b --out-dir /__w/waterkit/waterkit/target/debug/deps -L dependency=/__w/waterkit/waterkit/target/debug/deps --cap-lints allow`
Test / ubuntu-latest	UNKNOWN STEP	2026-02-20T20:39:10.1896121Z [1m[92m   Compiling[0m equivalent v1.0.2
Test / ubuntu-latest	UNKNOWN STEP	2026-02-20T20:39:10.1910452Z [1m[92m     Running[0m `/github/home/.rustup/toolchains/nightly-x86_64-unknown-linux-gnu/bin/rustc --crate-name equivalent --edition=2015 /github/home/.cargo/registry/src/index.crates.io-1949cf8c6b5b557f/equivalent-1.0.2/src/lib.rs --error-format=json --json=diagnostic-rendered-ansi,artifacts,future-incompat --crate-type lib --emit=dep-info,metadata,link -C embed-bitcode=no -C debuginfo=2 --check-cfg 'cfg(docsrs,test)' --check-cfg 'cfg(feature, values())' -C metadata=c5a6edd6b7773200 -C extra-filename=-3ff77df1ac69f53a --out-dir /__w/waterkit/waterkit/target/debug/deps -L dependency=/__w/waterkit/waterkit/target/debug/deps --cap-lints allow`
Test / ubuntu-latest	UNKNOWN STEP	2026-02-20T20:39:10.2377400Z [1m[92m   Compiling[0m litemap v0.8.1
Test / ubuntu-latest	UNKNOWN STEP	2026-02-20T20:39:10.2399012Z [1m[92m     Running[0m `/github/home/.rustup/toolchains/nightly-x86_64-unknown-linux-gnu/bin/rustc --crate-name litemap --edition=2021 /github/home/.cargo/registry/src/index.crates.io-1949cf8c6b5b557f/litemap-0.8.1/src/lib.rs --error-format=json --json=diagnostic-rendered-ansi,artifacts,future-incompat --crate-type lib --emit=dep-info,metadata,link -C embed-bitcode=no -C debuginfo=2 --check-cfg 'cfg(docsrs,test)' --check-cfg 'cfg(feature, values("alloc", "databake", "default", "serde", "testing", "yoke"))' -C metadata=6ab87e9e0b64c3d9 -C extra-filename=-6456a82ad664a8fe --out-dir /__w/waterkit/waterkit/target/debug/deps -L dependency=/__w/waterkit/waterkit/target/debug/deps --cap-lints allow`
Test / ubuntu-latest	UNKNOWN STEP	2026-02-20T20:39:10.4083572Z [1m[92m   Compiling[0m thiserror v2.0.18
Test / ubuntu-latest	UNKNOWN STEP	2026-02-20T20:39:10.4098449Z [1m[92m     Running[0m `/github/home/.rustup/toolchains/nightly-x86_64-unknown-linux-gnu/bin/rustc --crate-name build_script_build --edition=2021 /github/home/.cargo/registry/src/index.crates.io-1949cf8c6b5b557f/thiserror-2.0.18/build.rs --error-format=json --json=diagnostic-rendered-ansi,artifacts,future-incompat --crate-type bin --emit=dep-info,link -C embed-bitcode=no --cfg 'feature="default"' --cfg 'feature="std"' --check-cfg 'cfg(docsrs,test)' --check-cfg 'cfg(feature, values("default", "std"))' -C metadata=6d75fc3a546051c2 -C extra-filename=-0f9d6bb15ed67e50 --out-dir /__w/waterkit/waterkit/target/debug/build/thiserror-0f9d6bb15ed67e50 -L dependency=/__w/waterkit/waterkit/target/debug/deps --cap-lints allow`
Test / ubuntu-latest	UNKNOWN STEP	2026-02-20T20:39:10.5389959Z [1m[92m   Compiling[0m zerovec v0.11.5
Test / ubuntu-latest	UNKNOWN STEP	2026-02-20T20:39:10.5403170Z [1m[92m     Running[0m `/github/home/.rustup/toolchains/nightly-x86_64-unknown-linux-gnu/bin/rustc --crate-name zerovec --edition=2021 /github/home/.cargo/registry/src/index.crates.io-1949cf8c6b5b557f/zerovec-0.11.5/src/lib.rs --error-format=json --json=diagnostic-rendered-ansi,artifacts,future-incompat --crate-type lib --emit=dep-info,metadata,link -C embed-bitcode=no -C debuginfo=2 --cfg 'feature="derive"' --cfg 'feature="yoke"' --check-cfg 'cfg(docsrs,test)' --check-cfg 'cfg(feature, values("alloc", "databake", "derive", "hashmap", "serde", "std", "yoke"))' -C metadata=839ec006ba940e48 -C extra-filename=-b04efe626a1970e2 --out-dir /__w/waterkit/waterkit/target/debug/deps -L dependency=/__w/waterkit/waterkit/target/debug/deps --extern yoke=/__w/waterkit/waterkit/target/debug/deps/libyoke-eaf104389ff3d917.rmeta --extern zerofrom=/__w/waterkit/waterkit/target/debug/deps/libzerofrom-f91d6572e52ea573.rmeta --extern zerovec_derive=/__w/waterkit/waterkit/target/debug/deps/libzerovec_derive-0500eb733c0fd6d5.so --cap-lints allow`
Test / ubuntu-latest	UNKNOWN STEP	2026-02-20T20:39:10.6512230Z [1m[92m   Compiling[0m writeable v0.6.2
Test / ubuntu-latest	UNKNOWN STEP	2026-02-20T20:39:10.6523620Z [1m[92m     Running[0m `/github/home/.rustup/toolchains/nightly-x86_64-unknown-linux-gnu/bin/rustc --crate-name writeable --edition=2021 /github/home/.cargo/registry/src/index.crates.io-1949cf8c6b5b557f/writeable-0.6.2/src/lib.rs --error-format=json --json=diagnostic-rendered-ansi,artifacts,future-incompat --crate-type lib --emit=dep-info,metadata,link -C embed-bitcode=no -C debuginfo=2 --check-cfg 'cfg(docsrs,test)' --check-cfg 'cfg(feature, values("alloc", "default", "either"))' -C metadata=98cc00c8908dcdf9 -C extra-filename=-971d3a5e171e7920 --out-dir /__w/waterkit/waterkit/target/debug/deps -L dependency=/__w/waterkit/waterkit/target/debug/deps --cap-lints allow`
Test / ubuntu-latest	UNKNOWN STEP	2026-02-20T20:39:10.8086082Z [1m[92m     Running[0m `/__w/waterkit/waterkit/target/debug/build/thiserror-0f9d6bb15ed67e50/build-script-build`
Test / ubuntu-latest	UNKNOWN STEP	2026-02-20T20:39:10.8670007Z [1m[92m   Compiling[0m zerotrie v0.2.3
Test / ubuntu-latest	UNKNOWN STEP	2026-02-20T20:39:10.8684462Z [1m[92m     Running[0m `/github/home/.rustup/toolchains/nightly-x86_64-unknown-linux-gnu/bin/rustc --crate-name zerotrie --edition=2021 /github/home/.cargo/registry/src/index.crates.io-1949cf8c6b5b557f/zerotrie-0.2.3/src/lib.rs --error-format=json --json=diagnostic-rendered-ansi,artifacts,future-incompat --crate-type lib --emit=dep-info,metadata,link -C embed-bitcode=no -C debuginfo=2 --cfg 'feature="yoke"' --cfg 'feature="zerofrom"' --check-cfg 'cfg(docsrs,test)' --check-cfg 'cfg(feature, values("alloc", "databake", "default", "litemap", "serde", "yoke", "zerofrom", "zerovec"))' -C metadata=58d3af65921ce1f7 -C extra-filename=-1006d310f9a818f8 --out-dir /__w/waterkit/waterkit/target/debug/deps -L dependency=/__w/waterkit/waterkit/target/debug/deps --extern displaydoc=/__w/waterkit/waterkit/target/debug/deps/libdisplaydoc-c0a0fb2c7101810a.so --extern yoke=/__w/waterkit/waterkit/target/debug/deps/libyoke-eaf104389ff3d917.rmeta --extern zerofrom=/__w/waterkit/waterkit/target/debug/deps/libzerofrom-f91d6572e52ea573.rmeta --cap-lints allow`
Test / ubuntu-latest	UNKNOWN STEP	2026-02-20T20:39:11.0708607Z [1m[92m   Compiling[0m tinystr v0.8.2
Test / ubuntu-latest	UNKNOWN STEP	2026-02-20T20:39:11.0717515Z [1m[92m     Running[0m `/github/home/.rustup/toolchains/nightly-x86_64-unknown-linux-gnu/bin/rustc --crate-name tinystr --edition=2021 /github/home/.cargo/registry/src/index.crates.io-1949cf8c6b5b557f/tinystr-0.8.2/src/lib.rs --error-format=json --json=diagnostic-rendered-ansi,artifacts,future-incompat --crate-type lib --emit=dep-info,metadata,link -C embed-bitcode=no -C debuginfo=2 --cfg 'feature="zerovec"' --check-cfg 'cfg(docsrs,test)' --check-cfg 'cfg(feature, values("alloc", "databake", "default", "serde", "std", "zerovec"))' -C metadata=2bf939e594e16121 -C extra-filename=-fe6b8ca4939e67a8 --out-dir /__w/waterkit/waterkit/target/debug/deps -L dependency=/__w/waterkit/waterkit/target/debug/deps --extern displaydoc=/__w/waterkit/waterkit/target/debug/deps/libdisplaydoc-c0a0fb2c7101810a.so --extern zerovec=/__w/waterkit/waterkit/target/debug/deps/libzerovec-b04efe626a1970e2.rmeta --cap-lints allow`
Test / ubuntu-latest	UNKNOWN STEP	2026-02-20T20:39:11.1436702Z [1m[92m   Compiling[0m potential_utf v0.1.4
Test / ubuntu-latest	UNKNOWN STEP	2026-02-20T20:39:11.1452806Z [1m[92m     Running[0m `/github/home/.rustup/toolchains/nightly-x86_64-unknown-linux-gnu/bin/rustc --crate-name potential_utf --edition=2021 /github/home/.cargo/registry/src/index.crates.io-1949cf8c6b5b557f/potential_utf-0.1.4/src/lib.rs --error-format=json --json=diagnostic-rendered-ansi,artifacts,future-incompat --crate-type lib --emit=dep-info,metadata,link -C embed-bitcode=no -C debuginfo=2 --cfg 'feature="zerovec"' --check-cfg 'cfg(docsrs,test)' --check-cfg 'cfg(feature, values("alloc", "databake", "default", "serde", "writeable", "zerovec"))' -C metadata=8bce59957fbe8ce0 -C extra-filename=-54429139bebbced7 --out-dir /__w/waterkit/waterkit/target/debug/deps -L dependency=/__w/waterkit/waterkit/target/debug/deps --extern zerovec=/__w/waterkit/waterkit/target/debug/deps/libzerovec-b04efe626a1970e2.rmeta --cap-lints allow`
Test / ubuntu-latest	UNKNOWN STEP	2026-02-20T20:39:11.1978935Z [1m[92m     Running[0m `/github/home/.rustup/toolchains/nightly-x86_64-unknown-linux-gnu/bin/rustc --crate-name serde --edition=2021 /github/home/.cargo/registry/src/index.crates.io-1949cf8c6b5b557f/serde-1.0.228/src/lib.rs --error-format=json --json=diagnostic-rendered-ansi,artifacts,future-incompat --crate-type lib --emit=dep-info,metadata,link -C embed-bitcode=no -C debuginfo=2 --cfg 'feature="default"' --cfg 'feature="derive"' --cfg 'feature="serde_derive"' --cfg 'feature="std"' --check-cfg 'cfg(docsrs,test)' --check-cfg 'cfg(feature, values("alloc", "default", "derive", "rc", "serde_derive", "std", "unstable"))' -C metadata=2eb1e1d2e415a995 -C extra-filename=-50e34f23d3c0b4bb --out-dir /__w/waterkit/waterkit/target/debug/deps -L dependency=/__w/waterkit/waterkit/target/debug/deps --extern serde_core=/__w/waterkit/waterkit/target/debug/deps/libserde_core-0239ce017d00b9f5.rmeta --extern serde_derive=/__w/waterkit/waterkit/target/debug/deps/libserde_derive-b29578af610180c4.so --cap-lints allow --cfg if_docsrs_then_no_serde_core --check-cfg 'cfg(feature, values("result"))' --check-cfg 'cfg(if_docsrs_then_no_serde_core)' --check-cfg 'cfg(no_core_cstr)' --check-cfg 'cfg(no_core_error)' --check-cfg 'cfg(no_core_net)' --check-cfg 'cfg(no_core_num_saturating)' --check-cfg 'cfg(no_diagnostic_namespace)' --check-cfg 'cfg(no_serde_derive)' --check-cfg 'cfg(no_std_atomic)' --check-cfg 'cfg(no_std_atomic64)' --check-cfg 'cfg(no_target_has_atomic)'`
Test / ubuntu-latest	UNKNOWN STEP	2026-02-20T20:39:11.2352232Z [1m[92m   Compiling[0m icu_locale_core v2.1.1
Test / ubuntu-latest	UNKNOWN STEP	2026-02-20T20:39:11.2369620Z [1m[92m     Running[0m `/github/home/.rustup/toolchains/nightly-x86_64-unknown-linux-gnu/bin/rustc --crate-name icu_locale_core --edition=2021 /github/home/.cargo/registry/src/index.crates.io-1949cf8c6b5b557f/icu_locale_core-2.1.1/src/lib.rs --error-format=json --json=diagnostic-rendered-ansi,artifacts,future-incompat --crate-type lib --emit=dep-info,metadata,link -C embed-bitcode=no -C debuginfo=2 --cfg 'feature="zerovec"' --check-cfg 'cfg(docsrs,test)' --check-cfg 'cfg(feature, values("alloc", "databake", "serde", "zerovec"))' -C metadata=f3e36dfa6671d65b -C extra-filename=-45ecc0e44519c1a3 --out-dir /__w/waterkit/waterkit/target/debug/deps -L dependency=/__w/waterkit/waterkit/target/debug/deps --extern displaydoc=/__w/waterkit/waterkit/target/debug/deps/libdisplaydoc-c0a0fb2c7101810a.so --extern litemap=/__w/waterkit/waterkit/target/debug/deps/liblitemap-6456a82ad664a8fe.rmeta --extern tinystr=/__w/waterkit/waterkit/target/debug/deps/libtinystr-fe6b8ca4939e67a8.rmeta --extern writeable=/__w/waterkit/waterkit/target/debug/deps/libwriteable-971d3a5e171e7920.rmeta --extern zerovec=/__w/waterkit/waterkit/target/debug/deps/libzerovec-b04efe626a1970e2.rmeta --cap-lints allow`
Test / ubuntu-latest	UNKNOWN STEP	2026-02-20T20:39:11.2541523Z [1m[92m   Compiling[0m thiserror-impl v2.0.18
Test / ubuntu-latest	UNKNOWN STEP	2026-02-20T20:39:11.2575401Z [1m[92m     Running[0m `/github/home/.rustup/toolchains/nightly-x86_64-unknown-linux-gnu/bin/rustc --crate-name thiserror_impl --edition=2021 /github/home/.cargo/registry/src/index.crates.io-1949cf8c6b5b557f/thiserror-impl-2.0.18/src/lib.rs --error-format=json --json=diagnostic-rendered-ansi,artifacts,future-incompat --crate-type proc-macro --emit=dep-info,link -C prefer-dynamic -C embed-bitcode=no --check-cfg 'cfg(docsrs,test)' --check-cfg 'cfg(feature, values())' -C metadata=25d2d3d0e206b584 -C extra-filename=-8090d2d1e7284d52 --out-dir /__w/waterkit/waterkit/target/debug/deps -L dependency=/__w/waterkit/waterkit/target/debug/deps --extern proc_macro2=/__w/waterkit/waterkit/target/debug/deps/libproc_macro2-9fe81c40f0b8c0b8.rlib --extern quote=/__w/waterkit/waterkit/target/debug/deps/libquote-5f37932b4137efa1.rlib --extern syn=/__w/waterkit/waterkit/target/debug/deps/libsyn-56cc86ffab105581.rlib --extern proc_macro --cap-lints allow`
Test / ubuntu-latest	UNKNOWN STEP	2026-02-20T20:39:11.6227572Z [1m[92m     Running[0m `/github/home/.rustup/toolchains/nightly-x86_64-unknown-linux-gnu/bin/rustc --crate-name rustix --edition=2021 /github/home/.cargo/registry/src/index.crates.io-1949cf8c6b5b557f/rustix-1.1.3/src/lib.rs --error-format=json --json=diagnostic-rendered-ansi,artifacts,future-incompat --crate-type lib --emit=dep-info,metadata,link -C embed-bitcode=no -C debuginfo=2 --warn=unexpected_cfgs --check-cfg 'cfg(alloc_c_string)' --check-cfg 'cfg(alloc_ffi)' --check-cfg 'cfg(apple)' --check-cfg 'cfg(asm_experimental_arch)' --check-cfg 'cfg(bsd)' --check-cfg 'cfg(core_c_str)' --check-cfg 'cfg(core_ffi_c)' --check-cfg 'cfg(core_intrinsics)' --check-cfg 'cfg(criterion)' --check-cfg 'cfg(document_experimental_runtime_api)' --check-cfg 'cfg(error_in_core)' --check-cfg 'cfg(fix_y2038)' --check-cfg 'cfg(freebsdlike)' --check-cfg 'cfg(libc)' --check-cfg 'cfg(linux_kernel)' --check-cfg 'cfg(linux_like)' --check-cfg 'cfg(linux_raw)' --check-cfg 'cfg(linux_raw_dep)' --check-cfg 'cfg(lower_upper_exp_for_non_zero)' --check-cfg 'cfg(sanitize_memory)' --check-cfg 'cfg(netbsdlike)' --check-cfg 'cfg(rustc_attrs)' --check-cfg 'cfg(rustc_diagnostics)' --check-cfg 'cfg(solarish)' --check-cfg 'cfg(staged_api)' --check-cfg 'cfg(static_assertions)' --check-cfg 'cfg(thumb_mode)' --check-cfg 'cfg(wasi)' --check-cfg 'cfg(wasi_ext)' --check-cfg 'cfg(wasip2)' --check-cfg 'cfg(target_arch, values("xtensa"))' --check-cfg 'cfg(target_os, values("cygwin"))' --cfg 'feature="alloc"' --cfg 'feature="default"' --cfg 'feature="event"' --cfg 'feature="fs"' --cfg 'feature="net"' --cfg 'feature="pipe"' --cfg 'feature="process"' --cfg 'feature="std"' --cfg 'feature="system"' --cfg 'feature="termios"' --cfg 'feature="time"' --check-cfg 'cfg(docsrs,test)' --check-cfg 'cfg(feature, values("all-apis", "alloc", "core", "default", "event", "fs", "io_uring", "libc", "libc_errno", "linux_4_11", "linux_5_1", "linux_5_11", "linux_latest", "mm", "mount", "net", "param", "pipe", "process", "pty", "rand", "runtime", "rustc-dep-of-std", "rustc-std-workspace-alloc", "shm", "std", "stdio", "system", "termios", "thread", "time", "try_close", "use-explicitly-provided-auxv", "use-libc", "use-libc-auxv"))' -C metadata=99a9344b68dbb07f -C extra-filename=-4716013026921845 --out-dir /__w/waterkit/waterkit/target/debug/deps -L dependency=/__w/waterkit/waterkit/target/debug/deps --extern bitflags=/__w/waterkit/waterkit/target/debug/deps/libbitflags-ccf1cefa6e5b3c4f.rmeta --extern linux_raw_sys=/__w/waterkit/waterkit/target/debug/deps/liblinux_raw_sys-9178a136e6346f3b.rmeta --cap-lints allow --cfg static_assertions --cfg lower_upper_exp_for_non_zero --cfg rustc_diagnostics --cfg linux_raw_dep --cfg linux_raw --cfg linux_like --cfg linux_kernel`
Test / ubuntu-latest	UNKNOWN STEP	2026-02-20T20:39:11.7945340Z [1m[92m   Compiling[0m icu_normalizer_data v2.1.1
Test / ubuntu-latest	UNKNOWN STEP	2026-02-20T20:39:11.7960737Z [1m[92m     Running[0m `/github/home/.rustup/toolchains/nightly-x86_64-unknown-linux-gnu/bin/rustc --crate-name build_script_build --edition=2021 /github/home/.cargo/registry/src/index.crates.io-1949cf8c6b5b557f/icu_normalizer_data-2.1.1/build.rs --error-format=json --json=diagnostic-rendered-ansi,artifacts,future-incompat --crate-type bin --emit=dep-info,link -C embed-bitcode=no --warn=unexpected_cfgs --check-cfg 'cfg(icu4x_custom_data)' --check-cfg 'cfg(docsrs,test)' --check-cfg 'cfg(feature, values())' -C metadata=8abfa89c181e6e8c -C extra-filename=-907121846192385b --out-dir /__w/waterkit/waterkit/target/debug/build/icu_normalizer_data-907121846192385b -L dependency=/__w/waterkit/waterkit/target/debug/deps --cap-lints allow`
Test / ubuntu-latest	UNKNOWN STEP	2026-02-20T20:39:11.9128678Z [1m[92m     Running[0m `/__w/waterkit/waterkit/target/debug/build/icu_normalizer_data-907121846192385b/build-script-build`
Test / ubuntu-latest	UNKNOWN STEP	2026-02-20T20:39:11.9298170Z [1m[92m   Compiling[0m icu_collections v2.1.1
Test / ubuntu-latest	UNKNOWN STEP	2026-02-20T20:39:11.9314523Z [1m[92m     Running[0m `/github/home/.rustup/toolchains/nightly-x86_64-unknown-linux-gnu/bin/rustc --crate-name icu_collections --edition=2021 /github/home/.cargo/registry/src/index.crates.io-1949cf8c6b5b557f/icu_collections-2.1.1/src/lib.rs --error-format=json --json=diagnostic-rendered-ansi,artifacts,future-incompat --crate-type lib --emit=dep-info,metadata,link -C embed-bitcode=no -C debuginfo=2 --check-cfg 'cfg(docsrs,test)' --check-cfg 'cfg(feature, values("alloc", "databake", "serde"))' -C metadata=803286e2104e1a3f -C extra-filename=-29253a80fa429726 --out-dir /__w/waterkit/waterkit/target/debug/deps -L dependency=/__w/waterkit/waterkit/target/debug/deps --extern displaydoc=/__w/waterkit/waterkit/target/debug/deps/libdisplaydoc-c0a0fb2c7101810a.so --extern potential_utf=/__w/waterkit/waterkit/target/debug/deps/libpotential_utf-54429139bebbced7.rmeta --extern yoke=/__w/waterkit/waterkit/target/debug/deps/libyoke-eaf104389ff3d917.rmeta --extern zerofrom=/__w/waterkit/waterkit/target/debug/deps/libzerofrom-f91d6572e52ea573.rmeta --extern zerovec=/__w/waterkit/waterkit/target/debug/deps/libzerovec-b04efe626a1970e2.rmeta --cap-lints allow`
Test / ubuntu-latest	UNKNOWN STEP	2026-02-20T20:39:12.3625845Z [1m[92m   Compiling[0m icu_provider v2.1.1
Test / ubuntu-latest	UNKNOWN STEP	2026-02-20T20:39:12.3646577Z [1m[92m     Running[0m `/github/home/.rustup/toolchains/nightly-x86_64-unknown-linux-gnu/bin/rustc --crate-name icu_provider --edition=2021 /github/home/.cargo/registry/src/index.crates.io-1949cf8c6b5b557f/icu_provider-2.1.1/src/lib.rs --error-format=json --json=diagnostic-rendered-ansi,artifacts,future-incompat --crate-type lib --emit=dep-info,metadata,link -C embed-bitcode=no -C debuginfo=2 --cfg 'feature="baked"' --check-cfg 'cfg(docsrs,test)' --check-cfg 'cfg(feature, values("alloc", "baked", "deserialize_bincode_1", "deserialize_json", "deserialize_postcard_1", "export", "logging", "serde", "std", "sync", "zerotrie"))' -C metadata=34f6bc59ed7be582 -C extra-filename=-9bd34b87a654d555 --out-dir /__w/waterkit/waterkit/target/debug/deps -L dependency=/__w/waterkit/waterkit/target/debug/deps --extern displaydoc=/__w/waterkit/waterkit/target/debug/deps/libdisplaydoc-c0a0fb2c7101810a.so --extern icu_locale_core=/__w/waterkit/waterkit/target/debug/deps/libicu_locale_core-45ecc0e44519c1a3.rmeta --extern writeable=/__w/waterkit/waterkit/target/debug/deps/libwriteable-971d3a5e171e7920.rmeta --extern yoke=/__w/waterkit/waterkit/target/debug/deps/libyoke-eaf104389ff3d917.rmeta --extern zerofrom=/__w/waterkit/waterkit/target/debug/deps/libzerofrom-f91d6572e52ea573.rmeta --extern zerotrie=/__w/waterkit/waterkit/target/debug/deps/libzerotrie-1006d310f9a818f8.rmeta --extern zerovec=/__w/waterkit/waterkit/target/debug/deps/libzerovec-b04efe626a1970e2.rmeta --cap-lints allow`
Test / ubuntu-latest	UNKNOWN STEP	2026-02-20T20:39:12.4767418Z [1m[92m   Compiling[0m icu_properties_data v2.1.2
Test / ubuntu-latest	UNKNOWN STEP	2026-02-20T20:39:12.4776164Z [1m[92m     Running[0m `/github/home/.rustup/toolchains/nightly-x86_64-unknown-linux-gnu/bin/rustc --crate-name build_script_build --edition=2021 /github/home/.cargo/registry/src/index.crates.io-1949cf8c6b5b557f/icu_properties_data-2.1.2/build.rs --error-format=json --json=diagnostic-rendered-ansi,artifacts,future-incompat --crate-type bin --emit=dep-info,link -C embed-bitcode=no --warn=unexpected_cfgs --check-cfg 'cfg(icu4x_custom_data)' --check-cfg 'cfg(docsrs,test)' --check-cfg 'cfg(feature, values())' -C metadata=cae5adf6070871fb -C extra-filename=-b49ccb7d05523381 --out-dir /__w/waterkit/waterkit/target/debug/build/icu_properties_data-b49ccb7d05523381 -L dependency=/__w/waterkit/waterkit/target/debug/deps --cap-lints allow`
Test / ubuntu-latest	UNKNOWN STEP	2026-02-20T20:39:12.5062768Z [1m[92m     Running[0m `/github/home/.rustup/toolchains/nightly-x86_64-unknown-linux-gnu/bin/rustc --crate-name thiserror --edition=2021 /github/home/.cargo/registry/src/index.crates.io-1949cf8c6b5b557f/thiserror-2.0.18/src/lib.rs --error-format=json --json=diagnostic-rendered-ansi,artifacts,future-incompat --crate-type lib --emit=dep-info,metadata,link -C embed-bitcode=no -C debuginfo=2 --cfg 'feature="default"' --cfg 'feature="std"' --check-cfg 'cfg(docsrs,test)' --check-cfg 'cfg(feature, values("default", "std"))' -C metadata=9f98d8830a729859 -C extra-filename=-cdc3975023d2ec8a --out-dir /__w/waterkit/waterkit/target/debug/deps -L dependency=/__w/waterkit/waterkit/target/debug/deps --extern thiserror_impl=/__w/waterkit/waterkit/target/debug/deps/libthiserror_impl-8090d2d1e7284d52.so --cap-lints allow --cfg error_generic_member_access --check-cfg 'cfg(error_generic_member_access)' --check-cfg 'cfg(thiserror_nightly_testing)' --check-cfg 'cfg(thiserror_no_backtrace_type)'`
Test / ubuntu-latest	UNKNOWN STEP	2026-02-20T20:39:12.5646639Z [1m[92m     Running[0m `/github/home/.rustup/toolchains/nightly-x86_64-unknown-linux-gnu/bin/rustc --crate-name icu_normalizer_data --edition=2021 /github/home/.cargo/registry/src/index.crates.io-1949cf8c6b5b557f/icu_normalizer_data-2.1.1/src/lib.rs --error-format=json --json=diagnostic-rendered-ansi,artifacts,future-incompat --crate-type lib --emit=dep-info,metadata,link -C embed-bitcode=no -C debuginfo=2 --warn=unexpected_cfgs --check-cfg 'cfg(icu4x_custom_data)' --check-cfg 'cfg(docsrs,test)' --check-cfg 'cfg(feature, values())' -C metadata=d5c6656a1fa3e4d5 -C extra-filename=-aebb3607244b643f --out-dir /__w/waterkit/waterkit/target/debug/deps -L dependency=/__w/waterkit/waterkit/target/debug/deps --cap-lints allow --check-cfg 'cfg(icu4c_enable_renaming)'`
Test / ubuntu-latest	UNKNOWN STEP	2026-02-20T20:39:12.5898680Z [1m[92m     Running[0m `/__w/waterkit/waterkit/target/debug/build/icu_properties_data-b49ccb7d05523381/build-script-build`
Test / ubuntu-latest	UNKNOWN STEP	2026-02-20T20:39:12.6100690Z [1m[92m     Running[0m `/github/home/.rustup/toolchains/nightly-x86_64-unknown-linux-gnu/bin/rustc --crate-name icu_properties_data --edition=2021 /github/home/.cargo/registry/src/index.crates.io-1949cf8c6b5b557f/icu_properties_data-2.1.2/src/lib.rs --error-format=json --json=diagnostic-rendered-ansi,artifacts,future-incompat --crate-type lib --emit=dep-info,metadata,link -C embed-bitcode=no -C debuginfo=2 --warn=unexpected_cfgs --check-cfg 'cfg(icu4x_custom_data)' --check-cfg 'cfg(docsrs,test)' --check-cfg 'cfg(feature, values())' -C metadata=5603c10d0d1db16f -C extra-filename=-59fb551aba31ba55 --out-dir /__w/waterkit/waterkit/target/debug/deps -L dependency=/__w/waterkit/waterkit/target/debug/deps --cap-lints allow --check-cfg 'cfg(icu4c_enable_renaming)'`
Test / ubuntu-latest	UNKNOWN STEP	2026-02-20T20:39:12.6154162Z [1m[92m   Compiling[0m libloading v0.8.9
Test / ubuntu-latest	UNKNOWN STEP	2026-02-20T20:39:12.6166004Z [1m[92m     Running[0m `/github/home/.rustup/toolchains/nightly-x86_64-unknown-linux-gnu/bin/rustc --crate-name libloading --edition=2015 /github/home/.cargo/registry/src/index.crates.io-1949cf8c6b5b557f/libloading-0.8.9/src/lib.rs --error-format=json --json=diagnostic-rendered-ansi,artifacts,future-incompat --crate-type lib --emit=dep-info,metadata,link -C embed-bitcode=no -C debuginfo=2 --warn=unexpected_cfgs --check-cfg 'cfg(libloading_docs)' --check-cfg 'cfg(target_os, values("cygwin"))' --check-cfg 'cfg(docsrs,test)' --check-cfg 'cfg(feature, values())' -C metadata=7c2ee7b6216c3513 -C extra-filename=-e2192da9d1cfad1b --out-dir /__w/waterkit/waterkit/target/debug/deps -L dependency=/__w/waterkit/waterkit/target/debug/deps --extern cfg_if=/__w/waterkit/waterkit/target/debug/deps/libcfg_if-2262c59ed30cbfdf.rmeta --cap-lints allow`
Test / ubuntu-latest	UNKNOWN STEP	2026-02-20T20:39:12.6246217Z [1m[92m   Compiling[0m futures-io v0.3.32
Test / ubuntu-latest	UNKNOWN STEP	2026-02-20T20:39:12.6252746Z [1m[92m     Running[0m `/github/home/.rustup/toolchains/nightly-x86_64-unknown-linux-gnu/bin/rustc --crate-name futures_io --edition=2018 /github/home/.cargo/registry/src/index.crates.io-1949cf8c6b5b557f/futures-io-0.3.32/src/lib.rs --error-format=json --json=diagnostic-rendered-ansi,artifacts,future-incompat --crate-type lib --emit=dep-info,metadata,link -C embed-bitcode=no -C debuginfo=2 --warn=unreachable_pub --warn=unexpected_cfgs --warn=single_use_lifetimes --warn=rust_2018_idioms --warn=missing_debug_implementations --check-cfg 'cfg(futures_sanitizer)' --cfg 'feature="default"' --cfg 'feature="std"' --check-cfg 'cfg(docsrs,test)' --check-cfg 'cfg(feature, values("default", "std", "unstable"))' -C metadata=5d0d7b086173cf7c -C extra-filename=-4f27fc187623d547 --out-dir /__w/waterkit/waterkit/target/debug/deps -L dependency=/__w/waterkit/waterkit/target/debug/deps --cap-lints allow`
Test / ubuntu-latest	UNKNOWN STEP	2026-02-20T20:39:12.7220937Z [1m[92m   Compiling[0m icu_properties v2.1.2
Test / ubuntu-latest	UNKNOWN STEP	2026-02-20T20:39:12.7235301Z [1m[92m     Running[0m `/github/home/.rustup/toolchains/nightly-x86_64-unknown-linux-gnu/bin/rustc --crate-name icu_properties --edition=2021 /github/home/.cargo/registry/src/index.crates.io-1949cf8c6b5b557f/icu_properties-2.1.2/src/lib.rs --error-format=json --json=diagnostic-rendered-ansi,artifacts,future-incompat --crate-type lib --emit=dep-info,metadata,link -C embed-bitcode=no -C debuginfo=2 --cfg 'feature="compiled_data"' --check-cfg 'cfg(docsrs,test)' --check-cfg 'cfg(feature, values("alloc", "compiled_data", "datagen", "default", "serde", "unicode_bidi"))' -C metadata=af22d33c72b38139 -C extra-filename=-9ddae2604e667a56 --out-dir /__w/waterkit/waterkit/target/debug/deps -L dependency=/__w/waterkit/waterkit/target/debug/deps --extern icu_collections=/__w/waterkit/waterkit/target/debug/deps/libicu_collections-29253a80fa429726.rmeta --extern icu_locale_core=/__w/waterkit/waterkit/target/debug/deps/libicu_locale_core-45ecc0e44519c1a3.rmeta --extern icu_properties_data=/__w/waterkit/waterkit/target/debug/deps/libicu_properties_data-59fb551aba31ba55.rmeta --extern icu_provider=/__w/waterkit/waterkit/target/debug/deps/libicu_provider-9bd34b87a654d555.rmeta --extern zerotrie=/__w/waterkit/waterkit/target/debug/deps/libzerotrie-1006d310f9a818f8.rmeta --extern zerovec=/__w/waterkit/waterkit/target/debug/deps/libzerovec-b04efe626a1970e2.rmeta --cap-lints allow`
Test / ubuntu-latest	UNKNOWN STEP	2026-02-20T20:39:12.7374188Z [1m[92m   Compiling[0m libm v0.2.16
Test / ubuntu-latest	UNKNOWN STEP	2026-02-20T20:39:12.7385246Z [1m[92m     Running[0m `/github/home/.rustup/toolchains/nightly-x86_64-unknown-linux-gnu/bin/rustc --crate-name build_script_build --edition=2021 /github/home/.cargo/registry/src/index.crates.io-1949cf8c6b5b557f/libm-0.2.16/build.rs --error-format=json --json=diagnostic-rendered-ansi,artifacts,future-incompat --crate-type bin --emit=dep-info,link -C embed-bitcode=no --warn=unexpected_cfgs --check-cfg 'cfg(feature, values("compiler-builtins"))' --cfg 'feature="arch"' --cfg 'feature="default"' --check-cfg 'cfg(docsrs,test)' --check-cfg 'cfg(feature, values("arch", "default", "force-soft-floats", "unstable", "unstable-float", "unstable-intrinsics", "unstable-public-internals"))' -C metadata=1482081a8419cc54 -C extra-filename=-d24a4c0953cb6ad3 --out-dir /__w/waterkit/waterkit/target/debug/build/libm-d24a4c0953cb6ad3 -L dependency=/__w/waterkit/waterkit/target/debug/deps --cap-lints allow`
Test / ubuntu-latest	UNKNOWN STEP	2026-02-20T20:39:12.7711274Z [1m[92m   Compiling[0m num-traits v0.2.19
Test / ubuntu-latest	UNKNOWN STEP	2026-02-20T20:39:12.7722668Z [1m[92m     Running[0m `/github/home/.rustup/toolchains/nightly-x86_64-unknown-linux-gnu/bin/rustc --crate-name build_script_build --edition=2021 /github/home/.cargo/registry/src/index.crates.io-1949cf8c6b5b557f/num-traits-0.2.19/build.rs --error-format=json --json=diagnostic-rendered-ansi,artifacts,future-incompat --crate-type bin --emit=dep-info,link -C embed-bitcode=no --cfg 'feature="default"' --cfg 'feature="i128"' --cfg 'feature="libm"' --cfg 'feature="std"' --check-cfg 'cfg(docsrs,test)' --check-cfg 'cfg(feature, values("default", "i128", "libm", "std"))' -C metadata=21039d381fbdf841 -C extra-filename=-15efb3cfc9451567 --out-dir /__w/waterkit/waterkit/target/debug/build/num-traits-15efb3cfc9451567 -L dependency=/__w/waterkit/waterkit/target/debug/deps --extern autocfg=/__w/waterkit/waterkit/target/debug/deps/libautocfg-3b49e0afa777d415.rlib --cap-lints allow`
Test / ubuntu-latest	UNKNOWN STEP	2026-02-20T20:39:12.8864676Z [1m[92m   Compiling[0m utf8_iter v1.0.4
Test / ubuntu-latest	UNKNOWN STEP	2026-02-20T20:39:12.8873298Z [1m[92m     Running[0m `/github/home/.rustup/toolchains/nightly-x86_64-unknown-linux-gnu/bin/rustc --crate-name utf8_iter --edition=2021 /github/home/.cargo/registry/src/index.crates.io-1949cf8c6b5b557f/utf8_iter-1.0.4/src/lib.rs --error-format=json --json=diagnostic-rendered-ansi,artifacts,future-incompat --crate-type lib --emit=dep-info,metadata,link -C embed-bitcode=no -C debuginfo=2 --check-cfg 'cfg(docsrs,test)' --check-cfg 'cfg(feature, values())' -C metadata=1fa4db9711b00428 -C extra-filename=-f95c390134f4cbfc --out-dir /__w/waterkit/waterkit/target/debug/deps -L dependency=/__w/waterkit/waterkit/target/debug/deps --cap-lints allow`
Test / ubuntu-latest	UNKNOWN STEP	2026-02-20T20:39:12.9444918Z [1m[92m     Running[0m `/__w/waterkit/waterkit/target/debug/build/libm-d24a4c0953cb6ad3/build-script-build`
Test / ubuntu-latest	UNKNOWN STEP	2026-02-20T20:39:12.9638318Z [1m[92m     Running[0m `/github/home/.rustup/toolchains/nightly-x86_64-unknown-linux-gnu/bin/rustc --crate-name libm --edition=2021 /github/home/.cargo/registry/src/index.crates.io-1949cf8c6b5b557f/libm-0.2.16/src/lib.rs --error-format=json --json=diagnostic-rendered-ansi,artifacts,future-incompat --crate-type lib --emit=dep-info,metadata,link -C embed-bitcode=no -C debuginfo=2 --warn=unexpected_cfgs --check-cfg 'cfg(feature, values("compiler-builtins"))' --cfg 'feature="arch"' --cfg 'feature="default"' --check-cfg 'cfg(docsrs,test)' --check-cfg 'cfg(feature, values("arch", "default", "force-soft-floats", "unstable", "unstable-float", "unstable-intrinsics", "unstable-public-internals"))' -C metadata=c4060ba9cafe9933 -C extra-filename=-264789c9169635b9 --out-dir /__w/waterkit/waterkit/target/debug/deps -L dependency=/__w/waterkit/waterkit/target/debug/deps --cap-lints allow --cfg arch_enabled --check-cfg 'cfg(assert_no_panic)' --check-cfg 'cfg(intrinsics_enabled)' --check-cfg 'cfg(arch_enabled)' --check-cfg 'cfg(optimizations_enabled)' --check-cfg 'cfg(x86_no_sse)' --check-cfg 'cfg(f16_enabled)' --check-cfg 'cfg(f128_enabled)'`
Test / ubuntu-latest	UNKNOWN STEP	2026-02-20T20:39:12.9939246Z [1m[92m     Running[0m `/__w/waterkit/waterkit/target/debug/build/num-traits-15efb3cfc9451567/build-script-build`
Test / ubuntu-latest	UNKNOWN STEP	2026-02-20T20:39:13.0813469Z [1m[92m   Compiling[0m parking v2.2.1
Test / ubuntu-latest	UNKNOWN STEP	2026-02-20T20:39:13.0827760Z [1m[92m     Running[0m `/github/home/.rustup/toolchains/nightly-x86_64-unknown-linux-gnu/bin/rustc --crate-name parking --edition=2018 /github/home/.cargo/registry/src/index.crates.io-1949cf8c6b5b557f/parking-2.2.1/src/lib.rs --error-format=json --json=diagnostic-rendered-ansi,artifacts,future-incompat --crate-type lib --emit=dep-info,metadata,link -C embed-bitcode=no -C debuginfo=2 --check-cfg 'cfg(docsrs,test)' --check-cfg 'cfg(feature, values("loom"))' -C metadata=7b6bedff3e314ffa -C extra-filename=-a94712ad990739b0 --out-dir /__w/waterkit/waterkit/target/debug/deps -L dependency=/__w/waterkit/waterkit/target/debug/deps --cap-lints allow`
Test / ubuntu-latest	UNKNOWN STEP	2026-02-20T20:39:13.2146679Z [1m[92m   Compiling[0m concurrent-queue v2.5.0
Test / ubuntu-latest	UNKNOWN STEP	2026-02-20T20:39:13.2164709Z [1m[92m     Running[0m `/github/home/.rustup/toolchains/nightly-x86_64-unknown-linux-gnu/bin/rustc --crate-name concurrent_queue --edition=2021 /github/home/.cargo/registry/src/index.crates.io-1949cf8c6b5b557f/concurrent-queue-2.5.0/src/lib.rs --error-format=json --json=diagnostic-rendered-ansi,artifacts,future-incompat --crate-type lib --emit=dep-info,metadata,link -C embed-bitcode=no -C debuginfo=2 --cfg 'feature="default"' --cfg 'feature="std"' --check-cfg 'cfg(docsrs,test)' --check-cfg 'cfg(feature, values("default", "loom", "portable-atomic", "std"))' -C metadata=2e010ff5c315265d -C extra-filename=-b50eb9f382ace99b --out-dir /__w/waterkit/waterkit/target/debug/deps -L dependency=/__w/waterkit/waterkit/target/debug/deps --extern crossbeam_utils=/__w/waterkit/waterkit/target/debug/deps/libcrossbeam_utils-1ab00d54e6c79ffa.rmeta --cap-lints allow`
Test / ubuntu-latest	UNKNOWN STEP	2026-02-20T20:39:13.3904755Z [1m[92m   Compiling[0m winnow v0.7.14
Test / ubuntu-latest	UNKNOWN STEP	2026-02-20T20:39:13.3936178Z [1m[92m     Running[0m `/github/home/.rustup/toolchains/nightly-x86_64-unknown-linux-gnu/bin/rustc --crate-name winnow --edition=2021 /github/home/.cargo/registry/src/index.crates.io-1949cf8c6b5b557f/winnow-0.7.14/src/lib.rs --error-format=json --json=diagnostic-rendered-ansi,artifacts,future-incompat --crate-type lib --emit=dep-info,metadata,link -C embed-bitcode=no -C debuginfo=2 --warn=rust_2018_idioms '--warn=clippy::zero_sized_map_values' '--allow=clippy::wildcard_imports' '--warn=clippy::verbose_file_reads' --warn=unused_macro_rules --warn=unused_lifetimes --warn=unsafe_op_in_unsafe_fn --warn=unreachable_pub --warn=unnameable_types '--warn=clippy::uninlined_format_args' '--warn=clippy::trait_duplication_in_bounds' '--warn=clippy::todo' '--warn=clippy::string_to_string' '--warn=clippy::string_lit_as_bytes' '--warn=clippy::string_add_assign' '--warn=clippy::string_add' '--warn=clippy::str_to_string' '--warn=clippy::semicolon_if_nothing_returned' '--warn=clippy::same_functions_in_if_condition' '--allow=clippy::result_large_err' '--warn=clippy::rest_pat_in_fully_bound_structs' '--warn=clippy::ref_option_ref' '--warn=clippy::redundant_feature_names' '--warn=clippy::rc_mutex' '--warn=clippy::ptr_as_ptr' '--warn=clippy::path_buf_push_overwrite' '--warn=clippy::negative_feature_names' '--warn=clippy::needless_for_each' '--allow=clippy::needless_continue' '--warn=clippy::mutex_integer' '--warn=clippy::mem_forget' '--warn=clippy::macro_use_imports' '--warn=clippy::lossy_float_literal' '--warn=clippy::linkedlist' '--allow=clippy::let_and_return' '--warn=clippy::large_types_passed_by_value' '--warn=clippy::large_stack_arrays' '--warn=clippy::large_digit_groups' '--warn=clippy::invalid_upcast_comparisons' '--warn=clippy::infinite_loop' '--warn=clippy::inefficient_to_string' '--warn=clippy::inconsistent_struct_constructor' '--warn=clippy::imprecise_flops' '--warn=clippy::implicit_clone' '--allow=clippy::if_same_then_else' '--warn=clippy::from_iter_instead_of_collect' '--warn=clippy::fn_params_excessive_bools' '--warn=clippy::float_cmp_const' '--warn=clippy::flat_map_option' '--warn=clippy::filter_map_next' '--warn=clippy::fallible_impl_from' '--warn=clippy::explicit_into_iter_loop' '--warn=clippy::explicit_deref_methods' '--warn=clippy::expl_impl_clone_on_copy' '--warn=clippy::enum_glob_use' '--warn=clippy::empty_enum' '--warn=clippy::doc_markdown' '--warn=clippy::debug_assert_with_mut_call' '--warn=clippy::dbg_macro' '--warn=clippy::create_dir' '--allow=clippy::collapsible_else_if' '--warn=clippy::checked_conversions' '--allow=clippy::branches_sharing_code' '--allow=clippy::bool_assert_comparison' --cfg 'feature="alloc"' --cfg 'feature="default"' --cfg 'feature="std"' --check-cfg 'cfg(docsrs,test)' --check-cfg 'cfg(feature, values("alloc", "debug", "default", "simd", "std", "unstable-doc", "unstable-recover"))' -C metadata=36ad43177599bc20 -C extra-filename=-373e84aa9c3cbaab --out-dir /__w/waterkit/waterkit/target/debug/deps -L dependency=/__w/waterkit/waterkit/target/debug/deps --cap-lints allow`
Test / ubuntu-latest	UNKNOWN STEP	2026-02-20T20:39:14.1266804Z [1m[92m     Running[0m `/github/home/.rustup/toolchains/nightly-x86_64-unknown-linux-gnu/bin/rustc --crate-name num_traits --edition=2021 /github/home/.cargo/registry/src/index.crates.io-1949cf8c6b5b557f/num-traits-0.2.19/src/lib.rs --error-format=json --json=diagnostic-rendered-ansi,artifacts,future-incompat --crate-type lib --emit=dep-info,metadata,link -C embed-bitcode=no -C debuginfo=2 --cfg 'feature="default"' --cfg 'feature="i128"' --cfg 'feature="libm"' --cfg 'feature="std"' --check-cfg 'cfg(docsrs,test)' --check-cfg 'cfg(feature, values("default", "i128", "libm", "std"))' -C metadata=3c5f7791f62cefd5 -C extra-filename=-0a996891582b552d --out-dir /__w/waterkit/waterkit/target/debug/deps -L dependency=/__w/waterkit/waterkit/target/debug/deps --extern libm=/__w/waterkit/waterkit/target/debug/deps/liblibm-264789c9169635b9.rmeta --cap-lints allow --cfg has_total_cmp --check-cfg 'cfg(has_total_cmp)'`
Test / ubuntu-latest	UNKNOWN STEP	2026-02-20T20:39:14.5690534Z [1m[92m   Compiling[0m slab v0.4.12
Test / ubuntu-latest	UNKNOWN STEP	2026-02-20T20:39:14.5707523Z [1m[92m     Running[0m `/github/home/.rustup/toolchains/nightly-x86_64-unknown-linux-gnu/bin/rustc --crate-name slab --edition=2018 /github/home/.cargo/registry/src/index.crates.io-1949cf8c6b5b557f/slab-0.4.12/src/lib.rs --error-format=json --json=diagnostic-rendered-ansi,artifacts,future-incompat --crate-type lib --emit=dep-info,metadata,link -C embed-bitcode=no -C debuginfo=2 --cfg 'feature="default"' --cfg 'feature="std"' --check-cfg 'cfg(docsrs,test)' --check-cfg 'cfg(feature, values("default", "serde", "std"))' -C metadata=07df0eacbe5e214d -C extra-filename=-57cc2c3cd25b5970 --out-dir /__w/waterkit/waterkit/target/debug/deps -L dependency=/__w/waterkit/waterkit/target/debug/deps --cap-lints allow`
Test / ubuntu-latest	UNKNOWN STEP	2026-02-20T20:39:14.7148621Z [1m[92m   Compiling[0m zerocopy v0.8.39
Test / ubuntu-latest	UNKNOWN STEP	2026-02-20T20:39:14.7162180Z [1m[92m     Running[0m `/github/home/.rustup/toolchains/nightly-x86_64-unknown-linux-gnu/bin/rustc --crate-name build_script_build --edition=2021 /github/home/.cargo/registry/src/index.crates.io-1949cf8c6b5b557f/zerocopy-0.8.39/build.rs --error-format=json --json=diagnostic-rendered-ansi,artifacts,future-incompat --crate-type bin --emit=dep-info,link -C embed-bitcode=no --cfg 'feature="derive"' --cfg 'feature="simd"' --cfg 'feature="zerocopy-derive"' --check-cfg 'cfg(docsrs,test)' --check-cfg 'cfg(feature, values("__internal_use_only_features_that_work_on_stable", "alloc", "derive", "float-nightly", "simd", "simd-nightly", "std", "zerocopy-derive"))' -C metadata=f4eb063845944123 -C extra-filename=-03b9f57779f39d79 --out-dir /__w/waterkit/waterkit/target/debug/build/zerocopy-03b9f57779f39d79 -L dependency=/__w/waterkit/waterkit/target/debug/deps --cap-lints allow`
Test / ubuntu-latest	UNKNOWN STEP	2026-02-20T20:39:14.9300660Z [1m[92m   Compiling[0m zerocopy-derive v0.8.39
Test / ubuntu-latest	UNKNOWN STEP	2026-02-20T20:39:14.9320182Z [1m[92m     Running[0m `/github/home/.rustup/toolchains/nightly-x86_64-unknown-linux-gnu/bin/rustc --crate-name zerocopy_derive --edition=2021 /github/home/.cargo/registry/src/index.crates.io-1949cf8c6b5b557f/zerocopy-derive-0.8.39/src/lib.rs --error-format=json --json=diagnostic-rendered-ansi,artifacts,future-incompat --crate-type proc-macro --emit=dep-info,link -C prefer-dynamic -C embed-bitcode=no --warn=unexpected_cfgs --check-cfg 'cfg(zerocopy_derive_union_into_bytes)' --check-cfg 'cfg(zerocopy_unstable_derive_on_error)' --check-cfg 'cfg(docsrs,test)' --check-cfg 'cfg(feature, values())' -C metadata=87470c6bb79004db -C extra-filename=-7964b3ed0434631c --out-dir /__w/waterkit/waterkit/target/debug/deps -L dependency=/__w/waterkit/waterkit/target/debug/deps --extern proc_macro2=/__w/waterkit/waterkit/target/debug/deps/libproc_macro2-9fe81c40f0b8c0b8.rlib --extern quote=/__w/waterkit/waterkit/target/debug/deps/libquote-5f37932b4137efa1.rlib --extern syn=/__w/waterkit/waterkit/target/debug/deps/libsyn-56cc86ffab105581.rlib --extern proc_macro --cap-lints allow`
Test / ubuntu-latest	UNKNOWN STEP	2026-02-20T20:39:15.0103849Z [1m[92m     Running[0m `/__w/waterkit/waterkit/target/debug/build/zerocopy-03b9f57779f39d79/build-script-build`
Test / ubuntu-latest	UNKNOWN STEP	2026-02-20T20:39:15.0396000Z [1m[92m   Compiling[0m errno v0.3.14
Test / ubuntu-latest	UNKNOWN STEP	2026-02-20T20:39:15.0403691Z [1m[92m     Running[0m `/github/home/.rustup/toolchains/nightly-x86_64-unknown-linux-gnu/bin/rustc --crate-name errno --edition=2018 /github/home/.cargo/registry/src/index.crates.io-1949cf8c6b5b557f/errno-0.3.14/src/lib.rs --error-format=json --json=diagnostic-rendered-ansi,artifacts,future-incompat --crate-type lib --emit=dep-info,metadata,link -C embed-bitcode=no -C debuginfo=2 --warn=unexpected_cfgs --check-cfg 'cfg(target_os, values("cygwin"))' --cfg 'feature="default"' --cfg 'feature="std"' --check-cfg 'cfg(docsrs,test)' --check-cfg 'cfg(feature, values("default", "std"))' -C metadata=5c96faa800422328 -C extra-filename=-1689346a2744a01a --out-dir /__w/waterkit/waterkit/target/debug/deps -L dependency=/__w/waterkit/waterkit/target/debug/deps --extern libc=/__w/waterkit/waterkit/target/debug/deps/liblibc-32506a6f335a62d8.rmeta --cap-lints allow`
Test / ubuntu-latest	UNKNOWN STEP	2026-02-20T20:39:15.1488763Z [1m[92m   Compiling[0m signal-hook-registry v1.4.8
Test / ubuntu-latest	UNKNOWN STEP	2026-02-20T20:39:15.1497457Z [1m[92m     Running[0m `/github/home/.rustup/toolchains/nightly-x86_64-unknown-linux-gnu/bin/rustc --crate-name signal_hook_registry --edition=2015 /github/home/.cargo/registry/src/index.crates.io-1949cf8c6b5b557f/signal-hook-registry-1.4.8/src/lib.rs --error-format=json --json=diagnostic-rendered-ansi,artifacts,future-incompat --crate-type lib --emit=dep-info,metadata,link -C embed-bitcode=no -C debuginfo=2 '--allow=clippy::unnecessary_clippy_cfg' --check-cfg 'cfg(docsrs,test)' --check-cfg 'cfg(feature, values())' -C metadata=79ed8496f7f91dae -C extra-filename=-b020e763515f3945 --out-dir /__w/waterkit/waterkit/target/debug/deps -L dependency=/__w/waterkit/waterkit/target/debug/deps --extern errno=/__w/waterkit/waterkit/target/debug/deps/liberrno-1689346a2744a01a.rmeta --extern libc=/__w/waterkit/waterkit/target/debug/deps/liblibc-32506a6f335a62d8.rmeta --cap-lints allow`
Test / ubuntu-latest	UNKNOWN STEP	2026-02-20T20:39:15.3495919Z [1m[92m   Compiling[0m event-listener v5.4.1
Test / ubuntu-latest	UNKNOWN STEP	2026-02-20T20:39:15.3512820Z [1m[92m     Running[0m `/github/home/.rustup/toolchains/nightly-x86_64-unknown-linux-gnu/bin/rustc --crate-name event_listener --edition=2021 /github/home/.cargo/registry/src/index.crates.io-1949cf8c6b5b557f/event-listener-5.4.1/src/lib.rs --error-format=json --json=diagnostic-rendered-ansi,artifacts,future-incompat --crate-type lib --emit=dep-info,metadata,link -C embed-bitcode=no -C debuginfo=2 --warn=unexpected_cfgs --check-cfg 'cfg(loom)' --cfg 'feature="default"' --cfg 'feature="parking"' --cfg 'feature="std"' --check-cfg 'cfg(docsrs,test)' --check-cfg 'cfg(feature, values("critical-section", "default", "loom", "parking", "portable-atomic", "portable-atomic-util", "portable_atomic_crate", "std"))' -C metadata=63e7883fd9737d44 -C extra-filename=-42bffb87ff0b1bb2 --out-dir /__w/waterkit/waterkit/target/debug/deps -L dependency=/__w/waterkit/waterkit/target/debug/deps --extern concurrent_queue=/__w/waterkit/waterkit/target/debug/deps/libconcurrent_queue-b50eb9f382ace99b.rmeta --extern parking=/__w/waterkit/waterkit/target/debug/deps/libparking-a94712ad990739b0.rmeta --extern pin_project_lite=/__w/waterkit/waterkit/target/debug/deps/libpin_project_lite-8ceaaa5d1655a324.rmeta --cap-lints allow`
Test / ubuntu-latest	UNKNOWN STEP	2026-02-20T20:39:15.4216284Z [1m[92m   Compiling[0m toml_parser v1.0.9+spec-1.1.0
Test / ubuntu-latest	UNKNOWN STEP	2026-02-20T20:39:15.4246295Z [1m[92m     Running[0m `/github/home/.rustup/toolchains/nightly-x86_64-unknown-linux-gnu/bin/rustc --crate-name toml_parser --edition=2021 /github/home/.cargo/registry/src/index.crates.io-1949cf8c6b5b557f/toml_parser-1.0.9+spec-1.1.0/src/lib.rs --error-format=json --json=diagnostic-rendered-ansi,artifacts,future-incompat --crate-type lib --emit=dep-info,metadata,link -C embed-bitcode=no --warn=rust_2018_idioms '--warn=clippy::zero_sized_map_values' '--warn=clippy::wildcard_imports' '--warn=clippy::verbose_file_reads' '--warn=clippy::use_self' --warn=unused_qualifications --warn=unused_macro_rules --warn=unused_lifetimes --warn=unsafe_op_in_unsafe_fn --warn=unreachable_pub --allow=unnameable_types '--warn=clippy::uninlined_format_args' '--warn=clippy::trait_duplication_in_bounds' '--warn=clippy::todo' '--warn=clippy::string_lit_as_bytes' '--warn=clippy::string_add_assign' '--warn=clippy::string_add' '--warn=clippy::str_to_string' '--warn=clippy::semicolon_if_nothing_returned' '--warn=clippy::self_named_module_files' '--warn=clippy::same_functions_in_if_condition' '--allow=clippy::result_large_err' '--warn=clippy::rest_pat_in_fully_bound_structs' '--warn=clippy::ref_option_ref' '--warn=clippy::redundant_feature_names' '--warn=clippy::rc_mutex' '--warn=clippy::ptr_as_ptr' '--warn=clippy::path_buf_push_overwrite' '--warn=clippy::negative_feature_names' '--warn=clippy::needless_for_each' '--allow=clippy::needless_continue' '--allow=clippy::needless_bool' '--warn=clippy::mutex_integer' '--warn=clippy::mem_forget' '--warn=clippy::macro_use_imports' '--warn=clippy::lossy_float_literal' '--warn=clippy::linkedlist' '--allow=clippy::let_and_return' '--warn=clippy::large_types_passed_by_value' '--warn=clippy::large_stack_arrays' '--warn=clippy::large_digit_groups' '--warn=clippy::invalid_upcast_comparisons' '--warn=clippy::infinite_loop' '--warn=clippy::inefficient_to_string' '--warn=clippy::inconsistent_struct_constructor' '--warn=clippy::imprecise_flops' '--warn=clippy::implicit_clone' '--allow=clippy::if_same_then_else' '--allow=clippy::get_first' '--warn=clippy::from_iter_instead_of_collect' '--warn=clippy::fn_params_excessive_bools' '--warn=clippy::float_cmp_const' '--warn=clippy::flat_map_option' '--warn=clippy::filter_map_next' '--warn=clippy::fallible_impl_from' '--warn=clippy::explicit_into_iter_loop' '--warn=clippy::explicit_deref_methods' '--warn=clippy::expl_impl_clone_on_copy' '--warn=clippy::enum_glob_use' '--warn=clippy::empty_enums' '--warn=clippy::doc_markdown' '--warn=clippy::debug_assert_with_mut_call' '--warn=clippy::dbg_macro' '--warn=clippy::create_dir' '--allow=clippy::collapsible_else_if' '--warn=clippy::checked_conversions' '--allow=clippy::branches_sharing_code' '--allow=clippy::bool_assert_comparison' --cfg 'feature="alloc"' --cfg 'feature="default"' --cfg 'feature="std"' --check-cfg 'cfg(docsrs,test)' --check-cfg 'cfg(feature, values("alloc", "debug", "default", "simd", "std", "unsafe"))' -C metadata=d20854c723ad14e0 -C extra-filename=-20e4f3edec1fec8c --out-dir /__w/waterkit/waterkit/target/debug/deps -L dependency=/__w/waterkit/waterkit/target/debug/deps --extern winnow=/__w/waterkit/waterkit/target/debug/deps/libwinnow-373e84aa9c3cbaab.rmeta --cap-lints allow`
Test / ubuntu-latest	UNKNOWN STEP	2026-02-20T20:39:15.5829982Z [1m[92m   Compiling[0m event-listener-strategy v0.5.4
Test / ubuntu-latest	UNKNOWN STEP	2026-02-20T20:39:15.5846785Z [1m[92m     Running[0m `/github/home/.rustup/toolchains/nightly-x86_64-unknown-linux-gnu/bin/rustc --crate-name event_listener_strategy --edition=2021 /github/home/.cargo/registry/src/index.crates.io-1949cf8c6b5b557f/event-listener-strategy-0.5.4/src/lib.rs --error-format=json --json=diagnostic-rendered-ansi,artifacts,future-incompat --crate-type lib --emit=dep-info,metadata,link -C embed-bitcode=no -C debuginfo=2 --warn=unexpected_cfgs --check-cfg 'cfg(wasm_bindgen_unstable_test_coverage)' --cfg 'feature="default"' --cfg 'feature="std"' --check-cfg 'cfg(docsrs,test)' --check-cfg 'cfg(feature, values("default", "loom", "portable-atomic", "std"))' -C metadata=2340256797786f7d -C extra-filename=-35463ce522ab000d --out-dir /__w/waterkit/waterkit/target/debug/deps -L dependency=/__w/waterkit/waterkit/target/debug/deps --extern event_listener=/__w/waterkit/waterkit/target/debug/deps/libevent_listener-42bffb87ff0b1bb2.rmeta --extern pin_project_lite=/__w/waterkit/waterkit/target/debug/deps/libpin_project_lite-8ceaaa5d1655a324.rmeta --cap-lints allow`
Test / ubuntu-latest	UNKNOWN STEP	2026-02-20T20:39:15.6809518Z [1m[92m   Compiling[0m toml_datetime v0.7.5+spec-1.1.0
Test / ubuntu-latest	UNKNOWN STEP	2026-02-20T20:39:15.6840701Z [1m[92m     Running[0m `/github/home/.rustup/toolchains/nightly-x86_64-unknown-linux-gnu/bin/rustc --crate-name toml_datetime --edition=2021 /github/home/.cargo/registry/src/index.crates.io-1949cf8c6b5b557f/toml_datetime-0.7.5+spec-1.1.0/src/lib.rs --error-format=json --json=diagnostic-rendered-ansi,artifacts,future-incompat --crate-type lib --emit=dep-info,metadata,link -C embed-bitcode=no --warn=rust_2018_idioms '--warn=clippy::zero_sized_map_values' '--warn=clippy::wildcard_imports' '--warn=clippy::verbose_file_reads' '--warn=clippy::use_self' --warn=unused_qualifications --warn=unused_macro_rules --warn=unused_lifetimes --warn=unsafe_op_in_unsafe_fn --warn=unreachable_pub --allow=unnameable_types '--warn=clippy::uninlined_format_args' '--warn=clippy::trait_duplication_in_bounds' '--warn=clippy::todo' '--warn=clippy::string_to_string' '--warn=clippy::string_lit_as_bytes' '--warn=clippy::string_add_assign' '--warn=clippy::string_add' '--warn=clippy::str_to_string' '--warn=clippy::semicolon_if_nothing_returned' '--warn=clippy::self_named_module_files' '--warn=clippy::same_functions_in_if_condition' '--allow=clippy::result_large_err' '--warn=clippy::rest_pat_in_fully_bound_structs' '--warn=clippy::ref_option_ref' '--warn=clippy::redundant_feature_names' '--warn=clippy::rc_mutex' '--warn=clippy::ptr_as_ptr' '--warn=clippy::path_buf_push_overwrite' '--warn=clippy::negative_feature_names' '--warn=clippy::needless_for_each' '--allow=clippy::needless_continue' '--allow=clippy::needless_bool' '--warn=clippy::mutex_integer' '--warn=clippy::mem_forget' '--warn=clippy::macro_use_imports' '--warn=clippy::lossy_float_literal' '--warn=clippy::linkedlist' '--allow=clippy::let_and_return' '--warn=clippy::large_types_passed_by_value' '--warn=clippy::large_stack_arrays' '--warn=clippy::large_digit_groups' '--warn=clippy::invalid_upcast_comparisons' '--warn=clippy::infinite_loop' '--warn=clippy::inefficient_to_string' '--warn=clippy::inconsistent_struct_constructor' '--warn=clippy::imprecise_flops' '--warn=clippy::implicit_clone' '--allow=clippy::if_same_then_else' '--allow=clippy::get_first' '--warn=clippy::from_iter_instead_of_collect' '--warn=clippy::fn_params_excessive_bools' '--warn=clippy::float_cmp_const' '--warn=clippy::flat_map_option' '--warn=clippy::filter_map_next' '--warn=clippy::fallible_impl_from' '--warn=clippy::explicit_into_iter_loop' '--warn=clippy::explicit_deref_methods' '--warn=clippy::expl_impl_clone_on_copy' '--warn=clippy::enum_glob_use' '--warn=clippy::empty_enum' '--warn=clippy::doc_markdown' '--warn=clippy::debug_assert_with_mut_call' '--warn=clippy::dbg_macro' '--warn=clippy::create_dir' '--allow=clippy::collapsible_else_if' '--warn=clippy::checked_conversions' '--allow=clippy::branches_sharing_code' '--allow=clippy::bool_assert_comparison' --cfg 'feature="alloc"' --cfg 'feature="default"' --cfg 'feature="std"' --check-cfg 'cfg(docsrs,test)' --check-cfg 'cfg(feature, values("alloc", "default", "serde", "std"))' -C metadata=a8869b5bac430ec3 -C extra-filename=-da7f30d591090122 --out-dir /__w/waterkit/waterkit/target/debug/deps -L dependency=/__w/waterkit/waterkit/target/debug/deps --cap-lints allow`
Test / ubuntu-latest	UNKNOWN STEP	2026-02-20T20:39:15.8818262Z [1m[92m   Compiling[0m bytemuck_derive v1.10.2
Test / ubuntu-latest	UNKNOWN STEP	2026-02-20T20:39:15.8832866Z [1m[92m     Running[0m `/github/home/.rustup/toolchains/nightly-x86_64-unknown-linux-gnu/bin/rustc --crate-name bytemuck_derive --edition=2018 /github/home/.cargo/registry/src/index.crates.io-1949cf8c6b5b557f/bytemuck_derive-1.10.2/src/lib.rs --error-format=json --json=diagnostic-rendered-ansi,artifacts,future-incompat --crate-type proc-macro --emit=dep-info,link -C prefer-dynamic -C embed-bitcode=no --check-cfg 'cfg(docsrs,test)' --check-cfg 'cfg(feature, values())' -C metadata=13cd833e880b300d -C extra-filename=-be94ec8028ae1b5d --out-dir /__w/waterkit/waterkit/target/debug/deps -L dependency=/__w/waterkit/waterkit/target/debug/deps --extern proc_macro2=/__w/waterkit/waterkit/target/debug/deps/libproc_macro2-9fe81c40f0b8c0b8.rlib --extern quote=/__w/waterkit/waterkit/target/debug/deps/libquote-5f37932b4137efa1.rlib --extern syn=/__w/waterkit/waterkit/target/debug/deps/libsyn-56cc86ffab105581.rlib --extern proc_macro --cap-lints allow`
Test / ubuntu-latest	UNKNOWN STEP	2026-02-20T20:39:16.0744544Z [1m[92m   Compiling[0m futures-lite v2.6.1
Test / ubuntu-latest	UNKNOWN STEP	2026-02-20T20:39:16.0762781Z [1m[92m     Running[0m `/github/home/.rustup/toolchains/nightly-x86_64-unknown-linux-gnu/bin/rustc --crate-name futures_lite --edition=2021 /github/home/.cargo/registry/src/index.crates.io-1949cf8c6b5b557f/futures-lite-2.6.1/src/lib.rs --error-format=json --json=diagnostic-rendered-ansi,artifacts,future-incompat --crate-type lib --emit=dep-info,metadata,link -C embed-bitcode=no -C debuginfo=2 --cfg 'feature="alloc"' --cfg 'feature="default"' --cfg 'feature="fastrand"' --cfg 'feature="futures-io"' --cfg 'feature="parking"' --cfg 'feature="race"' --cfg 'feature="std"' --check-cfg 'cfg(docsrs,test)' --check-cfg 'cfg(feature, values("alloc", "default", "fastrand", "futures-io", "memchr", "parking", "race", "std"))' -C metadata=3a8ba7148e04eeef -C extra-filename=-00f442a05efae16c --out-dir /__w/waterkit/waterkit/target/debug/deps -L dependency=/__w/waterkit/waterkit/target/debug/deps --extern fastrand=/__w/waterkit/waterkit/target/debug/deps/libfastrand-ecdbacb34276294a.rmeta --extern futures_core=/__w/waterkit/waterkit/target/debug/deps/libfutures_core-2d7bb4d1409fb0c1.rmeta --extern futures_io=/__w/waterkit/waterkit/target/debug/deps/libfutures_io-4f27fc187623d547.rmeta --extern parking=/__w/waterkit/waterkit/target/debug/deps/libparking-a94712ad990739b0.rmeta --extern pin_project_lite=/__w/waterkit/waterkit/target/debug/deps/libpin_project_lite-8ceaaa5d1655a324.rmeta --cap-lints allow`
Test / ubuntu-latest	UNKNOWN STEP	2026-02-20T20:39:16.4097615Z [1m[92m     Running[0m `/github/home/.rustup/toolchains/nightly-x86_64-unknown-linux-gnu/bin/rustc --crate-name zerocopy --edition=2021 /github/home/.cargo/registry/src/index.crates.io-1949cf8c6b5b557f/zerocopy-0.8.39/src/lib.rs --error-format=json --json=diagnostic-rendered-ansi,artifacts,future-incompat --crate-type lib --emit=dep-info,metadata,link -C embed-bitcode=no -C debuginfo=2 --cfg 'feature="derive"' --cfg 'feature="simd"' --cfg 'feature="zerocopy-derive"' --check-cfg 'cfg(docsrs,test)' --check-cfg 'cfg(feature, values("__internal_use_only_features_that_work_on_stable", "alloc", "derive", "float-nightly", "simd", "simd-nightly", "std", "zerocopy-derive"))' -C metadata=0e11a6a16f1d09ea -C extra-filename=-1b066a3d02152067 --out-dir /__w/waterkit/waterkit/target/debug/deps -L dependency=/__w/waterkit/waterkit/target/debug/deps --extern zerocopy_derive=/__w/waterkit/waterkit/target/debug/deps/libzerocopy_derive-7964b3ed0434631c.so --cap-lints allow --check-cfg 'cfg(no_zerocopy_simd_x86_avx12_1_89_0)' --check-cfg 'cfg(rust, values("1.89.0"))' --check-cfg 'cfg(no_zerocopy_core_error_1_81_0)' --check-cfg 'cfg(rust, values("1.81.0"))' --check-cfg 'cfg(no_zerocopy_diagnostic_on_unimplemented_1_78_0)' --check-cfg 'cfg(rust, values("1.78.0"))' --check-cfg 'cfg(no_zerocopy_generic_bounds_in_const_fn_1_61_0)' --check-cfg 'cfg(rust, values("1.61.0"))' --check-cfg 'cfg(no_zerocopy_target_has_atomics_1_60_0)' --check-cfg 'cfg(rust, values("1.60.0"))' --check-cfg 'cfg(no_zerocopy_aarch64_simd_1_59_0)' --check-cfg 'cfg(rust, values("1.59.0"))' --check-cfg 'cfg(no_zerocopy_panic_in_const_and_vec_try_reserve_1_57_0)' --check-cfg 'cfg(rust, values("1.57.0"))' --check-cfg 'cfg(doc_cfg)' --check-cfg 'cfg(kani)' --check-cfg 'cfg(__ZEROCOPY_INTERNAL_USE_ONLY_NIGHTLY_FEATURES_IN_TESTS)' --check-cfg 'cfg(__ZEROCOPY_INTERNAL_USE_ONLY_DEV_MODE)' --check-cfg 'cfg(coverage_nightly)'`
Test / ubuntu-latest	UNKNOWN STEP	2026-02-20T20:39:16.8378258Z [1m[92m   Compiling[0m cfg_aliases v0.2.1
Test / ubuntu-latest	UNKNOWN STEP	2026-02-20T20:39:16.8395996Z [1m[92m     Running[0m `/github/home/.rustup/toolchains/nightly-x86_64-unknown-linux-gnu/bin/rustc --crate-name cfg_aliases --edition=2018 /github/home/.cargo/registry/src/index.crates.io-1949cf8c6b5b557f/cfg_aliases-0.2.1/src/lib.rs --error-format=json --json=diagnostic-rendered-ansi,artifacts,future-incompat --crate-type lib --emit=dep-info,metadata,link -C embed-bitcode=no '--deny=clippy::str_to_string' --check-cfg 'cfg(docsrs,test)' --check-cfg 'cfg(feature, values())' -C metadata=1a5522710577836a -C extra-filename=-07102a85dafba9e1 --out-dir /__w/waterkit/waterkit/target/debug/deps -L dependency=/__w/waterkit/waterkit/target/debug/deps --cap-lints allow`
Test / ubuntu-latest	UNKNOWN STEP	2026-02-20T20:39:16.8843786Z [1m[92m   Compiling[0m async-channel v2.5.0
Test / ubuntu-latest	UNKNOWN STEP	2026-02-20T20:39:16.8922139Z [1m[92m     Running[0m `/github/home/.rustup/toolchains/nightly-x86_64-unknown-linux-gnu/bin/rustc --crate-name async_channel --edition=2021 /github/home/.cargo/registry/src/index.crates.io-1949cf8c6b5b557f/async-channel-2.5.0/src/lib.rs --error-format=json --json=diagnostic-rendered-ansi,artifacts,future-incompat --crate-type lib --emit=dep-info,metadata,link -C embed-bitcode=no -C debuginfo=2 --cfg 'feature="default"' --cfg 'feature="std"' --check-cfg 'cfg(docsrs,test)' --check-cfg 'cfg(feature, values("default", "portable-atomic", "std"))' -C metadata=f36ee2bc12fdd71f -C extra-filename=-b0773cce2baeade7 --out-dir /__w/waterkit/waterkit/target/debug/deps -L dependency=/__w/waterkit/waterkit/target/debug/deps --extern concurrent_queue=/__w/waterkit/waterkit/target/debug/deps/libconcurrent_queue-b50eb9f382ace99b.rmeta --extern event_listener_strategy=/__w/waterkit/waterkit/target/debug/deps/libevent_listener_strategy-35463ce522ab000d.rmeta --extern futures_core=/__w/waterkit/waterkit/target/debug/deps/libfutures_core-2d7bb4d1409fb0c1.rmeta --extern pin_project_lite=/__w/waterkit/waterkit/target/debug/deps/libpin_project_lite-8ceaaa5d1655a324.rmeta --cap-lints allow`
Test / ubuntu-latest	UNKNOWN STEP	2026-02-20T20:39:16.8991409Z [1m[92m   Compiling[0m arrayvec v0.7.6
Test / ubuntu-latest	UNKNOWN STEP	2026-02-20T20:39:16.8998672Z [1m[92m     Running[0m `/github/home/.rustup/toolchains/nightly-x86_64-unknown-linux-gnu/bin/rustc --crate-name arrayvec --edition=2018 /github/home/.cargo/registry/src/index.crates.io-1949cf8c6b5b557f/arrayvec-0.7.6/src/lib.rs --error-format=json --json=diagnostic-rendered-ansi,artifacts,future-incompat --crate-type lib --emit=dep-info,metadata,link -C embed-bitcode=no -C debuginfo=2 --cfg 'feature="default"' --cfg 'feature="std"' --check-cfg 'cfg(docsrs,test)' --check-cfg 'cfg(feature, values("borsh", "default", "serde", "std", "zeroize"))' -C metadata=6e13a7a3f9db8d7b -C extra-filename=-a2b5b1cd6af46bc5 --out-dir /__w/waterkit/waterkit/target/debug/deps -L dependency=/__w/waterkit/waterkit/target/debug/deps --cap-lints allow`
Test / ubuntu-latest	UNKNOWN STEP	2026-02-20T20:39:17.0578046Z [1m[92m   Compiling[0m async-task v4.7.1
Test / ubuntu-latest	UNKNOWN STEP	2026-02-20T20:39:17.0588480Z [1m[92m     Running[0m `/github/home/.rustup/toolchains/nightly-x86_64-unknown-linux-gnu/bin/rustc --crate-name async_task --edition=2021 /github/home/.cargo/registry/src/index.crates.io-1949cf8c6b5b557f/async-task-4.7.1/src/lib.rs --error-format=json --json=diagnostic-rendered-ansi,artifacts,future-incompat --crate-type lib --emit=dep-info,metadata,link -C embed-bitcode=no -C debuginfo=2 --cfg 'feature="default"' --cfg 'feature="std"' --check-cfg 'cfg(docsrs,test)' --check-cfg 'cfg(feature, values("default", "portable-atomic", "std"))' -C metadata=c3862314a79672c5 -C extra-filename=-fe618d2b503885ad --out-dir /__w/waterkit/waterkit/target/debug/deps -L dependency=/__w/waterkit/waterkit/target/debug/deps --cap-lints allow`
Test / ubuntu-latest	UNKNOWN STEP	2026-02-20T20:39:17.0716431Z [1m[92m   Compiling[0m bytemuck v1.25.0
Test / ubuntu-latest	UNKNOWN STEP	2026-02-20T20:39:17.0732508Z [1m[92m     Running[0m `/github/home/.rustup/toolchains/nightly-x86_64-unknown-linux-gnu/bin/rustc --crate-name bytemuck --edition=2018 /github/home/.cargo/registry/src/index.crates.io-1949cf8c6b5b557f/bytemuck-1.25.0/src/lib.rs --error-format=json --json=diagnostic-rendered-ansi,artifacts,future-incompat --crate-type lib --emit=dep-info,metadata,link -C embed-bitcode=no -C debuginfo=2 --deny=unexpected_cfgs --check-cfg 'cfg(target_arch, values("spirv"))' --cfg 'feature="align_offset"' --cfg 'feature="bytemuck_derive"' --cfg 'feature="derive"' --cfg 'feature="extern_crate_alloc"' --cfg 'feature="min_const_generics"' --check-cfg 'cfg(docsrs,test)' --check-cfg 'cfg(feature, values("aarch64_simd", "align_offset", "alloc_uninit", "avx512_simd", "bytemuck_derive", "const_zeroed", "derive", "extern_crate_alloc", "extern_crate_std", "impl_core_error", "latest_stable_rust", "min_const_generics", "must_cast", "must_cast_extra", "nightly_docs", "nightly_float", "nightly_portable_simd", "nightly_stdsimd", "pod_saturating", "rustversion", "track_caller", "transparentwrapper_extra", "unsound_ptr_pod_impl", "wasm_simd", "zeroable_atomics", "zeroable_maybe_uninit", "zeroable_unwind_fn"))' -C metadata=ff189cda731fa2ca -C extra-filename=-8de1eb58aa0bd7fa --out-dir /__w/waterkit/waterkit/target/debug/deps -L dependency=/__w/waterkit/waterkit/target/debug/deps --extern bytemuck_derive=/__w/waterkit/waterkit/target/debug/deps/libbytemuck_derive-be94ec8028ae1b5d.so --cap-lints allow`
Test / ubuntu-latest	UNKNOWN STEP	2026-02-20T20:39:17.0846875Z [1m[92m   Compiling[0m atomic-waker v1.1.2
Test / ubuntu-latest	UNKNOWN STEP	2026-02-20T20:39:17.0856213Z [1m[92m     Running[0m `/github/home/.rustup/toolchains/nightly-x86_64-unknown-linux-gnu/bin/rustc --crate-name atomic_waker --edition=2018 /github/home/.cargo/registry/src/index.crates.io-1949cf8c6b5b557f/atomic-waker-1.1.2/src/lib.rs --error-format=json --json=diagnostic-rendered-ansi,artifacts,future-incompat --crate-type lib --emit=dep-info,metadata,link -C embed-bitcode=no -C debuginfo=2 --check-cfg 'cfg(docsrs,test)' --check-cfg 'cfg(feature, values("portable-atomic"))' -C metadata=3a7e6756934d7e4e -C extra-filename=-5d13dc593474e24b --out-dir /__w/waterkit/waterkit/target/debug/deps -L dependency=/__w/waterkit/waterkit/target/debug/deps --cap-lints allow`
Test / ubuntu-latest	UNKNOWN STEP	2026-02-20T20:39:17.1588194Z [1m[92m   Compiling[0m async-io v2.6.0
Test / ubuntu-latest	UNKNOWN STEP	2026-02-20T20:39:17.1598362Z [1m[92m     Running[0m `/github/home/.rustup/toolchains/nightly-x86_64-unknown-linux-gnu/bin/rustc --crate-name build_script_build --edition=2021 /github/home/.cargo/registry/src/index.crates.io-1949cf8c6b5b557f/async-io-2.6.0/build.rs --error-format=json --json=diagnostic-rendered-ansi,artifacts,future-incompat --crate-type bin --emit=dep-info,link -C embed-bitcode=no --warn=unexpected_cfgs --check-cfg 'cfg(polling_test_poll_backend)' --check-cfg 'cfg(async_io_no_pipe)' --check-cfg 'cfg(docsrs,test)' --check-cfg 'cfg(feature, values("tracing"))' -C metadata=f827fe921d862023 -C extra-filename=-3d7de653d6c3dde4 --out-dir /__w/waterkit/waterkit/target/debug/build/async-io-3d7de653d6c3dde4 -L dependency=/__w/waterkit/waterkit/target/debug/deps --extern autocfg=/__w/waterkit/waterkit/target/debug/deps/libautocfg-3b49e0afa777d415.rlib --cap-lints allow`
Test / ubuntu-latest	UNKNOWN STEP	2026-02-20T20:39:17.2299353Z [1m[92m   Compiling[0m piper v0.2.4
Test / ubuntu-latest	UNKNOWN STEP	2026-02-20T20:39:17.2385173Z [1m[92m     Running[0m `/github/home/.rustup/toolchains/nightly-x86_64-unknown-linux-gnu/bin/rustc --crate-name piper --edition=2018 /github/home/.cargo/registry/src/index.crates.io-1949cf8c6b5b557f/piper-0.2.4/src/lib.rs --error-format=json --json=diagnostic-rendered-ansi,artifacts,future-incompat --crate-type lib --emit=dep-info,metadata,link -C embed-bitcode=no -C debuginfo=2 --cfg 'feature="default"' --cfg 'feature="futures-io"' --cfg 'feature="std"' --check-cfg 'cfg(docsrs,test)' --check-cfg 'cfg(feature, values("default", "futures-io", "portable-atomic", "portable-atomic-util", "portable_atomic_crate", "std"))' -C metadata=6d7f346f5a0ca05f -C extra-filename=-106b89d141377db8 --out-dir /__w/waterkit/waterkit/target/debug/deps -L dependency=/__w/waterkit/waterkit/target/debug/deps --extern atomic_waker=/__w/waterkit/waterkit/target/debug/deps/libatomic_waker-5d13dc593474e24b.rmeta --extern fastrand=/__w/waterkit/waterkit/target/debug/deps/libfastrand-ecdbacb34276294a.rmeta --extern futures_io=/__w/waterkit/waterkit/target/debug/deps/libfutures_io-4f27fc187623d547.rmeta --cap-lints allow`
Test / ubuntu-latest	UNKNOWN STEP	2026-02-20T20:39:17.2795025Z [1m[92m     Running[0m `/__w/waterkit/waterkit/target/debug/build/async-io-3d7de653d6c3dde4/build-script-build`
Test / ubuntu-latest	UNKNOWN STEP	2026-02-20T20:39:17.2904360Z [1m[92m   Compiling[0m polling v3.11.0
Test / ubuntu-latest	UNKNOWN STEP	2026-02-20T20:39:17.2925010Z [1m[92m     Running[0m `/github/home/.rustup/toolchains/nightly-x86_64-unknown-linux-gnu/bin/rustc --crate-name polling --edition=2021 /github/home/.cargo/registry/src/index.crates.io-1949cf8c6b5b557f/polling-3.11.0/src/lib.rs --error-format=json --json=diagnostic-rendered-ansi,artifacts,future-incompat --crate-type lib --emit=dep-info,metadata,link -C embed-bitcode=no -C debuginfo=2 --warn=unexpected_cfgs --check-cfg 'cfg(polling_test_poll_backend)' --check-cfg 'cfg(polling_test_epoll_pipe)' --check-cfg 'cfg(docsrs,test)' --check-cfg 'cfg(feature, values("tracing"))' -C metadata=b2a84aa20a220e29 -C extra-filename=-5a2743c4353d7867 --out-dir /__w/waterkit/waterkit/target/debug/deps -L dependency=/__w/waterkit/waterkit/target/debug/deps --extern cfg_if=/__w/waterkit/waterkit/target/debug/deps/libcfg_if-2262c59ed30cbfdf.rmeta --extern rustix=/__w/waterkit/waterkit/target/debug/deps/librustix-4716013026921845.rmeta --cap-lints allow`
Test / ubuntu-latest	UNKNOWN STEP	2026-02-20T20:39:17.3347542Z [1m[92m   Compiling[0m hashbrown v0.16.1
Test / ubuntu-latest	UNKNOWN STEP	2026-02-20T20:39:17.3383780Z [1m[92m     Running[0m `/github/home/.rustup/toolchains/nightly-x86_64-unknown-linux-gnu/bin/rustc --crate-name hashbrown --edition=2021 /github/home/.cargo/registry/src/index.crates.io-1949cf8c6b5b557f/hashbrown-0.16.1/src/lib.rs --error-format=json --json=diagnostic-rendered-ansi,artifacts,future-incompat --crate-type lib --emit=dep-info,metadata,link -C embed-bitcode=no --check-cfg 'cfg(docsrs,test)' --check-cfg 'cfg(feature, values("alloc", "allocator-api2", "core", "default", "default-hasher", "equivalent", "inline-more", "nightly", "raw-entry", "rayon", "rustc-dep-of-std", "rustc-internal-api", "serde"))' -C metadata=83571f5db0305e96 -C extra-filename=-3f1d75084e71ae90 --out-dir /__w/waterkit/waterkit/target/debug/deps -L dependency=/__w/waterkit/waterkit/target/debug/deps --cap-lints allow`
Test / ubuntu-latest	UNKNOWN STEP	2026-02-20T20:39:17.3879048Z [1m[92m   Compiling[0m blocking v1.6.2
Test / ubuntu-latest	UNKNOWN STEP	2026-02-20T20:39:17.3897561Z [1m[92m     Running[0m `/github/home/.rustup/toolchains/nightly-x86_64-unknown-linux-gnu/bin/rustc --crate-name blocking --edition=2021 /github/home/.cargo/registry/src/index.crates.io-1949cf8c6b5b557f/blocking-1.6.2/src/lib.rs --error-format=json --json=diagnostic-rendered-ansi,artifacts,future-incompat --crate-type lib --emit=dep-info,metadata,link -C embed-bitcode=no -C debuginfo=2 --check-cfg 'cfg(docsrs,test)' --check-cfg 'cfg(feature, values("tracing"))' -C metadata=698ba1c7e7b1198e -C extra-filename=-8cccadb49bacb38b --out-dir /__w/waterkit/waterkit/target/debug/deps -L dependency=/__w/waterkit/waterkit/target/debug/deps --extern async_channel=/__w/waterkit/waterkit/target/debug/deps/libasync_channel-b0773cce2baeade7.rmeta --extern async_task=/__w/waterkit/waterkit/target/debug/deps/libasync_task-fe618d2b503885ad.rmeta --extern futures_io=/__w/waterkit/waterkit/target/debug/deps/libfutures_io-4f27fc187623d547.rmeta --extern futures_lite=/__w/waterkit/waterkit/target/debug/deps/libfutures_lite-00f442a05efae16c.rmeta --extern piper=/__w/waterkit/waterkit/target/debug/deps/libpiper-106b89d141377db8.rmeta --cap-lints allow`
Test / ubuntu-latest	UNKNOWN STEP	2026-02-20T20:39:17.5423430Z [1m[92m     Running[0m `/github/home/.rustup/toolchains/nightly-x86_64-unknown-linux-gnu/bin/rustc --crate-name async_io --edition=2021 /github/home/.cargo/registry/src/index.crates.io-1949cf8c6b5b557f/async-io-2.6.0/src/lib.rs --error-format=json --json=diagnostic-rendered-ansi,artifacts,future-incompat --crate-type lib --emit=dep-info,metadata,link -C embed-bitcode=no -C debuginfo=2 --warn=unexpected_cfgs --check-cfg 'cfg(polling_test_poll_backend)' --check-cfg 'cfg(async_io_no_pipe)' --check-cfg 'cfg(docsrs,test)' --check-cfg 'cfg(feature, values("tracing"))' -C metadata=cbc5eda04a8ed011 -C extra-filename=-e55f1558b961aaec --out-dir /__w/waterkit/waterkit/target/debug/deps -L dependency=/__w/waterkit/waterkit/target/debug/deps --extern cfg_if=/__w/waterkit/waterkit/target/debug/deps/libcfg_if-2262c59ed30cbfdf.rmeta --extern concurrent_queue=/__w/waterkit/waterkit/target/debug/deps/libconcurrent_queue-b50eb9f382ace99b.rmeta --extern futures_io=/__w/waterkit/waterkit/target/debug/deps/libfutures_io-4f27fc187623d547.rmeta --extern futures_lite=/__w/waterkit/waterkit/target/debug/deps/libfutures_lite-00f442a05efae16c.rmeta --extern parking=/__w/waterkit/waterkit/target/debug/deps/libparking-a94712ad990739b0.rmeta --extern polling=/__w/waterkit/waterkit/target/debug/deps/libpolling-5a2743c4353d7867.rmeta --extern rustix=/__w/waterkit/waterkit/target/debug/deps/librustix-4716013026921845.rmeta --extern slab=/__w/waterkit/waterkit/target/debug/deps/libslab-57cc2c3cd25b5970.rmeta --cap-lints allow`
Test / ubuntu-latest	UNKNOWN STEP	2026-02-20T20:39:17.6943784Z [1m[92m   Compiling[0m futures-sink v0.3.32
Test / ubuntu-latest	UNKNOWN STEP	2026-02-20T20:39:17.6959095Z [1m[92m     Running[0m `/github/home/.rustup/toolchains/nightly-x86_64-unknown-linux-gnu/bin/rustc --crate-name futures_sink --edition=2018 /github/home/.cargo/registry/src/index.crates.io-1949cf8c6b5b557f/futures-sink-0.3.32/src/lib.rs --error-format=json --json=diagnostic-rendered-ansi,artifacts,future-incompat --crate-type lib --emit=dep-info,metadata,link -C embed-bitcode=no -C debuginfo=2 --warn=unreachable_pub --warn=unexpected_cfgs --warn=single_use_lifetimes --warn=rust_2018_idioms --warn=missing_debug_implementations --check-cfg 'cfg(futures_sanitizer)' --cfg 'feature="alloc"' --cfg 'feature="std"' --check-cfg 'cfg(docsrs,test)' --check-cfg 'cfg(feature, values("alloc", "default", "std"))' -C metadata=069cebeae8bbc855 -C extra-filename=-03b53bf99d3bd47f --out-dir /__w/waterkit/waterkit/target/debug/deps -L dependency=/__w/waterkit/waterkit/target/debug/deps --cap-lints allow`
Test / ubuntu-latest	UNKNOWN STEP	2026-02-20T20:39:17.7616731Z [1m[92m   Compiling[0m percent-encoding v2.3.2
Test / ubuntu-latest	UNKNOWN STEP	2026-02-20T20:39:17.7633827Z [1m[92m     Running[0m `/github/home/.rustup/toolchains/nightly-x86_64-unknown-linux-gnu/bin/rustc --crate-name percent_encoding --edition=2018 /github/home/.cargo/registry/src/index.crates.io-1949cf8c6b5b557f/percent-encoding-2.3.2/src/lib.rs --error-format=json --json=diagnostic-rendered-ansi,artifacts,future-incompat --crate-type lib --emit=dep-info,metadata,link -C embed-bitcode=no -C debuginfo=2 --cfg 'feature="alloc"' --cfg 'feature="default"' --cfg 'feature="std"' --check-cfg 'cfg(docsrs,test)' --check-cfg 'cfg(feature, values("alloc", "default", "std"))' -C metadata=1ac57b88138091c6 -C extra-filename=-fdb8b4bcafcb590c --out-dir /__w/waterkit/waterkit/target/debug/deps -L dependency=/__w/waterkit/waterkit/target/debug/deps --cap-lints allow`
Test / ubuntu-latest	UNKNOWN STEP	2026-02-20T20:39:17.9136387Z [1m[92m   Compiling[0m indexmap v2.13.0
Test / ubuntu-latest	UNKNOWN STEP	2026-02-20T20:39:17.9142611Z [1m[92m   Compiling[0m async-lock v3.4.2
Test / ubuntu-latest	UNKNOWN STEP	2026-02-20T20:39:17.9225589Z [1m[92m     Running[0m `/github/home/.rustup/toolchains/nightly-x86_64-unknown-linux-gnu/bin/rustc --crate-name indexmap --edition=2021 /github/home/.cargo/registry/src/index.crates.io-1949cf8c6b5b557f/indexmap-2.13.0/src/lib.rs --error-format=json --json=diagnostic-rendered-ansi,artifacts,future-incompat --crate-type lib --emit=dep-info,metadata,link -C embed-bitcode=no -C debuginfo=2 --deny=unsafe-code --deny=unreachable-pub --deny=unnameable-types '--allow=clippy::style' --warn=rust-2018-idioms --deny=private-interfaces --deny=private-bounds --cfg 'feature="default"' --cfg 'feature="std"' --check-cfg 'cfg(docsrs,test)' --check-cfg 'cfg(feature, values("arbitrary", "borsh", "default", "quickcheck", "rayon", "serde", "std", "sval", "test_debug"))' -C metadata=85ef4e58684963ac -C extra-filename=-3f87ea302f86aa10 --out-dir /__w/waterkit/waterkit/target/debug/deps -L dependency=/__w/waterkit/waterkit/target/debug/deps --extern equivalent=/__w/waterkit/waterkit/target/debug/deps/libequivalent-3ff77df1ac69f53a.rmeta --extern hashbrown=/__w/waterkit/waterkit/target/debug/deps/libhashbrown-3f1d75084e71ae90.rmeta --cap-lints allow`
Test / ubuntu-latest	UNKNOWN STEP	2026-02-20T20:39:17.9330558Z [1m[92m     Running[0m `/github/home/.rustup/toolchains/nightly-x86_64-unknown-linux-gnu/bin/rustc --crate-name async_lock --edition=2021 /github/home/.cargo/registry/src/index.crates.io-1949cf8c6b5b557f/async-lock-3.4.2/src/lib.rs --error-format=json --json=diagnostic-rendered-ansi,artifacts,future-incompat --crate-type lib --emit=dep-info,metadata,link -C embed-bitcode=no -C debuginfo=2 --warn=unexpected_cfgs --check-cfg 'cfg(loom)' --cfg 'feature="default"' --cfg 'feature="std"' --check-cfg 'cfg(docsrs,test)' --check-cfg 'cfg(feature, values("default", "loom", "std"))' -C metadata=a22d94a675c24811 -C extra-filename=-91e4774a71793701 --out-dir /__w/waterkit/waterkit/target/debug/deps -L dependency=/__w/waterkit/waterkit/target/debug/deps --extern event_listener=/__w/waterkit/waterkit/target/debug/deps/libevent_listener-42bffb87ff0b1bb2.rmeta --extern event_listener_strategy=/__w/waterkit/waterkit/target/debug/deps/libevent_listener_strategy-35463ce522ab000d.rmeta --extern pin_project_lite=/__w/waterkit/waterkit/target/debug/deps/libpin_project_lite-8ceaaa5d1655a324.rmeta --cap-lints allow`
Test / ubuntu-latest	UNKNOWN STEP	2026-02-20T20:39:18.4378869Z [1m[92m   Compiling[0m form_urlencoded v1.2.2
Test / ubuntu-latest	UNKNOWN STEP	2026-02-20T20:39:18.4388523Z [1m[92m     Running[0m `/github/home/.rustup/toolchains/nightly-x86_64-unknown-linux-gnu/bin/rustc --crate-name form_urlencoded --edition=2018 /github/home/.cargo/registry/src/index.crates.io-1949cf8c6b5b557f/form_urlencoded-1.2.2/src/lib.rs --error-format=json --json=diagnostic-rendered-ansi,artifacts,future-incompat --crate-type lib --emit=dep-info,metadata,link -C embed-bitcode=no -C debuginfo=2 --cfg 'feature="alloc"' --cfg 'feature="default"' --cfg 'feature="std"' --check-cfg 'cfg(docsrs,test)' --check-cfg 'cfg(feature, values("alloc", "default", "std"))' -C metadata=cd8152b881544daf -C extra-filename=-e1ac12ce1659e85f --out-dir /__w/waterkit/waterkit/target/debug/deps -L dependency=/__w/waterkit/waterkit/target/debug/deps --extern percent_encoding=/__w/waterkit/waterkit/target/debug/deps/libpercent_encoding-fdb8b4bcafcb590c.rmeta --cap-lints allow`
Test / ubuntu-latest	UNKNOWN STEP	2026-02-20T20:39:18.5622102Z [1m[92m   Compiling[0m zvariant_utils v3.3.0
Test / ubuntu-latest	UNKNOWN STEP	2026-02-20T20:39:18.5632104Z [1m[92m     Running[0m `/github/home/.rustup/toolchains/nightly-x86_64-unknown-linux-gnu/bin/rustc --crate-name zvariant_utils --edition=2024 /github/home/.cargo/registry/src/index.crates.io-1949cf8c6b5b557f/zvariant_utils-3.3.0/src/lib.rs --error-format=json --json=diagnostic-rendered-ansi,artifacts,future-incompat --crate-type lib --emit=dep-info,metadata,link -C embed-bitcode=no -C debuginfo=2 --warn=unexpected_cfgs --check-cfg 'cfg(tokio_unstable)' --cfg 'feature="default"' --check-cfg 'cfg(docsrs,test)' --check-cfg 'cfg(feature, values("default", "gvariant"))' -C metadata=df0cb4a26ba3c4e8 -C extra-filename=-adaef81f93b2c5bd --out-dir /__w/waterkit/waterkit/target/debug/deps -L dependency=/__w/waterkit/waterkit/target/debug/deps --extern proc_macro2=/__w/waterkit/waterkit/target/debug/deps/libproc_macro2-9fe81c40f0b8c0b8.rmeta --extern quote=/__w/waterkit/waterkit/target/debug/deps/libquote-5f37932b4137efa1.rmeta --extern serde=/__w/waterkit/waterkit/target/debug/deps/libserde-50e34f23d3c0b4bb.rmeta --extern syn=/__w/waterkit/waterkit/target/debug/deps/libsyn-56cc86ffab105581.rmeta --extern winnow=/__w/waterkit/waterkit/target/debug/deps/libwinnow-373e84aa9c3cbaab.rmeta --cap-lints allow`
Test / ubuntu-latest	UNKNOWN STEP	2026-02-20T20:39:18.5729800Z [1m[92m   Compiling[0m icu_normalizer v2.1.1
Test / ubuntu-latest	UNKNOWN STEP	2026-02-20T20:39:18.5745188Z [1m[92m     Running[0m `/github/home/.rustup/toolchains/nightly-x86_64-unknown-linux-gnu/bin/rustc --crate-name icu_normalizer --edition=2021 /github/home/.cargo/registry/src/index.crates.io-1949cf8c6b5b557f/icu_normalizer-2.1.1/src/lib.rs --error-format=json --json=diagnostic-rendered-ansi,artifacts,future-incompat --crate-type lib --emit=dep-info,metadata,link -C embed-bitcode=no -C debuginfo=2 --warn=unexpected_cfgs --check-cfg 'cfg(icu4x_unstable_fast_trie_only)' --cfg 'feature="compiled_data"' --check-cfg 'cfg(docsrs,test)' --check-cfg 'cfg(feature, values("compiled_data", "datagen", "default", "experimental", "icu_properties", "serde", "utf16_iter", "utf8_iter", "write16"))' -C metadata=5cd8d349f45ceb3b -C extra-filename=-0bc019f68e043ded --out-dir /__w/waterkit/waterkit/target/debug/deps -L dependency=/__w/waterkit/waterkit/target/debug/deps --extern icu_collections=/__w/waterkit/waterkit/target/debug/deps/libicu_collections-29253a80fa429726.rmeta --extern icu_normalizer_data=/__w/waterkit/waterkit/target/debug/deps/libicu_normalizer_data-aebb3607244b643f.rmeta --extern icu_provider=/__w/waterkit/waterkit/target/debug/deps/libicu_provider-9bd34b87a654d555.rmeta --extern smallvec=/__w/waterkit/waterkit/target/debug/deps/libsmallvec-e23cfd1cc88132d6.rmeta --extern zerovec=/__w/waterkit/waterkit/target/debug/deps/libzerovec-b04efe626a1970e2.rmeta --cap-lints allow`
Test / ubuntu-latest	UNKNOWN STEP	2026-02-20T20:39:18.6352324Z [1m[92m   Compiling[0m toml_edit v0.23.10+spec-1.0.0
Test / ubuntu-latest	UNKNOWN STEP	2026-02-20T20:39:18.6386385Z [1m[92m     Running[0m `/github/home/.rustup/toolchains/nightly-x86_64-unknown-linux-gnu/bin/rustc --crate-name toml_edit --edition=2021 /github/home/.cargo/registry/src/index.crates.io-1949cf8c6b5b557f/toml_edit-0.23.10+spec-1.0.0/src/lib.rs --error-format=json --json=diagnostic-rendered-ansi,artifacts,future-incompat --crate-type lib --emit=dep-info,metadata,link -C embed-bitcode=no --warn=rust_2018_idioms '--warn=clippy::zero_sized_map_values' '--warn=clippy::wildcard_imports' '--warn=clippy::verbose_file_reads' '--warn=clippy::use_self' --warn=unused_qualifications --warn=unused_macro_rules --warn=unused_lifetimes --warn=unsafe_op_in_unsafe_fn --warn=unreachable_pub --allow=unnameable_types '--warn=clippy::uninlined_format_args' '--warn=clippy::trait_duplication_in_bounds' '--warn=clippy::todo' '--warn=clippy::string_to_string' '--warn=clippy::string_lit_as_bytes' '--warn=clippy::string_add_assign' '--warn=clippy::string_add' '--warn=clippy::str_to_string' '--warn=clippy::semicolon_if_nothing_returned' '--warn=clippy::self_named_module_files' '--warn=clippy::same_functions_in_if_condition' '--allow=clippy::result_large_err' '--warn=clippy::rest_pat_in_fully_bound_structs' '--warn=clippy::ref_option_ref' '--warn=clippy::redundant_feature_names' '--warn=clippy::rc_mutex' '--warn=clippy::ptr_as_ptr' '--warn=clippy::path_buf_push_overwrite' '--warn=clippy::negative_feature_names' '--warn=clippy::needless_for_each' '--allow=clippy::needless_continue' '--allow=clippy::needless_bool' '--warn=clippy::mutex_integer' '--warn=clippy::mem_forget' '--warn=clippy::macro_use_imports' '--warn=clippy::lossy_float_literal' '--warn=clippy::linkedlist' '--allow=clippy::let_and_return' '--warn=clippy::large_types_passed_by_value' '--warn=clippy::large_stack_arrays' '--warn=clippy::large_digit_groups' '--warn=clippy::invalid_upcast_comparisons' '--warn=clippy::infinite_loop' '--warn=clippy::inefficient_to_string' '--warn=clippy::inconsistent_struct_constructor' '--warn=clippy::imprecise_flops' '--warn=clippy::implicit_clone' '--allow=clippy::if_same_then_else' '--allow=clippy::get_first' '--warn=clippy::from_iter_instead_of_collect' '--warn=clippy::fn_params_excessive_bools' '--warn=clippy::float_cmp_const' '--warn=clippy::flat_map_option' '--warn=clippy::filter_map_next' '--warn=clippy::fallible_impl_from' '--warn=clippy::explicit_into_iter_loop' '--warn=clippy::explicit_deref_methods' '--warn=clippy::expl_impl_clone_on_copy' '--warn=clippy::enum_glob_use' '--warn=clippy::empty_enum' '--warn=clippy::doc_markdown' '--warn=clippy::debug_assert_with_mut_call' '--warn=clippy::dbg_macro' '--warn=clippy::create_dir' '--allow=clippy::collapsible_else_if' '--warn=clippy::checked_conversions' '--allow=clippy::branches_sharing_code' '--allow=clippy::bool_assert_comparison' --cfg 'feature="parse"' --check-cfg 'cfg(docsrs,test)' --check-cfg 'cfg(feature, values("debug", "default", "display", "parse", "serde", "unbounded"))' -C metadata=9028767a1f268e31 -C extra-filename=-549a3d5ce089914b --out-dir /__w/waterkit/waterkit/target/debug/deps -L dependency=/__w/waterkit/waterkit/target/debug/deps --extern indexmap=/__w/waterkit/waterkit/target/debug/deps/libindexmap-3f87ea302f86aa10.rmeta --extern toml_datetime=/__w/waterkit/waterkit/target/debug/deps/libtoml_datetime-da7f30d591090122.rmeta --extern toml_parser=/__w/waterkit/waterkit/target/debug/deps/libtoml_parser-20e4f3edec1fec8c.rmeta --extern winnow=/__w/waterkit/waterkit/target/debug/deps/libwinnow-373e84aa9c3cbaab.rmeta --cap-lints allow`
Test / ubuntu-latest	UNKNOWN STEP	2026-02-20T20:39:19.1410953Z [1m[92m   Compiling[0m enumflags2_derive v0.7.12
Test / ubuntu-latest	UNKNOWN STEP	2026-02-20T20:39:19.1420440Z [1m[92m     Running[0m `/github/home/.rustup/toolchains/nightly-x86_64-unknown-linux-gnu/bin/rustc --crate-name enumflags2_derive --edition=2018 /github/home/.cargo/registry/src/index.crates.io-1949cf8c6b5b557f/enumflags2_derive-0.7.12/src/lib.rs --error-format=json --json=diagnostic-rendered-ansi,artifacts,future-incompat --crate-type proc-macro --emit=dep-info,link -C prefer-dynamic -C embed-bitcode=no --check-cfg 'cfg(docsrs,test)' --check-cfg 'cfg(feature, values())' -C metadata=46843a950d0a8c79 -C extra-filename=-2a5d73973c834def --out-dir /__w/waterkit/waterkit/target/debug/deps -L dependency=/__w/waterkit/waterkit/target/debug/deps --extern proc_macro2=/__w/waterkit/waterkit/target/debug/deps/libproc_macro2-9fe81c40f0b8c0b8.rlib --extern quote=/__w/waterkit/waterkit/target/debug/deps/libquote-5f37932b4137efa1.rlib --extern syn=/__w/waterkit/waterkit/target/debug/deps/libsyn-56cc86ffab105581.rlib --extern proc_macro --cap-lints allow`
Test / ubuntu-latest	UNKNOWN STEP	2026-02-20T20:39:19.3194863Z [1m[92m   Compiling[0m crossbeam-epoch v0.9.18
Test / ubuntu-latest	UNKNOWN STEP	2026-02-20T20:39:19.3204134Z [1m[92m     Running[0m `/github/home/.rustup/toolchains/nightly-x86_64-unknown-linux-gnu/bin/rustc --crate-name crossbeam_epoch --edition=2021 /github/home/.cargo/registry/src/index.crates.io-1949cf8c6b5b557f/crossbeam-epoch-0.9.18/src/lib.rs --error-format=json --json=diagnostic-rendered-ansi,artifacts,future-incompat --crate-type lib --emit=dep-info,metadata,link -C embed-bitcode=no -C debuginfo=2 --cfg 'feature="alloc"' --cfg 'feature="std"' --check-cfg 'cfg(docsrs,test)' --check-cfg 'cfg(feature, values("alloc", "default", "loom", "loom-crate", "nightly", "std"))' -C metadata=f6cf77fffd8e8445 -C extra-filename=-9699aac84ac5e5aa --out-dir /__w/waterkit/waterkit/target/debug/deps -L dependency=/__w/waterkit/waterkit/target/debug/deps --extern crossbeam_utils=/__w/waterkit/waterkit/target/debug/deps/libcrossbeam_utils-1ab00d54e6c79ffa.rmeta --cap-lints allow`
Test / ubuntu-latest	UNKNOWN STEP	2026-02-20T20:39:19.6311858Z [1m[92m   Compiling[0m proc-macro-crate v3.4.0
Test / ubuntu-latest	UNKNOWN STEP	2026-02-20T20:39:19.6348020Z [1m[92m     Running[0m `/github/home/.rustup/toolchains/nightly-x86_64-unknown-linux-gnu/bin/rustc --crate-name proc_macro_crate --edition=2021 /github/home/.cargo/registry/src/index.crates.io-1949cf8c6b5b557f/proc-macro-crate-3.4.0/src/lib.rs --error-format=json --json=diagnostic-rendered-ansi,artifacts,future-incompat --crate-type lib --emit=dep-info,metadata,link -C embed-bitcode=no --check-cfg 'cfg(docsrs,test)' --check-cfg 'cfg(feature, values())' -C metadata=49e45aa627b655db -C extra-filename=-65c820d4acb85495 --out-dir /__w/waterkit/waterkit/target/debug/deps -L dependency=/__w/waterkit/waterkit/target/debug/deps --extern toml_edit=/__w/waterkit/waterkit/target/debug/deps/libtoml_edit-549a3d5ce089914b.rmeta --cap-lints allow`
Test / ubuntu-latest	UNKNOWN STEP	2026-02-20T20:39:19.7155743Z [1m[92m     Running[0m `/github/home/.rustup/toolchains/nightly-x86_64-unknown-linux-gnu/bin/rustc --crate-name smallvec --edition=2018 /github/home/.cargo/registry/src/index.crates.io-1949cf8c6b5b557f/smallvec-1.15.1/src/lib.rs --error-format=json --json=diagnostic-rendered-ansi,artifacts,future-incompat --crate-type lib --emit=dep-info,metadata,link -C embed-bitcode=no --cfg 'feature="const_generics"' --check-cfg 'cfg(docsrs,test)' --check-cfg 'cfg(feature, values("arbitrary", "bincode", "const_generics", "const_new", "debugger_visualizer", "drain_filter", "drain_keep_rest", "impl_bincode", "malloc_size_of", "may_dangle", "serde", "specialization", "union", "unty", "write"))' -C metadata=573b0168be7fedec -C extra-filename=-bcee5cfe00b383a2 --out-dir /__w/waterkit/waterkit/target/debug/deps -L dependency=/__w/waterkit/waterkit/target/debug/deps --cap-lints allow`
Test / ubuntu-latest	UNKNOWN STEP	2026-02-20T20:39:19.9278784Z [1m[92m     Running[0m `/github/home/.rustup/toolchains/nightly-x86_64-unknown-linux-gnu/bin/rustc --crate-name log --edition=2021 /github/home/.cargo/registry/src/index.crates.io-1949cf8c6b5b557f/log-0.4.29/src/lib.rs --error-format=json --json=diagnostic-rendered-ansi,artifacts,future-incompat --crate-type lib --emit=dep-info,metadata,link -C embed-bitcode=no --check-cfg 'cfg(docsrs,test)' --check-cfg 'cfg(feature, values("kv", "kv_serde", "kv_std", "kv_sval", "kv_unstable", "kv_unstable_serde", "kv_unstable_std", "kv_unstable_sval", "max_level_debug", "max_level_error", "max_level_info", "max_level_off", "max_level_trace", "max_level_warn", "release_max_level_debug", "release_max_level_error", "release_max_level_info", "release_max_level_off", "release_max_level_trace", "release_max_level_warn", "serde", "serde_core", "std", "sval", "sval_ref", "value-bag"))' -C metadata=976d4ab4fd765337 -C extra-filename=-496cf8a3b8dcf87b --out-dir /__w/waterkit/waterkit/target/debug/deps -L dependency=/__w/waterkit/waterkit/target/debug/deps --cap-lints allow`
Test / ubuntu-latest	UNKNOWN STEP	2026-02-20T20:39:19.9982508Z [1m[92m   Compiling[0m enumflags2 v0.7.12
Test / ubuntu-latest	UNKNOWN STEP	2026-02-20T20:39:19.9997370Z [1m[92m     Running[0m `/github/home/.rustup/toolchains/nightly-x86_64-unknown-linux-gnu/bin/rustc --crate-name enumflags2 --edition=2018 /github/home/.cargo/registry/src/index.crates.io-1949cf8c6b5b557f/enumflags2-0.7.12/src/lib.rs --error-format=json --json=diagnostic-rendered-ansi,artifacts,future-incompat --crate-type lib --emit=dep-info,metadata,link -C embed-bitcode=no -C debuginfo=2 --cfg 'feature="serde"' --check-cfg 'cfg(docsrs,test)' --check-cfg 'cfg(feature, values("serde", "std"))' -C metadata=627f6267c1fa822c -C extra-filename=-a00a25942a84297d --out-dir /__w/waterkit/waterkit/target/debug/deps -L dependency=/__w/waterkit/waterkit/target/debug/deps --extern enumflags2_derive=/__w/waterkit/waterkit/target/debug/deps/libenumflags2_derive-2a5d73973c834def.so --extern serde=/__w/waterkit/waterkit/target/debug/deps/libserde-50e34f23d3c0b4bb.rmeta --cap-lints allow`
Test / ubuntu-latest	UNKNOWN STEP	2026-02-20T20:39:20.0760981Z [1m[92m   Compiling[0m crossbeam-deque v0.8.6
Test / ubuntu-latest	UNKNOWN STEP	2026-02-20T20:39:20.0774203Z [1m[92m     Running[0m `/github/home/.rustup/toolchains/nightly-x86_64-unknown-linux-gnu/bin/rustc --crate-name crossbeam_deque --edition=2021 /github/home/.cargo/registry/src/index.crates.io-1949cf8c6b5b557f/crossbeam-deque-0.8.6/src/lib.rs --error-format=json --json=diagnostic-rendered-ansi,artifacts,future-incompat --crate-type lib --emit=dep-info,metadata,link -C embed-bitcode=no -C debuginfo=2 --warn=unexpected_cfgs '--allow=clippy::lint_groups_priority' '--allow=clippy::declare_interior_mutable_const' --check-cfg 'cfg(crossbeam_loom)' --check-cfg 'cfg(crossbeam_sanitize)' --cfg 'feature="default"' --cfg 'feature="std"' --check-cfg 'cfg(docsrs,test)' --check-cfg 'cfg(feature, values("default", "std"))' -C metadata=dfd4d09855553658 -C extra-filename=-45c1181e7f67f75a --out-dir /__w/waterkit/waterkit/target/debug/deps -L dependency=/__w/waterkit/waterkit/target/debug/deps --extern crossbeam_epoch=/__w/waterkit/waterkit/target/debug/deps/libcrossbeam_epoch-9699aac84ac5e5aa.rmeta --extern crossbeam_utils=/__w/waterkit/waterkit/target/debug/deps/libcrossbeam_utils-1ab00d54e6c79ffa.rmeta --cap-lints allow`
Test / ubuntu-latest	UNKNOWN STEP	2026-02-20T20:39:20.0931518Z [1m[92m   Compiling[0m zvariant_derive v5.9.2
Test / ubuntu-latest	UNKNOWN STEP	2026-02-20T20:39:20.0943137Z [1m[92m     Running[0m `/github/home/.rustup/toolchains/nightly-x86_64-unknown-linux-gnu/bin/rustc --crate-name zvariant_derive --edition=2024 /github/home/.cargo/registry/src/index.crates.io-1949cf8c6b5b557f/zvariant_derive-5.9.2/src/lib.rs --error-format=json --json=diagnostic-rendered-ansi,artifacts,future-incompat --crate-type proc-macro --emit=dep-info,link -C prefer-dynamic -C embed-bitcode=no --warn=unexpected_cfgs --check-cfg 'cfg(tokio_unstable)' --cfg 'feature="default"' --check-cfg 'cfg(docsrs,test)' --check-cfg 'cfg(feature, values("default", "gvariant"))' -C metadata=b87ea56c7ce3a61a -C extra-filename=-36d3545044d7dab9 --out-dir /__w/waterkit/waterkit/target/debug/deps -L dependency=/__w/waterkit/waterkit/target/debug/deps --extern proc_macro_crate=/__w/waterkit/waterkit/target/debug/deps/libproc_macro_crate-65c820d4acb85495.rlib --extern proc_macro2=/__w/waterkit/waterkit/target/debug/deps/libproc_macro2-9fe81c40f0b8c0b8.rlib --extern quote=/__w/waterkit/waterkit/target/debug/deps/libquote-5f37932b4137efa1.rlib --extern syn=/__w/waterkit/waterkit/target/debug/deps/libsyn-56cc86ffab105581.rlib --extern zvariant_utils=/__w/waterkit/waterkit/target/debug/deps/libzvariant_utils-adaef81f93b2c5bd.rlib --extern proc_macro --cap-lints allow`
Test / ubuntu-latest	UNKNOWN STEP	2026-02-20T20:39:20.1602154Z [1m[92m   Compiling[0m idna_adapter v1.2.1
Test / ubuntu-latest	UNKNOWN STEP	2026-02-20T20:39:20.1660596Z [1m[92m     Running[0m `/github/home/.rustup/toolchains/nightly-x86_64-unknown-linux-gnu/bin/rustc --crate-name idna_adapter --edition=2021 /github/home/.cargo/registry/src/index.crates.io-1949cf8c6b5b557f/idna_adapter-1.2.1/src/lib.rs --error-format=json --json=diagnostic-rendered-ansi,artifacts,future-incompat --crate-type lib --emit=dep-info,metadata,link -C embed-bitcode=no -C debuginfo=2 --cfg 'feature="compiled_data"' --check-cfg 'cfg(docsrs,test)' --check-cfg 'cfg(feature, values("compiled_data"))' -C metadata=842610a204a89aa8 -C extra-filename=-46d5c5e3fad318e8 --out-dir /__w/waterkit/waterkit/target/debug/deps -L dependency=/__w/waterkit/waterkit/target/debug/deps --extern icu_normalizer=/__w/waterkit/waterkit/target/debug/deps/libicu_normalizer-0bc019f68e043ded.rmeta --extern icu_properties=/__w/waterkit/waterkit/target/debug/deps/libicu_properties-9ddae2604e667a56.rmeta --cap-lints allow`
Test / ubuntu-latest	UNKNOWN STEP	2026-02-20T20:39:20.2336015Z [1m[92m   Compiling[0m futures-channel v0.3.32
Test / ubuntu-latest	UNKNOWN STEP	2026-02-20T20:39:20.2346235Z [1m[92m     Running[0m `/github/home/.rustup/toolchains/nightly-x86_64-unknown-linux-gnu/bin/rustc --crate-name futures_channel --edition=2018 /github/home/.cargo/registry/src/index.crates.io-1949cf8c6b5b557f/futures-channel-0.3.32/src/lib.rs --error-format=json --json=diagnostic-rendered-ansi,artifacts,future-incompat --crate-type lib --emit=dep-info,metadata,link -C embed-bitcode=no -C debuginfo=2 --warn=unreachable_pub --warn=unexpected_cfgs --warn=single_use_lifetimes --warn=rust_2018_idioms --warn=missing_debug_implementations --check-cfg 'cfg(futures_sanitizer)' --cfg 'feature="alloc"' --cfg 'feature="default"' --cfg 'feature="futures-sink"' --cfg 'feature="sink"' --cfg 'feature="std"' --check-cfg 'cfg(docsrs,test)' --check-cfg 'cfg(feature, values("alloc", "cfg-target-has-atomic", "default", "futures-sink", "sink", "std", "unstable"))' -C metadata=83041ab3fafc1057 -C extra-filename=-06a3b87c405408c6 --out-dir /__w/waterkit/waterkit/target/debug/deps -L dependency=/__w/waterkit/waterkit/target/debug/deps --extern futures_core=/__w/waterkit/waterkit/target/debug/deps/libfutures_core-2d7bb4d1409fb0c1.rmeta --extern futures_sink=/__w/waterkit/waterkit/target/debug/deps/libfutures_sink-03b53bf99d3bd47f.rmeta --cap-lints allow`
Test / ubuntu-latest	UNKNOWN STEP	2026-02-20T20:39:20.2415688Z [1m[92m   Compiling[0m async-executor v1.14.0
Test / ubuntu-latest	UNKNOWN STEP	2026-02-20T20:39:20.2429826Z [1m[92m     Running[0m `/github/home/.rustup/toolchains/nightly-x86_64-unknown-linux-gnu/bin/rustc --crate-name async_executor --edition=2021 /github/home/.cargo/registry/src/index.crates.io-1949cf8c6b5b557f/async-executor-1.14.0/src/lib.rs --error-format=json --json=diagnostic-rendered-ansi,artifacts,future-incompat --crate-type lib --emit=dep-info,metadata,link -C embed-bitcode=no -C debuginfo=2 --check-cfg 'cfg(docsrs,test)' --check-cfg 'cfg(feature, values("static"))' -C metadata=4346201117d7cb12 -C extra-filename=-ed13de650466e89b --out-dir /__w/waterkit/waterkit/target/debug/deps -L dependency=/__w/waterkit/waterkit/target/debug/deps --extern async_task=/__w/waterkit/waterkit/target/debug/deps/libasync_task-fe618d2b503885ad.rmeta --extern concurrent_queue=/__w/waterkit/waterkit/target/debug/deps/libconcurrent_queue-b50eb9f382ace99b.rmeta --extern fastrand=/__w/waterkit/waterkit/target/debug/deps/libfastrand-ecdbacb34276294a.rmeta --extern futures_lite=/__w/waterkit/waterkit/target/debug/deps/libfutures_lite-00f442a05efae16c.rmeta --extern pin_project_lite=/__w/waterkit/waterkit/target/debug/deps/libpin_project_lite-8ceaaa5d1655a324.rmeta --extern slab=/__w/waterkit/waterkit/target/debug/deps/libslab-57cc2c3cd25b5970.rmeta --cap-lints allow`
Test / ubuntu-latest	UNKNOWN STEP	2026-02-20T20:39:20.4146513Z [1m[92m   Compiling[0m rayon-core v1.13.0
Test / ubuntu-latest	UNKNOWN STEP	2026-02-20T20:39:20.4159823Z [1m[92m     Running[0m `/github/home/.rustup/toolchains/nightly-x86_64-unknown-linux-gnu/bin/rustc --crate-name build_script_build --edition=2021 /github/home/.cargo/registry/src/index.crates.io-1949cf8c6b5b557f/rayon-core-1.13.0/build.rs --error-format=json --json=diagnostic-rendered-ansi,artifacts,future-incompat --crate-type bin --emit=dep-info,link -C embed-bitcode=no --check-cfg 'cfg(docsrs,test)' --check-cfg 'cfg(feature, values("web_spin_lock"))' -C metadata=8a233e07060bcc1f -C extra-filename=-eabf21307116cd51 --out-dir /__w/waterkit/waterkit/target/debug/build/rayon-core-eabf21307116cd51 -L dependency=/__w/waterkit/waterkit/target/debug/deps --cap-lints allow`
Test / ubuntu-latest	UNKNOWN STEP	2026-02-20T20:39:20.5199547Z [1m[92m   Compiling[0m endi v1.1.1
Test / ubuntu-latest	UNKNOWN STEP	2026-02-20T20:39:20.5276857Z [1m[92m     Running[0m `/github/home/.rustup/toolchains/nightly-x86_64-unknown-linux-gnu/bin/rustc --crate-name endi --edition=2021 /github/home/.cargo/registry/src/index.crates.io-1949cf8c6b5b557f/endi-1.1.1/src/lib.rs --error-format=json --json=diagnostic-rendered-ansi,artifacts,future-incompat --crate-type lib --emit=dep-info,metadata,link -C embed-bitcode=no -C debuginfo=2 --cfg 'feature="default"' --cfg 'feature="std"' --check-cfg 'cfg(docsrs,test)' --check-cfg 'cfg(feature, values("default", "std"))' -C metadata=1f4d5696119a6e0f -C extra-filename=-3e61bc28698cc3af --out-dir /__w/waterkit/waterkit/target/debug/deps -L dependency=/__w/waterkit/waterkit/target/debug/deps --cap-lints allow`
Test / ubuntu-latest	UNKNOWN STEP	2026-02-20T20:39:20.6075629Z [1m[92m   Compiling[0m unicode-width v0.2.2
Test / ubuntu-latest	UNKNOWN STEP	2026-02-20T20:39:20.6084444Z [1m[92m     Running[0m `/github/home/.rustup/toolchains/nightly-x86_64-unknown-linux-gnu/bin/rustc --crate-name unicode_width --edition=2021 /github/home/.cargo/registry/src/index.crates.io-1949cf8c6b5b557f/unicode-width-0.2.2/src/lib.rs --error-format=json --json=diagnostic-rendered-ansi,artifacts,future-incompat --crate-type lib --emit=dep-info,metadata,link -C embed-bitcode=no -C debuginfo=2 --cfg 'feature="cjk"' --cfg 'feature="default"' --check-cfg 'cfg(docsrs,test)' --check-cfg 'cfg(feature, values("cjk", "core", "default", "no_std", "rustc-dep-of-std", "std"))' -C metadata=a9c5cee49e32ac7f -C extra-filename=-a6375d3a2a26d1e5 --out-dir /__w/waterkit/waterkit/target/debug/deps -L dependency=/__w/waterkit/waterkit/target/debug/deps --cap-lints allow`
Test / ubuntu-latest	UNKNOWN STEP	2026-02-20T20:39:20.6274320Z [1m[92m   Compiling[0m either v1.15.0
Test / ubuntu-latest	UNKNOWN STEP	2026-02-20T20:39:20.6278905Z [1m[92m     Running[0m `/github/home/.rustup/toolchains/nightly-x86_64-unknown-linux-gnu/bin/rustc --crate-name either --edition=2021 /github/home/.cargo/registry/src/index.crates.io-1949cf8c6b5b557f/either-1.15.0/src/lib.rs --error-format=json --json=diagnostic-rendered-ansi,artifacts,future-incompat --crate-type lib --emit=dep-info,metadata,link -C embed-bitcode=no -C debuginfo=2 --cfg 'feature="std"' --cfg 'feature="use_std"' --check-cfg 'cfg(docsrs,test)' --check-cfg 'cfg(feature, values("default", "serde", "std", "use_std"))' -C metadata=a0039c0ca501d5e1 -C extra-filename=-9a78d543324cf6ff --out-dir /__w/waterkit/waterkit/target/debug/deps -L dependency=/__w/waterkit/waterkit/target/debug/deps --cap-lints allow`
Test / ubuntu-latest	UNKNOWN STEP	2026-02-20T20:39:20.8340782Z [1m[92m   Compiling[0m half v2.7.1
Test / ubuntu-latest	UNKNOWN STEP	2026-02-20T20:39:20.8350819Z [1m[92m     Running[0m `/github/home/.rustup/toolchains/nightly-x86_64-unknown-linux-gnu/bin/rustc --crate-name half --edition=2021 /github/home/.cargo/registry/src/index.crates.io-1949cf8c6b5b557f/half-2.7.1/src/lib.rs --error-format=json --json=diagnostic-rendered-ansi,artifacts,future-incompat --crate-type lib --emit=dep-info,metadata,link -C embed-bitcode=no -C debuginfo=2 --cfg 'feature="alloc"' --cfg 'feature="default"' --cfg 'feature="num-traits"' --cfg 'feature="std"' --check-cfg 'cfg(docsrs,test)' --check-cfg 'cfg(feature, values("alloc", "arbitrary", "bytemuck", "default", "nightly", "num-traits", "rand_distr", "rkyv", "serde", "std", "use-intrinsics", "zerocopy"))' -C metadata=0c7507b2fed39bc5 -C extra-filename=-941b768d1d0a609f --out-dir /__w/waterkit/waterkit/target/debug/deps -L dependency=/__w/waterkit/waterkit/target/debug/deps --extern cfg_if=/__w/waterkit/waterkit/target/debug/deps/libcfg_if-2262c59ed30cbfdf.rmeta --extern num_traits=/__w/waterkit/waterkit/target/debug/deps/libnum_traits-0a996891582b552d.rmeta --extern zerocopy=/__w/waterkit/waterkit/target/debug/deps/libzerocopy-1b066a3d02152067.rmeta --cap-lints allow`
Test / ubuntu-latest	UNKNOWN STEP	2026-02-20T20:39:20.8406940Z [1m[92m   Compiling[0m bitflags v1.3.2
Test / ubuntu-latest	UNKNOWN STEP	2026-02-20T20:39:20.8425264Z [1m[92m     Running[0m `/github/home/.rustup/toolchains/nightly-x86_64-unknown-linux-gnu/bin/rustc --crate-name bitflags --edition=2018 /github/home/.cargo/registry/src/index.crates.io-1949cf8c6b5b557f/bitflags-1.3.2/src/lib.rs --error-format=json --json=diagnostic-rendered-ansi,artifacts,future-incompat --crate-type lib --emit=dep-info,metadata,link -C embed-bitcode=no -C debuginfo=2 --cfg 'feature="default"' --check-cfg 'cfg(docsrs,test)' --check-cfg 'cfg(feature, values("compiler_builtins", "core", "default", "example_generated", "rustc-dep-of-std"))' -C metadata=ada189434255e9f2 -C extra-filename=-2693e7bb8c9051eb --out-dir /__w/waterkit/waterkit/target/debug/deps -L dependency=/__w/waterkit/waterkit/target/debug/deps --cap-lints allow`
Test / ubuntu-latest	UNKNOWN STEP	2026-02-20T20:39:20.8786923Z [1m[92m     Running[0m `/__w/waterkit/waterkit/target/debug/build/rayon-core-eabf21307116cd51/build-script-build`
Test / ubuntu-latest	UNKNOWN STEP	2026-02-20T20:39:20.8890287Z [1m[92m   Compiling[0m idna v1.1.0
Test / ubuntu-latest	UNKNOWN STEP	2026-02-20T20:39:20.8905915Z [1m[92m     Running[0m `/github/home/.rustup/toolchains/nightly-x86_64-unknown-linux-gnu/bin/rustc --crate-name idna --edition=2018 /github/home/.cargo/registry/src/index.crates.io-1949cf8c6b5b557f/idna-1.1.0/src/lib.rs --error-format=json --json=diagnostic-rendered-ansi,artifacts,future-incompat --crate-type lib --emit=dep-info,metadata,link -C embed-bitcode=no -C debuginfo=2 --cfg 'feature="alloc"' --cfg 'feature="compiled_data"' --cfg 'feature="std"' --check-cfg 'cfg(docsrs,test)' --check-cfg 'cfg(feature, values("alloc", "compiled_data", "default", "std"))' -C metadata=31b08111556c4141 -C extra-filename=-e889b6bfdbe25691 --out-dir /__w/waterkit/waterkit/target/debug/deps -L dependency=/__w/waterkit/waterkit/target/debug/deps --extern idna_adapter=/__w/waterkit/waterkit/target/debug/deps/libidna_adapter-46d5c5e3fad318e8.rmeta --extern smallvec=/__w/waterkit/waterkit/target/debug/deps/libsmallvec-e23cfd1cc88132d6.rmeta --extern utf8_iter=/__w/waterkit/waterkit/target/debug/deps/libutf8_iter-f95c390134f4cbfc.rmeta --cap-lints allow`
Test / ubuntu-latest	UNKNOWN STEP	2026-02-20T20:39:20.9058335Z [1m[92m   Compiling[0m futures-task v0.3.32
Test / ubuntu-latest	UNKNOWN STEP	2026-02-20T20:39:20.9143888Z [1m[92m     Running[0m `/github/home/.rustup/toolchains/nightly-x86_64-unknown-linux-gnu/bin/rustc --crate-name futures_task --edition=2018 /github/home/.cargo/registry/src/index.crates.io-1949cf8c6b5b557f/futures-task-0.3.32/src/lib.rs --error-format=json --json=diagnostic-rendered-ansi,artifacts,future-incompat --crate-type lib --emit=dep-info,metadata,link -C embed-bitcode=no -C debuginfo=2 --warn=unreachable_pub --warn=unexpected_cfgs --warn=single_use_lifetimes --warn=rust_2018_idioms --warn=missing_debug_implementations --check-cfg 'cfg(futures_sanitizer)' --cfg 'feature="alloc"' --cfg 'feature="std"' --check-cfg 'cfg(docsrs,test)' --check-cfg 'cfg(feature, values("alloc", "cfg-target-has-atomic", "default", "std", "unstable"))' -C metadata=ac57322663b2d3cf -C extra-filename=-c54f3740d6ed1215 --out-dir /__w/waterkit/waterkit/target/debug/deps -L dependency=/__w/waterkit/waterkit/target/debug/deps --cap-lints allow`
Test / ubuntu-latest	UNKNOWN STEP	2026-02-20T20:39:21.0352530Z [1m[92m     Running[0m `/github/home/.rustup/toolchains/nightly-x86_64-unknown-linux-gnu/bin/rustc --crate-name rayon_core --edition=2021 /github/home/.cargo/registry/src/index.crates.io-1949cf8c6b5b557f/rayon-core-1.13.0/src/lib.rs --error-format=json --json=diagnostic-rendered-ansi,artifacts,future-incompat --crate-type lib --emit=dep-info,metadata,link -C embed-bitcode=no -C debuginfo=2 --check-cfg 'cfg(docsrs,test)' --check-cfg 'cfg(feature, values("web_spin_lock"))' -C metadata=358b515b37704563 -C extra-filename=-0645cddf271abca5 --out-dir /__w/waterkit/waterkit/target/debug/deps -L dependency=/__w/waterkit/waterkit/target/debug/deps --extern crossbeam_deque=/__w/waterkit/waterkit/target/debug/deps/libcrossbeam_deque-45c1181e7f67f75a.rmeta --extern crossbeam_utils=/__w/waterkit/waterkit/target/debug/deps/libcrossbeam_utils-1ab00d54e6c79ffa.rmeta --cap-lints allow`
Test / ubuntu-latest	UNKNOWN STEP	2026-02-20T20:39:21.0362514Z [1m[92m   Compiling[0m futures-macro v0.3.32
Test / ubuntu-latest	UNKNOWN STEP	2026-02-20T20:39:21.0370890Z [1m[92m     Running[0m `/github/home/.rustup/toolchains/nightly-x86_64-unknown-linux-gnu/bin/rustc --crate-name futures_macro --edition=2018 /github/home/.cargo/registry/src/index.crates.io-1949cf8c6b5b557f/futures-macro-0.3.32/src/lib.rs --error-format=json --json=diagnostic-rendered-ansi,artifacts,future-incompat --crate-type proc-macro --emit=dep-info,link -C prefer-dynamic -C embed-bitcode=no --warn=unreachable_pub --warn=unexpected_cfgs --warn=single_use_lifetimes --warn=rust_2018_idioms --warn=missing_debug_implementations --check-cfg 'cfg(futures_sanitizer)' --check-cfg 'cfg(docsrs,test)' --check-cfg 'cfg(feature, values())' -C metadata=c7f0273fa0279d65 -C extra-filename=-d807e1738572443f --out-dir /__w/waterkit/waterkit/target/debug/deps -L dependency=/__w/waterkit/waterkit/target/debug/deps --extern proc_macro2=/__w/waterkit/waterkit/target/debug/deps/libproc_macro2-9fe81c40f0b8c0b8.rlib --extern quote=/__w/waterkit/waterkit/target/debug/deps/libquote-5f37932b4137efa1.rlib --extern syn=/__w/waterkit/waterkit/target/debug/deps/libsyn-56cc86ffab105581.rlib --extern proc_macro --cap-lints allow`
Test / ubuntu-latest	UNKNOWN STEP	2026-02-20T20:39:21.3296990Z [1m[92m   Compiling[0m url v2.5.8
Test / ubuntu-latest	UNKNOWN STEP	2026-02-20T20:39:21.3375555Z [1m[92m     Running[0m `/github/home/.rustup/toolchains/nightly-x86_64-unknown-linux-gnu/bin/rustc --crate-name url --edition=2018 /github/home/.cargo/registry/src/index.crates.io-1949cf8c6b5b557f/url-2.5.8/src/lib.rs --error-format=json --json=diagnostic-rendered-ansi,artifacts,future-incompat --crate-type lib --emit=dep-info,metadata,link -C embed-bitcode=no -C debuginfo=2 --cfg 'feature="default"' --cfg 'feature="serde"' --cfg 'feature="std"' --check-cfg 'cfg(docsrs,test)' --check-cfg 'cfg(feature, values("debugger_visualizer", "default", "expose_internals", "serde", "std"))' -C metadata=fb6d0872583b5f8b -C extra-filename=-5c65b29004ed1d4e --out-dir /__w/waterkit/waterkit/target/debug/deps -L dependency=/__w/waterkit/waterkit/target/debug/deps --extern form_urlencoded=/__w/waterkit/waterkit/target/debug/deps/libform_urlencoded-e1ac12ce1659e85f.rmeta --extern idna=/__w/waterkit/waterkit/target/debug/deps/libidna-e889b6bfdbe25691.rmeta --extern percent_encoding=/__w/waterkit/waterkit/target/debug/deps/libpercent_encoding-fdb8b4bcafcb590c.rmeta --extern serde=/__w/waterkit/waterkit/target/debug/deps/libserde-50e34f23d3c0b4bb.rmeta --extern serde_derive=/__w/waterkit/waterkit/target/debug/deps/libserde_derive-b29578af610180c4.so --cap-lints allow`
Test / ubuntu-latest	UNKNOWN STEP	2026-02-20T20:39:21.7500785Z [1m[92m     Running[0m `/github/home/.rustup/toolchains/nightly-x86_64-unknown-linux-gnu/bin/rustc --crate-name syn --edition=2021 /github/home/.cargo/registry/src/index.crates.io-1949cf8c6b5b557f/syn-2.0.117/src/lib.rs --error-format=json --json=diagnostic-rendered-ansi,artifacts,future-incompat --crate-type lib --emit=dep-info,metadata,link -C embed-bitcode=no -C debuginfo=2 --cfg 'feature="clone-impls"' --cfg 'feature="default"' --cfg 'feature="derive"' --cfg 'feature="extra-traits"' --cfg 'feature="full"' --cfg 'feature="parsing"' --cfg 'feature="printing"' --cfg 'feature="proc-macro"' --check-cfg 'cfg(docsrs,test)' --check-cfg 'cfg(feature, values("clone-impls", "default", "derive", "extra-traits", "fold", "full", "parsing", "printing", "proc-macro", "test", "visit", "visit-mut"))' -C metadata=89751a6ea63f982f -C extra-filename=-699f118c4a443994 --out-dir /__w/waterkit/waterkit/target/debug/deps -L dependency=/__w/waterkit/waterkit/target/debug/deps --extern proc_macro2=/__w/waterkit/waterkit/target/debug/deps/libproc_macro2-9fe81c40f0b8c0b8.rmeta --extern quote=/__w/waterkit/waterkit/target/debug/deps/libquote-5f37932b4137efa1.rmeta --extern unicode_ident=/__w/waterkit/waterkit/target/debug/deps/libunicode_ident-e36a029196a2cca1.rmeta --cap-lints allow`
Test / ubuntu-latest	UNKNOWN STEP	2026-02-20T20:39:21.7708019Z [1m[92m   Compiling[0m bytes v1.11.1
Test / ubuntu-latest	UNKNOWN STEP	2026-02-20T20:39:21.7716780Z [1m[92m     Running[0m `/github/home/.rustup/toolchains/nightly-x86_64-unknown-linux-gnu/bin/rustc --crate-name bytes --edition=2021 /github/home/.cargo/registry/src/index.crates.io-1949cf8c6b5b557f/bytes-1.11.1/src/lib.rs --error-format=json --json=diagnostic-rendered-ansi,artifacts,future-incompat --crate-type lib --emit=dep-info,metadata,link -C embed-bitcode=no -C debuginfo=2 --warn=unexpected_cfgs --check-cfg 'cfg(loom)' --cfg 'feature="default"' --cfg 'feature="std"' --check-cfg 'cfg(docsrs,test)' --check-cfg 'cfg(feature, values("default", "extra-platforms", "serde", "std"))' -C metadata=f4381501202855f0 -C extra-filename=-06e749ac1289c53f --out-dir /__w/waterkit/waterkit/target/debug/deps -L dependency=/__w/waterkit/waterkit/target/debug/deps --cap-lints allow`
Test / ubuntu-latest	UNKNOWN STEP	2026-02-20T20:39:21.8706245Z [1m[92m   Compiling[0m simd-adler32 v0.3.8
Test / ubuntu-latest	UNKNOWN STEP	2026-02-20T20:39:21.8719981Z [1m[92m     Running[0m `/github/home/.rustup/toolchains/nightly-x86_64-unknown-linux-gnu/bin/rustc --crate-name simd_adler32 --edition=2018 /github/home/.cargo/registry/src/index.crates.io-1949cf8c6b5b557f/simd-adler32-0.3.8/src/lib.rs --error-format=json --json=diagnostic-rendered-ansi,artifacts,future-incompat --crate-type lib --emit=dep-info,metadata,link -C embed-bitcode=no -C debuginfo=2 --cfg 'feature="const-generics"' --cfg 'feature="default"' --cfg 'feature="std"' --check-cfg 'cfg(docsrs,test)' --check-cfg 'cfg(feature, values("const-generics", "default", "nightly", "std"))' -C metadata=09d7ec05d9e865b6 -C extra-filename=-628a0c0efaf5a45f --out-dir /__w/waterkit/waterkit/target/debug/deps -L dependency=/__w/waterkit/waterkit/target/debug/deps --cap-lints allow`
Test / ubuntu-latest	UNKNOWN STEP	2026-02-20T20:39:22.0594525Z [1m[92m   Compiling[0m foldhash v0.2.0
Test / ubuntu-latest	UNKNOWN STEP	2026-02-20T20:39:22.0605358Z [1m[92m     Running[0m `/github/home/.rustup/toolchains/nightly-x86_64-unknown-linux-gnu/bin/rustc --crate-name foldhash --edition=2021 /github/home/.cargo/registry/src/index.crates.io-1949cf8c6b5b557f/foldhash-0.2.0/src/lib.rs --error-format=json --json=diagnostic-rendered-ansi,artifacts,future-incompat --crate-type lib --emit=dep-info,metadata,link -C embed-bitcode=no -C debuginfo=2 --check-cfg 'cfg(docsrs,test)' --check-cfg 'cfg(feature, values("default", "nightly", "std"))' -C metadata=161bed229949a48a -C extra-filename=-6299ea0c0019980d --out-dir /__w/waterkit/waterkit/target/debug/deps -L dependency=/__w/waterkit/waterkit/target/debug/deps --cap-lints allow`
Test / ubuntu-latest	UNKNOWN STEP	2026-02-20T20:39:22.2220047Z [1m[92m   Compiling[0m allocator-api2 v0.2.21
Test / ubuntu-latest	UNKNOWN STEP	2026-02-20T20:39:22.2294115Z [1m[92m     Running[0m `/github/home/.rustup/toolchains/nightly-x86_64-unknown-linux-gnu/bin/rustc --crate-name allocator_api2 --edition=2018 /github/home/.cargo/registry/src/index.crates.io-1949cf8c6b5b557f/allocator-api2-0.2.21/src/lib.rs --error-format=json --json=diagnostic-rendered-ansi,artifacts,future-incompat --crate-type lib --emit=dep-info,metadata,link -C embed-bitcode=no -C debuginfo=2 --warn=unexpected_cfgs --check-cfg 'cfg(no_global_oom_handling)' --cfg 'feature="alloc"' --check-cfg 'cfg(docsrs,test)' --check-cfg 'cfg(feature, values("alloc", "default", "fresh-rust", "nightly", "serde", "std"))' -C metadata=7bf3ece01cb27c03 -C extra-filename=-302c8aaff85fe901 --out-dir /__w/waterkit/waterkit/target/debug/deps -L dependency=/__w/waterkit/waterkit/target/debug/deps --cap-lints allow`
Test / ubuntu-latest	UNKNOWN STEP	2026-02-20T20:39:22.3445271Z [1m[92m   Compiling[0m futures-util v0.3.32
Test / ubuntu-latest	UNKNOWN STEP	2026-02-20T20:39:22.3531705Z [1m[92m     Running[0m `/github/home/.rustup/toolchains/nightly-x86_64-unknown-linux-gnu/bin/rustc --crate-name futures_util --edition=2018 /github/home/.cargo/registry/src/index.crates.io-1949cf8c6b5b557f/futures-util-0.3.32/src/lib.rs --error-format=json --json=diagnostic-rendered-ansi,artifacts,future-incompat --crate-type lib --emit=dep-info,metadata,link -C embed-bitcode=no -C debuginfo=2 --warn=unreachable_pub --warn=unexpected_cfgs --warn=single_use_lifetimes --warn=rust_2018_idioms --warn=missing_debug_implementations --check-cfg 'cfg(futures_sanitizer)' --cfg 'feature="alloc"' --cfg 'feature="async-await"' --cfg 'feature="async-await-macro"' --cfg 'feature="channel"' --cfg 'feature="default"' --cfg 'feature="futures-channel"' --cfg 'feature="futures-io"' --cfg 'feature="futures-macro"' --cfg 'feature="futures-sink"' --cfg 'feature="io"' --cfg 'feature="memchr"' --cfg 'feature="sink"' --cfg 'feature="slab"' --cfg 'feature="std"' --check-cfg 'cfg(docsrs,test)' --check-cfg 'cfg(feature, values("alloc", "async-await", "async-await-macro", "bilock", "cfg-target-has-atomic", "channel", "compat", "default", "futures-channel", "futures-io", "futures-macro", "futures-sink", "futures_01", "io", "io-compat", "libc", "memchr", "portable-atomic", "sink", "slab", "spin", "std", "tokio-io", "unstable", "write-all-vectored"))' -C metadata=f5cd0f93eb599b3d -C extra-filename=-eb2367d373ba1ea4 --out-dir /__w/waterkit/waterkit/target/debug/deps -L dependency=/__w/waterkit/waterkit/target/debug/deps --extern futures_channel=/__w/waterkit/waterkit/target/debug/deps/libfutures_channel-06a3b87c405408c6.rmeta --extern futures_core=/__w/waterkit/waterkit/target/debug/deps/libfutures_core-2d7bb4d1409fb0c1.rmeta --extern futures_io=/__w/waterkit/waterkit/target/debug/deps/libfutures_io-4f27fc187623d547.rmeta --extern futures_macro=/__w/waterkit/waterkit/target/debug/deps/libfutures_macro-d807e1738572443f.so --extern futures_sink=/__w/waterkit/waterkit/target/debug/deps/libfutures_sink-03b53bf99d3bd47f.rmeta --extern futures_task=/__w/waterkit/waterkit/target/debug/deps/libfutures_task-c54f3740d6ed1215.rmeta --extern memchr=/__w/waterkit/waterkit/target/debug/deps/libmemchr-6107e8755c89e2eb.rmeta --extern pin_project_lite=/__w/waterkit/waterkit/target/debug/deps/libpin_project_lite-8ceaaa5d1655a324.rmeta --extern slab=/__w/waterkit/waterkit/target/debug/deps/libslab-57cc2c3cd25b5970.rmeta --cap-lints allow`
Test / ubuntu-latest	UNKNOWN STEP	2026-02-20T20:39:22.5649437Z [1m[92m     Running[0m `/github/home/.rustup/toolchains/nightly-x86_64-unknown-linux-gnu/bin/rustc --crate-name hashbrown --edition=2021 /github/home/.cargo/registry/src/index.crates.io-1949cf8c6b5b557f/hashbrown-0.16.1/src/lib.rs --error-format=json --json=diagnostic-rendered-ansi,artifacts,future-incompat --crate-type lib --emit=dep-info,metadata,link -C embed-bitcode=no -C debuginfo=2 --cfg 'feature="allocator-api2"' --cfg 'feature="default"' --cfg 'feature="default-hasher"' --cfg 'feature="equivalent"' --cfg 'feature="inline-more"' --cfg 'feature="raw-entry"' --check-cfg 'cfg(docsrs,test)' --check-cfg 'cfg(feature, values("alloc", "allocator-api2", "core", "default", "default-hasher", "equivalent", "inline-more", "nightly", "raw-entry", "rayon", "rustc-dep-of-std", "rustc-internal-api", "serde"))' -C metadata=7a26e5c7ce6c9276 -C extra-filename=-977a6e06d06005e4 --out-dir /__w/waterkit/waterkit/target/debug/deps -L dependency=/__w/waterkit/waterkit/target/debug/deps --extern allocator_api2=/__w/waterkit/waterkit/target/debug/deps/liballocator_api2-302c8aaff85fe901.rmeta --extern equivalent=/__w/waterkit/waterkit/target/debug/deps/libequivalent-3ff77df1ac69f53a.rmeta --extern foldhash=/__w/waterkit/waterkit/target/debug/deps/libfoldhash-6299ea0c0019980d.rmeta --cap-lints allow`
Test / ubuntu-latest	UNKNOWN STEP	2026-02-20T20:39:22.5719422Z [1m[92m   Compiling[0m zvariant v5.9.2
Test / ubuntu-latest	UNKNOWN STEP	2026-02-20T20:39:22.5735294Z [1m[92m     Running[0m `/github/home/.rustup/toolchains/nightly-x86_64-unknown-linux-gnu/bin/rustc --crate-name zvariant --edition=2024 /github/home/.cargo/registry/src/index.crates.io-1949cf8c6b5b557f/zvariant-5.9.2/src/lib.rs --error-format=json --json=diagnostic-rendered-ansi,artifacts,future-incompat --crate-type lib --emit=dep-info,metadata,link -C embed-bitcode=no --warn=unexpected_cfgs --check-cfg 'cfg(tokio_unstable)' --cfg 'feature="default"' --cfg 'feature="enumflags2"' --check-cfg 'cfg(docsrs,test)' --check-cfg 'cfg(feature, values("arrayvec", "camino", "chrono", "default", "enumflags2", "gvariant", "heapless", "option-as-array", "ostree-tests", "serde_bytes", "time", "url", "uuid"))' -C metadata=4748a4005f48f07c -C extra-filename=-9ecb85b4fb12d2ce --out-dir /__w/waterkit/waterkit/target/debug/deps -L dependency=/__w/waterkit/waterkit/target/debug/deps --extern endi=/__w/waterkit/waterkit/target/debug/deps/libendi-3e61bc28698cc3af.rmeta --extern enumflags2=/__w/waterkit/waterkit/target/debug/deps/libenumflags2-a00a25942a84297d.rmeta --extern serde=/__w/waterkit/waterkit/target/debug/deps/libserde-50e34f23d3c0b4bb.rmeta --extern winnow=/__w/waterkit/waterkit/target/debug/deps/libwinnow-373e84aa9c3cbaab.rmeta --extern zvariant_derive=/__w/waterkit/waterkit/target/debug/deps/libzvariant_derive-36d3545044d7dab9.so --extern zvariant_utils=/__w/waterkit/waterkit/target/debug/deps/libzvariant_utils-adaef81f93b2c5bd.rmeta --cap-lints allow`
Test / ubuntu-latest	UNKNOWN STEP	2026-02-20T20:39:23.2203253Z [1m[92m   Compiling[0m async-signal v0.2.13
Test / ubuntu-latest	UNKNOWN STEP	2026-02-20T20:39:23.2221978Z [1m[92m     Running[0m `/github/home/.rustup/toolchains/nightly-x86_64-unknown-linux-gnu/bin/rustc --crate-name async_signal --edition=2021 /github/home/.cargo/registry/src/index.crates.io-1949cf8c6b5b557f/async-signal-0.2.13/src/lib.rs --error-format=json --json=diagnostic-rendered-ansi,artifacts,future-incompat --crate-type lib --emit=dep-info,metadata,link -C embed-bitcode=no -C debuginfo=2 --check-cfg 'cfg(docsrs,test)' --check-cfg 'cfg(feature, values())' -C metadata=c6cfd5e2914681d9 -C extra-filename=-b4f9805e13669cd8 --out-dir /__w/waterkit/waterkit/target/debug/deps -L dependency=/__w/waterkit/waterkit/target/debug/deps --extern async_io=/__w/waterkit/waterkit/target/debug/deps/libasync_io-e55f1558b961aaec.rmeta --extern cfg_if=/__w/waterkit/waterkit/target/debug/deps/libcfg_if-2262c59ed30cbfdf.rmeta --extern futures_core=/__w/waterkit/waterkit/target/debug/deps/libfutures_core-2d7bb4d1409fb0c1.rmeta --extern futures_io=/__w/waterkit/waterkit/target/debug/deps/libfutures_io-4f27fc187623d547.rmeta --extern rustix=/__w/waterkit/waterkit/target/debug/deps/librustix-4716013026921845.rmeta --extern signal_hook_registry=/__w/waterkit/waterkit/target/debug/deps/libsignal_hook_registry-b020e763515f3945.rmeta --cap-lints allow`
Test / ubuntu-latest	UNKNOWN STEP	2026-02-20T20:39:23.4077255Z [1m[92m   Compiling[0m profiling-procmacros v1.0.17
Test / ubuntu-latest	UNKNOWN STEP	2026-02-20T20:39:23.4087868Z [1m[92m     Running[0m `/github/home/.rustup/toolchains/nightly-x86_64-unknown-linux-gnu/bin/rustc --crate-name profiling_procmacros --edition=2018 /github/home/.cargo/registry/src/index.crates.io-1949cf8c6b5b557f/profiling-procmacros-1.0.17/src/lib.rs --error-format=json --json=diagnostic-rendered-ansi,artifacts,future-incompat --crate-type proc-macro --emit=dep-info,link -C prefer-dynamic -C embed-bitcode=no --check-cfg 'cfg(docsrs,test)' --check-cfg 'cfg(feature, values("profile-with-optick", "profile-with-puffin", "profile-with-superluminal", "profile-with-tracing", "profile-with-tracy"))' -C metadata=a4ecb28c2de7901c -C extra-filename=-bec36ed8e9262551 --out-dir /__w/waterkit/waterkit/target/debug/deps -L dependency=/__w/waterkit/waterkit/target/debug/deps --extern quote=/__w/waterkit/waterkit/target/debug/deps/libquote-5f37932b4137efa1.rlib --extern syn=/__w/waterkit/waterkit/target/debug/deps/libsyn-56cc86ffab105581.rlib --extern proc_macro --cap-lints allow`
Test / ubuntu-latest	UNKNOWN STEP	2026-02-20T20:39:23.6522674Z [1m[92m   Compiling[0m profiling v1.0.17
Test / ubuntu-latest	UNKNOWN STEP	2026-02-20T20:39:23.6534154Z [1m[92m     Running[0m `/github/home/.rustup/toolchains/nightly-x86_64-unknown-linux-gnu/bin/rustc --crate-name profiling --edition=2018 /github/home/.cargo/registry/src/index.crates.io-1949cf8c6b5b557f/profiling-1.0.17/src/lib.rs --error-format=json --json=diagnostic-rendered-ansi,artifacts,future-incompat --crate-type lib --emit=dep-info,metadata,link -C embed-bitcode=no -C debuginfo=2 --cfg 'feature="default"' --cfg 'feature="procmacros"' --cfg 'feature="profiling-procmacros"' --check-cfg 'cfg(docsrs,test)' --check-cfg 'cfg(feature, values("default", "optick", "procmacros", "profile-with-optick", "profile-with-puffin", "profile-with-superluminal", "profile-with-tracing", "profile-with-tracy", "profiling-procmacros", "puffin", "superluminal-perf", "tracing", "tracy-client", "type-check"))' -C metadata=8addef3697f806a0 -C extra-filename=-1042c9c22d7ec680 --out-dir /__w/waterkit/waterkit/target/debug/deps -L dependency=/__w/waterkit/waterkit/target/debug/deps --extern profiling_procmacros=/__w/waterkit/waterkit/target/debug/deps/libprofiling_procmacros-bec36ed8e9262551.so --cap-lints allow`
Test / ubuntu-latest	UNKNOWN STEP	2026-02-20T20:39:23.6938253Z [1m[92m   Compiling[0m async-process v2.5.0
Test / ubuntu-latest	UNKNOWN STEP	2026-02-20T20:39:23.7019031Z [1m[92m     Running[0m `/github/home/.rustup/toolchains/nightly-x86_64-unknown-linux-gnu/bin/rustc --crate-name async_process --edition=2021 /github/home/.cargo/registry/src/index.crates.io-1949cf8c6b5b557f/async-process-2.5.0/src/lib.rs --error-format=json --json=diagnostic-rendered-ansi,artifacts,future-incompat --crate-type lib --emit=dep-info,metadata,link -C embed-bitcode=no -C debuginfo=2 --warn=unexpected_cfgs --check-cfg 'cfg(async_process_force_signal_backend)' --check-cfg 'cfg(docsrs,test)' --check-cfg 'cfg(feature, values("tracing"))' -C metadata=d2975e5725ca53a3 -C extra-filename=-1a9224774765c1e3 --out-dir /__w/waterkit/waterkit/target/debug/deps -L dependency=/__w/waterkit/waterkit/target/debug/deps --extern async_channel=/__w/waterkit/waterkit/target/debug/deps/libasync_channel-b0773cce2baeade7.rmeta --extern async_io=/__w/waterkit/waterkit/target/debug/deps/libasync_io-e55f1558b961aaec.rmeta --extern async_lock=/__w/waterkit/waterkit/target/debug/deps/libasync_lock-91e4774a71793701.rmeta --extern async_signal=/__w/waterkit/waterkit/target/debug/deps/libasync_signal-b4f9805e13669cd8.rmeta --extern async_task=/__w/waterkit/waterkit/target/debug/deps/libasync_task-fe618d2b503885ad.rmeta --extern cfg_if=/__w/waterkit/waterkit/target/debug/deps/libcfg_if-2262c59ed30cbfdf.rmeta --extern event_listener=/__w/waterkit/waterkit/target/debug/deps/libevent_listener-42bffb87ff0b1bb2.rmeta --extern futures_lite=/__w/waterkit/waterkit/target/debug/deps/libfutures_lite-00f442a05efae16c.rmeta --extern rustix=/__w/waterkit/waterkit/target/debug/deps/librustix-4716013026921845.rmeta --cap-lints allow`
Test / ubuntu-latest	UNKNOWN STEP	2026-02-20T20:39:24.5269516Z [1m[92m   Compiling[0m rayon v1.11.0
Test / ubuntu-latest	UNKNOWN STEP	2026-02-20T20:39:24.5280804Z [1m[92m     Running[0m `/github/home/.rustup/toolchains/nightly-x86_64-unknown-linux-gnu/bin/rustc --crate-name rayon --edition=2021 /github/home/.cargo/registry/src/index.crates.io-1949cf8c6b5b557f/rayon-1.11.0/src/lib.rs --error-format=json --json=diagnostic-rendered-ansi,artifacts,future-incompat --crate-type lib --emit=dep-info,metadata,link -C embed-bitcode=no -C debuginfo=2 --check-cfg 'cfg(docsrs,test)' --check-cfg 'cfg(feature, values("web_spin_lock"))' -C metadata=4ba228ab11581a6e -C extra-filename=-9edd9c9039b90399 --out-dir /__w/waterkit/waterkit/target/debug/deps -L dependency=/__w/waterkit/waterkit/target/debug/deps --extern either=/__w/waterkit/waterkit/target/debug/deps/libeither-9a78d543324cf6ff.rmeta --extern rayon_core=/__w/waterkit/waterkit/target/debug/deps/librayon_core-0645cddf271abca5.rmeta --cap-lints allow`
Test / ubuntu-latest	UNKNOWN STEP	2026-02-20T20:39:25.2719689Z [1m[92m     Running[0m `/github/home/.rustup/toolchains/nightly-x86_64-unknown-linux-gnu/bin/rustc --crate-name zvariant_utils --edition=2024 /github/home/.cargo/registry/src/index.crates.io-1949cf8c6b5b557f/zvariant_utils-3.3.0/src/lib.rs --error-format=json --json=diagnostic-rendered-ansi,artifacts,future-incompat --crate-type lib --emit=dep-info,metadata,link -C embed-bitcode=no -C debuginfo=2 --warn=unexpected_cfgs --check-cfg 'cfg(tokio_unstable)' --cfg 'feature="default"' --check-cfg 'cfg(docsrs,test)' --check-cfg 'cfg(feature, values("default", "gvariant"))' -C metadata=0a1b8a09cdea02f7 -C extra-filename=-750e52aaf3d5b102 --out-dir /__w/waterkit/waterkit/target/debug/deps -L dependency=/__w/waterkit/waterkit/target/debug/deps --extern proc_macro2=/__w/waterkit/waterkit/target/debug/deps/libproc_macro2-9fe81c40f0b8c0b8.rmeta --extern quote=/__w/waterkit/waterkit/target/debug/deps/libquote-5f37932b4137efa1.rmeta --extern serde=/__w/waterkit/waterkit/target/debug/deps/libserde-50e34f23d3c0b4bb.rmeta --extern syn=/__w/waterkit/waterkit/target/debug/deps/libsyn-699f118c4a443994.rmeta --extern winnow=/__w/waterkit/waterkit/target/debug/deps/libwinnow-373e84aa9c3cbaab.rmeta --cap-lints allow`
Test / ubuntu-latest	UNKNOWN STEP	2026-02-20T20:39:25.2982787Z [1m[92m   Compiling[0m zbus_names v4.3.1
Test / ubuntu-latest	UNKNOWN STEP	2026-02-20T20:39:25.2997335Z [1m[92m     Running[0m `/github/home/.rustup/toolchains/nightly-x86_64-unknown-linux-gnu/bin/rustc --crate-name zbus_names --edition=2024 /github/home/.cargo/registry/src/index.crates.io-1949cf8c6b5b557f/zbus_names-4.3.1/src/lib.rs --error-format=json --json=diagnostic-rendered-ansi,artifacts,future-incompat --crate-type lib --emit=dep-info,metadata,link -C embed-bitcode=no -C debuginfo=2 --warn=unexpected_cfgs --check-cfg 'cfg(tokio_unstable)' --check-cfg 'cfg(docsrs,test)' --check-cfg 'cfg(feature, values())' -C metadata=3006066f1eec9cdf -C extra-filename=-6ecd21925bcb415c --out-dir /__w/waterkit/waterkit/target/debug/deps -L dependency=/__w/waterkit/waterkit/target/debug/deps --extern serde=/__w/waterkit/waterkit/target/debug/deps/libserde-50e34f23d3c0b4bb.rmeta --extern winnow=/__w/waterkit/waterkit/target/debug/deps/libwinnow-373e84aa9c3cbaab.rmeta --extern zvariant=/__w/waterkit/waterkit/target/debug/deps/libzvariant-9ecb85b4fb12d2ce.rmeta --cap-lints allow`
Test / ubuntu-latest	UNKNOWN STEP	2026-02-20T20:39:25.8129276Z [1m[92m     Running[0m `/github/home/.rustup/toolchains/nightly-x86_64-unknown-linux-gnu/bin/rustc --crate-name zvariant --edition=2024 /github/home/.cargo/registry/src/index.crates.io-1949cf8c6b5b557f/zvariant-5.9.2/src/lib.rs --error-format=json --json=diagnostic-rendered-ansi,artifacts,future-incompat --crate-type lib --emit=dep-info,metadata,link -C embed-bitcode=no -C debuginfo=2 --warn=unexpected_cfgs --check-cfg 'cfg(tokio_unstable)' --cfg 'feature="default"' --cfg 'feature="enumflags2"' --cfg 'feature="url"' --check-cfg 'cfg(docsrs,test)' --check-cfg 'cfg(feature, values("arrayvec", "camino", "chrono", "default", "enumflags2", "gvariant", "heapless", "option-as-array", "ostree-tests", "serde_bytes", "time", "url", "uuid"))' -C metadata=1d182e39caac039c -C extra-filename=-43d4ed1f54061725 --out-dir /__w/waterkit/waterkit/target/debug/deps -L dependency=/__w/waterkit/waterkit/target/debug/deps --extern endi=/__w/waterkit/waterkit/target/debug/deps/libendi-3e61bc28698cc3af.rmeta --extern enumflags2=/__w/waterkit/waterkit/target/debug/deps/libenumflags2-a00a25942a84297d.rmeta --extern serde=/__w/waterkit/waterkit/target/debug/deps/libserde-50e34f23d3c0b4bb.rmeta --extern url=/__w/waterkit/waterkit/target/debug/deps/liburl-5c65b29004ed1d4e.rmeta --extern winnow=/__w/waterkit/waterkit/target/debug/deps/libwinnow-373e84aa9c3cbaab.rmeta --extern zvariant_derive=/__w/waterkit/waterkit/target/debug/deps/libzvariant_derive-36d3545044d7dab9.so --extern zvariant_utils=/__w/waterkit/waterkit/target/debug/deps/libzvariant_utils-750e52aaf3d5b102.rmeta --cap-lints allow`
Test / ubuntu-latest	UNKNOWN STEP	2026-02-20T20:39:26.0297344Z [1m[92m   Compiling[0m tracing-core v0.1.36
Test / ubuntu-latest	UNKNOWN STEP	2026-02-20T20:39:26.0306233Z [1m[92m     Running[0m `/github/home/.rustup/toolchains/nightly-x86_64-unknown-linux-gnu/bin/rustc --crate-name tracing_core --edition=2018 /github/home/.cargo/registry/src/index.crates.io-1949cf8c6b5b557f/tracing-core-0.1.36/src/lib.rs --error-format=json --json=diagnostic-rendered-ansi,artifacts,future-incompat --crate-type lib --emit=dep-info,metadata,link -C embed-bitcode=no -C debuginfo=2 --warn=unexpected_cfgs --check-cfg 'cfg(flaky_tests)' --check-cfg 'cfg(tracing_unstable)' --check-cfg 'cfg(unsound_local_offset)' --cfg 'feature="once_cell"' --cfg 'feature="std"' --check-cfg 'cfg(docsrs,test)' --check-cfg 'cfg(feature, values("default", "once_cell", "std", "valuable"))' -C metadata=f1bf82531e6a7446 -C extra-filename=-5846403c996da655 --out-dir /__w/waterkit/waterkit/target/debug/deps -L dependency=/__w/waterkit/waterkit/target/debug/deps --extern once_cell=/__w/waterkit/waterkit/target/debug/deps/libonce_cell-6c5ecd365f058077.rmeta --cap-lints allow`
Test / ubuntu-latest	UNKNOWN STEP	2026-02-20T20:39:26.6735484Z [1m[92m   Compiling[0m tracing-attributes v0.1.31
Test / ubuntu-latest	UNKNOWN STEP	2026-02-20T20:39:26.6758024Z [1m[92m     Running[0m `/github/home/.rustup/toolchains/nightly-x86_64-unknown-linux-gnu/bin/rustc --crate-name tracing_attributes --edition=2018 /github/home/.cargo/registry/src/index.crates.io-1949cf8c6b5b557f/tracing-attributes-0.1.31/src/lib.rs --error-format=json --json=diagnostic-rendered-ansi,artifacts,future-incompat --crate-type proc-macro --emit=dep-info,link -C prefer-dynamic -C embed-bitcode=no --warn=unexpected_cfgs --check-cfg 'cfg(flaky_tests)' --check-cfg 'cfg(tracing_unstable)' --check-cfg 'cfg(unsound_local_offset)' --check-cfg 'cfg(docsrs,test)' --check-cfg 'cfg(feature, values("async-await"))' -C metadata=98a4590182ac8f59 -C extra-filename=-a9eebb8c2c7f19c2 --out-dir /__w/waterkit/waterkit/target/debug/deps -L dependency=/__w/waterkit/waterkit/target/debug/deps --extern proc_macro2=/__w/waterkit/waterkit/target/debug/deps/libproc_macro2-9fe81c40f0b8c0b8.rlib --extern quote=/__w/waterkit/waterkit/target/debug/deps/libquote-5f37932b4137efa1.rlib --extern syn=/__w/waterkit/waterkit/target/debug/deps/libsyn-56cc86ffab105581.rlib --extern proc_macro --cap-lints allow`
Test / ubuntu-latest	UNKNOWN STEP	2026-02-20T20:39:26.8394539Z [1m[92m     Running[0m `/github/home/.rustup/toolchains/nightly-x86_64-unknown-linux-gnu/bin/rustc --crate-name getrandom --edition=2024 /github/home/.cargo/registry/src/index.crates.io-1949cf8c6b5b557f/getrandom-0.4.1/src/lib.rs --error-format=json --json=diagnostic-rendered-ansi,artifacts,future-incompat --crate-type lib --emit=dep-info,metadata,link -C embed-bitcode=no -C debuginfo=2 '--warn=clippy::useless_conversion' --warn=unused_lifetimes '--warn=clippy::unnecessary_cast' --warn=unexpected_cfgs '--warn=clippy::ptr_as_ptr' --warn=missing_docs '--warn=clippy::fn_to_numeric_cast_with_truncation' '--warn=clippy::fn_to_numeric_cast' '--warn=clippy::checked_conversions' '--warn=clippy::char_lit_as_u8' '--warn=clippy::cast_sign_loss' '--warn=clippy::cast_ptr_alignment' '--warn=clippy::cast_precision_loss' '--warn=clippy::cast_possible_wrap' '--warn=clippy::cast_possible_truncation' '--warn=clippy::cast_lossless' --check-cfg 'cfg(getrandom_backend, values("custom", "efi_rng", "rdrand", "rndr", "linux_getrandom", "linux_raw", "windows_legacy", "unsupported", "extern_impl"))' --check-cfg 'cfg(getrandom_msan)' --check-cfg 'cfg(getrandom_test_linux_fallback)' --check-cfg 'cfg(getrandom_test_linux_without_fallback)' --check-cfg 'cfg(getrandom_test_netbsd_fallback)' --check-cfg 'cfg(target_os, values("cygwin"))' --check-cfg 'cfg(target_os, values("motor"))' --check-cfg 'cfg(docsrs,test)' --check-cfg 'cfg(feature, values("std", "sys_rng", "wasm_js"))' -C metadata=efdabf5282d3b0ac -C extra-filename=-dba2eb7346460a2a --out-dir /__w/waterkit/waterkit/target/debug/deps -L dependency=/__w/waterkit/waterkit/target/debug/deps --extern cfg_if=/__w/waterkit/waterkit/target/debug/deps/libcfg_if-2262c59ed30cbfdf.rmeta --extern libc=/__w/waterkit/waterkit/target/debug/deps/liblibc-32506a6f335a62d8.rmeta --cap-lints allow`
Test / ubuntu-latest	UNKNOWN STEP	2026-02-20T20:39:26.9745399Z [1m[92m   Compiling[0m vcpkg v0.2.15
Test / ubuntu-latest	UNKNOWN STEP	2026-02-20T20:39:26.9754713Z [1m[92m     Running[0m `/github/home/.rustup/toolchains/nightly-x86_64-unknown-linux-gnu/bin/rustc --crate-name vcpkg --edition=2015 /github/home/.cargo/registry/src/index.crates.io-1949cf8c6b5b557f/vcpkg-0.2.15/src/lib.rs --error-format=json --json=diagnostic-rendered-ansi,artifacts,future-incompat --crate-type lib --emit=dep-info,metadata,link -C embed-bitcode=no --check-cfg 'cfg(docsrs,test)' --check-cfg 'cfg(feature, values())' -C metadata=231b42b08dc861ca -C extra-filename=-394aa79480fa29ca --out-dir /__w/waterkit/waterkit/target/debug/deps -L dependency=/__w/waterkit/waterkit/target/debug/deps --cap-lints allow`
Test / ubuntu-latest	UNKNOWN STEP	2026-02-20T20:39:27.6465839Z [1m[92m   Compiling[0m adler2 v2.0.1
Test / ubuntu-latest	UNKNOWN STEP	2026-02-20T20:39:27.6479019Z [1m[92m     Running[0m `/github/home/.rustup/toolchains/nightly-x86_64-unknown-linux-gnu/bin/rustc --crate-name adler2 --edition=2021 /github/home/.cargo/registry/src/index.crates.io-1949cf8c6b5b557f/adler2-2.0.1/src/lib.rs --error-format=json --json=diagnostic-rendered-ansi,artifacts,future-incompat --crate-type lib --emit=dep-info,metadata,link -C embed-bitcode=no -C debuginfo=2 --check-cfg 'cfg(docsrs,test)' --check-cfg 'cfg(feature, values("core", "default", "rustc-dep-of-std", "std"))' -C metadata=c8664c2a0b5db0d8 -C extra-filename=-1564889e441177fd --out-dir /__w/waterkit/waterkit/target/debug/deps -L dependency=/__w/waterkit/waterkit/target/debug/deps --cap-lints allow`
Test / ubuntu-latest	UNKNOWN STEP	2026-02-20T20:39:27.7375571Z [1m[92m   Compiling[0m crc32fast v1.5.0
Test / ubuntu-latest	UNKNOWN STEP	2026-02-20T20:39:27.7385878Z [1m[92m     Running[0m `/github/home/.rustup/toolchains/nightly-x86_64-unknown-linux-gnu/bin/rustc --crate-name build_script_build --edition=2021 /github/home/.cargo/registry/src/index.crates.io-1949cf8c6b5b557f/crc32fast-1.5.0/build.rs --error-format=json --json=diagnostic-rendered-ansi,artifacts,future-incompat --crate-type bin --emit=dep-info,link -C embed-bitcode=no --cfg 'feature="default"' --cfg 'feature="std"' --check-cfg 'cfg(docsrs,test)' --check-cfg 'cfg(feature, values("default", "nightly", "std"))' -C metadata=ba6c3717ad59feb0 -C extra-filename=-70312237c9b6715d --out-dir /__w/waterkit/waterkit/target/debug/build/crc32fast-70312237c9b6715d -L dependency=/__w/waterkit/waterkit/target/debug/deps --cap-lints allow`
Test / ubuntu-latest	UNKNOWN STEP	2026-02-20T20:39:27.8356616Z [1m[92m   Compiling[0m thiserror v1.0.69
Test / ubuntu-latest	UNKNOWN STEP	2026-02-20T20:39:27.8366789Z [1m[92m     Running[0m `/github/home/.rustup/toolchains/nightly-x86_64-unknown-linux-gnu/bin/rustc --crate-name build_script_build --edition=2021 /github/home/.cargo/registry/src/index.crates.io-1949cf8c6b5b557f/thiserror-1.0.69/build.rs --error-format=json --json=diagnostic-rendered-ansi,artifacts,future-incompat --crate-type bin --emit=dep-info,link -C embed-bitcode=no --check-cfg 'cfg(docsrs,test)' --check-cfg 'cfg(feature, values())' -C metadata=a6ac14e80fa9b8f0 -C extra-filename=-faab551a6ed83879 --out-dir /__w/waterkit/waterkit/target/debug/build/thiserror-faab551a6ed83879 -L dependency=/__w/waterkit/waterkit/target/debug/deps --cap-lints allow`
Test / ubuntu-latest	UNKNOWN STEP	2026-02-20T20:39:27.9041078Z [1m[92m   Compiling[0m anyhow v1.0.102
Test / ubuntu-latest	UNKNOWN STEP	2026-02-20T20:39:27.9060332Z [1m[92m     Running[0m `/github/home/.rustup/toolchains/nightly-x86_64-unknown-linux-gnu/bin/rustc --crate-name build_script_build --edition=2021 /github/home/.cargo/registry/src/index.crates.io-1949cf8c6b5b557f/anyhow-1.0.102/build.rs --error-format=json --json=diagnostic-rendered-ansi,artifacts,future-incompat --crate-type bin --emit=dep-info,link -C embed-bitcode=no --cfg 'feature="default"' --cfg 'feature="std"' --check-cfg 'cfg(docsrs,test)' --check-cfg 'cfg(feature, values("backtrace", "default", "std"))' -C metadata=daca1c5ea903a3ab -C extra-filename=-7b945730f2efb844 --out-dir /__w/waterkit/waterkit/target/debug/build/anyhow-7b945730f2efb844 -L dependency=/__w/waterkit/waterkit/target/debug/deps --cap-lints allow`
Test / ubuntu-latest	UNKNOWN STEP	2026-02-20T20:39:27.9169945Z [1m[92m     Running[0m `/__w/waterkit/waterkit/target/debug/build/crc32fast-70312237c9b6715d/build-script-build`
Test / ubuntu-latest	UNKNOWN STEP	2026-02-20T20:39:27.9434855Z [1m[92m   Compiling[0m tracing v0.1.44
Test / ubuntu-latest	UNKNOWN STEP	2026-02-20T20:39:27.9451057Z [1m[92m     Running[0m `/github/home/.rustup/toolchains/nightly-x86_64-unknown-linux-gnu/bin/rustc --crate-name tracing --edition=2018 /github/home/.cargo/registry/src/index.crates.io-1949cf8c6b5b557f/tracing-0.1.44/src/lib.rs --error-format=json --json=diagnostic-rendered-ansi,artifacts,future-incompat --crate-type lib --emit=dep-info,metadata,link -C embed-bitcode=no -C debuginfo=2 --warn=unexpected_cfgs --check-cfg 'cfg(flaky_tests)' --check-cfg 'cfg(tracing_unstable)' --check-cfg 'cfg(unsound_local_offset)' --cfg 'feature="attributes"' --cfg 'feature="default"' --cfg 'feature="std"' --cfg 'feature="tracing-attributes"' --check-cfg 'cfg(docsrs,test)' --check-cfg 'cfg(feature, values("async-await", "attributes", "default", "log", "log-always", "max_level_debug", "max_level_error", "max_level_info", "max_level_off", "max_level_trace", "max_level_warn", "release_max_level_debug", "release_max_level_error", "release_max_level_info", "release_max_level_off", "release_max_level_trace", "release_max_level_warn", "std", "tracing-attributes", "valuable"))' -C metadata=ca266bc0132c9deb -C extra-filename=-cac4cc7e901cc16a --out-dir /__w/waterkit/waterkit/target/debug/deps -L dependency=/__w/waterkit/waterkit/target/debug/deps --extern pin_project_lite=/__w/waterkit/waterkit/target/debug/deps/libpin_project_lite-8ceaaa5d1655a324.rmeta --extern tracing_attributes=/__w/waterkit/waterkit/target/debug/deps/libtracing_attributes-a9eebb8c2c7f19c2.so --extern tracing_core=/__w/waterkit/waterkit/target/debug/deps/libtracing_core-5846403c996da655.rmeta --cap-lints allow`
Test / ubuntu-latest	UNKNOWN STEP	2026-02-20T20:39:28.0276672Z [1m[92m     Running[0m `/__w/waterkit/waterkit/target/debug/build/thiserror-faab551a6ed83879/build-script-build`
Test / ubuntu-latest	UNKNOWN STEP	2026-02-20T20:39:28.0838497Z [1m[92m     Running[0m `/github/home/.rustup/toolchains/nightly-x86_64-unknown-linux-gnu/bin/rustc --crate-name zbus_names --edition=2024 /github/home/.cargo/registry/src/index.crates.io-1949cf8c6b5b557f/zbus_names-4.3.1/src/lib.rs --error-format=json --json=diagnostic-rendered-ansi,artifacts,future-incompat --crate-type lib --emit=dep-info,metadata,link -C embed-bitcode=no -C debuginfo=2 --warn=unexpected_cfgs --check-cfg 'cfg(tokio_unstable)' --check-cfg 'cfg(docsrs,test)' --check-cfg 'cfg(feature, values())' -C metadata=a8b1ac1c6e0acbd6 -C extra-filename=-460b62f674b3f700 --out-dir /__w/waterkit/waterkit/target/debug/deps -L dependency=/__w/waterkit/waterkit/target/debug/deps --extern serde=/__w/waterkit/waterkit/target/debug/deps/libserde-50e34f23d3c0b4bb.rmeta --extern winnow=/__w/waterkit/waterkit/target/debug/deps/libwinnow-373e84aa9c3cbaab.rmeta --extern zvariant=/__w/waterkit/waterkit/target/debug/deps/libzvariant-43d4ed1f54061725.rmeta --cap-lints allow`
Test / ubuntu-latest	UNKNOWN STEP	2026-02-20T20:39:28.1080752Z [1m[92m     Running[0m `/__w/waterkit/waterkit/target/debug/build/anyhow-7b945730f2efb844/build-script-build`
Test / ubuntu-latest	UNKNOWN STEP	2026-02-20T20:39:28.1347930Z [1m[92m   Compiling[0m miniz_oxide v0.8.9
Test / ubuntu-latest	UNKNOWN STEP	2026-02-20T20:39:28.1357919Z [1m[92m     Running[0m `/github/home/.rustup/toolchains/nightly-x86_64-unknown-linux-gnu/bin/rustc --crate-name miniz_oxide --edition=2021 /github/home/.cargo/registry/src/index.crates.io-1949cf8c6b5b557f/miniz_oxide-0.8.9/src/lib.rs --error-format=json --json=diagnostic-rendered-ansi,artifacts,future-incompat --crate-type lib --emit=dep-info,metadata,link -C embed-bitcode=no -C debuginfo=2 --warn=unexpected_cfgs --check-cfg 'cfg(fuzzing)' --cfg 'feature="default"' --cfg 'feature="simd"' --cfg 'feature="simd-adler32"' --cfg 'feature="with-alloc"' --check-cfg 'cfg(docsrs,test)' --check-cfg 'cfg(feature, values("alloc", "block-boundary", "core", "default", "rustc-dep-of-std", "serde", "simd", "simd-adler32", "std", "with-alloc"))' -C metadata=70b12ffe8d2957b2 -C extra-filename=-f95b54d3b8c71ec6 --out-dir /__w/waterkit/waterkit/target/debug/deps -L dependency=/__w/waterkit/waterkit/target/debug/deps --extern adler2=/__w/waterkit/waterkit/target/debug/deps/libadler2-1564889e441177fd.rmeta --extern simd_adler32=/__w/waterkit/waterkit/target/debug/deps/libsimd_adler32-628a0c0efaf5a45f.rmeta --cap-lints allow`
Test / ubuntu-latest	UNKNOWN STEP	2026-02-20T20:39:28.1760371Z [1m[92m   Compiling[0m libz-sys v1.1.23
Test / ubuntu-latest	UNKNOWN STEP	2026-02-20T20:39:28.1775482Z [1m[92m     Running[0m `/github/home/.rustup/toolchains/nightly-x86_64-unknown-linux-gnu/bin/rustc --crate-name build_script_build --edition=2018 /github/home/.cargo/registry/src/index.crates.io-1949cf8c6b5b557f/libz-sys-1.1.23/build.rs --error-format=json --json=diagnostic-rendered-ansi,artifacts,future-incompat --crate-type bin --emit=dep-info,link -C embed-bitcode=no --warn=unexpected_cfgs --check-cfg 'cfg(zng)' --cfg 'feature="libc"' --check-cfg 'cfg(docsrs,test)' --check-cfg 'cfg(feature, values("asm", "cmake", "default", "libc", "static", "stock-zlib", "zlib-ng", "zlib-ng-no-cmake-experimental-community-maintained"))' -C metadata=2d930832ea1870b6 -C extra-filename=-991ff453eeb8ebc7 --out-dir /__w/waterkit/waterkit/target/debug/build/libz-sys-991ff453eeb8ebc7 -L dependency=/__w/waterkit/waterkit/target/debug/deps --extern cc=/__w/waterkit/waterkit/target/debug/deps/libcc-bf89973bbffe1577.rlib --extern pkg_config=/__w/waterkit/waterkit/target/debug/deps/libpkg_config-27318cb7412d9ab4.rlib --extern vcpkg=/__w/waterkit/waterkit/target/debug/deps/libvcpkg-394aa79480fa29ca.rlib --cap-lints allow`
Test / ubuntu-latest	UNKNOWN STEP	2026-02-20T20:39:28.4191449Z [1m[92m   Compiling[0m uuid v1.21.0
Test / ubuntu-latest	UNKNOWN STEP	2026-02-20T20:39:28.4204080Z [1m[92m     Running[0m `/github/home/.rustup/toolchains/nightly-x86_64-unknown-linux-gnu/bin/rustc --crate-name uuid --edition=2021 /github/home/.cargo/registry/src/index.crates.io-1949cf8c6b5b557f/uuid-1.21.0/src/lib.rs --error-format=json --json=diagnostic-rendered-ansi,artifacts,future-incompat --crate-type lib --emit=dep-info,metadata,link -C embed-bitcode=no -C debuginfo=2 --allow=unexpected_cfgs --check-cfg 'cfg(uuid_unstable)' --cfg 'feature="default"' --cfg 'feature="rng"' --cfg 'feature="serde"' --cfg 'feature="std"' --cfg 'feature="v4"' --check-cfg 'cfg(docsrs,test)' --check-cfg 'cfg(feature, values("arbitrary", "atomic", "borsh", "bytemuck", "default", "fast-rng", "js", "macro-diagnostics", "md5", "rng", "rng-getrandom", "rng-rand", "serde", "sha1", "slog", "std", "uuid-rng-internal-lib", "v1", "v3", "v4", "v5", "v6", "v7", "v8", "zerocopy"))' -C metadata=28a827edac4df6de -C extra-filename=-bf94e0674b06b4bd --out-dir /__w/waterkit/waterkit/target/debug/deps -L dependency=/__w/waterkit/waterkit/target/debug/deps --extern getrandom=/__w/waterkit/waterkit/target/debug/deps/libgetrandom-dba2eb7346460a2a.rmeta --extern serde_core=/__w/waterkit/waterkit/target/debug/deps/libserde_core-0239ce017d00b9f5.rmeta --cap-lints allow`
Test / ubuntu-latest	UNKNOWN STEP	2026-02-20T20:39:28.8090569Z [1m[92m   Compiling[0m zbus_macros v5.13.2
Test / ubuntu-latest	UNKNOWN STEP	2026-02-20T20:39:28.8130382Z [1m[92m     Running[0m `/github/home/.rustup/toolchains/nightly-x86_64-unknown-linux-gnu/bin/rustc --crate-name zbus_macros --edition=2024 /github/home/.cargo/registry/src/index.crates.io-1949cf8c6b5b557f/zbus_macros-5.13.2/src/lib.rs --error-format=json --json=diagnostic-rendered-ansi,artifacts,future-incompat --crate-type proc-macro --emit=dep-info,link -C prefer-dynamic -C embed-bitcode=no --warn=unexpected_cfgs --check-cfg 'cfg(tokio_unstable)' --cfg 'feature="blocking-api"' --cfg 'feature="default"' --check-cfg 'cfg(docsrs,test)' --check-cfg 'cfg(feature, values("blocking-api", "default", "gvariant"))' -C metadata=6253350f5811b239 -C extra-filename=-aacf560a15aa4a49 --out-dir /__w/waterkit/waterkit/target/debug/deps -L dependency=/__w/waterkit/waterkit/target/debug/deps --extern proc_macro_crate=/__w/waterkit/waterkit/target/debug/deps/libproc_macro_crate-65c820d4acb85495.rlib --extern proc_macro2=/__w/waterkit/waterkit/target/debug/deps/libproc_macro2-9fe81c40f0b8c0b8.rlib --extern quote=/__w/waterkit/waterkit/target/debug/deps/libquote-5f37932b4137efa1.rlib --extern syn=/__w/waterkit/waterkit/target/debug/deps/libsyn-56cc86ffab105581.rlib --extern zbus_names=/__w/waterkit/waterkit/target/debug/deps/libzbus_names-6ecd21925bcb415c.rlib --extern zvariant=/__w/waterkit/waterkit/target/debug/deps/libzvariant-9ecb85b4fb12d2ce.rlib --extern zvariant_utils=/__w/waterkit/waterkit/target/debug/deps/libzvariant_utils-adaef81f93b2c5bd.rlib --extern proc_macro --cap-lints allow`
Test / ubuntu-latest	UNKNOWN STEP	2026-02-20T20:39:28.8299243Z [1m[92m     Running[0m `/github/home/.rustup/toolchains/nightly-x86_64-unknown-linux-gnu/bin/rustc --crate-name indexmap --edition=2021 /github/home/.cargo/registry/src/index.crates.io-1949cf8c6b5b557f/indexmap-2.13.0/src/lib.rs --error-format=json --json=diagnostic-rendered-ansi,artifacts,future-incompat --crate-type lib --emit=dep-info,metadata,link -C embed-bitcode=no -C debuginfo=2 --deny=unsafe-code --deny=unreachable-pub --deny=unnameable-types '--allow=clippy::style' --warn=rust-2018-idioms --deny=private-interfaces --deny=private-bounds --cfg 'feature="default"' --cfg 'feature="std"' --check-cfg 'cfg(docsrs,test)' --check-cfg 'cfg(feature, values("arbitrary", "borsh", "default", "quickcheck", "rayon", "serde", "std", "sval", "test_debug"))' -C metadata=1bb895ec2d9e5c5c -C extra-filename=-88500f9c76630fda --out-dir /__w/waterkit/waterkit/target/debug/deps -L dependency=/__w/waterkit/waterkit/target/debug/deps --extern equivalent=/__w/waterkit/waterkit/target/debug/deps/libequivalent-3ff77df1ac69f53a.rmeta --extern hashbrown=/__w/waterkit/waterkit/target/debug/deps/libhashbrown-977a6e06d06005e4.rmeta --cap-lints allow`
Test / ubuntu-latest	UNKNOWN STEP	2026-02-20T20:39:28.8461923Z [1m[92m   Compiling[0m async-broadcast v0.7.2
Test / ubuntu-latest	UNKNOWN STEP	2026-02-20T20:39:28.8474862Z [1m[92m     Running[0m `/github/home/.rustup/toolchains/nightly-x86_64-unknown-linux-gnu/bin/rustc --crate-name async_broadcast --edition=2021 /github/home/.cargo/registry/src/index.crates.io-1949cf8c6b5b557f/async-broadcast-0.7.2/src/lib.rs --error-format=json --json=diagnostic-rendered-ansi,artifacts,future-incompat --crate-type lib --emit=dep-info,metadata,link -C embed-bitcode=no -C debuginfo=2 --check-cfg 'cfg(docsrs,test)' --check-cfg 'cfg(feature, values())' -C metadata=bdae022940c5b612 -C extra-filename=-704176f82c58ada8 --out-dir /__w/waterkit/waterkit/target/debug/deps -L dependency=/__w/waterkit/waterkit/target/debug/deps --extern event_listener=/__w/waterkit/waterkit/target/debug/deps/libevent_listener-42bffb87ff0b1bb2.rmeta --extern event_listener_strategy=/__w/waterkit/waterkit/target/debug/deps/libevent_listener_strategy-35463ce522ab000d.rmeta --extern futures_core=/__w/waterkit/waterkit/target/debug/deps/libfutures_core-2d7bb4d1409fb0c1.rmeta --extern pin_project_lite=/__w/waterkit/waterkit/target/debug/deps/libpin_project_lite-8ceaaa5d1655a324.rmeta --cap-lints allow`
Test / ubuntu-latest	UNKNOWN STEP	2026-02-20T20:39:28.8755213Z [1m[92m   Compiling[0m ordered-stream v0.2.0
Test / ubuntu-latest	UNKNOWN STEP	2026-02-20T20:39:28.8763423Z [1m[92m     Running[0m `/github/home/.rustup/toolchains/nightly-x86_64-unknown-linux-gnu/bin/rustc --crate-name ordered_stream --edition=2018 /github/home/.cargo/registry/src/index.crates.io-1949cf8c6b5b557f/ordered-stream-0.2.0/src/lib.rs --error-format=json --json=diagnostic-rendered-ansi,artifacts,future-incompat --crate-type lib --emit=dep-info,metadata,link -C embed-bitcode=no -C debuginfo=2 --check-cfg 'cfg(docsrs,test)' --check-cfg 'cfg(feature, values())' -C metadata=aeac5463cfa2c357 -C extra-filename=-75d1e9ef2060754d --out-dir /__w/waterkit/waterkit/target/debug/deps -L dependency=/__w/waterkit/waterkit/target/debug/deps --extern futures_core=/__w/waterkit/waterkit/target/debug/deps/libfutures_core-2d7bb4d1409fb0c1.rmeta --extern pin_project_lite=/__w/waterkit/waterkit/target/debug/deps/libpin_project_lite-8ceaaa5d1655a324.rmeta --cap-lints allow`
Test / ubuntu-latest	UNKNOWN STEP	2026-02-20T20:39:29.0342201Z [1m[92m   Compiling[0m serde_repr v0.1.20
Test / ubuntu-latest	UNKNOWN STEP	2026-02-20T20:39:29.0358175Z [1m[92m     Running[0m `/github/home/.rustup/toolchains/nightly-x86_64-unknown-linux-gnu/bin/rustc --crate-name serde_repr --edition=2021 /github/home/.cargo/registry/src/index.crates.io-1949cf8c6b5b557f/serde_repr-0.1.20/src/lib.rs --error-format=json --json=diagnostic-rendered-ansi,artifacts,future-incompat --crate-type proc-macro --emit=dep-info,link -C prefer-dynamic -C embed-bitcode=no --check-cfg 'cfg(docsrs,test)' --check-cfg 'cfg(feature, values())' -C metadata=6bea42c2d34f48d5 -C extra-filename=-b261708a554f60f5 --out-dir /__w/waterkit/waterkit/target/debug/deps -L dependency=/__w/waterkit/waterkit/target/debug/deps --extern proc_macro2=/__w/waterkit/waterkit/target/debug/deps/libproc_macro2-9fe81c40f0b8c0b8.rlib --extern quote=/__w/waterkit/waterkit/target/debug/deps/libquote-5f37932b4137efa1.rlib --extern syn=/__w/waterkit/waterkit/target/debug/deps/libsyn-56cc86ffab105581.rlib --extern proc_macro --cap-lints allow`
Test / ubuntu-latest	UNKNOWN STEP	2026-02-20T20:39:29.1653789Z [1m[92m   Compiling[0m async-trait v0.1.89
Test / ubuntu-latest	UNKNOWN STEP	2026-02-20T20:39:29.1663878Z [1m[92m     Running[0m `/github/home/.rustup/toolchains/nightly-x86_64-unknown-linux-gnu/bin/rustc --crate-name async_trait --edition=2021 /github/home/.cargo/registry/src/index.crates.io-1949cf8c6b5b557f/async-trait-0.1.89/src/lib.rs --error-format=json --json=diagnostic-rendered-ansi,artifacts,future-incompat --crate-type proc-macro --emit=dep-info,link -C prefer-dynamic -C embed-bitcode=no --check-cfg 'cfg(docsrs,test)' --check-cfg 'cfg(feature, values())' -C metadata=cb327ea5fcf54769 -C extra-filename=-3d4535efcc4bfb05 --out-dir /__w/waterkit/waterkit/target/debug/deps -L dependency=/__w/waterkit/waterkit/target/debug/deps --extern proc_macro2=/__w/waterkit/waterkit/target/debug/deps/libproc_macro2-9fe81c40f0b8c0b8.rlib --extern quote=/__w/waterkit/waterkit/target/debug/deps/libquote-5f37932b4137efa1.rlib --extern syn=/__w/waterkit/waterkit/target/debug/deps/libsyn-56cc86ffab105581.rlib --extern proc_macro --cap-lints allow`
Test / ubuntu-latest	UNKNOWN STEP	2026-02-20T20:39:29.3999371Z [1m[92m   Compiling[0m thiserror-impl v1.0.69
Test / ubuntu-latest	UNKNOWN STEP	2026-02-20T20:39:29.4011048Z [1m[92m     Running[0m `/github/home/.rustup/toolchains/nightly-x86_64-unknown-linux-gnu/bin/rustc --crate-name thiserror_impl --edition=2021 /github/home/.cargo/registry/src/index.crates.io-1949cf8c6b5b557f/thiserror-impl-1.0.69/src/lib.rs --error-format=json --json=diagnostic-rendered-ansi,artifacts,future-incompat --crate-type proc-macro --emit=dep-info,link -C prefer-dynamic -C embed-bitcode=no --check-cfg 'cfg(docsrs,test)' --check-cfg 'cfg(feature, values())' -C metadata=a431a6c7daca623c -C extra-filename=-051c975556ebda53 --out-dir /__w/waterkit/waterkit/target/debug/deps -L dependency=/__w/waterkit/waterkit/target/debug/deps --extern proc_macro2=/__w/waterkit/waterkit/target/debug/deps/libproc_macro2-9fe81c40f0b8c0b8.rlib --extern quote=/__w/waterkit/waterkit/target/debug/deps/libquote-5f37932b4137efa1.rlib --extern syn=/__w/waterkit/waterkit/target/debug/deps/libsyn-56cc86ffab105581.rlib --extern proc_macro --cap-lints allow`
Test / ubuntu-latest	UNKNOWN STEP	2026-02-20T20:39:29.5109213Z [1m[92m   Compiling[0m paste v1.0.15
Test / ubuntu-latest	UNKNOWN STEP	2026-02-20T20:39:29.5117458Z [1m[92m     Running[0m `/github/home/.rustup/toolchains/nightly-x86_64-unknown-linux-gnu/bin/rustc --crate-name build_script_build --edition=2018 /github/home/.cargo/registry/src/index.crates.io-1949cf8c6b5b557f/paste-1.0.15/build.rs --error-format=json --json=diagnostic-rendered-ansi,artifacts,future-incompat --crate-type bin --emit=dep-info,link -C embed-bitcode=no --check-cfg 'cfg(docsrs,test)' --check-cfg 'cfg(feature, values())' -C metadata=f7c5239fd216aed8 -C extra-filename=-9245072c691d01c9 --out-dir /__w/waterkit/waterkit/target/debug/build/paste-9245072c691d01c9 -L dependency=/__w/waterkit/waterkit/target/debug/deps --cap-lints allow`
Test / ubuntu-latest	UNKNOWN STEP	2026-02-20T20:39:29.6846351Z [1m[92m   Compiling[0m hex v0.4.3
Test / ubuntu-latest	UNKNOWN STEP	2026-02-20T20:39:29.6863573Z [1m[92m     Running[0m `/github/home/.rustup/toolchains/nightly-x86_64-unknown-linux-gnu/bin/rustc --crate-name hex --edition=2018 /github/home/.cargo/registry/src/index.crates.io-1949cf8c6b5b557f/hex-0.4.3/src/lib.rs --error-format=json --json=diagnostic-rendered-ansi,artifacts,future-incompat --crate-type lib --emit=dep-info,metadata,link -C embed-bitcode=no -C debuginfo=2 --cfg 'feature="alloc"' --cfg 'feature="default"' --cfg 'feature="std"' --check-cfg 'cfg(docsrs,test)' --check-cfg 'cfg(feature, values("alloc", "default", "serde", "std"))' -C metadata=a5de2689633d482e -C extra-filename=-20cdb627b9823e3e --out-dir /__w/waterkit/waterkit/target/debug/deps -L dependency=/__w/waterkit/waterkit/target/debug/deps --cap-lints allow`
Test / ubuntu-latest	UNKNOWN STEP	2026-02-20T20:39:29.9222959Z [1m[92m   Compiling[0m heck v0.5.0
Test / ubuntu-latest	UNKNOWN STEP	2026-02-20T20:39:29.9235719Z [1m[92m     Running[0m `/github/home/.rustup/toolchains/nightly-x86_64-unknown-linux-gnu/bin/rustc --crate-name heck --edition=2021 /github/home/.cargo/registry/src/index.crates.io-1949cf8c6b5b557f/heck-0.5.0/src/lib.rs --error-format=json --json=diagnostic-rendered-ansi,artifacts,future-incompat --crate-type lib --emit=dep-info,metadata,link -C embed-bitcode=no --check-cfg 'cfg(docsrs,test)' --check-cfg 'cfg(feature, values())' -C metadata=faa1acbe2bb4e337 -C extra-filename=-20e948fc986d72b6 --out-dir /__w/waterkit/waterkit/target/debug/deps -L dependency=/__w/waterkit/waterkit/target/debug/deps --cap-lints allow`
Test / ubuntu-latest	UNKNOWN STEP	2026-02-20T20:39:30.0491135Z [1m[92m   Compiling[0m dunce v1.0.5
Test / ubuntu-latest	UNKNOWN STEP	2026-02-20T20:39:30.0500004Z [1m[92m     Running[0m `/github/home/.rustup/toolchains/nightly-x86_64-unknown-linux-gnu/bin/rustc --crate-name dunce --edition=2021 /github/home/.cargo/registry/src/index.crates.io-1949cf8c6b5b557f/dunce-1.0.5/src/lib.rs --error-format=json --json=diagnostic-rendered-ansi,artifacts,future-incompat --crate-type lib --emit=dep-info,metadata,link -C embed-bitcode=no --check-cfg 'cfg(docsrs,test)' --check-cfg 'cfg(feature, values())' -C metadata=5e1392ff19d5736c -C extra-filename=-ba18d8804ab700b1 --out-dir /__w/waterkit/waterkit/target/debug/deps -L dependency=/__w/waterkit/waterkit/target/debug/deps --cap-lints allow`
Test / ubuntu-latest	UNKNOWN STEP	2026-02-20T20:39:30.0944786Z [1m[92m   Compiling[0m scopeguard v1.2.0
Test / ubuntu-latest	UNKNOWN STEP	2026-02-20T20:39:30.0958180Z [1m[92m     Running[0m `/github/home/.rustup/toolchains/nightly-x86_64-unknown-linux-gnu/bin/rustc --crate-name scopeguard --edition=2015 /github/home/.cargo/registry/src/index.crates.io-1949cf8c6b5b557f/scopeguard-1.2.0/src/lib.rs --error-format=json --json=diagnostic-rendered-ansi,artifacts,future-incompat --crate-type lib --emit=dep-info,metadata,link -C embed-bitcode=no -C debuginfo=2 --check-cfg 'cfg(docsrs,test)' --check-cfg 'cfg(feature, values("default", "use_std"))' -C metadata=495bf53b5feb8a52 -C extra-filename=-cfa69166bd4da734 --out-dir /__w/waterkit/waterkit/target/debug/deps -L dependency=/__w/waterkit/waterkit/target/debug/deps --cap-lints allow`
Test / ubuntu-latest	UNKNOWN STEP	2026-02-20T20:39:30.1040969Z [1m[92m   Compiling[0m glob v0.3.3
Test / ubuntu-latest	UNKNOWN STEP	2026-02-20T20:39:30.1048167Z [1m[92m     Running[0m `/github/home/.rustup/toolchains/nightly-x86_64-unknown-linux-gnu/bin/rustc --crate-name glob --edition=2015 /github/home/.cargo/registry/src/index.crates.io-1949cf8c6b5b557f/glob-0.3.3/src/lib.rs --error-format=json --json=diagnostic-rendered-ansi,artifacts,future-incompat --crate-type lib --emit=dep-info,metadata,link -C embed-bitcode=no --check-cfg 'cfg(docsrs,test)' --check-cfg 'cfg(feature, values())' -C metadata=db15b22d2b249f83 -C extra-filename=-37f4c7fab0a960d6 --out-dir /__w/waterkit/waterkit/target/debug/deps -L dependency=/__w/waterkit/waterkit/target/debug/deps --cap-lints allow`
Test / ubuntu-latest	UNKNOWN STEP	2026-02-20T20:39:30.1510182Z [1m[92m   Compiling[0m lock_api v0.4.14
Test / ubuntu-latest	UNKNOWN STEP	2026-02-20T20:39:30.1524753Z [1m[92m     Running[0m `/github/home/.rustup/toolchains/nightly-x86_64-unknown-linux-gnu/bin/rustc --crate-name lock_api --edition=2021 /github/home/.cargo/registry/src/index.crates.io-1949cf8c6b5b557f/lock_api-0.4.14/src/lib.rs --error-format=json --json=diagnostic-rendered-ansi,artifacts,future-incompat --crate-type lib --emit=dep-info,metadata,link -C embed-bitcode=no -C debuginfo=2 --cfg 'feature="atomic_usize"' --cfg 'feature="default"' --check-cfg 'cfg(docsrs,test)' --check-cfg 'cfg(feature, values("arc_lock", "atomic_usize", "default", "nightly", "owning_ref", "serde"))' -C metadata=c98b869fd757b7c2 -C extra-filename=-9fd6913848ac39ce --out-dir /__w/waterkit/waterkit/target/debug/deps -L dependency=/__w/waterkit/waterkit/target/debug/deps --extern scopeguard=/__w/waterkit/waterkit/target/debug/deps/libscopeguard-cfa69166bd4da734.rmeta --cap-lints allow`
Test / ubuntu-latest	UNKNOWN STEP	2026-02-20T20:39:30.3618851Z [1m[92m     Running[0m `/__w/waterkit/waterkit/target/debug/build/paste-9245072c691d01c9/build-script-build`
Test / ubuntu-latest	UNKNOWN STEP	2026-02-20T20:39:30.3937497Z [1m[92m     Running[0m `/__w/waterkit/waterkit/target/debug/build/libz-sys-991ff453eeb8ebc7/build-script-build`
Test / ubuntu-latest	UNKNOWN STEP	2026-02-20T20:39:30.4360660Z [1m[92m   Compiling[0m clang-sys v1.8.1
Test / ubuntu-latest	UNKNOWN STEP	2026-02-20T20:39:30.4369985Z [1m[92m     Running[0m `/github/home/.rustup/toolchains/nightly-x86_64-unknown-linux-gnu/bin/rustc --crate-name build_script_build --edition=2021 /github/home/.cargo/registry/src/index.crates.io-1949cf8c6b5b557f/clang-sys-1.8.1/build.rs --error-format=json --json=diagnostic-rendered-ansi,artifacts,future-incompat --crate-type bin --emit=dep-info,link -C embed-bitcode=no --cfg 'feature="clang_3_5"' --cfg 'feature="clang_3_6"' --cfg 'feature="clang_3_7"' --cfg 'feature="clang_3_8"' --cfg 'feature="clang_3_9"' --cfg 'feature="clang_4_0"' --cfg 'feature="clang_5_0"' --cfg 'feature="clang_6_0"' --cfg 'feature="libloading"' --cfg 'feature="runtime"' --check-cfg 'cfg(docsrs,test)' --check-cfg 'cfg(feature, values("clang_10_0", "clang_11_0", "clang_12_0", "clang_13_0", "clang_14_0", "clang_15_0", "clang_16_0", "clang_17_0", "clang_18_0", "clang_3_5", "clang_3_6", "clang_3_7", "clang_3_8", "clang_3_9", "clang_4_0", "clang_5_0", "clang_6_0", "clang_7_0", "clang_8_0", "clang_9_0", "libcpp", "libloading", "runtime", "static"))' -C metadata=2bfe340829afe820 -C extra-filename=-edfe17dd32f6b73e --out-dir /__w/waterkit/waterkit/target/debug/build/clang-sys-edfe17dd32f6b73e -L dependency=/__w/waterkit/waterkit/target/debug/deps --extern glob=/__w/waterkit/waterkit/target/debug/deps/libglob-37f4c7fab0a960d6.rlib --cap-lints allow`
Test / ubuntu-latest	UNKNOWN STEP	2026-02-20T20:39:30.5245108Z [1m[92m     Running[0m `/github/home/.rustup/toolchains/nightly-x86_64-unknown-linux-gnu/bin/rustc --crate-name thiserror --edition=2021 /github/home/.cargo/registry/src/index.crates.io-1949cf8c6b5b557f/thiserror-1.0.69/src/lib.rs --error-format=json --json=diagnostic-rendered-ansi,artifacts,future-incompat --crate-type lib --emit=dep-info,metadata,link -C embed-bitcode=no -C debuginfo=2 --check-cfg 'cfg(docsrs,test)' --check-cfg 'cfg(feature, values())' -C metadata=b7a022a0387e777e -C extra-filename=-2f1c23297b86e63d --out-dir /__w/waterkit/waterkit/target/debug/deps -L dependency=/__w/waterkit/waterkit/target/debug/deps --extern thiserror_impl=/__w/waterkit/waterkit/target/debug/deps/libthiserror_impl-051c975556ebda53.so --cap-lints allow --cfg error_generic_member_access --check-cfg 'cfg(error_generic_member_access)' --check-cfg 'cfg(thiserror_nightly_testing)'`
Test / ubuntu-latest	UNKNOWN STEP	2026-02-20T20:39:30.5860603Z [1m[92m     Running[0m `/github/home/.rustup/toolchains/nightly-x86_64-unknown-linux-gnu/bin/rustc --crate-name anyhow --edition=2021 /github/home/.cargo/registry/src/index.crates.io-1949cf8c6b5b557f/anyhow-1.0.102/src/lib.rs --error-format=json --json=diagnostic-rendered-ansi,artifacts,future-incompat --crate-type lib --emit=dep-info,metadata,link -C embed-bitcode=no -C debuginfo=2 --cfg 'feature="default"' --cfg 'feature="std"' --check-cfg 'cfg(docsrs,test)' --check-cfg 'cfg(feature, values("backtrace", "default", "std"))' -C metadata=ef8a45dcadf770fc -C extra-filename=-442d8d19315a85b2 --out-dir /__w/waterkit/waterkit/target/debug/deps -L dependency=/__w/waterkit/waterkit/target/debug/deps --cap-lints allow --cfg error_generic_member_access --check-cfg 'cfg(anyhow_build_probe)' --check-cfg 'cfg(anyhow_nightly_testing)' --check-cfg 'cfg(anyhow_no_clippy_format_args)' --check-cfg 'cfg(anyhow_no_core_error)' --check-cfg 'cfg(error_generic_member_access)'`
Test / ubuntu-latest	UNKNOWN STEP	2026-02-20T20:39:30.5944801Z [1m[92m     Running[0m `/github/home/.rustup/toolchains/nightly-x86_64-unknown-linux-gnu/bin/rustc --crate-name crc32fast --edition=2021 /github/home/.cargo/registry/src/index.crates.io-1949cf8c6b5b557f/crc32fast-1.5.0/src/lib.rs --error-format=json --json=diagnostic-rendered-ansi,artifacts,future-incompat --crate-type lib --emit=dep-info,metadata,link -C embed-bitcode=no -C debuginfo=2 --cfg 'feature="default"' --cfg 'feature="std"' --check-cfg 'cfg(docsrs,test)' --check-cfg 'cfg(feature, values("default", "nightly", "std"))' -C metadata=6ced920fe9bed458 -C extra-filename=-708b19cc9b243303 --out-dir /__w/waterkit/waterkit/target/debug/deps -L dependency=/__w/waterkit/waterkit/target/debug/deps --extern cfg_if=/__w/waterkit/waterkit/target/debug/deps/libcfg_if-2262c59ed30cbfdf.rmeta --cap-lints allow --cfg stable_arm_crc32_intrinsics --check-cfg 'cfg(stable_arm_crc32_intrinsics)'`
Test / ubuntu-latest	UNKNOWN STEP	2026-02-20T20:39:30.6698593Z [1m[92m     Running[0m `/github/home/.rustup/toolchains/nightly-x86_64-unknown-linux-gnu/bin/rustc --crate-name icu_normalizer --edition=2021 /github/home/.cargo/registry/src/index.crates.io-1949cf8c6b5b557f/icu_normalizer-2.1.1/src/lib.rs --error-format=json --json=diagnostic-rendered-ansi,artifacts,future-incompat --crate-type lib --emit=dep-info,metadata,link -C embed-bitcode=no -C debuginfo=2 --warn=unexpected_cfgs --check-cfg 'cfg(icu4x_unstable_fast_trie_only)' --cfg 'feature="compiled_data"' --check-cfg 'cfg(docsrs,test)' --check-cfg 'cfg(feature, values("compiled_data", "datagen", "default", "experimental", "icu_properties", "serde", "utf16_iter", "utf8_iter", "write16"))' -C metadata=9ad149efac740505 -C extra-filename=-fd1118389ee36fa2 --out-dir /__w/waterkit/waterkit/target/debug/deps -L dependency=/__w/waterkit/waterkit/target/debug/deps --extern icu_collections=/__w/waterkit/waterkit/target/debug/deps/libicu_collections-29253a80fa429726.rmeta --extern icu_normalizer_data=/__w/waterkit/waterkit/target/debug/deps/libicu_normalizer_data-aebb3607244b643f.rmeta --extern icu_provider=/__w/waterkit/waterkit/target/debug/deps/libicu_provider-9bd34b87a654d555.rmeta --extern smallvec=/__w/waterkit/waterkit/target/debug/deps/libsmallvec-bcee5cfe00b383a2.rmeta --extern zerovec=/__w/waterkit/waterkit/target/debug/deps/libzerovec-b04efe626a1970e2.rmeta --cap-lints allow`
Test / ubuntu-latest	UNKNOWN STEP	2026-02-20T20:39:30.7264062Z [1m[92m   Compiling[0m num-integer v0.1.46
Test / ubuntu-latest	UNKNOWN STEP	2026-02-20T20:39:30.7274765Z [1m[92m     Running[0m `/github/home/.rustup/toolchains/nightly-x86_64-unknown-linux-gnu/bin/rustc --crate-name num_integer --edition=2018 /github/home/.cargo/registry/src/index.crates.io-1949cf8c6b5b557f/num-integer-0.1.46/src/lib.rs --error-format=json --json=diagnostic-rendered-ansi,artifacts,future-incompat --crate-type lib --emit=dep-info,metadata,link -C embed-bitcode=no -C debuginfo=2 --cfg 'feature="i128"' --cfg 'feature="std"' --check-cfg 'cfg(docsrs,test)' --check-cfg 'cfg(feature, values("default", "i128", "std"))' -C metadata=56bf305c0471c14e -C extra-filename=-37d109d12d2b3e43 --out-dir /__w/waterkit/waterkit/target/debug/deps -L dependency=/__w/waterkit/waterkit/target/debug/deps --extern num_traits=/__w/waterkit/waterkit/target/debug/deps/libnum_traits-0a996891582b552d.rmeta --cap-lints allow`
Test / ubuntu-latest	UNKNOWN STEP	2026-02-20T20:39:30.9688034Z [1m[92m   Compiling[0m parking_lot_core v0.9.12
Test / ubuntu-latest	UNKNOWN STEP	2026-02-20T20:39:30.9696417Z [1m[92m     Running[0m `/github/home/.rustup/toolchains/nightly-x86_64-unknown-linux-gnu/bin/rustc --crate-name build_script_build --edition=2021 /github/home/.cargo/registry/src/index.crates.io-1949cf8c6b5b557f/parking_lot_core-0.9.12/build.rs --error-format=json --json=diagnostic-rendered-ansi,artifacts,future-incompat --crate-type bin --emit=dep-info,link -C embed-bitcode=no --check-cfg 'cfg(docsrs,test)' --check-cfg 'cfg(feature, values("backtrace", "deadlock_detection", "nightly", "petgraph"))' -C metadata=1a0e7dc8086103d6 -C extra-filename=-a3c039569b8f43c6 --out-dir /__w/waterkit/waterkit/target/debug/build/parking_lot_core-a3c039569b8f43c6 -L dependency=/__w/waterkit/waterkit/target/debug/deps --cap-lints allow`
Test / ubuntu-latest	UNKNOWN STEP	2026-02-20T20:39:31.0535302Z [1m[92m   Compiling[0m bit-vec v0.8.0
Test / ubuntu-latest	UNKNOWN STEP	2026-02-20T20:39:31.0540269Z [1m[92m     Running[0m `/github/home/.rustup/toolchains/nightly-x86_64-unknown-linux-gnu/bin/rustc --crate-name bit_vec --edition=2015 /github/home/.cargo/registry/src/index.crates.io-1949cf8c6b5b557f/bit-vec-0.8.0/src/lib.rs --error-format=json --json=diagnostic-rendered-ansi,artifacts,future-incompat --crate-type lib --emit=dep-info,metadata,link -C embed-bitcode=no -C debuginfo=2 --check-cfg 'cfg(docsrs,test)' --check-cfg 'cfg(feature, values("borsh", "borsh_std", "default", "miniserde", "nanoserde", "serde", "serde_no_std", "serde_std", "std"))' -C metadata=f8cdd878086d46d2 -C extra-filename=-28e9e5343b31cd1e --out-dir /__w/waterkit/waterkit/target/debug/deps -L dependency=/__w/waterkit/waterkit/target/debug/deps --cap-lints allow`
Test / ubuntu-latest	UNKNOWN STEP	2026-02-20T20:39:31.1201310Z [1m[92m   Compiling[0m raw-window-handle v0.6.2
Test / ubuntu-latest	UNKNOWN STEP	2026-02-20T20:39:31.1213838Z [1m[92m     Running[0m `/github/home/.rustup/toolchains/nightly-x86_64-unknown-linux-gnu/bin/rustc --crate-name raw_window_handle --edition=2021 /github/home/.cargo/registry/src/index.crates.io-1949cf8c6b5b557f/raw-window-handle-0.6.2/src/lib.rs --error-format=json --json=diagnostic-rendered-ansi,artifacts,future-incompat --crate-type lib --emit=dep-info,metadata,link -C embed-bitcode=no -C debuginfo=2 --cfg 'feature="alloc"' --cfg 'feature="std"' --check-cfg 'cfg(docsrs,test)' --check-cfg 'cfg(feature, values("alloc", "std", "wasm-bindgen", "wasm-bindgen-0-2"))' -C metadata=5dbb11fab7fcca51 -C extra-filename=-215e762d282f9944 --out-dir /__w/waterkit/waterkit/target/debug/deps -L dependency=/__w/waterkit/waterkit/target/debug/deps --cap-lints allow`
Test / ubuntu-latest	UNKNOWN STEP	2026-02-20T20:39:31.2453435Z [1m[92m   Compiling[0m ash v0.38.0+1.3.281
Test / ubuntu-latest	UNKNOWN STEP	2026-02-20T20:39:31.2462797Z [1m[92m     Running[0m `/github/home/.rustup/toolchains/nightly-x86_64-unknown-linux-gnu/bin/rustc --crate-name build_script_build --edition=2021 /github/home/.cargo/registry/src/index.crates.io-1949cf8c6b5b557f/ash-0.38.0+1.3.281/build.rs --error-format=json --json=diagnostic-rendered-ansi,artifacts,future-incompat --crate-type bin --emit=dep-info,link -C embed-bitcode=no --cfg 'feature="debug"' --cfg 'feature="default"' --cfg 'feature="libloading"' --cfg 'feature="loaded"' --cfg 'feature="std"' --check-cfg 'cfg(docsrs,test)' --check-cfg 'cfg(feature, values("debug", "default", "libloading", "linked", "loaded", "std"))' -C metadata=19612e5546fc0ea4 -C extra-filename=-1ec72d4f2be3c9d1 --out-dir /__w/waterkit/waterkit/target/debug/build/ash-1ec72d4f2be3c9d1 -L dependency=/__w/waterkit/waterkit/target/debug/deps --cap-lints allow`
Test / ubuntu-latest	UNKNOWN STEP	2026-02-20T20:39:31.3061338Z [1m[92m   Compiling[0m bit-set v0.8.0
Test / ubuntu-latest	UNKNOWN STEP	2026-02-20T20:39:31.3144469Z [1m[92m     Running[0m `/github/home/.rustup/toolchains/nightly-x86_64-unknown-linux-gnu/bin/rustc --crate-name bit_set --edition=2015 /github/home/.cargo/registry/src/index.crates.io-1949cf8c6b5b557f/bit-set-0.8.0/src/lib.rs --error-format=json --json=diagnostic-rendered-ansi,artifacts,future-incompat --crate-type lib --emit=dep-info,metadata,link -C embed-bitcode=no -C debuginfo=2 --check-cfg 'cfg(docsrs,test)' --check-cfg 'cfg(feature, values("default", "serde", "std"))' -C metadata=9ea1dc0a0210179e -C extra-filename=-e1c873f5e3c2c716 --out-dir /__w/waterkit/waterkit/target/debug/deps -L dependency=/__w/waterkit/waterkit/target/debug/deps --extern bit_vec=/__w/waterkit/waterkit/target/debug/deps/libbit_vec-28e9e5343b31cd1e.rmeta --cap-lints allow`
Test / ubuntu-latest	UNKNOWN STEP	2026-02-20T20:39:31.3254762Z [1m[92m     Running[0m `/__w/waterkit/waterkit/target/debug/build/parking_lot_core-a3c039569b8f43c6/build-script-build`
Test / ubuntu-latest	UNKNOWN STEP	2026-02-20T20:39:31.3461433Z [1m[92m     Running[0m `/github/home/.rustup/toolchains/nightly-x86_64-unknown-linux-gnu/bin/rustc --crate-name idna_adapter --edition=2021 /github/home/.cargo/registry/src/index.crates.io-1949cf8c6b5b557f/idna_adapter-1.2.1/src/lib.rs --error-format=json --json=diagnostic-rendered-ansi,artifacts,future-incompat --crate-type lib --emit=dep-info,metadata,link -C embed-bitcode=no -C debuginfo=2 --cfg 'feature="compiled_data"' --check-cfg 'cfg(docsrs,test)' --check-cfg 'cfg(feature, values("compiled_data"))' -C metadata=3ebc9a0ff10aa470 -C extra-filename=-9b16462257d80faf --out-dir /__w/waterkit/waterkit/target/debug/deps -L dependency=/__w/waterkit/waterkit/target/debug/deps --extern icu_normalizer=/__w/waterkit/waterkit/target/debug/deps/libicu_normalizer-fd1118389ee36fa2.rmeta --extern icu_properties=/__w/waterkit/waterkit/target/debug/deps/libicu_properties-9ddae2604e667a56.rmeta --cap-lints allow`
Test / ubuntu-latest	UNKNOWN STEP	2026-02-20T20:39:31.3606014Z [1m[92m     Running[0m `/__w/waterkit/waterkit/target/debug/build/ash-1ec72d4f2be3c9d1/build-script-build`
Test / ubuntu-latest	UNKNOWN STEP	2026-02-20T20:39:31.3820198Z [1m[92m   Compiling[0m num-bigint v0.4.6
Test / ubuntu-latest	UNKNOWN STEP	2026-02-20T20:39:31.3929444Z [1m[92m     Running[0m `/github/home/.rustup/toolchains/nightly-x86_64-unknown-linux-gnu/bin/rustc --crate-name num_bigint --edition=2021 /github/home/.cargo/registry/src/index.crates.io-1949cf8c6b5b557f/num-bigint-0.4.6/src/lib.rs --error-format=json --json=diagnostic-rendered-ansi,artifacts,future-incompat --crate-type lib --emit=dep-info,metadata,link -C embed-bitcode=no -C debuginfo=2 --cfg 'feature="std"' --check-cfg 'cfg(docsrs,test)' --check-cfg 'cfg(feature, values("arbitrary", "default", "quickcheck", "rand", "serde", "std"))' -C metadata=9d43965fcc66d8bb -C extra-filename=-99e156534d71c94f --out-dir /__w/waterkit/waterkit/target/debug/deps -L dependency=/__w/waterkit/waterkit/target/debug/deps --extern num_integer=/__w/waterkit/waterkit/target/debug/deps/libnum_integer-37d109d12d2b3e43.rmeta --extern num_traits=/__w/waterkit/waterkit/target/debug/deps/libnum_traits-0a996891582b552d.rmeta --cap-lints allow`
Test / ubuntu-latest	UNKNOWN STEP	2026-02-20T20:39:31.4123066Z [1m[92m   Compiling[0m flate2 v1.1.9
Test / ubuntu-latest	UNKNOWN STEP	2026-02-20T20:39:31.4139845Z [1m[92m     Running[0m `/github/home/.rustup/toolchains/nightly-x86_64-unknown-linux-gnu/bin/rustc --crate-name flate2 --edition=2018 /github/home/.cargo/registry/src/index.crates.io-1949cf8c6b5b557f/flate2-1.1.9/src/lib.rs --error-format=json --json=diagnostic-rendered-ansi,artifacts,future-incompat --crate-type lib --emit=dep-info,metadata,link -C embed-bitcode=no -C debuginfo=2 --cfg 'feature="any_impl"' --cfg 'feature="default"' --cfg 'feature="miniz_oxide"' --cfg 'feature="rust_backend"' --check-cfg 'cfg(docsrs,test)' --check-cfg 'cfg(feature, values("any_c_zlib", "any_impl", "any_zlib", "cloudflare-zlib-sys", "cloudflare_zlib", "default", "document-features", "libz-ng-sys", "libz-sys", "miniz-sys", "miniz_oxide", "rust_backend", "zlib", "zlib-default", "zlib-ng", "zlib-ng-compat", "zlib-rs"))' -C metadata=2a3575afdfbfaa03 -C extra-filename=-e7a71917d9e8fdfc --out-dir /__w/waterkit/waterkit/target/debug/deps -L dependency=/__w/waterkit/waterkit/target/debug/deps --extern crc32fast=/__w/waterkit/waterkit/target/debug/deps/libcrc32fast-708b19cc9b243303.rmeta --extern miniz_oxide=/__w/waterkit/waterkit/target/debug/deps/libminiz_oxide-f95b54d3b8c71ec6.rmeta --cap-lints allow`
Test / ubuntu-latest	UNKNOWN STEP	2026-02-20T20:39:31.4316745Z [1m[92m     Running[0m `/__w/waterkit/waterkit/target/debug/build/clang-sys-edfe17dd32f6b73e/build-script-build`
Test / ubuntu-latest	UNKNOWN STEP	2026-02-20T20:39:31.4441103Z [1m[92m     Running[0m `/github/home/.rustup/toolchains/nightly-x86_64-unknown-linux-gnu/bin/rustc --crate-name paste --edition=2018 /github/home/.cargo/registry/src/index.crates.io-1949cf8c6b5b557f/paste-1.0.15/src/lib.rs --error-format=json --json=diagnostic-rendered-ansi,artifacts,future-incompat --crate-type proc-macro --emit=dep-info,link -C prefer-dynamic -C embed-bitcode=no --check-cfg 'cfg(docsrs,test)' --check-cfg 'cfg(feature, values())' -C metadata=068e57269251827a -C extra-filename=-de1ab307929da351 --out-dir /__w/waterkit/waterkit/target/debug/deps -L dependency=/__w/waterkit/waterkit/target/debug/deps --extern proc_macro --cap-lints allow --check-cfg 'cfg(no_literal_fromstr)' --check-cfg 'cfg(feature, values("protocol_feature_paste"))'`
Test / ubuntu-latest	UNKNOWN STEP	2026-02-20T20:39:31.5880881Z [1m[92m   Compiling[0m zbus v5.13.2
Test / ubuntu-latest	UNKNOWN STEP	2026-02-20T20:39:31.5911082Z [1m[92m     Running[0m `/github/home/.rustup/toolchains/nightly-x86_64-unknown-linux-gnu/bin/rustc --crate-name zbus --edition=2024 /github/home/.cargo/registry/src/index.crates.io-1949cf8c6b5b557f/zbus-5.13.2/src/lib.rs --error-format=json --json=diagnostic-rendered-ansi,artifacts,future-incompat --crate-type lib --emit=dep-info,metadata,link -C embed-bitcode=no -C debuginfo=2 --warn=unexpected_cfgs --check-cfg 'cfg(tokio_unstable)' --cfg 'feature="async-executor"' --cfg 'feature="async-fs"' --cfg 'feature="async-io"' --cfg 'feature="async-lock"' --cfg 'feature="async-process"' --cfg 'feature="async-task"' --cfg 'feature="blocking"' --cfg 'feature="blocking-api"' --cfg 'feature="default"' --cfg 'feature="url"' --check-cfg 'cfg(docsrs,test)' --check-cfg 'cfg(feature, values("async-executor", "async-fs", "async-io", "async-lock", "async-process", "async-task", "blocking", "blocking-api", "bus-impl", "camino", "chrono", "default", "heapless", "option-as-array", "p2p", "serde_bytes", "time", "tokio", "tokio-vsock", "url", "uuid", "vsock"))' -C metadata=4b487f8b45a298d2 -C extra-filename=-817c50e70cbd94d5 --out-dir /__w/waterkit/waterkit/target/debug/deps -L dependency=/__w/waterkit/waterkit/target/debug/deps --extern async_broadcast=/__w/waterkit/waterkit/target/debug/deps/libasync_broadcast-704176f82c58ada8.rmeta --extern async_executor=/__w/waterkit/waterkit/target/debug/deps/libasync_executor-ed13de650466e89b.rmeta --extern async_io=/__w/waterkit/waterkit/target/debug/deps/libasync_io-e55f1558b961aaec.rmeta --extern async_lock=/__w/waterkit/waterkit/target/debug/deps/libasync_lock-91e4774a71793701.rmeta --extern async_process=/__w/waterkit/waterkit/target/debug/deps/libasync_process-1a9224774765c1e3.rmeta --extern async_task=/__w/waterkit/waterkit/target/debug/deps/libasync_task-fe618d2b503885ad.rmeta --extern async_trait=/__w/waterkit/waterkit/target/debug/deps/libasync_trait-3d4535efcc4bfb05.so --extern blocking=/__w/waterkit/waterkit/target/debug/deps/libblocking-8cccadb49bacb38b.rmeta --extern enumflags2=/__w/waterkit/waterkit/target/debug/deps/libenumflags2-a00a25942a84297d.rmeta --extern event_listener=/__w/waterkit/waterkit/target/debug/deps/libevent_listener-42bffb87ff0b1bb2.rmeta --extern futures_core=/__w/waterkit/waterkit/target/debug/deps/libfutures_core-2d7bb4d1409fb0c1.rmeta --extern futures_lite=/__w/waterkit/waterkit/target/debug/deps/libfutures_lite-00f442a05efae16c.rmeta --extern hex=/__w/waterkit/waterkit/target/debug/deps/libhex-20cdb627b9823e3e.rmeta --extern libc=/__w/waterkit/waterkit/target/debug/deps/liblibc-32506a6f335a62d8.rmeta --extern ordered_stream=/__w/waterkit/waterkit/target/debug/deps/libordered_stream-75d1e9ef2060754d.rmeta --extern rustix=/__w/waterkit/waterkit/target/debug/deps/librustix-4716013026921845.rmeta --extern serde=/__w/waterkit/waterkit/target/debug/deps/libserde-50e34f23d3c0b4bb.rmeta --extern serde_repr=/__w/waterkit/waterkit/target/debug/deps/libserde_repr-b261708a554f60f5.so --extern tracing=/__w/waterkit/waterkit/target/debug/deps/libtracing-cac4cc7e901cc16a.rmeta --extern uuid=/__w/waterkit/waterkit/target/debug/deps/libuuid-bf94e0674b06b4bd.rmeta --extern winnow=/__w/waterkit/waterkit/target/debug/deps/libwinnow-373e84aa9c3cbaab.rmeta --extern zbus_macros=/__w/waterkit/waterkit/target/debug/deps/libzbus_macros-aacf560a15aa4a49.so --extern zbus_names=/__w/waterkit/waterkit/target/debug/deps/libzbus_names-460b62f674b3f700.rmeta --extern zvariant=/__w/waterkit/waterkit/target/debug/deps/libzvariant-43d4ed1f54061725.rmeta --cap-lints allow`
Test / ubuntu-latest	UNKNOWN STEP	2026-02-20T20:39:31.8367598Z [1m[92m   Compiling[0m futures-executor v0.3.32
Test / ubuntu-latest	UNKNOWN STEP	2026-02-20T20:39:31.8380126Z [1m[92m     Running[0m `/github/home/.rustup/toolchains/nightly-x86_64-unknown-linux-gnu/bin/rustc --crate-name futures_executor --edition=2018 /github/home/.cargo/registry/src/index.crates.io-1949cf8c6b5b557f/futures-executor-0.3.32/src/lib.rs --error-format=json --json=diagnostic-rendered-ansi,artifacts,future-incompat --crate-type lib --emit=dep-info,metadata,link -C embed-bitcode=no -C debuginfo=2 --warn=unreachable_pub --warn=unexpected_cfgs --warn=single_use_lifetimes --warn=rust_2018_idioms --warn=missing_debug_implementations --check-cfg 'cfg(futures_sanitizer)' --cfg 'feature="std"' --check-cfg 'cfg(docsrs,test)' --check-cfg 'cfg(feature, values("default", "std", "thread-pool"))' -C metadata=6054303cfb68a49f -C extra-filename=-6e5aacbd4142b58a --out-dir /__w/waterkit/waterkit/target/debug/deps -L dependency=/__w/waterkit/waterkit/target/debug/deps --extern futures_core=/__w/waterkit/waterkit/target/debug/deps/libfutures_core-2d7bb4d1409fb0c1.rmeta --extern futures_task=/__w/waterkit/waterkit/target/debug/deps/libfutures_task-c54f3740d6ed1215.rmeta --extern futures_util=/__w/waterkit/waterkit/target/debug/deps/libfutures_util-eb2367d373ba1ea4.rmeta --cap-lints allow`
Test / ubuntu-latest	UNKNOWN STEP	2026-02-20T20:39:31.8590787Z [1m[92m   Compiling[0m codespan-reporting v0.12.0
Test / ubuntu-latest	UNKNOWN STEP	2026-02-20T20:39:31.8601041Z [1m[92m     Running[0m `/github/home/.rustup/toolchains/nightly-x86_64-unknown-linux-gnu/bin/rustc --crate-name codespan_reporting --edition=2021 /github/home/.cargo/registry/src/index.crates.io-1949cf8c6b5b557f/codespan-reporting-0.12.0/src/lib.rs --error-format=json --json=diagnostic-rendered-ansi,artifacts,future-incompat --crate-type lib --emit=dep-info,metadata,link -C embed-bitcode=no -C debuginfo=2 '--warn=clippy::std_instead_of_core' '--warn=clippy::std_instead_of_alloc' '--warn=clippy::alloc_instead_of_core' --check-cfg 'cfg(docsrs,test)' --check-cfg 'cfg(feature, values("ascii-only", "default", "serde", "serialization", "std", "termcolor"))' -C metadata=3644aef6689e9e22 -C extra-filename=-63ac03d128a5e6e3 --out-dir /__w/waterkit/waterkit/target/debug/deps -L dependency=/__w/waterkit/waterkit/target/debug/deps --extern unicode_width=/__w/waterkit/waterkit/target/debug/deps/libunicode_width-a6375d3a2a26d1e5.rmeta --cap-lints allow`
Test / ubuntu-latest	UNKNOWN STEP	2026-02-20T20:39:32.0879276Z [1m[92m   Compiling[0m nasm-rs v0.3.2
Test / ubuntu-latest	UNKNOWN STEP	2026-02-20T20:39:32.0888801Z [1m[92m     Running[0m `/github/home/.rustup/toolchains/nightly-x86_64-unknown-linux-gnu/bin/rustc --crate-name nasm_rs --edition=2018 /github/home/.cargo/registry/src/index.crates.io-1949cf8c6b5b557f/nasm-rs-0.3.2/src/lib.rs --error-format=json --json=diagnostic-rendered-ansi,artifacts,future-incompat --crate-type lib --emit=dep-info,metadata,link -C embed-bitcode=no --cfg 'feature="jobserver"' --cfg 'feature="parallel"' --check-cfg 'cfg(docsrs,test)' --check-cfg 'cfg(feature, values("jobserver", "parallel"))' -C metadata=ddac021ae521dca7 -C extra-filename=-660d3f3feb401e23 --out-dir /__w/waterkit/waterkit/target/debug/deps -L dependency=/__w/waterkit/waterkit/target/debug/deps --extern jobserver=/__w/waterkit/waterkit/target/debug/deps/libjobserver-fabb1336dc68cb90.rmeta --extern log=/__w/waterkit/waterkit/target/debug/deps/liblog-496cf8a3b8dcf87b.rmeta --cap-lints allow`
Test / ubuntu-latest	UNKNOWN STEP	2026-02-20T20:39:32.3822424Z [1m[92m   Compiling[0m libgit2-sys v0.18.3+1.9.2
Test / ubuntu-latest	UNKNOWN STEP	2026-02-20T20:39:32.3832891Z [1m[92m     Running[0m `/github/home/.rustup/toolchains/nightly-x86_64-unknown-linux-gnu/bin/rustc --crate-name build_script_build --edition=2021 /github/home/.cargo/registry/src/index.crates.io-1949cf8c6b5b557f/libgit2-sys-0.18.3+1.9.2/build.rs --error-format=json --json=diagnostic-rendered-ansi,artifacts,future-incompat --crate-type bin --emit=dep-info,link -C embed-bitcode=no --check-cfg 'cfg(docsrs,test)' --check-cfg 'cfg(feature, values("https", "libssh2-sys", "openssl-sys", "ssh", "vendored", "vendored-openssl", "zlib-ng-compat"))' -C metadata=3a71453c456087b1 -C extra-filename=-0e229e3e8b9408cd --out-dir /__w/waterkit/waterkit/target/debug/build/libgit2-sys-0e229e3e8b9408cd -L dependency=/__w/waterkit/waterkit/target/debug/deps --extern cc=/__w/waterkit/waterkit/target/debug/deps/libcc-bf89973bbffe1577.rlib --extern pkg_config=/__w/waterkit/waterkit/target/debug/deps/libpkg_config-27318cb7412d9ab4.rlib --cap-lints allow`
Test / ubuntu-latest	UNKNOWN STEP	2026-02-20T20:39:32.4476901Z [1m[92m   Compiling[0m equator-macro v0.4.2
Test / ubuntu-latest	UNKNOWN STEP	2026-02-20T20:39:32.4486014Z [1m[92m     Running[0m `/github/home/.rustup/toolchains/nightly-x86_64-unknown-linux-gnu/bin/rustc --crate-name equator_macro --edition=2021 /github/home/.cargo/registry/src/index.crates.io-1949cf8c6b5b557f/equator-macro-0.4.2/src/lib.rs --error-format=json --json=diagnostic-rendered-ansi,artifacts,future-incompat --crate-type proc-macro --emit=dep-info,link -C prefer-dynamic -C embed-bitcode=no --check-cfg 'cfg(docsrs,test)' --check-cfg 'cfg(feature, values())' -C metadata=b835cbb647d48db5 -C extra-filename=-a6097c12889a2255 --out-dir /__w/waterkit/waterkit/target/debug/deps -L dependency=/__w/waterkit/waterkit/target/debug/deps --extern proc_macro2=/__w/waterkit/waterkit/target/debug/deps/libproc_macro2-9fe81c40f0b8c0b8.rlib --extern quote=/__w/waterkit/waterkit/target/debug/deps/libquote-5f37932b4137efa1.rlib --extern syn=/__w/waterkit/waterkit/target/debug/deps/libsyn-56cc86ffab105581.rlib --extern proc_macro --cap-lints allow`
Test / ubuntu-latest	UNKNOWN STEP	2026-02-20T20:39:32.6602204Z [1m[92m   Compiling[0m spirv v0.3.0+sdk-1.3.268.0
Test / ubuntu-latest	UNKNOWN STEP	2026-02-20T20:39:32.6611192Z [1m[92m     Running[0m `/github/home/.rustup/toolchains/nightly-x86_64-unknown-linux-gnu/bin/rustc --crate-name spirv --edition=2018 /github/home/.cargo/registry/src/index.crates.io-1949cf8c6b5b557f/spirv-0.3.0+sdk-1.3.268.0/lib.rs --error-format=json --json=diagnostic-rendered-ansi,artifacts,future-incompat --crate-type lib --emit=dep-info,metadata,link -C embed-bitcode=no -C debuginfo=2 --check-cfg 'cfg(docsrs,test)' --check-cfg 'cfg(feature, values("deserialize", "serde", "serialize"))' -C metadata=b7a97bba577302b9 -C extra-filename=-4940697395f09da3 --out-dir /__w/waterkit/waterkit/target/debug/deps -L dependency=/__w/waterkit/waterkit/target/debug/deps --extern bitflags=/__w/waterkit/waterkit/target/debug/deps/libbitflags-ccf1cefa6e5b3c4f.rmeta --cap-lints allow`
Test / ubuntu-latest	UNKNOWN STEP	2026-02-20T20:39:33.0389842Z [1m[92m     Running[0m `/github/home/.rustup/toolchains/nightly-x86_64-unknown-linux-gnu/bin/rustc --crate-name percent_encoding --edition=2018 /github/home/.cargo/registry/src/index.crates.io-1949cf8c6b5b557f/percent-encoding-2.3.2/src/lib.rs --error-format=json --json=diagnostic-rendered-ansi,artifacts,future-incompat --crate-type lib --emit=dep-info,metadata,link -C embed-bitcode=no --cfg 'feature="alloc"' --cfg 'feature="std"' --check-cfg 'cfg(docsrs,test)' --check-cfg 'cfg(feature, values("alloc", "default", "std"))' -C metadata=e51b1f32ad64be1b -C extra-filename=-31e8cd3a3bc9a9b7 --out-dir /__w/waterkit/waterkit/target/debug/deps -L dependency=/__w/waterkit/waterkit/target/debug/deps --cap-lints allow`
Test / ubuntu-latest	UNKNOWN STEP	2026-02-20T20:39:33.0511522Z [1m[92m   Compiling[0m hexf-parse v0.2.1
Test / ubuntu-latest	UNKNOWN STEP	2026-02-20T20:39:33.0521321Z [1m[92m     Running[0m `/github/home/.rustup/toolchains/nightly-x86_64-unknown-linux-gnu/bin/rustc --crate-name hexf_parse --edition=2018 /github/home/.cargo/registry/src/index.crates.io-1949cf8c6b5b557f/hexf-parse-0.2.1/src/lib.rs --error-format=json --json=diagnostic-rendered-ansi,artifacts,future-incompat --crate-type lib --emit=dep-info,metadata,link -C embed-bitcode=no -C debuginfo=2 --check-cfg 'cfg(docsrs,test)' --check-cfg 'cfg(feature, values())' -C metadata=21d57ece3ef5df34 -C extra-filename=-5b305720820081bf --out-dir /__w/waterkit/waterkit/target/debug/deps -L dependency=/__w/waterkit/waterkit/target/debug/deps --cap-lints allow`
Test / ubuntu-latest	UNKNOWN STEP	2026-02-20T20:39:33.1574460Z [1m[92m   Compiling[0m rustc-hash v1.1.0
Test / ubuntu-latest	UNKNOWN STEP	2026-02-20T20:39:33.1582083Z [1m[92m     Running[0m `/github/home/.rustup/toolchains/nightly-x86_64-unknown-linux-gnu/bin/rustc --crate-name rustc_hash --edition=2015 /github/home/.cargo/registry/src/index.crates.io-1949cf8c6b5b557f/rustc-hash-1.1.0/src/lib.rs --error-format=json --json=diagnostic-rendered-ansi,artifacts,future-incompat --crate-type lib --emit=dep-info,metadata,link -C embed-bitcode=no -C debuginfo=2 --check-cfg 'cfg(docsrs,test)' --check-cfg 'cfg(feature, values("default", "std"))' -C metadata=ce0f33ee25254529 -C extra-filename=-dd9614d01415cf7f --out-dir /__w/waterkit/waterkit/target/debug/deps -L dependency=/__w/waterkit/waterkit/target/debug/deps --cap-lints allow`
Test / ubuntu-latest	UNKNOWN STEP	2026-02-20T20:39:33.1748287Z [1m[92m   Compiling[0m khronos-egl v6.0.0
Test / ubuntu-latest	UNKNOWN STEP	2026-02-20T20:39:33.1758658Z [1m[92m     Running[0m `/github/home/.rustup/toolchains/nightly-x86_64-unknown-linux-gnu/bin/rustc --crate-name build_script_build --edition=2021 /github/home/.cargo/registry/src/index.crates.io-1949cf8c6b5b557f/khronos-egl-6.0.0/build.rs --error-format=json --json=diagnostic-rendered-ansi,artifacts,future-incompat --crate-type bin --emit=dep-info,link -C embed-bitcode=no --cfg 'feature="1_0"' --cfg 'feature="1_1"' --cfg 'feature="1_2"' --cfg 'feature="1_3"' --cfg 'feature="1_4"' --cfg 'feature="1_5"' --cfg 'feature="default"' --cfg 'feature="dynamic"' --cfg 'feature="libloading"' --check-cfg 'cfg(docsrs,test)' --check-cfg 'cfg(feature, values("1_0", "1_1", "1_2", "1_3", "1_4", "1_5", "default", "dynamic", "libloading", "no-pkg-config", "pkg-config", "static"))' -C metadata=39025116525d73d5 -C extra-filename=-4d956e76976c841c --out-dir /__w/waterkit/waterkit/target/debug/build/khronos-egl-4d956e76976c841c -L dependency=/__w/waterkit/waterkit/target/debug/deps --cap-lints allow`
Test / ubuntu-latest	UNKNOWN STEP	2026-02-20T20:39:33.2144362Z [1m[92m   Compiling[0m foldhash v0.1.5
Test / ubuntu-latest	UNKNOWN STEP	2026-02-20T20:39:33.2156702Z [1m[92m     Running[0m `/github/home/.rustup/toolchains/nightly-x86_64-unknown-linux-gnu/bin/rustc --crate-name foldhash --edition=2021 /github/home/.cargo/registry/src/index.crates.io-1949cf8c6b5b557f/foldhash-0.1.5/src/lib.rs --error-format=json --json=diagnostic-rendered-ansi,artifacts,future-incompat --crate-type lib --emit=dep-info,metadata,link -C embed-bitcode=no -C debuginfo=2 --check-cfg 'cfg(docsrs,test)' --check-cfg 'cfg(feature, values("default", "std"))' -C metadata=0bea503628394c41 -C extra-filename=-abf39bc0971f8ebd --out-dir /__w/waterkit/waterkit/target/debug/deps -L dependency=/__w/waterkit/waterkit/target/debug/deps --cap-lints allow`
Test / ubuntu-latest	UNKNOWN STEP	2026-02-20T20:39:33.2879799Z [1m[92m     Running[0m `/__w/waterkit/waterkit/target/debug/build/khronos-egl-4d956e76976c841c/build-script-build`
Test / ubuntu-latest	UNKNOWN STEP	2026-02-20T20:39:33.3063971Z [1m[92m   Compiling[0m hashbrown v0.15.5
Test / ubuntu-latest	UNKNOWN STEP	2026-02-20T20:39:33.3072499Z [1m[92m     Running[0m `/github/home/.rustup/toolchains/nightly-x86_64-unknown-linux-gnu/bin/rustc --crate-name hashbrown --edition=2021 /github/home/.cargo/registry/src/index.crates.io-1949cf8c6b5b557f/hashbrown-0.15.5/src/lib.rs --error-format=json --json=diagnostic-rendered-ansi,artifacts,future-incompat --crate-type lib --emit=dep-info,metadata,link -C embed-bitcode=no -C debuginfo=2 --cfg 'feature="default-hasher"' --check-cfg 'cfg(docsrs,test)' --check-cfg 'cfg(feature, values("alloc", "allocator-api2", "core", "default", "default-hasher", "equivalent", "inline-more", "nightly", "raw-entry", "rayon", "rustc-dep-of-std", "rustc-internal-api", "serde"))' -C metadata=533e922fad95aa09 -C extra-filename=-6283d275f55f9e37 --out-dir /__w/waterkit/waterkit/target/debug/deps -L dependency=/__w/waterkit/waterkit/target/debug/deps --extern foldhash=/__w/waterkit/waterkit/target/debug/deps/libfoldhash-abf39bc0971f8ebd.rmeta --cap-lints allow`
Test / ubuntu-latest	UNKNOWN STEP	2026-02-20T20:39:33.3343360Z [1m[92m     Running[0m `/github/home/.rustup/toolchains/nightly-x86_64-unknown-linux-gnu/bin/rustc --crate-name form_urlencoded --edition=2018 /github/home/.cargo/registry/src/index.crates.io-1949cf8c6b5b557f/form_urlencoded-1.2.2/src/lib.rs --error-format=json --json=diagnostic-rendered-ansi,artifacts,future-incompat --crate-type lib --emit=dep-info,metadata,link -C embed-bitcode=no --cfg 'feature="alloc"' --cfg 'feature="std"' --check-cfg 'cfg(docsrs,test)' --check-cfg 'cfg(feature, values("alloc", "default", "std"))' -C metadata=f0e6d60df7f2f399 -C extra-filename=-0b656d92fd73f836 --out-dir /__w/waterkit/waterkit/target/debug/deps -L dependency=/__w/waterkit/waterkit/target/debug/deps --extern percent_encoding=/__w/waterkit/waterkit/target/debug/deps/libpercent_encoding-31e8cd3a3bc9a9b7.rmeta --cap-lints allow`
Test / ubuntu-latest	UNKNOWN STEP	2026-02-20T20:39:33.4503949Z [1m[92m   Compiling[0m equator v0.4.2
Test / ubuntu-latest	UNKNOWN STEP	2026-02-20T20:39:33.4516180Z [1m[92m     Running[0m `/github/home/.rustup/toolchains/nightly-x86_64-unknown-linux-gnu/bin/rustc --crate-name equator --edition=2021 /github/home/.cargo/registry/src/index.crates.io-1949cf8c6b5b557f/equator-0.4.2/src/lib.rs --error-format=json --json=diagnostic-rendered-ansi,artifacts,future-incompat --crate-type lib --emit=dep-info,metadata,link -C embed-bitcode=no -C debuginfo=2 --check-cfg 'cfg(docsrs,test)' --check-cfg 'cfg(feature, values())' -C metadata=15152f2443ca1728 -C extra-filename=-2a9a97126b7d1b48 --out-dir /__w/waterkit/waterkit/target/debug/deps -L dependency=/__w/waterkit/waterkit/target/debug/deps --extern equator_macro=/__w/waterkit/waterkit/target/debug/deps/libequator_macro-a6097c12889a2255.so --cap-lints allow`
Test / ubuntu-latest	UNKNOWN STEP	2026-02-20T20:39:33.6546486Z [1m[92m     Running[0m `/__w/waterkit/waterkit/target/debug/build/libgit2-sys-0e229e3e8b9408cd/build-script-build`
Test / ubuntu-latest	UNKNOWN STEP	2026-02-20T20:39:33.8654826Z [1m[92m   Compiling[0m num-rational v0.4.2
Test / ubuntu-latest	UNKNOWN STEP	2026-02-20T20:39:33.8669267Z [1m[92m     Running[0m `/github/home/.rustup/toolchains/nightly-x86_64-unknown-linux-gnu/bin/rustc --crate-name num_rational --edition=2021 /github/home/.cargo/registry/src/index.crates.io-1949cf8c6b5b557f/num-rational-0.4.2/src/lib.rs --error-format=json --json=diagnostic-rendered-ansi,artifacts,future-incompat --crate-type lib --emit=dep-info,metadata,link -C embed-bitcode=no -C debuginfo=2 --cfg 'feature="default"' --cfg 'feature="num-bigint"' --cfg 'feature="serde"' --cfg 'feature="std"' --check-cfg 'cfg(docsrs,test)' --check-cfg 'cfg(feature, values("default", "num-bigint", "num-bigint-std", "serde", "std"))' -C metadata=4ffcf4b22753dbdd -C extra-filename=-a22ba804e5558691 --out-dir /__w/waterkit/waterkit/target/debug/deps -L dependency=/__w/waterkit/waterkit/target/debug/deps --extern num_bigint=/__w/waterkit/waterkit/target/debug/deps/libnum_bigint-99e156534d71c94f.rmeta --extern num_integer=/__w/waterkit/waterkit/target/debug/deps/libnum_integer-37d109d12d2b3e43.rmeta --extern num_traits=/__w/waterkit/waterkit/target/debug/deps/libnum_traits-0a996891582b552d.rmeta --extern serde=/__w/waterkit/waterkit/target/debug/deps/libserde-50e34f23d3c0b4bb.rmeta --cap-lints allow`
Test / ubuntu-latest	UNKNOWN STEP	2026-02-20T20:39:34.2728368Z [1m[92m   Compiling[0m futures v0.3.32
Test / ubuntu-latest	UNKNOWN STEP	2026-02-20T20:39:34.2814418Z [1m[92m     Running[0m `/github/home/.rustup/toolchains/nightly-x86_64-unknown-linux-gnu/bin/rustc --crate-name futures --edition=2018 /github/home/.cargo/registry/src/index.crates.io-1949cf8c6b5b557f/futures-0.3.32/src/lib.rs --error-format=json --json=diagnostic-rendered-ansi,artifacts,future-incompat --crate-type lib --emit=dep-info,metadata,link -C embed-bitcode=no -C debuginfo=2 --warn=unreachable_pub --warn=unexpected_cfgs --warn=single_use_lifetimes --warn=rust_2018_idioms --warn=missing_debug_implementations --check-cfg 'cfg(futures_sanitizer)' --cfg 'feature="alloc"' --cfg 'feature="async-await"' --cfg 'feature="default"' --cfg 'feature="executor"' --cfg 'feature="futures-executor"' --cfg 'feature="std"' --check-cfg 'cfg(docsrs,test)' --check-cfg 'cfg(feature, values("alloc", "async-await", "bilock", "cfg-target-has-atomic", "compat", "default", "executor", "futures-executor", "io-compat", "spin", "std", "thread-pool", "unstable", "write-all-vectored"))' -C metadata=893ae11c6d053877 -C extra-filename=-a0a6564d04abe619 --out-dir /__w/waterkit/waterkit/target/debug/deps -L dependency=/__w/waterkit/waterkit/target/debug/deps --extern futures_channel=/__w/waterkit/waterkit/target/debug/deps/libfutures_channel-06a3b87c405408c6.rmeta --extern futures_core=/__w/waterkit/waterkit/target/debug/deps/libfutures_core-2d7bb4d1409fb0c1.rmeta --extern futures_executor=/__w/waterkit/waterkit/target/debug/deps/libfutures_executor-6e5aacbd4142b58a.rmeta --extern futures_io=/__w/waterkit/waterkit/target/debug/deps/libfutures_io-4f27fc187623d547.rmeta --extern futures_sink=/__w/waterkit/waterkit/target/debug/deps/libfutures_sink-03b53bf99d3bd47f.rmeta --extern futures_task=/__w/waterkit/waterkit/target/debug/deps/libfutures_task-c54f3740d6ed1215.rmeta --extern futures_util=/__w/waterkit/waterkit/target/debug/deps/libfutures_util-eb2367d373ba1ea4.rmeta --cap-lints allow`
Test / ubuntu-latest	UNKNOWN STEP	2026-02-20T20:39:34.3366056Z [1m[92m     Running[0m `/github/home/.rustup/toolchains/nightly-x86_64-unknown-linux-gnu/bin/rustc --crate-name idna --edition=2018 /github/home/.cargo/registry/src/index.crates.io-1949cf8c6b5b557f/idna-1.1.0/src/lib.rs --error-format=json --json=diagnostic-rendered-ansi,artifacts,future-incompat --crate-type lib --emit=dep-info,metadata,link -C embed-bitcode=no -C debuginfo=2 --cfg 'feature="alloc"' --cfg 'feature="compiled_data"' --cfg 'feature="std"' --check-cfg 'cfg(docsrs,test)' --check-cfg 'cfg(feature, values("alloc", "compiled_data", "default", "std"))' -C metadata=178b6b4880cb4989 -C extra-filename=-77862f2aa3dc9d3d --out-dir /__w/waterkit/waterkit/target/debug/deps -L dependency=/__w/waterkit/waterkit/target/debug/deps --extern idna_adapter=/__w/waterkit/waterkit/target/debug/deps/libidna_adapter-9b16462257d80faf.rmeta --extern smallvec=/__w/waterkit/waterkit/target/debug/deps/libsmallvec-bcee5cfe00b383a2.rmeta --extern utf8_iter=/__w/waterkit/waterkit/target/debug/deps/libutf8_iter-f95c390134f4cbfc.rmeta --cap-lints allow`
Test / ubuntu-latest	UNKNOWN STEP	2026-02-20T20:39:34.5694030Z [1m[92m     Running[0m `/github/home/.rustup/toolchains/nightly-x86_64-unknown-linux-gnu/bin/rustc --crate-name ash --edition=2021 /github/home/.cargo/registry/src/index.crates.io-1949cf8c6b5b557f/ash-0.38.0+1.3.281/src/lib.rs --error-format=json --json=diagnostic-rendered-ansi,artifacts,future-incompat --crate-type lib --emit=dep-info,metadata,link -C embed-bitcode=no -C debuginfo=2 --cfg 'feature="debug"' --cfg 'feature="default"' --cfg 'feature="libloading"' --cfg 'feature="loaded"' --cfg 'feature="std"' --check-cfg 'cfg(docsrs,test)' --check-cfg 'cfg(feature, values("debug", "default", "libloading", "linked", "loaded", "std"))' -C metadata=34a14815cc0784ff -C extra-filename=-e195b4a30a52f9ae --out-dir /__w/waterkit/waterkit/target/debug/deps -L dependency=/__w/waterkit/waterkit/target/debug/deps --extern libloading=/__w/waterkit/waterkit/target/debug/deps/liblibloading-e2192da9d1cfad1b.rmeta --cap-lints allow`
Test / ubuntu-latest	UNKNOWN STEP	2026-02-20T20:39:35.2496319Z [1m[92m     Running[0m `/github/home/.rustup/toolchains/nightly-x86_64-unknown-linux-gnu/bin/rustc --crate-name parking_lot_core --edition=2021 /github/home/.cargo/registry/src/index.crates.io-1949cf8c6b5b557f/parking_lot_core-0.9.12/src/lib.rs --error-format=json --json=diagnostic-rendered-ansi,artifacts,future-incompat --crate-type lib --emit=dep-info,metadata,link -C embed-bitcode=no -C debuginfo=2 --check-cfg 'cfg(docsrs,test)' --check-cfg 'cfg(feature, values("backtrace", "deadlock_detection", "nightly", "petgraph"))' -C metadata=2d5fa8b251ca6e4b -C extra-filename=-259189e9bb677a65 --out-dir /__w/waterkit/waterkit/target/debug/deps -L dependency=/__w/waterkit/waterkit/target/debug/deps --extern cfg_if=/__w/waterkit/waterkit/target/debug/deps/libcfg_if-2262c59ed30cbfdf.rmeta --extern libc=/__w/waterkit/waterkit/target/debug/deps/liblibc-32506a6f335a62d8.rmeta --extern smallvec=/__w/waterkit/waterkit/target/debug/deps/libsmallvec-e23cfd1cc88132d6.rmeta --cap-lints allow --check-cfg 'cfg(tsan_enabled)'`
Test / ubuntu-latest	UNKNOWN STEP	2026-02-20T20:39:35.4772764Z [1m[92m     Running[0m `/github/home/.rustup/toolchains/nightly-x86_64-unknown-linux-gnu/bin/rustc --crate-name libz_sys --edition=2018 /github/home/.cargo/registry/src/index.crates.io-1949cf8c6b5b557f/libz-sys-1.1.23/src/lib.rs --error-format=json --json=diagnostic-rendered-ansi,artifacts,future-incompat --crate-type lib --emit=dep-info,metadata,link -C embed-bitcode=no --warn=unexpected_cfgs --check-cfg 'cfg(zng)' --cfg 'feature="libc"' --check-cfg 'cfg(docsrs,test)' --check-cfg 'cfg(feature, values("asm", "cmake", "default", "libc", "static", "stock-zlib", "zlib-ng", "zlib-ng-no-cmake-experimental-community-maintained"))' -C metadata=e6682a33ab979870 -C extra-filename=-686a10ac157d9926 --out-dir /__w/waterkit/waterkit/target/debug/deps -L dependency=/__w/waterkit/waterkit/target/debug/deps --extern libc=/__w/waterkit/waterkit/target/debug/deps/liblibc-daa6a27b3be417a1.rmeta --cap-lints allow -l z -l z`
Test / ubuntu-latest	UNKNOWN STEP	2026-02-20T20:39:35.5458280Z [1m[92m   Compiling[0m gpu-descriptor-types v0.2.0
Test / ubuntu-latest	UNKNOWN STEP	2026-02-20T20:39:35.5535096Z [1m[92m     Running[0m `/github/home/.rustup/toolchains/nightly-x86_64-unknown-linux-gnu/bin/rustc --crate-name gpu_descriptor_types --edition=2018 /github/home/.cargo/registry/src/index.crates.io-1949cf8c6b5b557f/gpu-descriptor-types-0.2.0/src/lib.rs --error-format=json --json=diagnostic-rendered-ansi,artifacts,future-incompat --crate-type lib --emit=dep-info,metadata,link -C embed-bitcode=no -C debuginfo=2 --check-cfg 'cfg(docsrs,test)' --check-cfg 'cfg(feature, values())' -C metadata=422a92d134dc2212 -C extra-filename=-df137bf5fe35bfa0 --out-dir /__w/waterkit/waterkit/target/debug/deps -L dependency=/__w/waterkit/waterkit/target/debug/deps --extern bitflags=/__w/waterkit/waterkit/target/debug/deps/libbitflags-ccf1cefa6e5b3c4f.rmeta --cap-lints allow`
Test / ubuntu-latest	UNKNOWN STEP	2026-02-20T20:39:35.7492532Z [1m[92m   Compiling[0m regex-syntax v0.8.9
Test / ubuntu-latest	UNKNOWN STEP	2026-02-20T20:39:35.7572169Z [1m[92m     Running[0m `/github/home/.rustup/toolchains/nightly-x86_64-unknown-linux-gnu/bin/rustc --crate-name regex_syntax --edition=2021 /github/home/.cargo/registry/src/index.crates.io-1949cf8c6b5b557f/regex-syntax-0.8.9/src/lib.rs --error-format=json --json=diagnostic-rendered-ansi,artifacts,future-incompat --crate-type lib --emit=dep-info,metadata,link -C embed-bitcode=no --allow=unexpected_cfgs --check-cfg 'cfg(docsrs_regex)' --cfg 'feature="std"' --cfg 'feature="unicode"' --cfg 'feature="unicode-age"' --cfg 'feature="unicode-bool"' --cfg 'feature="unicode-case"' --cfg 'feature="unicode-gencat"' --cfg 'feature="unicode-perl"' --cfg 'feature="unicode-script"' --cfg 'feature="unicode-segment"' --check-cfg 'cfg(docsrs,test)' --check-cfg 'cfg(feature, values("arbitrary", "default", "std", "unicode", "unicode-age", "unicode-bool", "unicode-case", "unicode-gencat", "unicode-perl", "unicode-script", "unicode-segment"))' -C metadata=3eedfb336314de0c -C extra-filename=-14d7b7f9699d8585 --out-dir /__w/waterkit/waterkit/target/debug/deps -L dependency=/__w/waterkit/waterkit/target/debug/deps --cap-lints allow`
Test / ubuntu-latest	UNKNOWN STEP	2026-02-20T20:39:38.1770027Z [1m[92m     Running[0m `/github/home/.rustup/toolchains/nightly-x86_64-unknown-linux-gnu/bin/rustc --crate-name either --edition=2021 /github/home/.cargo/registry/src/index.crates.io-1949cf8c6b5b557f/either-1.15.0/src/lib.rs --error-format=json --json=diagnostic-rendered-ansi,artifacts,future-incompat --crate-type lib --emit=dep-info,metadata,link -C embed-bitcode=no --cfg 'feature="default"' --cfg 'feature="std"' --check-cfg 'cfg(docsrs,test)' --check-cfg 'cfg(feature, values("default", "serde", "std", "use_std"))' -C metadata=eb92e0f1c7a41c9d -C extra-filename=-e5b02cd2abea5604 --out-dir /__w/waterkit/waterkit/target/debug/deps -L dependency=/__w/waterkit/waterkit/target/debug/deps --cap-lints allow`
Test / ubuntu-latest	UNKNOWN STEP	2026-02-20T20:39:38.3619058Z [1m[92m   Compiling[0m minimal-lexical v0.2.1
Test / ubuntu-latest	UNKNOWN STEP	2026-02-20T20:39:38.3706204Z [1m[92m     Running[0m `/github/home/.rustup/toolchains/nightly-x86_64-unknown-linux-gnu/bin/rustc --crate-name minimal_lexical --edition=2018 /github/home/.cargo/registry/src/index.crates.io-1949cf8c6b5b557f/minimal-lexical-0.2.1/src/lib.rs --error-format=json --json=diagnostic-rendered-ansi,artifacts,future-incompat --crate-type lib --emit=dep-info,metadata,link -C embed-bitcode=no --cfg 'feature="std"' --check-cfg 'cfg(docsrs,test)' --check-cfg 'cfg(feature, values("alloc", "compact", "default", "lint", "nightly", "std"))' -C metadata=ac7f27375d4f32c6 -C extra-filename=-fd4e2de6734108b1 --out-dir /__w/waterkit/waterkit/target/debug/deps -L dependency=/__w/waterkit/waterkit/target/debug/deps --cap-lints allow`
Test / ubuntu-latest	UNKNOWN STEP	2026-02-20T20:39:38.5551050Z [1m[92m   Compiling[0m utf8parse v0.2.2
Test / ubuntu-latest	UNKNOWN STEP	2026-02-20T20:39:38.5556617Z [1m[92m     Running[0m `/github/home/.rustup/toolchains/nightly-x86_64-unknown-linux-gnu/bin/rustc --crate-name utf8parse --edition=2018 /github/home/.cargo/registry/src/index.crates.io-1949cf8c6b5b557f/utf8parse-0.2.2/src/lib.rs --error-format=json --json=diagnostic-rendered-ansi,artifacts,future-incompat --crate-type lib --emit=dep-info,metadata,link -C embed-bitcode=no -C debuginfo=2 --cfg 'feature="default"' --check-cfg 'cfg(docsrs,test)' --check-cfg 'cfg(feature, values("default", "nightly"))' -C metadata=7dca31540492144f -C extra-filename=-97e8d7c35760ee10 --out-dir /__w/waterkit/waterkit/target/debug/deps -L dependency=/__w/waterkit/waterkit/target/debug/deps --cap-lints allow`
Test / ubuntu-latest	UNKNOWN STEP	2026-02-20T20:39:38.6057446Z [1m[92m   Compiling[0m anstyle-parse v0.2.7
Test / ubuntu-latest	UNKNOWN STEP	2026-02-20T20:39:38.6162381Z [1m[92m     Running[0m `/github/home/.rustup/toolchains/nightly-x86_64-unknown-linux-gnu/bin/rustc --crate-name anstyle_parse --edition=2021 /github/home/.cargo/registry/src/index.crates.io-1949cf8c6b5b557f/anstyle-parse-0.2.7/src/lib.rs --error-format=json --json=diagnostic-rendered-ansi,artifacts,future-incompat --crate-type lib --emit=dep-info,metadata,link -C embed-bitcode=no -C debuginfo=2 --warn=rust_2018_idioms '--warn=clippy::zero_sized_map_values' '--warn=clippy::wildcard_imports' '--warn=clippy::verbose_file_reads' --warn=unused_qualifications --warn=unused_macro_rules --warn=unused_lifetimes --warn=unsafe_op_in_unsafe_fn --warn=unreachable_pub --warn=unnameable_types '--warn=clippy::uninlined_format_args' '--warn=clippy::trait_duplication_in_bounds' '--warn=clippy::todo' '--warn=clippy::string_to_string' '--warn=clippy::string_lit_as_bytes' '--warn=clippy::string_add_assign' '--warn=clippy::string_add' '--warn=clippy::str_to_string' '--warn=clippy::semicolon_if_nothing_returned' '--warn=clippy::self_named_module_files' '--warn=clippy::same_functions_in_if_condition' '--allow=clippy::result_large_err' '--warn=clippy::rest_pat_in_fully_bound_structs' '--warn=clippy::ref_option_ref' '--warn=clippy::redundant_feature_names' '--warn=clippy::rc_mutex' '--warn=clippy::ptr_as_ptr' '--warn=clippy::path_buf_push_overwrite' '--warn=clippy::negative_feature_names' '--warn=clippy::needless_for_each' '--allow=clippy::needless_continue' '--warn=clippy::mutex_integer' '--warn=clippy::mem_forget' '--warn=clippy::macro_use_imports' '--warn=clippy::lossy_float_literal' '--warn=clippy::linkedlist' '--allow=clippy::let_and_return' '--warn=clippy::large_types_passed_by_value' '--warn=clippy::large_stack_arrays' '--warn=clippy::large_digit_groups' '--warn=clippy::invalid_upcast_comparisons' '--warn=clippy::infinite_loop' '--warn=clippy::inefficient_to_string' '--warn=clippy::inconsistent_struct_constructor' '--warn=clippy::imprecise_flops' '--warn=clippy::implicit_clone' '--allow=clippy::if_same_then_else' '--warn=clippy::from_iter_instead_of_collect' '--warn=clippy::fn_params_excessive_bools' '--warn=clippy::float_cmp_const' '--warn=clippy::flat_map_option' '--warn=clippy::filter_map_next' '--warn=clippy::fallible_impl_from' '--warn=clippy::explicit_into_iter_loop' '--warn=clippy::explicit_deref_methods' '--warn=clippy::expl_impl_clone_on_copy' '--warn=clippy::enum_glob_use' '--warn=clippy::empty_enum' '--warn=clippy::doc_markdown' '--warn=clippy::debug_assert_with_mut_call' '--warn=clippy::dbg_macro' '--warn=clippy::create_dir' '--allow=clippy::collapsible_else_if' '--warn=clippy::checked_conversions' '--allow=clippy::branches_sharing_code' '--allow=clippy::bool_assert_comparison' --cfg 'feature="default"' --cfg 'feature="utf8"' --check-cfg 'cfg(docsrs,test)' --check-cfg 'cfg(feature, values("core", "default", "utf8"))' -C metadata=bc3c69f243e0c7a3 -C extra-filename=-926948edb075e3f4 --out-dir /__w/waterkit/waterkit/target/debug/deps -L dependency=/__w/waterkit/waterkit/target/debug/deps --extern utf8parse=/__w/waterkit/waterkit/target/debug/deps/libutf8parse-97e8d7c35760ee10.rmeta --cap-lints allow`
Test / ubuntu-latest	UNKNOWN STEP	2026-02-20T20:39:38.7352817Z [1m[92m   Compiling[0m nom v7.1.3
Test / ubuntu-latest	UNKNOWN STEP	2026-02-20T20:39:38.7367684Z [1m[92m     Running[0m `/github/home/.rustup/toolchains/nightly-x86_64-unknown-linux-gnu/bin/rustc --crate-name nom --edition=2018 /github/home/.cargo/registry/src/index.crates.io-1949cf8c6b5b557f/nom-7.1.3/src/lib.rs --error-format=json --json=diagnostic-rendered-ansi,artifacts,future-incompat --crate-type lib --emit=dep-info,metadata,link -C embed-bitcode=no --cfg 'feature="alloc"' --cfg 'feature="std"' --check-cfg 'cfg(docsrs,test)' --check-cfg 'cfg(feature, values("alloc", "default", "docsrs", "std"))' -C metadata=78053e700a7bb5d0 -C extra-filename=-926a52c14d0aba24 --out-dir /__w/waterkit/waterkit/target/debug/deps -L dependency=/__w/waterkit/waterkit/target/debug/deps --extern memchr=/__w/waterkit/waterkit/target/debug/deps/libmemchr-6107e8755c89e2eb.rmeta --extern minimal_lexical=/__w/waterkit/waterkit/target/debug/deps/libminimal_lexical-fd4e2de6734108b1.rmeta --cap-lints allow`
Test / ubuntu-latest	UNKNOWN STEP	2026-02-20T20:39:40.3134467Z [1m[92m   Compiling[0m regex-automata v0.4.14
Test / ubuntu-latest	UNKNOWN STEP	2026-02-20T20:39:40.3146211Z [1m[92m     Running[0m `/github/home/.rustup/toolchains/nightly-x86_64-unknown-linux-gnu/bin/rustc --crate-name regex_automata --edition=2021 /github/home/.cargo/registry/src/index.crates.io-1949cf8c6b5b557f/regex-automata-0.4.14/src/lib.rs --error-format=json --json=diagnostic-rendered-ansi,artifacts,future-incompat --crate-type lib --emit=dep-info,metadata,link -C embed-bitcode=no --allow=unexpected_cfgs --check-cfg 'cfg(docsrs_regex)' --cfg 'feature="alloc"' --cfg 'feature="meta"' --cfg 'feature="nfa-pikevm"' --cfg 'feature="nfa-thompson"' --cfg 'feature="std"' --cfg 'feature="syntax"' --cfg 'feature="unicode"' --cfg 'feature="unicode-age"' --cfg 'feature="unicode-bool"' --cfg 'feature="unicode-case"' --cfg 'feature="unicode-gencat"' --cfg 'feature="unicode-perl"' --cfg 'feature="unicode-script"' --cfg 'feature="unicode-segment"' --cfg 'feature="unicode-word-boundary"' --check-cfg 'cfg(docsrs,test)' --check-cfg 'cfg(feature, values("alloc", "default", "dfa", "dfa-build", "dfa-onepass", "dfa-search", "hybrid", "internal-instrument", "internal-instrument-pikevm", "logging", "meta", "nfa", "nfa-backtrack", "nfa-pikevm", "nfa-thompson", "perf", "perf-inline", "perf-literal", "perf-literal-multisubstring", "perf-literal-substring", "std", "syntax", "unicode", "unicode-age", "unicode-bool", "unicode-case", "unicode-gencat", "unicode-perl", "unicode-script", "unicode-segment", "unicode-word-boundary"))' -C metadata=278a05222422c9d4 -C extra-filename=-a8bb2cf0f1e982aa --out-dir /__w/waterkit/waterkit/target/debug/deps -L dependency=/__w/waterkit/waterkit/target/debug/deps --extern regex_syntax=/__w/waterkit/waterkit/target/debug/deps/libregex_syntax-14d7b7f9699d8585.rmeta --cap-lints allow`
Test / ubuntu-latest	UNKNOWN STEP	2026-02-20T20:39:42.1401103Z [1m[92m   Compiling[0m gpu-descriptor v0.3.2
Test / ubuntu-latest	UNKNOWN STEP	2026-02-20T20:39:42.1415800Z [1m[92m     Running[0m `/github/home/.rustup/toolchains/nightly-x86_64-unknown-linux-gnu/bin/rustc --crate-name gpu_descriptor --edition=2018 /github/home/.cargo/registry/src/index.crates.io-1949cf8c6b5b557f/gpu-descriptor-0.3.2/src/lib.rs --error-format=json --json=diagnostic-rendered-ansi,artifacts,future-incompat --crate-type lib --emit=dep-info,metadata,link -C embed-bitcode=no -C debuginfo=2 --cfg 'feature="default"' --cfg 'feature="std"' --check-cfg 'cfg(docsrs,test)' --check-cfg 'cfg(feature, values("default", "serde", "std", "tracing"))' -C metadata=a207d23b2ec7f3a8 -C extra-filename=-e8a9cc78c0c36768 --out-dir /__w/waterkit/waterkit/target/debug/deps -L dependency=/__w/waterkit/waterkit/target/debug/deps --extern bitflags=/__w/waterkit/waterkit/target/debug/deps/libbitflags-ccf1cefa6e5b3c4f.rmeta --extern gpu_descriptor_types=/__w/waterkit/waterkit/target/debug/deps/libgpu_descriptor_types-df137bf5fe35bfa0.rmeta --extern hashbrown=/__w/waterkit/waterkit/target/debug/deps/libhashbrown-6283d275f55f9e37.rmeta --cap-lints allow`
Test / ubuntu-latest	UNKNOWN STEP	2026-02-20T20:39:42.3240753Z [1m[92m   Compiling[0m parking_lot v0.12.5
Test / ubuntu-latest	UNKNOWN STEP	2026-02-20T20:39:42.3338618Z [1m[92m     Running[0m `/github/home/.rustup/toolchains/nightly-x86_64-unknown-linux-gnu/bin/rustc --crate-name parking_lot --edition=2021 /github/home/.cargo/registry/src/index.crates.io-1949cf8c6b5b557f/parking_lot-0.12.5/src/lib.rs --error-format=json --json=diagnostic-rendered-ansi,artifacts,future-incompat --crate-type lib --emit=dep-info,metadata,link -C embed-bitcode=no -C debuginfo=2 --cfg 'feature="default"' --check-cfg 'cfg(docsrs,test)' --check-cfg 'cfg(feature, values("arc_lock", "deadlock_detection", "default", "hardware-lock-elision", "nightly", "owning_ref", "send_guard", "serde"))' -C metadata=7660ea2781194bc3 -C extra-filename=-1d298fc38b38a670 --out-dir /__w/waterkit/waterkit/target/debug/deps -L dependency=/__w/waterkit/waterkit/target/debug/deps --extern lock_api=/__w/waterkit/waterkit/target/debug/deps/liblock_api-9fd6913848ac39ce.rmeta --extern parking_lot_core=/__w/waterkit/waterkit/target/debug/deps/libparking_lot_core-259189e9bb677a65.rmeta --cap-lints allow`
Test / ubuntu-latest	UNKNOWN STEP	2026-02-20T20:39:42.7832970Z [1m[92m     Running[0m `/github/home/.rustup/toolchains/nightly-x86_64-unknown-linux-gnu/bin/rustc --crate-name url --edition=2018 /github/home/.cargo/registry/src/index.crates.io-1949cf8c6b5b557f/url-2.5.8/src/lib.rs --error-format=json --json=diagnostic-rendered-ansi,artifacts,future-incompat --crate-type lib --emit=dep-info,metadata,link -C embed-bitcode=no --cfg 'feature="default"' --cfg 'feature="std"' --check-cfg 'cfg(docsrs,test)' --check-cfg 'cfg(feature, values("debugger_visualizer", "default", "expose_internals", "serde", "std"))' -C metadata=618b16cef1530015 -C extra-filename=-6ef71da2ee510fba --out-dir /__w/waterkit/waterkit/target/debug/deps -L dependency=/__w/waterkit/waterkit/target/debug/deps --extern form_urlencoded=/__w/waterkit/waterkit/target/debug/deps/libform_urlencoded-0b656d92fd73f836.rmeta --extern idna=/__w/waterkit/waterkit/target/debug/deps/libidna-77862f2aa3dc9d3d.rmeta --extern percent_encoding=/__w/waterkit/waterkit/target/debug/deps/libpercent_encoding-31e8cd3a3bc9a9b7.rmeta --cap-lints allow`
Test / ubuntu-latest	UNKNOWN STEP	2026-02-20T20:39:43.5496686Z [1m[92m   Compiling[0m aligned-vec v0.6.4
Test / ubuntu-latest	UNKNOWN STEP	2026-02-20T20:39:43.5573470Z [1m[92m     Running[0m `/github/home/.rustup/toolchains/nightly-x86_64-unknown-linux-gnu/bin/rustc --crate-name aligned_vec --edition=2021 /github/home/.cargo/registry/src/index.crates.io-1949cf8c6b5b557f/aligned-vec-0.6.4/src/lib.rs --error-format=json --json=diagnostic-rendered-ansi,artifacts,future-incompat --crate-type lib --emit=dep-info,metadata,link -C embed-bitcode=no -C debuginfo=2 --cfg 'feature="default"' --cfg 'feature="std"' --check-cfg 'cfg(docsrs,test)' --check-cfg 'cfg(feature, values("default", "serde", "std"))' -C metadata=ec12c675c966198d -C extra-filename=-7c488a9ed841328b --out-dir /__w/waterkit/waterkit/target/debug/deps -L dependency=/__w/waterkit/waterkit/target/debug/deps --extern equator=/__w/waterkit/waterkit/target/debug/deps/libequator-2a9a97126b7d1b48.rmeta --cap-lints allow`
Test / ubuntu-latest	UNKNOWN STEP	2026-02-20T20:39:43.6821828Z [1m[92m     Running[0m `/github/home/.rustup/toolchains/nightly-x86_64-unknown-linux-gnu/bin/rustc --crate-name khronos_egl --edition=2021 /github/home/.cargo/registry/src/index.crates.io-1949cf8c6b5b557f/khronos-egl-6.0.0/src/lib.rs --error-format=json --json=diagnostic-rendered-ansi,artifacts,future-incompat --crate-type lib --emit=dep-info,metadata,link -C embed-bitcode=no -C debuginfo=2 --cfg 'feature="1_0"' --cfg 'feature="1_1"' --cfg 'feature="1_2"' --cfg 'feature="1_3"' --cfg 'feature="1_4"' --cfg 'feature="1_5"' --cfg 'feature="default"' --cfg 'feature="dynamic"' --cfg 'feature="libloading"' --check-cfg 'cfg(docsrs,test)' --check-cfg 'cfg(feature, values("1_0", "1_1", "1_2", "1_3", "1_4", "1_5", "default", "dynamic", "libloading", "no-pkg-config", "pkg-config", "static"))' -C metadata=eedab2a5368cff6e -C extra-filename=-112f672e67c098e9 --out-dir /__w/waterkit/waterkit/target/debug/deps -L dependency=/__w/waterkit/waterkit/target/debug/deps --extern libc=/__w/waterkit/waterkit/target/debug/deps/liblibc-32506a6f335a62d8.rmeta --extern libloading=/__w/waterkit/waterkit/target/debug/deps/liblibloading-e2192da9d1cfad1b.rmeta --cap-lints allow`
Test / ubuntu-latest	UNKNOWN STEP	2026-02-20T20:39:44.0926966Z [1m[92m   Compiling[0m ordered-float v5.1.0
Test / ubuntu-latest	UNKNOWN STEP	2026-02-20T20:39:44.1008942Z [1m[92m     Running[0m `/github/home/.rustup/toolchains/nightly-x86_64-unknown-linux-gnu/bin/rustc --crate-name ordered_float --edition=2021 /github/home/.cargo/registry/src/index.crates.io-1949cf8c6b5b557f/ordered-float-5.1.0/src/lib.rs --error-format=json --json=diagnostic-rendered-ansi,artifacts,future-incompat --crate-type lib --emit=dep-info,metadata,link -C embed-bitcode=no -C debuginfo=2 --check-cfg 'cfg(docsrs,test)' --check-cfg 'cfg(feature, values("arbitrary", "borsh", "bytemuck", "default", "derive-visitor", "libm", "num-cmp", "proptest", "rand", "randtest", "rkyv", "rkyv_16", "rkyv_32", "rkyv_64", "rkyv_ck", "schemars", "serde", "speedy", "std"))' -C metadata=84010573c50ea756 -C extra-filename=-c94bba67d46836fc --out-dir /__w/waterkit/waterkit/target/debug/deps -L dependency=/__w/waterkit/waterkit/target/debug/deps --extern num_traits=/__w/waterkit/waterkit/target/debug/deps/libnum_traits-0a996891582b552d.rmeta --cap-lints allow`
Test / ubuntu-latest	UNKNOWN STEP	2026-02-20T20:39:44.3648287Z [1m[92m   Compiling[0m renderdoc-sys v1.1.0
Test / ubuntu-latest	UNKNOWN STEP	2026-02-20T20:39:44.3663244Z [1m[92m     Running[0m `/github/home/.rustup/toolchains/nightly-x86_64-unknown-linux-gnu/bin/rustc --crate-name renderdoc_sys --edition=2015 /github/home/.cargo/registry/src/index.crates.io-1949cf8c6b5b557f/renderdoc-sys-1.1.0/src/lib.rs --error-format=json --json=diagnostic-rendered-ansi,artifacts,future-incompat --crate-type lib --emit=dep-info,metadata,link -C embed-bitcode=no -C debuginfo=2 --check-cfg 'cfg(docsrs,test)' --check-cfg 'cfg(feature, values())' -C metadata=75aee1595a5d6d6f -C extra-filename=-f21be53b92b25337 --out-dir /__w/waterkit/waterkit/target/debug/deps -L dependency=/__w/waterkit/waterkit/target/debug/deps --cap-lints allow`
Test / ubuntu-latest	UNKNOWN STEP	2026-02-20T20:39:44.4620900Z [1m[92m   Compiling[0m anstyle-query v1.1.5
Test / ubuntu-latest	UNKNOWN STEP	2026-02-20T20:39:44.4689350Z [1m[92m     Running[0m `/github/home/.rustup/toolchains/nightly-x86_64-unknown-linux-gnu/bin/rustc --crate-name anstyle_query --edition=2021 /github/home/.cargo/registry/src/index.crates.io-1949cf8c6b5b557f/anstyle-query-1.1.5/src/lib.rs --error-format=json --json=diagnostic-rendered-ansi,artifacts,future-incompat --crate-type lib --emit=dep-info,metadata,link -C embed-bitcode=no -C debuginfo=2 --warn=rust_2018_idioms '--warn=clippy::zero_sized_map_values' '--warn=clippy::wildcard_imports' '--warn=clippy::verbose_file_reads' --warn=unused_qualifications --warn=unused_macro_rules --warn=unused_lifetimes --warn=unsafe_op_in_unsafe_fn --warn=unreachable_pub --warn=unnameable_types '--warn=clippy::uninlined_format_args' '--warn=clippy::trait_duplication_in_bounds' '--warn=clippy::todo' '--warn=clippy::string_lit_as_bytes' '--warn=clippy::string_add_assign' '--warn=clippy::string_add' '--warn=clippy::str_to_string' '--warn=clippy::semicolon_if_nothing_returned' '--warn=clippy::self_named_module_files' '--warn=clippy::same_functions_in_if_condition' '--allow=clippy::result_large_err' '--warn=clippy::rest_pat_in_fully_bound_structs' '--warn=clippy::ref_option_ref' '--warn=clippy::redundant_feature_names' '--warn=clippy::rc_mutex' '--warn=clippy::ptr_as_ptr' '--warn=clippy::path_buf_push_overwrite' '--warn=clippy::negative_feature_names' '--warn=clippy::needless_for_each' '--allow=clippy::needless_continue' '--warn=clippy::mutex_integer' '--warn=clippy::mem_forget' '--warn=clippy::macro_use_imports' '--warn=clippy::lossy_float_literal' '--warn=clippy::linkedlist' '--allow=clippy::let_and_return' '--warn=clippy::large_types_passed_by_value' '--warn=clippy::large_stack_arrays' '--warn=clippy::large_digit_groups' '--warn=clippy::invalid_upcast_comparisons' '--warn=clippy::infinite_loop' '--warn=clippy::inefficient_to_string' '--warn=clippy::inconsistent_struct_constructor' '--warn=clippy::imprecise_flops' '--warn=clippy::implicit_clone' '--allow=clippy::if_same_then_else' '--warn=clippy::from_iter_instead_of_collect' '--warn=clippy::fn_params_excessive_bools' '--warn=clippy::float_cmp_const' '--warn=clippy::flat_map_option' '--warn=clippy::filter_map_next' '--warn=clippy::fallible_impl_from' '--warn=clippy::explicit_into_iter_loop' '--warn=clippy::explicit_deref_methods' '--warn=clippy::expl_impl_clone_on_copy' '--warn=clippy::enum_glob_use' '--warn=clippy::empty_enum' '--warn=clippy::doc_markdown' '--warn=clippy::debug_assert_with_mut_call' '--warn=clippy::dbg_macro' '--warn=clippy::create_dir' '--allow=clippy::collapsible_else_if' '--warn=clippy::checked_conversions' '--allow=clippy::branches_sharing_code' '--allow=clippy::bool_assert_comparison' --check-cfg 'cfg(docsrs,test)' --check-cfg 'cfg(feature, values())' -C metadata=4fe0d32ac2826752 -C extra-filename=-73fe42fb77c51cb0 --out-dir /__w/waterkit/waterkit/target/debug/deps -L dependency=/__w/waterkit/waterkit/target/debug/deps --cap-lints allow`
Test / ubuntu-latest	UNKNOWN STEP	2026-02-20T20:39:44.5076001Z [1m[92m   Compiling[0m anstyle v1.0.13
Test / ubuntu-latest	UNKNOWN STEP	2026-02-20T20:39:44.5096760Z [1m[92m     Running[0m `/github/home/.rustup/toolchains/nightly-x86_64-unknown-linux-gnu/bin/rustc --crate-name anstyle --edition=2021 /github/home/.cargo/registry/src/index.crates.io-1949cf8c6b5b557f/anstyle-1.0.13/src/lib.rs --error-format=json --json=diagnostic-rendered-ansi,artifacts,future-incompat --crate-type lib --emit=dep-info,metadata,link -C embed-bitcode=no -C debuginfo=2 --warn=rust_2018_idioms '--warn=clippy::zero_sized_map_values' '--warn=clippy::wildcard_imports' '--warn=clippy::verbose_file_reads' --warn=unused_qualifications --warn=unused_macro_rules --warn=unused_lifetimes --warn=unsafe_op_in_unsafe_fn --warn=unreachable_pub --warn=unnameable_types '--warn=clippy::uninlined_format_args' '--warn=clippy::trait_duplication_in_bounds' '--warn=clippy::todo' '--warn=clippy::string_to_string' '--warn=clippy::string_lit_as_bytes' '--warn=clippy::string_add_assign' '--warn=clippy::string_add' '--warn=clippy::str_to_string' '--warn=clippy::semicolon_if_nothing_returned' '--warn=clippy::self_named_module_files' '--warn=clippy::same_functions_in_if_condition' '--allow=clippy::result_large_err' '--warn=clippy::rest_pat_in_fully_bound_structs' '--warn=clippy::ref_option_ref' '--warn=clippy::redundant_feature_names' '--warn=clippy::rc_mutex' '--warn=clippy::ptr_as_ptr' '--warn=clippy::path_buf_push_overwrite' '--warn=clippy::negative_feature_names' '--warn=clippy::needless_for_each' '--allow=clippy::needless_continue' '--warn=clippy::mutex_integer' '--warn=clippy::mem_forget' '--warn=clippy::macro_use_imports' '--warn=clippy::lossy_float_literal' '--warn=clippy::linkedlist' '--allow=clippy::let_and_return' '--warn=clippy::large_types_passed_by_value' '--warn=clippy::large_stack_arrays' '--warn=clippy::large_digit_groups' '--warn=clippy::invalid_upcast_comparisons' '--warn=clippy::infinite_loop' '--warn=clippy::inefficient_to_string' '--warn=clippy::inconsistent_struct_constructor' '--warn=clippy::imprecise_flops' '--warn=clippy::implicit_clone' '--allow=clippy::if_same_then_else' '--warn=clippy::from_iter_instead_of_collect' '--warn=clippy::fn_params_excessive_bools' '--warn=clippy::float_cmp_const' '--warn=clippy::flat_map_option' '--warn=clippy::filter_map_next' '--warn=clippy::fallible_impl_from' '--warn=clippy::explicit_into_iter_loop' '--warn=clippy::explicit_deref_methods' '--warn=clippy::expl_impl_clone_on_copy' '--warn=clippy::enum_glob_use' '--warn=clippy::empty_enum' '--warn=clippy::doc_markdown' '--warn=clippy::debug_assert_with_mut_call' '--warn=clippy::dbg_macro' '--warn=clippy::create_dir' '--allow=clippy::collapsible_else_if' '--warn=clippy::checked_conversions' '--allow=clippy::branches_sharing_code' '--allow=clippy::bool_assert_comparison' --cfg 'feature="default"' --cfg 'feature="std"' --check-cfg 'cfg(docsrs,test)' --check-cfg 'cfg(feature, values("default", "std"))' -C metadata=95f0e4d39027f244 -C extra-filename=-abcb25e3dde70769 --out-dir /__w/waterkit/waterkit/target/debug/deps -L dependency=/__w/waterkit/waterkit/target/debug/deps --cap-lints allow`
Test / ubuntu-latest	UNKNOWN STEP	2026-02-20T20:39:44.6552462Z [1m[92m   Compiling[0m colorchoice v1.0.4
Test / ubuntu-latest	UNKNOWN STEP	2026-02-20T20:39:44.6629488Z [1m[92m     Running[0m `/github/home/.rustup/toolchains/nightly-x86_64-unknown-linux-gnu/bin/rustc --crate-name colorchoice --edition=2021 /github/home/.cargo/registry/src/index.crates.io-1949cf8c6b5b557f/colorchoice-1.0.4/src/lib.rs --error-format=json --json=diagnostic-rendered-ansi,artifacts,future-incompat --crate-type lib --emit=dep-info,metadata,link -C embed-bitcode=no -C debuginfo=2 --warn=rust_2018_idioms '--warn=clippy::zero_sized_map_values' '--warn=clippy::wildcard_imports' '--warn=clippy::verbose_file_reads' --warn=unused_qualifications --warn=unused_macro_rules --warn=unused_lifetimes --warn=unsafe_op_in_unsafe_fn --warn=unreachable_pub --warn=unnameable_types '--warn=clippy::uninlined_format_args' '--warn=clippy::trait_duplication_in_bounds' '--warn=clippy::todo' '--warn=clippy::string_to_string' '--warn=clippy::string_lit_as_bytes' '--warn=clippy::string_add_assign' '--warn=clippy::string_add' '--warn=clippy::str_to_string' '--warn=clippy::semicolon_if_nothing_returned' '--warn=clippy::self_named_module_files' '--warn=clippy::same_functions_in_if_condition' '--allow=clippy::result_large_err' '--warn=clippy::rest_pat_in_fully_bound_structs' '--warn=clippy::ref_option_ref' '--warn=clippy::redundant_feature_names' '--warn=clippy::rc_mutex' '--warn=clippy::ptr_as_ptr' '--warn=clippy::path_buf_push_overwrite' '--warn=clippy::negative_feature_names' '--warn=clippy::needless_for_each' '--allow=clippy::needless_continue' '--warn=clippy::mutex_integer' '--warn=clippy::mem_forget' '--warn=clippy::macro_use_imports' '--warn=clippy::lossy_float_literal' '--warn=clippy::linkedlist' '--allow=clippy::let_and_return' '--warn=clippy::large_types_passed_by_value' '--warn=clippy::large_stack_arrays' '--warn=clippy::large_digit_groups' '--warn=clippy::invalid_upcast_comparisons' '--warn=clippy::infinite_loop' '--warn=clippy::inefficient_to_string' '--warn=clippy::inconsistent_struct_constructor' '--warn=clippy::imprecise_flops' '--warn=clippy::implicit_clone' '--allow=clippy::if_same_then_else' '--warn=clippy::from_iter_instead_of_collect' '--warn=clippy::fn_params_excessive_bools' '--warn=clippy::float_cmp_const' '--warn=clippy::flat_map_option' '--warn=clippy::filter_map_next' '--warn=clippy::fallible_impl_from' '--warn=clippy::explicit_into_iter_loop' '--warn=clippy::explicit_deref_methods' '--warn=clippy::expl_impl_clone_on_copy' '--warn=clippy::enum_glob_use' '--warn=clippy::empty_enum' '--warn=clippy::doc_markdown' '--warn=clippy::debug_assert_with_mut_call' '--warn=clippy::dbg_macro' '--warn=clippy::create_dir' '--allow=clippy::collapsible_else_if' '--warn=clippy::checked_conversions' '--allow=clippy::branches_sharing_code' '--allow=clippy::bool_assert_comparison' --check-cfg 'cfg(docsrs,test)' --check-cfg 'cfg(feature, values())' -C metadata=38be6962f81471af -C extra-filename=-e4a0c70eb199cf46 --out-dir /__w/waterkit/waterkit/target/debug/deps -L dependency=/__w/waterkit/waterkit/target/debug/deps --cap-lints allow`
Test / ubuntu-latest	UNKNOWN STEP	2026-02-20T20:39:44.7105106Z [1m[92m   Compiling[0m glow v0.16.0
Test / ubuntu-latest	UNKNOWN STEP	2026-02-20T20:39:44.7116721Z [1m[92m     Running[0m `/github/home/.rustup/toolchains/nightly-x86_64-unknown-linux-gnu/bin/rustc --crate-name glow --edition=2021 /github/home/.cargo/registry/src/index.crates.io-1949cf8c6b5b557f/glow-0.16.0/src/lib.rs --error-format=json --json=diagnostic-rendered-ansi,artifacts,future-incompat --crate-type lib --emit=dep-info,metadata,link -C embed-bitcode=no -C debuginfo=2 --check-cfg 'cfg(docsrs,test)' --check-cfg 'cfg(feature, values("debug_automatic_glGetError", "debug_trace_calls", "log"))' -C metadata=92b8dc86c19ed24e -C extra-filename=-b79f9efbf04b5860 --out-dir /__w/waterkit/waterkit/target/debug/deps -L dependency=/__w/waterkit/waterkit/target/debug/deps --cap-lints allow`
Test / ubuntu-latest	UNKNOWN STEP	2026-02-20T20:39:45.2236958Z [1m[92m   Compiling[0m weezl v0.1.12
Test / ubuntu-latest	UNKNOWN STEP	2026-02-20T20:39:45.2311331Z [1m[92m     Running[0m `/github/home/.rustup/toolchains/nightly-x86_64-unknown-linux-gnu/bin/rustc --crate-name weezl --edition=2018 /github/home/.cargo/registry/src/index.crates.io-1949cf8c6b5b557f/weezl-0.1.12/src/lib.rs --error-format=json --json=diagnostic-rendered-ansi,artifacts,future-incompat --crate-type lib --emit=dep-info,metadata,link -C embed-bitcode=no -C debuginfo=2 --cfg 'feature="alloc"' --cfg 'feature="default"' --cfg 'feature="std"' --check-cfg 'cfg(docsrs,test)' --check-cfg 'cfg(feature, values("alloc", "async", "default", "futures", "std"))' -C metadata=f3187e40cf3b3f6a -C extra-filename=-b054659bfe430e6b --out-dir /__w/waterkit/waterkit/target/debug/deps -L dependency=/__w/waterkit/waterkit/target/debug/deps --cap-lints allow`
Test / ubuntu-latest	UNKNOWN STEP	2026-02-20T20:39:45.6772715Z [1m[92m   Compiling[0m is_terminal_polyfill v1.70.2
Test / ubuntu-latest	UNKNOWN STEP	2026-02-20T20:39:45.6869026Z [1m[92m     Running[0m `/github/home/.rustup/toolchains/nightly-x86_64-unknown-linux-gnu/bin/rustc --crate-name is_terminal_polyfill --edition=2021 /github/home/.cargo/registry/src/index.crates.io-1949cf8c6b5b557f/is_terminal_polyfill-1.70.2/src/lib.rs --error-format=json --json=diagnostic-rendered-ansi,artifacts,future-incompat --crate-type lib --emit=dep-info,metadata,link -C embed-bitcode=no -C debuginfo=2 '--warn=clippy::zero_sized_map_values' '--warn=clippy::wildcard_imports' '--warn=clippy::verbose_file_reads' --warn=unused_qualifications --warn=unused_macro_rules --warn=unused_lifetimes --warn=unsafe_op_in_unsafe_fn --warn=unreachable_pub '--warn=clippy::trait_duplication_in_bounds' '--warn=clippy::todo' '--warn=clippy::string_to_string' '--warn=clippy::string_lit_as_bytes' '--warn=clippy::string_add_assign' '--warn=clippy::string_add' '--warn=clippy::str_to_string' '--warn=clippy::single_match_else' '--warn=clippy::semicolon_if_nothing_returned' '--warn=clippy::self_named_module_files' '--warn=clippy::same_functions_in_if_condition' --warn=rust_2018_idioms '--warn=clippy::rest_pat_in_fully_bound_structs' '--warn=clippy::ref_option_ref' '--warn=clippy::redundant_feature_names' '--warn=clippy::rc_mutex' '--warn=clippy::ptr_as_ptr' '--warn=clippy::path_buf_push_overwrite' '--warn=clippy::negative_feature_names' '--warn=clippy::needless_for_each' '--warn=clippy::needless_continue' '--warn=clippy::mutex_integer' '--warn=clippy::mem_forget' '--warn=clippy::match_wildcard_for_single_variants' '--warn=clippy::macro_use_imports' '--warn=clippy::lossy_float_literal' '--warn=clippy::linkedlist' '--allow=clippy::let_and_return' '--warn=clippy::large_types_passed_by_value' '--warn=clippy::large_stack_arrays' '--warn=clippy::large_digit_groups' '--warn=clippy::invalid_upcast_comparisons' '--warn=clippy::infinite_loop' '--warn=clippy::inefficient_to_string' '--warn=clippy::inconsistent_struct_constructor' '--warn=clippy::imprecise_flops' '--warn=clippy::implicit_clone' '--allow=clippy::if_same_then_else' '--warn=clippy::from_iter_instead_of_collect' '--warn=clippy::fn_params_excessive_bools' '--warn=clippy::float_cmp_const' '--warn=clippy::flat_map_option' '--warn=clippy::filter_map_next' '--warn=clippy::fallible_impl_from' '--warn=clippy::explicit_into_iter_loop' '--warn=clippy::explicit_deref_methods' '--warn=clippy::expl_impl_clone_on_copy' '--warn=clippy::enum_glob_use' '--warn=clippy::empty_enum' '--warn=clippy::doc_markdown' '--warn=clippy::debug_assert_with_mut_call' '--warn=clippy::dbg_macro' '--warn=clippy::create_dir' '--allow=clippy::collapsible_else_if' '--warn=clippy::checked_conversions' '--allow=clippy::branches_sharing_code' '--allow=clippy::bool_assert_comparison' --cfg 'feature="default"' --check-cfg 'cfg(docsrs,test)' --check-cfg 'cfg(feature, values("default"))' -C metadata=c4f3beb792c116a0 -C extra-filename=-2a2616ab4e156c2c --out-dir /__w/waterkit/waterkit/target/debug/deps -L dependency=/__w/waterkit/waterkit/target/debug/deps --cap-lints allow`
Test / ubuntu-latest	UNKNOWN STEP	2026-02-20T20:39:45.7334156Z [1m[92m   Compiling[0m itoa v1.0.17
Test / ubuntu-latest	UNKNOWN STEP	2026-02-20T20:39:45.7382209Z [1m[92m     Running[0m `/github/home/.rustup/toolchains/nightly-x86_64-unknown-linux-gnu/bin/rustc --crate-name itoa --edition=2021 /github/home/.cargo/registry/src/index.crates.io-1949cf8c6b5b557f/itoa-1.0.17/src/lib.rs --error-format=json --json=diagnostic-rendered-ansi,artifacts,future-incompat --crate-type lib --emit=dep-info,metadata,link -C embed-bitcode=no -C debuginfo=2 --check-cfg 'cfg(docsrs,test)' --check-cfg 'cfg(feature, values("no-panic"))' -C metadata=afb1f81c67b3de50 -C extra-filename=-58f88d7481f2effe --out-dir /__w/waterkit/waterkit/target/debug/deps -L dependency=/__w/waterkit/waterkit/target/debug/deps --cap-lints allow`
Test / ubuntu-latest	UNKNOWN STEP	2026-02-20T20:39:45.8385576Z [1m[92m   Compiling[0m anstream v0.6.21
Test / ubuntu-latest	UNKNOWN STEP	2026-02-20T20:39:45.8413164Z [1m[92m     Running[0m `/github/home/.rustup/toolchains/nightly-x86_64-unknown-linux-gnu/bin/rustc --crate-name anstream --edition=2021 /github/home/.cargo/registry/src/index.crates.io-1949cf8c6b5b557f/anstream-0.6.21/src/lib.rs --error-format=json --json=diagnostic-rendered-ansi,artifacts,future-incompat --crate-type lib --emit=dep-info,metadata,link -C embed-bitcode=no -C debuginfo=2 --warn=rust_2018_idioms '--warn=clippy::zero_sized_map_values' '--warn=clippy::wildcard_imports' '--warn=clippy::verbose_file_reads' --warn=unused_qualifications --warn=unused_macro_rules --warn=unused_lifetimes --warn=unsafe_op_in_unsafe_fn --warn=unreachable_pub --warn=unnameable_types '--warn=clippy::uninlined_format_args' '--warn=clippy::trait_duplication_in_bounds' '--warn=clippy::todo' '--warn=clippy::string_to_string' '--warn=clippy::string_lit_as_bytes' '--warn=clippy::string_add_assign' '--warn=clippy::string_add' '--warn=clippy::str_to_string' '--warn=clippy::semicolon_if_nothing_returned' '--warn=clippy::self_named_module_files' '--warn=clippy::same_functions_in_if_condition' '--allow=clippy::result_large_err' '--warn=clippy::rest_pat_in_fully_bound_structs' '--warn=clippy::ref_option_ref' '--warn=clippy::redundant_feature_names' '--warn=clippy::rc_mutex' '--warn=clippy::ptr_as_ptr' '--warn=clippy::path_buf_push_overwrite' '--warn=clippy::negative_feature_names' '--warn=clippy::needless_for_each' '--allow=clippy::needless_continue' '--warn=clippy::mutex_integer' '--warn=clippy::mem_forget' '--warn=clippy::macro_use_imports' '--warn=clippy::lossy_float_literal' '--warn=clippy::linkedlist' '--allow=clippy::let_and_return' '--warn=clippy::large_types_passed_by_value' '--warn=clippy::large_stack_arrays' '--warn=clippy::large_digit_groups' '--warn=clippy::invalid_upcast_comparisons' '--warn=clippy::infinite_loop' '--warn=clippy::inefficient_to_string' '--warn=clippy::inconsistent_struct_constructor' '--warn=clippy::imprecise_flops' '--warn=clippy::implicit_clone' '--allow=clippy::if_same_then_else' '--warn=clippy::from_iter_instead_of_collect' '--warn=clippy::fn_params_excessive_bools' '--warn=clippy::float_cmp_const' '--warn=clippy::flat_map_option' '--warn=clippy::filter_map_next' '--warn=clippy::fallible_impl_from' '--warn=clippy::explicit_into_iter_loop' '--warn=clippy::explicit_deref_methods' '--warn=clippy::expl_impl_clone_on_copy' '--warn=clippy::enum_glob_use' '--warn=clippy::empty_enum' '--warn=clippy::doc_markdown' '--warn=clippy::debug_assert_with_mut_call' '--warn=clippy::dbg_macro' '--warn=clippy::create_dir' '--allow=clippy::collapsible_else_if' '--warn=clippy::checked_conversions' '--allow=clippy::branches_sharing_code' '--allow=clippy::bool_assert_comparison' --cfg 'feature="auto"' --cfg 'feature="default"' --cfg 'feature="wincon"' --check-cfg 'cfg(docsrs,test)' --check-cfg 'cfg(feature, values("auto", "default", "test", "wincon"))' -C metadata=ec0f030cbd3f359f -C extra-filename=-ac99c5c12d3c7aee --out-dir /__w/waterkit/waterkit/target/debug/deps -L dependency=/__w/waterkit/waterkit/target/debug/deps --extern anstyle=/__w/waterkit/waterkit/target/debug/deps/libanstyle-abcb25e3dde70769.rmeta --extern anstyle_parse=/__w/waterkit/waterkit/target/debug/deps/libanstyle_parse-926948edb075e3f4.rmeta --extern anstyle_query=/__w/waterkit/waterkit/target/debug/deps/libanstyle_query-73fe42fb77c51cb0.rmeta --extern colorchoice=/__w/waterkit/waterkit/target/debug/deps/libcolorchoice-e4a0c70eb199cf46.rmeta --extern is_terminal_polyfill=/__w/waterkit/waterkit/target/debug/deps/libis_terminal_polyfill-2a2616ab4e156c2c.rmeta --extern utf8parse=/__w/waterkit/waterkit/target/debug/deps/libutf8parse-97e8d7c35760ee10.rmeta --cap-lints allow`
Test / ubuntu-latest	UNKNOWN STEP	2026-02-20T20:39:46.1131350Z [1m[92m   Compiling[0m v_frame v0.3.9
Test / ubuntu-latest	UNKNOWN STEP	2026-02-20T20:39:46.1185985Z [1m[92m     Running[0m `/github/home/.rustup/toolchains/nightly-x86_64-unknown-linux-gnu/bin/rustc --crate-name v_frame --edition=2021 /github/home/.cargo/registry/src/index.crates.io-1949cf8c6b5b557f/v_frame-0.3.9/src/lib.rs --error-format=json --json=diagnostic-rendered-ansi,artifacts,future-incompat --crate-type lib --emit=dep-info,metadata,link -C embed-bitcode=no -C debuginfo=2 --check-cfg 'cfg(docsrs,test)' --check-cfg 'cfg(feature, values("profiling", "serde", "serialize", "tracing"))' -C metadata=1f03fce9df6c806d -C extra-filename=-dbd9e2f60be7bf5a --out-dir /__w/waterkit/waterkit/target/debug/deps -L dependency=/__w/waterkit/waterkit/target/debug/deps --extern aligned_vec=/__w/waterkit/waterkit/target/debug/deps/libaligned_vec-7c488a9ed841328b.rmeta --extern num_traits=/__w/waterkit/waterkit/target/debug/deps/libnum_traits-0a996891582b552d.rmeta --cap-lints allow`
Test / ubuntu-latest	UNKNOWN STEP	2026-02-20T20:39:46.2960258Z [1m[92m   Compiling[0m regex v1.12.3
Test / ubuntu-latest	UNKNOWN STEP	2026-02-20T20:39:46.3018255Z [1m[92m     Running[0m `/github/home/.rustup/toolchains/nightly-x86_64-unknown-linux-gnu/bin/rustc --crate-name regex --edition=2021 /github/home/.cargo/registry/src/index.crates.io-1949cf8c6b5b557f/regex-1.12.3/src/lib.rs --error-format=json --json=diagnostic-rendered-ansi,artifacts,future-incompat --crate-type lib --emit=dep-info,metadata,link -C embed-bitcode=no --allow=unexpected_cfgs --check-cfg 'cfg(docsrs_regex)' --cfg 'feature="std"' --cfg 'feature="unicode"' --cfg 'feature="unicode-age"' --cfg 'feature="unicode-bool"' --cfg 'feature="unicode-case"' --cfg 'feature="unicode-gencat"' --cfg 'feature="unicode-perl"' --cfg 'feature="unicode-script"' --cfg 'feature="unicode-segment"' --check-cfg 'cfg(docsrs,test)' --check-cfg 'cfg(feature, values("default", "logging", "pattern", "perf", "perf-backtrack", "perf-cache", "perf-dfa", "perf-dfa-full", "perf-inline", "perf-literal", "perf-onepass", "std", "unicode", "unicode-age", "unicode-bool", "unicode-case", "unicode-gencat", "unicode-perl", "unicode-script", "unicode-segment", "unstable", "use_std"))' -C metadata=54769075b0da4afa -C extra-filename=-cc7aa92fd766f539 --out-dir /__w/waterkit/waterkit/target/debug/deps -L dependency=/__w/waterkit/waterkit/target/debug/deps --extern regex_automata=/__w/waterkit/waterkit/target/debug/deps/libregex_automata-a8bb2cf0f1e982aa.rmeta --extern regex_syntax=/__w/waterkit/waterkit/target/debug/deps/libregex_syntax-14d7b7f9699d8585.rmeta --cap-lints allow`
Test / ubuntu-latest	UNKNOWN STEP	2026-02-20T20:39:46.6770112Z [1m[92m   Compiling[0m cexpr v0.6.0
Test / ubuntu-latest	UNKNOWN STEP	2026-02-20T20:39:46.6780776Z [1m[92m     Running[0m `/github/home/.rustup/toolchains/nightly-x86_64-unknown-linux-gnu/bin/rustc --crate-name cexpr --edition=2018 /github/home/.cargo/registry/src/index.crates.io-1949cf8c6b5b557f/cexpr-0.6.0/src/lib.rs --error-format=json --json=diagnostic-rendered-ansi,artifacts,future-incompat --crate-type lib --emit=dep-info,metadata,link -C embed-bitcode=no --check-cfg 'cfg(docsrs,test)' --check-cfg 'cfg(feature, values())' -C metadata=1d010938c72004aa -C extra-filename=-2656e30e6b794295 --out-dir /__w/waterkit/waterkit/target/debug/deps -L dependency=/__w/waterkit/waterkit/target/debug/deps --extern nom=/__w/waterkit/waterkit/target/debug/deps/libnom-926a52c14d0aba24.rmeta --cap-lints allow`
Test / ubuntu-latest	UNKNOWN STEP	2026-02-20T20:39:46.6908180Z [1m[92m     Running[0m `/github/home/.rustup/toolchains/nightly-x86_64-unknown-linux-gnu/bin/rustc --crate-name clang_sys --edition=2021 /github/home/.cargo/registry/src/index.crates.io-1949cf8c6b5b557f/clang-sys-1.8.1/src/lib.rs --error-format=json --json=diagnostic-rendered-ansi,artifacts,future-incompat --crate-type lib --emit=dep-info,metadata,link -C embed-bitcode=no --cfg 'feature="clang_3_5"' --cfg 'feature="clang_3_6"' --cfg 'feature="clang_3_7"' --cfg 'feature="clang_3_8"' --cfg 'feature="clang_3_9"' --cfg 'feature="clang_4_0"' --cfg 'feature="clang_5_0"' --cfg 'feature="clang_6_0"' --cfg 'feature="libloading"' --cfg 'feature="runtime"' --check-cfg 'cfg(docsrs,test)' --check-cfg 'cfg(feature, values("clang_10_0", "clang_11_0", "clang_12_0", "clang_13_0", "clang_14_0", "clang_15_0", "clang_16_0", "clang_17_0", "clang_18_0", "clang_3_5", "clang_3_6", "clang_3_7", "clang_3_8", "clang_3_9", "clang_4_0", "clang_5_0", "clang_6_0", "clang_7_0", "clang_8_0", "clang_9_0", "libcpp", "libloading", "runtime", "static"))' -C metadata=2b669996b3b08f18 -C extra-filename=-5530aa0d8b09992e --out-dir /__w/waterkit/waterkit/target/debug/deps -L dependency=/__w/waterkit/waterkit/target/debug/deps --extern glob=/__w/waterkit/waterkit/target/debug/deps/libglob-37f4c7fab0a960d6.rmeta --extern libc=/__w/waterkit/waterkit/target/debug/deps/liblibc-daa6a27b3be417a1.rmeta --extern libloading=/__w/waterkit/waterkit/target/debug/deps/liblibloading-e2192da9d1cfad1b.rmeta --cap-lints allow`
Test / ubuntu-latest	UNKNOWN STEP	2026-02-20T20:39:46.8259792Z [1m[92m   Compiling[0m terminal_size v0.4.3
Test / ubuntu-latest	UNKNOWN STEP	2026-02-20T20:39:46.8344643Z [1m[92m     Running[0m `/github/home/.rustup/toolchains/nightly-x86_64-unknown-linux-gnu/bin/rustc --crate-name terminal_size --edition=2021 /github/home/.cargo/registry/src/index.crates.io-1949cf8c6b5b557f/terminal_size-0.4.3/src/lib.rs --error-format=json --json=diagnostic-rendered-ansi,artifacts,future-incompat --crate-type lib --emit=dep-info,metadata,link -C embed-bitcode=no -C debuginfo=2 --check-cfg 'cfg(docsrs,test)' --check-cfg 'cfg(feature, values())' -C metadata=7b711807a40b366a -C extra-filename=-afada8df1eaa7e5d --out-dir /__w/waterkit/waterkit/target/debug/deps -L dependency=/__w/waterkit/waterkit/target/debug/deps --extern rustix=/__w/waterkit/waterkit/target/debug/deps/librustix-4716013026921845.rmeta --cap-lints allow`
Test / ubuntu-latest	UNKNOWN STEP	2026-02-20T20:39:46.9219106Z [1m[92m     Running[0m `/github/home/.rustup/toolchains/nightly-x86_64-unknown-linux-gnu/bin/rustc --crate-name rustc_hash --edition=2015 /github/home/.cargo/registry/src/index.crates.io-1949cf8c6b5b557f/rustc-hash-1.1.0/src/lib.rs --error-format=json --json=diagnostic-rendered-ansi,artifacts,future-incompat --crate-type lib --emit=dep-info,metadata,link -C embed-bitcode=no --cfg 'feature="default"' --cfg 'feature="std"' --check-cfg 'cfg(docsrs,test)' --check-cfg 'cfg(feature, values("default", "std"))' -C metadata=4616cd89b79f093e -C extra-filename=-ebb49c292efa5f81 --out-dir /__w/waterkit/waterkit/target/debug/deps -L dependency=/__w/waterkit/waterkit/target/debug/deps --cap-lints allow`
Test / ubuntu-latest	UNKNOWN STEP	2026-02-20T20:39:46.9820463Z [1m[92m   Compiling[0m clap_lex v1.0.0
Test / ubuntu-latest	UNKNOWN STEP	2026-02-20T20:39:46.9851664Z [1m[92m     Running[0m `/github/home/.rustup/toolchains/nightly-x86_64-unknown-linux-gnu/bin/rustc --crate-name clap_lex --edition=2021 /github/home/.cargo/registry/src/index.crates.io-1949cf8c6b5b557f/clap_lex-1.0.0/src/lib.rs --error-format=json --json=diagnostic-rendered-ansi,artifacts,future-incompat --crate-type lib --emit=dep-info,metadata,link -C embed-bitcode=no -C debuginfo=2 --warn=rust_2018_idioms '--warn=clippy::zero_sized_map_values' '--warn=clippy::verbose_file_reads' --warn=unused_qualifications --warn=unused_macro_rules --warn=unused_lifetimes --warn=unsafe_op_in_unsafe_fn --warn=unreachable_pub --allow=unnameable_types '--warn=clippy::uninlined_format_args' '--warn=clippy::trait_duplication_in_bounds' '--warn=clippy::todo' '--warn=clippy::string_lit_as_bytes' '--warn=clippy::string_add_assign' '--warn=clippy::semicolon_if_nothing_returned' '--warn=clippy::self_named_module_files' '--warn=clippy::same_functions_in_if_condition' '--allow=clippy::result_large_err' '--warn=clippy::rest_pat_in_fully_bound_structs' '--warn=clippy::ref_option_ref' '--warn=clippy::redundant_feature_names' '--warn=clippy::rc_mutex' '--warn=clippy::ptr_as_ptr' '--warn=clippy::path_buf_push_overwrite' '--warn=clippy::negative_feature_names' '--warn=clippy::needless_for_each' '--allow=clippy::needless_continue' '--warn=clippy::mutex_integer' '--allow=clippy::multiple_bound_locations' '--warn=clippy::mem_forget' '--warn=clippy::macro_use_imports' '--warn=clippy::lossy_float_literal' '--warn=clippy::linkedlist' '--allow=clippy::let_and_return' '--warn=clippy::large_types_passed_by_value' '--warn=clippy::large_stack_arrays' '--warn=clippy::large_digit_groups' '--warn=clippy::invalid_upcast_comparisons' '--warn=clippy::infinite_loop' '--warn=clippy::inefficient_to_string' '--warn=clippy::inconsistent_struct_constructor' '--warn=clippy::imprecise_flops' '--warn=clippy::implicit_clone' '--allow=clippy::if_same_then_else' '--warn=clippy::from_iter_instead_of_collect' '--warn=clippy::fn_params_excessive_bools' '--warn=clippy::float_cmp_const' '--warn=clippy::flat_map_option' '--warn=clippy::filter_map_next' '--warn=clippy::fallible_impl_from' '--warn=clippy::explicit_into_iter_loop' '--warn=clippy::explicit_deref_methods' '--warn=clippy::expl_impl_clone_on_copy' '--warn=clippy::enum_glob_use' '--warn=clippy::empty_enums' '--warn=clippy::doc_markdown' '--warn=clippy::debug_assert_with_mut_call' '--warn=clippy::dbg_macro' '--warn=clippy::create_dir' '--allow=clippy::collapsible_else_if' '--warn=clippy::checked_conversions' '--allow=clippy::branches_sharing_code' '--allow=clippy::bool_assert_comparison' '--allow=clippy::blocks_in_conditions' '--allow=clippy::assigning_clones' --check-cfg 'cfg(docsrs,test)' --check-cfg 'cfg(feature, values())' -C metadata=b1ffcda1099f65ba -C extra-filename=-b02ba592c5e8e8d0 --out-dir /__w/waterkit/waterkit/target/debug/deps -L dependency=/__w/waterkit/waterkit/target/debug/deps --cap-lints allow`
Test / ubuntu-latest	UNKNOWN STEP	2026-02-20T20:39:47.1392305Z [1m[92m   Compiling[0m clap_builder v4.5.60
Test / ubuntu-latest	UNKNOWN STEP	2026-02-20T20:39:47.1478639Z [1m[92m     Running[0m `/github/home/.rustup/toolchains/nightly-x86_64-unknown-linux-gnu/bin/rustc --crate-name clap_builder --edition=2021 /github/home/.cargo/registry/src/index.crates.io-1949cf8c6b5b557f/clap_builder-4.5.60/src/lib.rs --error-format=json --json=diagnostic-rendered-ansi,artifacts,future-incompat --crate-type lib --emit=dep-info,metadata,link -C embed-bitcode=no -C debuginfo=2 --warn=rust_2018_idioms '--warn=clippy::zero_sized_map_values' '--warn=clippy::verbose_file_reads' --warn=unused_qualifications --warn=unused_macro_rules --warn=unused_lifetimes --warn=unsafe_op_in_unsafe_fn --warn=unreachable_pub --allow=unnameable_types '--warn=clippy::uninlined_format_args' '--warn=clippy::trait_duplication_in_bounds' '--warn=clippy::todo' '--warn=clippy::string_lit_as_bytes' '--warn=clippy::string_add_assign' '--warn=clippy::semicolon_if_nothing_returned' '--warn=clippy::self_named_module_files' '--warn=clippy::same_functions_in_if_condition' '--allow=clippy::result_large_err' '--warn=clippy::rest_pat_in_fully_bound_structs' '--warn=clippy::ref_option_ref' '--warn=clippy::redundant_feature_names' '--warn=clippy::rc_mutex' '--warn=clippy::ptr_as_ptr' '--warn=clippy::path_buf_push_overwrite' '--warn=clippy::negative_feature_names' '--warn=clippy::needless_for_each' '--allow=clippy::needless_continue' '--warn=clippy::mutex_integer' '--allow=clippy::multiple_bound_locations' '--warn=clippy::mem_forget' '--warn=clippy::macro_use_imports' '--warn=clippy::lossy_float_literal' '--warn=clippy::linkedlist' '--allow=clippy::let_and_return' '--warn=clippy::large_types_passed_by_value' '--warn=clippy::large_stack_arrays' '--warn=clippy::large_digit_groups' '--warn=clippy::invalid_upcast_comparisons' '--warn=clippy::infinite_loop' '--warn=clippy::inefficient_to_string' '--warn=clippy::inconsistent_struct_constructor' '--warn=clippy::imprecise_flops' '--warn=clippy::implicit_clone' '--allow=clippy::if_same_then_else' '--warn=clippy::from_iter_instead_of_collect' '--warn=clippy::fn_params_excessive_bools' '--warn=clippy::float_cmp_const' '--warn=clippy::flat_map_option' '--warn=clippy::filter_map_next' '--warn=clippy::fallible_impl_from' '--warn=clippy::explicit_into_iter_loop' '--warn=clippy::explicit_deref_methods' '--warn=clippy::expl_impl_clone_on_copy' '--warn=clippy::enum_glob_use' '--warn=clippy::empty_enums' '--warn=clippy::doc_markdown' '--warn=clippy::debug_assert_with_mut_call' '--warn=clippy::dbg_macro' '--warn=clippy::create_dir' '--allow=clippy::collapsible_else_if' '--warn=clippy::checked_conversions' '--allow=clippy::branches_sharing_code' '--allow=clippy::bool_assert_comparison' '--allow=clippy::blocks_in_conditions' '--allow=clippy::assigning_clones' --cfg 'feature="color"' --cfg 'feature="help"' --cfg 'feature="std"' --cfg 'feature="wrap_help"' --check-cfg 'cfg(docsrs,test)' --check-cfg 'cfg(feature, values("cargo", "color", "debug", "default", "deprecated", "env", "error-context", "help", "std", "string", "suggestions", "unicode", "unstable-doc", "unstable-ext", "unstable-styles", "unstable-v5", "usage", "wrap_help"))' -C metadata=56d2ad7e342b7af4 -C extra-filename=-e43b1dc17ae1f31e --out-dir /__w/waterkit/waterkit/target/debug/deps -L dependency=/__w/waterkit/waterkit/target/debug/deps --extern anstream=/__w/waterkit/waterkit/target/debug/deps/libanstream-ac99c5c12d3c7aee.rmeta --extern anstyle=/__w/waterkit/waterkit/target/debug/deps/libanstyle-abcb25e3dde70769.rmeta --extern clap_lex=/__w/waterkit/waterkit/target/debug/deps/libclap_lex-b02ba592c5e8e8d0.rmeta --extern terminal_size=/__w/waterkit/waterkit/target/debug/deps/libterminal_size-afada8df1eaa7e5d.rmeta --cap-lints allow`
Test / ubuntu-latest	UNKNOWN STEP	2026-02-20T20:39:47.3418212Z [1m[92m   Compiling[0m clap_derive v4.5.55
Test / ubuntu-latest	UNKNOWN STEP	2026-02-20T20:39:47.3522636Z [1m[92m     Running[0m `/github/home/.rustup/toolchains/nightly-x86_64-unknown-linux-gnu/bin/rustc --crate-name clap_derive --edition=2021 /github/home/.cargo/registry/src/index.crates.io-1949cf8c6b5b557f/clap_derive-4.5.55/src/lib.rs --error-format=json --json=diagnostic-rendered-ansi,artifacts,future-incompat --crate-type proc-macro --emit=dep-info,link -C prefer-dynamic -C embed-bitcode=no --warn=rust_2018_idioms '--warn=clippy::zero_sized_map_values' '--warn=clippy::verbose_file_reads' --warn=unused_qualifications --warn=unused_macro_rules --warn=unused_lifetimes --warn=unsafe_op_in_unsafe_fn --warn=unreachable_pub --allow=unnameable_types '--warn=clippy::uninlined_format_args' '--warn=clippy::trait_duplication_in_bounds' '--warn=clippy::todo' '--warn=clippy::string_lit_as_bytes' '--warn=clippy::string_add_assign' '--warn=clippy::semicolon_if_nothing_returned' '--warn=clippy::self_named_module_files' '--warn=clippy::same_functions_in_if_condition' '--allow=clippy::result_large_err' '--warn=clippy::rest_pat_in_fully_bound_structs' '--warn=clippy::ref_option_ref' '--warn=clippy::redundant_feature_names' '--warn=clippy::rc_mutex' '--warn=clippy::ptr_as_ptr' '--warn=clippy::path_buf_push_overwrite' '--warn=clippy::negative_feature_names' '--warn=clippy::needless_for_each' '--allow=clippy::needless_continue' '--warn=clippy::mutex_integer' '--allow=clippy::multiple_bound_locations' '--warn=clippy::mem_forget' '--warn=clippy::macro_use_imports' '--warn=clippy::lossy_float_literal' '--warn=clippy::linkedlist' '--allow=clippy::let_and_return' '--warn=clippy::large_types_passed_by_value' '--warn=clippy::large_stack_arrays' '--warn=clippy::large_digit_groups' '--warn=clippy::invalid_upcast_comparisons' '--warn=clippy::infinite_loop' '--warn=clippy::inefficient_to_string' '--warn=clippy::inconsistent_struct_constructor' '--warn=clippy::imprecise_flops' '--warn=clippy::implicit_clone' '--allow=clippy::if_same_then_else' '--warn=clippy::from_iter_instead_of_collect' '--warn=clippy::fn_params_excessive_bools' '--warn=clippy::float_cmp_const' '--warn=clippy::flat_map_option' '--warn=clippy::filter_map_next' '--warn=clippy::fallible_impl_from' '--warn=clippy::explicit_into_iter_loop' '--warn=clippy::explicit_deref_methods' '--warn=clippy::expl_impl_clone_on_copy' '--warn=clippy::enum_glob_use' '--warn=clippy::empty_enums' '--warn=clippy::doc_markdown' '--warn=clippy::debug_assert_with_mut_call' '--warn=clippy::dbg_macro' '--warn=clippy::create_dir' '--allow=clippy::collapsible_else_if' '--warn=clippy::checked_conversions' '--allow=clippy::branches_sharing_code' '--allow=clippy::bool_assert_comparison' '--allow=clippy::blocks_in_conditions' '--allow=clippy::assigning_clones' --cfg 'feature="default"' --check-cfg 'cfg(docsrs,test)' --check-cfg 'cfg(feature, values("debug", "default", "deprecated", "raw-deprecated", "unstable-markdown", "unstable-v5"))' -C metadata=b1eaa0de5bd2c26e -C extra-filename=-2c85514a3aa177d1 --out-dir /__w/waterkit/waterkit/target/debug/deps -L dependency=/__w/waterkit/waterkit/target/debug/deps --extern heck=/__w/waterkit/waterkit/target/debug/deps/libheck-20e948fc986d72b6.rlib --extern proc_macro2=/__w/waterkit/waterkit/target/debug/deps/libproc_macro2-9fe81c40f0b8c0b8.rlib --extern quote=/__w/waterkit/waterkit/target/debug/deps/libquote-5f37932b4137efa1.rlib --extern syn=/__w/waterkit/waterkit/target/debug/deps/libsyn-56cc86ffab105581.rlib --extern proc_macro --cap-lints allow`
Test / ubuntu-latest	UNKNOWN STEP	2026-02-20T20:39:49.2229262Z [1m[92m   Compiling[0m fdeflate v0.3.7
Test / ubuntu-latest	UNKNOWN STEP	2026-02-20T20:39:49.2301576Z [1m[92m     Running[0m `/github/home/.rustup/toolchains/nightly-x86_64-unknown-linux-gnu/bin/rustc --crate-name fdeflate --edition=2021 /github/home/.cargo/registry/src/index.crates.io-1949cf8c6b5b557f/fdeflate-0.3.7/src/lib.rs --error-format=json --json=diagnostic-rendered-ansi,artifacts,future-incompat --crate-type lib --emit=dep-info,metadata,link -C embed-bitcode=no -C debuginfo=2 --allow=unexpected_cfgs --check-cfg 'cfg(fuzzing)' --check-cfg 'cfg(docsrs,test)' --check-cfg 'cfg(feature, values())' -C metadata=261ed2ac9540ba77 -C extra-filename=-de13ac8da3551179 --out-dir /__w/waterkit/waterkit/target/debug/deps -L dependency=/__w/waterkit/waterkit/target/debug/deps --extern simd_adler32=/__w/waterkit/waterkit/target/debug/deps/libsimd_adler32-628a0c0efaf5a45f.rmeta --cap-lints allow`
Test / ubuntu-latest	UNKNOWN STEP	2026-02-20T20:39:49.6819514Z [1m[92m   Compiling[0m itertools v0.14.0
Test / ubuntu-latest	UNKNOWN STEP	2026-02-20T20:39:49.6893601Z [1m[92m     Running[0m `/github/home/.rustup/toolchains/nightly-x86_64-unknown-linux-gnu/bin/rustc --crate-name itertools --edition=2018 /github/home/.cargo/registry/src/index.crates.io-1949cf8c6b5b557f/itertools-0.14.0/src/lib.rs --error-format=json --json=diagnostic-rendered-ansi,artifacts,future-incompat --crate-type lib --emit=dep-info,metadata,link -C embed-bitcode=no -C debuginfo=2 --cfg 'feature="default"' --cfg 'feature="use_alloc"' --cfg 'feature="use_std"' --check-cfg 'cfg(docsrs,test)' --check-cfg 'cfg(feature, values("default", "use_alloc", "use_std"))' -C metadata=f700c2f35a7e2ff6 -C extra-filename=-adc8d51b81a3a05d --out-dir /__w/waterkit/waterkit/target/debug/deps -L dependency=/__w/waterkit/waterkit/target/debug/deps --extern either=/__w/waterkit/waterkit/target/debug/deps/libeither-9a78d543324cf6ff.rmeta --cap-lints allow`
Test / ubuntu-latest	UNKNOWN STEP	2026-02-20T20:39:50.0665000Z [1m[92m   Compiling[0m dlib v0.5.2
Test / ubuntu-latest	UNKNOWN STEP	2026-02-20T20:39:50.0673657Z [1m[92m     Running[0m `/github/home/.rustup/toolchains/nightly-x86_64-unknown-linux-gnu/bin/rustc --crate-name dlib --edition=2015 /github/home/.cargo/registry/src/index.crates.io-1949cf8c6b5b557f/dlib-0.5.2/src/lib.rs --error-format=json --json=diagnostic-rendered-ansi,artifacts,future-incompat --crate-type lib --emit=dep-info,metadata,link -C embed-bitcode=no -C debuginfo=2 --check-cfg 'cfg(docsrs,test)' --check-cfg 'cfg(feature, values())' -C metadata=3889673010fe5304 -C extra-filename=-7cb4c8aa4f6fd368 --out-dir /__w/waterkit/waterkit/target/debug/deps -L dependency=/__w/waterkit/waterkit/target/debug/deps --extern libloading=/__w/waterkit/waterkit/target/debug/deps/liblibloading-e2192da9d1cfad1b.rmeta --cap-lints allow`
Test / ubuntu-latest	UNKNOWN STEP	2026-02-20T20:39:50.1188676Z [1m[92m   Compiling[0m as-slice v0.2.1
Test / ubuntu-latest	UNKNOWN STEP	2026-02-20T20:39:50.1243446Z [1m[92m     Running[0m `/github/home/.rustup/toolchains/nightly-x86_64-unknown-linux-gnu/bin/rustc --crate-name as_slice --edition=2015 /github/home/.cargo/registry/src/index.crates.io-1949cf8c6b5b557f/as-slice-0.2.1/src/lib.rs --error-format=json --json=diagnostic-rendered-ansi,artifacts,future-incompat --crate-type lib --emit=dep-info,metadata,link -C embed-bitcode=no -C debuginfo=2 --check-cfg 'cfg(docsrs,test)' --check-cfg 'cfg(feature, values())' -C metadata=1edf9b7e4ca260c4 -C extra-filename=-a7780b2c646feb98 --out-dir /__w/waterkit/waterkit/target/debug/deps -L dependency=/__w/waterkit/waterkit/target/debug/deps --extern stable_deref_trait=/__w/waterkit/waterkit/target/debug/deps/libstable_deref_trait-d13fd163da2fc199.rmeta --cap-lints allow`
Test / ubuntu-latest	UNKNOWN STEP	2026-02-20T20:39:50.1545583Z [1m[92m   Compiling[0m num-derive v0.4.2
Test / ubuntu-latest	UNKNOWN STEP	2026-02-20T20:39:50.1601380Z [1m[92m     Running[0m `/github/home/.rustup/toolchains/nightly-x86_64-unknown-linux-gnu/bin/rustc --crate-name num_derive --edition=2021 /github/home/.cargo/registry/src/index.crates.io-1949cf8c6b5b557f/num-derive-0.4.2/src/lib.rs --error-format=json --json=diagnostic-rendered-ansi,artifacts,future-incompat --crate-type proc-macro --emit=dep-info,link -C prefer-dynamic -C embed-bitcode=no --check-cfg 'cfg(docsrs,test)' --check-cfg 'cfg(feature, values())' -C metadata=edaa251e5917b10f -C extra-filename=-50f0f95ccce1d37d --out-dir /__w/waterkit/waterkit/target/debug/deps -L dependency=/__w/waterkit/waterkit/target/debug/deps --extern proc_macro2=/__w/waterkit/waterkit/target/debug/deps/libproc_macro2-9fe81c40f0b8c0b8.rlib --extern quote=/__w/waterkit/waterkit/target/debug/deps/libquote-5f37932b4137efa1.rlib --extern syn=/__w/waterkit/waterkit/target/debug/deps/libsyn-56cc86ffab105581.rlib --extern proc_macro --cap-lints allow`
Test / ubuntu-latest	UNKNOWN STEP	2026-02-20T20:39:50.8931292Z [1m[92m   Compiling[0m crossbeam-queue v0.3.12
Test / ubuntu-latest	UNKNOWN STEP	2026-02-20T20:39:50.8943801Z [1m[92m     Running[0m `/github/home/.rustup/toolchains/nightly-x86_64-unknown-linux-gnu/bin/rustc --crate-name crossbeam_queue --edition=2021 /github/home/.cargo/registry/src/index.crates.io-1949cf8c6b5b557f/crossbeam-queue-0.3.12/src/lib.rs --error-format=json --json=diagnostic-rendered-ansi,artifacts,future-incompat --crate-type lib --emit=dep-info,metadata,link -C embed-bitcode=no -C debuginfo=2 --warn=unexpected_cfgs '--allow=clippy::lint_groups_priority' '--allow=clippy::declare_interior_mutable_const' --check-cfg 'cfg(crossbeam_loom)' --check-cfg 'cfg(crossbeam_sanitize)' --cfg 'feature="alloc"' --cfg 'feature="std"' --check-cfg 'cfg(docsrs,test)' --check-cfg 'cfg(feature, values("alloc", "default", "nightly", "std"))' -C metadata=fe02e5f69c6d8685 -C extra-filename=-5ae9cd28edac55b1 --out-dir /__w/waterkit/waterkit/target/debug/deps -L dependency=/__w/waterkit/waterkit/target/debug/deps --extern crossbeam_utils=/__w/waterkit/waterkit/target/debug/deps/libcrossbeam_utils-1ab00d54e6c79ffa.rmeta --cap-lints allow`
Test / ubuntu-latest	UNKNOWN STEP	2026-02-20T20:39:51.0074826Z [1m[92m   Compiling[0m crossbeam-channel v0.5.15
Test / ubuntu-latest	UNKNOWN STEP	2026-02-20T20:39:51.0083900Z [1m[92m     Running[0m `/github/home/.rustup/toolchains/nightly-x86_64-unknown-linux-gnu/bin/rustc --crate-name crossbeam_channel --edition=2021 /github/home/.cargo/registry/src/index.crates.io-1949cf8c6b5b557f/crossbeam-channel-0.5.15/src/lib.rs --error-format=json --json=diagnostic-rendered-ansi,artifacts,future-incompat --crate-type lib --emit=dep-info,metadata,link -C embed-bitcode=no -C debuginfo=2 --warn=unexpected_cfgs '--allow=clippy::lint_groups_priority' '--allow=clippy::declare_interior_mutable_const' --check-cfg 'cfg(crossbeam_loom)' --check-cfg 'cfg(crossbeam_sanitize)' --cfg 'feature="std"' --check-cfg 'cfg(docsrs,test)' --check-cfg 'cfg(feature, values("default", "std"))' -C metadata=2f3e7a5f4d6563bb -C extra-filename=-1c38fa038438b1a5 --out-dir /__w/waterkit/waterkit/target/debug/deps -L dependency=/__w/waterkit/waterkit/target/debug/deps --extern crossbeam_utils=/__w/waterkit/waterkit/target/debug/deps/libcrossbeam_utils-1ab00d54e6c79ffa.rmeta --cap-lints allow`
Test / ubuntu-latest	UNKNOWN STEP	2026-02-20T20:39:51.0935317Z [1m[92m   Compiling[0m core2 v0.4.0
Test / ubuntu-latest	UNKNOWN STEP	2026-02-20T20:39:51.1014408Z [1m[92m     Running[0m `/github/home/.rustup/toolchains/nightly-x86_64-unknown-linux-gnu/bin/rustc --crate-name core2 --edition=2018 /github/home/.cargo/registry/src/index.crates.io-1949cf8c6b5b557f/core2-0.4.0/src/lib.rs --error-format=json --json=diagnostic-rendered-ansi,artifacts,future-incompat --crate-type lib --emit=dep-info,metadata,link -C embed-bitcode=no -C debuginfo=2 --cfg 'feature="alloc"' --cfg 'feature="std"' --check-cfg 'cfg(docsrs,test)' --check-cfg 'cfg(feature, values("alloc", "default", "nightly", "std"))' -C metadata=5b23c6e311b1cf55 -C extra-filename=-dfd3dad21f5a0eaa --out-dir /__w/waterkit/waterkit/target/debug/deps -L dependency=/__w/waterkit/waterkit/target/debug/deps --extern memchr=/__w/waterkit/waterkit/target/debug/deps/libmemchr-6107e8755c89e2eb.rmeta --cap-lints allow`
Test / ubuntu-latest	UNKNOWN STEP	2026-02-20T20:39:51.1333955Z [1m[92m   Compiling[0m signal-hook v0.3.18
Test / ubuntu-latest	UNKNOWN STEP	2026-02-20T20:39:51.1342817Z [1m[92m     Running[0m `/github/home/.rustup/toolchains/nightly-x86_64-unknown-linux-gnu/bin/rustc --crate-name build_script_build --edition=2018 /github/home/.cargo/registry/src/index.crates.io-1949cf8c6b5b557f/signal-hook-0.3.18/build.rs --error-format=json --json=diagnostic-rendered-ansi,artifacts,future-incompat --crate-type bin --emit=dep-info,link -C embed-bitcode=no --cfg 'feature="channel"' --cfg 'feature="default"' --cfg 'feature="iterator"' --check-cfg 'cfg(docsrs,test)' --check-cfg 'cfg(feature, values("cc", "channel", "default", "extended-siginfo", "extended-siginfo-raw", "iterator"))' -C metadata=fb169ce8aac7cfac -C extra-filename=-cb0b34d04ab5dbc3 --out-dir /__w/waterkit/waterkit/target/debug/build/signal-hook-cb0b34d04ab5dbc3 -L dependency=/__w/waterkit/waterkit/target/debug/deps --cap-lints allow`
Test / ubuntu-latest	UNKNOWN STEP	2026-02-20T20:39:51.1904607Z [1m[92m   Compiling[0m av-scenechange v0.14.1
Test / ubuntu-latest	UNKNOWN STEP	2026-02-20T20:39:51.1918634Z [1m[92m     Running[0m `/github/home/.rustup/toolchains/nightly-x86_64-unknown-linux-gnu/bin/rustc --crate-name build_script_build --edition=2021 /github/home/.cargo/registry/src/index.crates.io-1949cf8c6b5b557f/av-scenechange-0.14.1/build.rs --error-format=json --json=diagnostic-rendered-ansi,artifacts,future-incompat --crate-type bin --emit=dep-info,link -C embed-bitcode=no --warn=unexpected_cfgs '--warn=clippy::missing_inline_in_public_items' '--warn=clippy::inline_always' --check-cfg 'cfg(asm_x86_64)' --check-cfg 'cfg(asm_neon)' --check-cfg 'cfg(docsrs,test)' --check-cfg 'cfg(feature, values("asm", "binary", "cc", "clap", "console", "default", "devel", "fern", "ffmpeg", "ffmpeg-the-third", "libc", "nasm-rs", "serde", "serde_json", "serialize", "tracing", "tracing-chrome", "tracing-subscriber", "vapoursynth"))' -C metadata=fcedd50e6f094629 -C extra-filename=-49ebee06e93cbddc --out-dir /__w/waterkit/waterkit/target/debug/build/av-scenechange-49ebee06e93cbddc -L dependency=/__w/waterkit/waterkit/target/debug/deps --cap-lints allow`
Test / ubuntu-latest	UNKNOWN STEP	2026-02-20T20:39:51.2124558Z [1m[92m   Compiling[0m color_quant v1.1.0
Test / ubuntu-latest	UNKNOWN STEP	2026-02-20T20:39:51.2205902Z [1m[92m     Running[0m `/github/home/.rustup/toolchains/nightly-x86_64-unknown-linux-gnu/bin/rustc --crate-name color_quant --edition=2015 /github/home/.cargo/registry/src/index.crates.io-1949cf8c6b5b557f/color_quant-1.1.0/src/lib.rs --error-format=json --json=diagnostic-rendered-ansi,artifacts,future-incompat --crate-type lib --emit=dep-info,metadata,link -C embed-bitcode=no -C debuginfo=2 --check-cfg 'cfg(docsrs,test)' --check-cfg 'cfg(feature, values())' -C metadata=3e2dd9ca844f047f -C extra-filename=-d2a0b603d64ae2ec --out-dir /__w/waterkit/waterkit/target/debug/deps -L dependency=/__w/waterkit/waterkit/target/debug/deps --cap-lints allow`
Test / ubuntu-latest	UNKNOWN STEP	2026-02-20T20:39:51.3703445Z [1m[92m   Compiling[0m version_check v0.9.5
Test / ubuntu-latest	UNKNOWN STEP	2026-02-20T20:39:51.3784270Z [1m[92m     Running[0m `/github/home/.rustup/toolchains/nightly-x86_64-unknown-linux-gnu/bin/rustc --crate-name version_check --edition=2015 /github/home/.cargo/registry/src/index.crates.io-1949cf8c6b5b557f/version_check-0.9.5/src/lib.rs --error-format=json --json=diagnostic-rendered-ansi,artifacts,future-incompat --crate-type lib --emit=dep-info,metadata,link -C embed-bitcode=no --check-cfg 'cfg(docsrs,test)' --check-cfg 'cfg(feature, values())' -C metadata=2bca0c236b37ec2e -C extra-filename=-2571cf324060ec01 --out-dir /__w/waterkit/waterkit/target/debug/deps -L dependency=/__w/waterkit/waterkit/target/debug/deps --cap-lints allow`
Test / ubuntu-latest	UNKNOWN STEP	2026-02-20T20:39:51.3799274Z [1m[92m     Running[0m `/__w/waterkit/waterkit/target/debug/build/av-scenechange-49ebee06e93cbddc/build-script-build`
Test / ubuntu-latest	UNKNOWN STEP	2026-02-20T20:39:51.3948917Z [1m[92m   Compiling[0m crossbeam v0.8.4
Test / ubuntu-latest	UNKNOWN STEP	2026-02-20T20:39:51.3967955Z [1m[92m     Running[0m `/github/home/.rustup/toolchains/nightly-x86_64-unknown-linux-gnu/bin/rustc --crate-name crossbeam --edition=2021 /github/home/.cargo/registry/src/index.crates.io-1949cf8c6b5b557f/crossbeam-0.8.4/src/lib.rs --error-format=json --json=diagnostic-rendered-ansi,artifacts,future-incompat --crate-type lib --emit=dep-info,metadata,link -C embed-bitcode=no -C debuginfo=2 --cfg 'feature="alloc"' --cfg 'feature="crossbeam-channel"' --cfg 'feature="crossbeam-deque"' --cfg 'feature="crossbeam-epoch"' --cfg 'feature="crossbeam-queue"' --cfg 'feature="default"' --cfg 'feature="std"' --check-cfg 'cfg(docsrs,test)' --check-cfg 'cfg(feature, values("alloc", "crossbeam-channel", "crossbeam-deque", "crossbeam-epoch", "crossbeam-queue", "default", "nightly", "std"))' -C metadata=ebd789b7b8e0df88 -C extra-filename=-fef7e2c3c5470a53 --out-dir /__w/waterkit/waterkit/target/debug/deps -L dependency=/__w/waterkit/waterkit/target/debug/deps --extern crossbeam_channel=/__w/waterkit/waterkit/target/debug/deps/libcrossbeam_channel-1c38fa038438b1a5.rmeta --extern crossbeam_deque=/__w/waterkit/waterkit/target/debug/deps/libcrossbeam_deque-45c1181e7f67f75a.rmeta --extern crossbeam_epoch=/__w/waterkit/waterkit/target/debug/deps/libcrossbeam_epoch-9699aac84ac5e5aa.rmeta --extern crossbeam_queue=/__w/waterkit/waterkit/target/debug/deps/libcrossbeam_queue-5ae9cd28edac55b1.rmeta --extern crossbeam_utils=/__w/waterkit/waterkit/target/debug/deps/libcrossbeam_utils-1ab00d54e6c79ffa.rmeta --cap-lints allow`
Test / ubuntu-latest	UNKNOWN STEP	2026-02-20T20:39:51.4480501Z [1m[92m     Running[0m `/__w/waterkit/waterkit/target/debug/build/signal-hook-cb0b34d04ab5dbc3/build-script-build`
Test / ubuntu-latest	UNKNOWN STEP	2026-02-20T20:39:51.4548011Z [1m[92m   Compiling[0m bitstream-io v4.9.0
Test / ubuntu-latest	UNKNOWN STEP	2026-02-20T20:39:51.4558508Z [1m[92m     Running[0m `/github/home/.rustup/toolchains/nightly-x86_64-unknown-linux-gnu/bin/rustc --crate-name bitstream_io --edition=2018 /github/home/.cargo/registry/src/index.crates.io-1949cf8c6b5b557f/bitstream-io-4.9.0/src/lib.rs --error-format=json --json=diagnostic-rendered-ansi,artifacts,future-incompat --crate-type lib --emit=dep-info,metadata,link -C embed-bitcode=no -C debuginfo=2 --cfg 'feature="alloc"' --cfg 'feature="default"' --cfg 'feature="std"' --check-cfg 'cfg(docsrs,test)' --check-cfg 'cfg(feature, values("alloc", "default", "std"))' -C metadata=ab6eca07930f03f2 -C extra-filename=-b3f5098d1b1a2e23 --out-dir /__w/waterkit/waterkit/target/debug/deps -L dependency=/__w/waterkit/waterkit/target/debug/deps --extern core2=/__w/waterkit/waterkit/target/debug/deps/libcore2-dfd3dad21f5a0eaa.rmeta --cap-lints allow`
Test / ubuntu-latest	UNKNOWN STEP	2026-02-20T20:39:51.4702883Z [1m[92m   Compiling[0m aligned v0.4.3
Test / ubuntu-latest	UNKNOWN STEP	2026-02-20T20:39:51.4711030Z [1m[92m     Running[0m `/github/home/.rustup/toolchains/nightly-x86_64-unknown-linux-gnu/bin/rustc --crate-name aligned --edition=2024 /github/home/.cargo/registry/src/index.crates.io-1949cf8c6b5b557f/aligned-0.4.3/src/lib.rs --error-format=json --json=diagnostic-rendered-ansi,artifacts,future-incompat --crate-type lib --emit=dep-info,metadata,link -C embed-bitcode=no -C debuginfo=2 --check-cfg 'cfg(docsrs,test)' --check-cfg 'cfg(feature, values())' -C metadata=e4f9dddbde0cdf57 -C extra-filename=-879395fedb79914b --out-dir /__w/waterkit/waterkit/target/debug/deps -L dependency=/__w/waterkit/waterkit/target/debug/deps --extern as_slice=/__w/waterkit/waterkit/target/debug/deps/libas_slice-a7780b2c646feb98.rmeta --cap-lints allow`
Test / ubuntu-latest	UNKNOWN STEP	2026-02-20T20:39:51.5296818Z [1m[92m   Compiling[0m clap v4.5.60
Test / ubuntu-latest	UNKNOWN STEP	2026-02-20T20:39:51.5326233Z [1m[92m     Running[0m `/github/home/.rustup/toolchains/nightly-x86_64-unknown-linux-gnu/bin/rustc --crate-name clap --edition=2021 /github/home/.cargo/registry/src/index.crates.io-1949cf8c6b5b557f/clap-4.5.60/src/lib.rs --error-format=json --json=diagnostic-rendered-ansi,artifacts,future-incompat --crate-type lib --emit=dep-info,metadata,link -C embed-bitcode=no -C debuginfo=2 --warn=rust_2018_idioms '--warn=clippy::zero_sized_map_values' '--warn=clippy::verbose_file_reads' --warn=unused_qualifications --warn=unused_macro_rules --warn=unused_lifetimes --warn=unsafe_op_in_unsafe_fn --warn=unreachable_pub --allow=unnameable_types '--warn=clippy::uninlined_format_args' '--warn=clippy::trait_duplication_in_bounds' '--warn=clippy::todo' '--warn=clippy::string_lit_as_bytes' '--warn=clippy::string_add_assign' '--warn=clippy::semicolon_if_nothing_returned' '--warn=clippy::self_named_module_files' '--warn=clippy::same_functions_in_if_condition' '--allow=clippy::result_large_err' '--warn=clippy::rest_pat_in_fully_bound_structs' '--warn=clippy::ref_option_ref' '--warn=clippy::redundant_feature_names' '--warn=clippy::rc_mutex' '--warn=clippy::ptr_as_ptr' '--warn=clippy::path_buf_push_overwrite' '--warn=clippy::negative_feature_names' '--warn=clippy::needless_for_each' '--allow=clippy::needless_continue' '--warn=clippy::mutex_integer' '--allow=clippy::multiple_bound_locations' '--warn=clippy::mem_forget' '--warn=clippy::macro_use_imports' '--warn=clippy::lossy_float_literal' '--warn=clippy::linkedlist' '--allow=clippy::let_and_return' '--warn=clippy::large_types_passed_by_value' '--warn=clippy::large_stack_arrays' '--warn=clippy::large_digit_groups' '--warn=clippy::invalid_upcast_comparisons' '--warn=clippy::infinite_loop' '--warn=clippy::inefficient_to_string' '--warn=clippy::inconsistent_struct_constructor' '--warn=clippy::imprecise_flops' '--warn=clippy::implicit_clone' '--allow=clippy::if_same_then_else' '--warn=clippy::from_iter_instead_of_collect' '--warn=clippy::fn_params_excessive_bools' '--warn=clippy::float_cmp_const' '--warn=clippy::flat_map_option' '--warn=clippy::filter_map_next' '--warn=clippy::fallible_impl_from' '--warn=clippy::explicit_into_iter_loop' '--warn=clippy::explicit_deref_methods' '--warn=clippy::expl_impl_clone_on_copy' '--warn=clippy::enum_glob_use' '--warn=clippy::empty_enums' '--warn=clippy::doc_markdown' '--warn=clippy::debug_assert_with_mut_call' '--warn=clippy::dbg_macro' '--warn=clippy::create_dir' '--allow=clippy::collapsible_else_if' '--warn=clippy::checked_conversions' '--allow=clippy::branches_sharing_code' '--allow=clippy::bool_assert_comparison' '--allow=clippy::blocks_in_conditions' '--allow=clippy::assigning_clones' --cfg 'feature="color"' --cfg 'feature="derive"' --cfg 'feature="std"' --cfg 'feature="wrap_help"' --check-cfg 'cfg(docsrs,test)' --check-cfg 'cfg(feature, values("cargo", "color", "debug", "default", "deprecated", "derive", "env", "error-context", "help", "std", "string", "suggestions", "unicode", "unstable-derive-ui-tests", "unstable-doc", "unstable-ext", "unstable-markdown", "unstable-styles", "unstable-v5", "usage", "wrap_help"))' -C metadata=11a591d7d3f670e2 -C extra-filename=-1f4e4a61c35c656a --out-dir /__w/waterkit/waterkit/target/debug/deps -L dependency=/__w/waterkit/waterkit/target/debug/deps --extern clap_builder=/__w/waterkit/waterkit/target/debug/deps/libclap_builder-e43b1dc17ae1f31e.rmeta --extern clap_derive=/__w/waterkit/waterkit/target/debug/deps/libclap_derive-2c85514a3aa177d1.so --cap-lints allow`
Test / ubuntu-latest	UNKNOWN STEP	2026-02-20T20:39:51.5690139Z [1m[92m   Compiling[0m zune-inflate v0.2.54
Test / ubuntu-latest	UNKNOWN STEP	2026-02-20T20:39:51.5765764Z [1m[92m     Running[0m `/github/home/.rustup/toolchains/nightly-x86_64-unknown-linux-gnu/bin/rustc --crate-name zune_inflate --edition=2021 /github/home/.cargo/registry/src/index.crates.io-1949cf8c6b5b557f/zune-inflate-0.2.54/src/lib.rs --error-format=json --json=diagnostic-rendered-ansi,artifacts,future-incompat --crate-type lib --emit=dep-info,metadata,link -C embed-bitcode=no -C debuginfo=2 --cfg 'feature="simd-adler32"' --cfg 'feature="zlib"' --check-cfg 'cfg(docsrs,test)' --check-cfg 'cfg(feature, values("default", "gzip", "simd-adler32", "std", "zlib"))' -C metadata=ab8091dc8f4fc4dc -C extra-filename=-7fb1eb5f6be5f30b --out-dir /__w/waterkit/waterkit/target/debug/deps -L dependency=/__w/waterkit/waterkit/target/debug/deps --extern simd_adler32=/__w/waterkit/waterkit/target/debug/deps/libsimd_adler32-628a0c0efaf5a45f.rmeta --cap-lints allow`
Test / ubuntu-latest	UNKNOWN STEP	2026-02-20T20:39:51.5931577Z [1m[92m   Compiling[0m itertools v0.10.5
Test / ubuntu-latest	UNKNOWN STEP	2026-02-20T20:39:51.5942270Z [1m[92m     Running[0m `/github/home/.rustup/toolchains/nightly-x86_64-unknown-linux-gnu/bin/rustc --crate-name itertools --edition=2018 /github/home/.cargo/registry/src/index.crates.io-1949cf8c6b5b557f/itertools-0.10.5/src/lib.rs --error-format=json --json=diagnostic-rendered-ansi,artifacts,future-incompat --crate-type lib --emit=dep-info,metadata,link -C embed-bitcode=no -C debuginfo=2 --cfg 'feature="default"' --cfg 'feature="use_alloc"' --cfg 'feature="use_std"' --check-cfg 'cfg(docsrs,test)' --check-cfg 'cfg(feature, values("default", "use_alloc", "use_std"))' -C metadata=098b8c405991d13d -C extra-filename=-572ae159a8855573 --out-dir /__w/waterkit/waterkit/target/debug/deps -L dependency=/__w/waterkit/waterkit/target/debug/deps --extern either=/__w/waterkit/waterkit/target/debug/deps/libeither-9a78d543324cf6ff.rmeta --cap-lints allow`
Test / ubuntu-latest	UNKNOWN STEP	2026-02-20T20:39:51.8250869Z [1m[92m   Compiling[0m arg_enum_proc_macro v0.3.4
Test / ubuntu-latest	UNKNOWN STEP	2026-02-20T20:39:51.8333473Z [1m[92m     Running[0m `/github/home/.rustup/toolchains/nightly-x86_64-unknown-linux-gnu/bin/rustc --crate-name arg_enum_proc_macro --edition=2018 /github/home/.cargo/registry/src/index.crates.io-1949cf8c6b5b557f/arg_enum_proc_macro-0.3.4/src/lib.rs --error-format=json --json=diagnostic-rendered-ansi,artifacts,future-incompat --crate-type proc-macro --emit=dep-info,link -C prefer-dynamic -C embed-bitcode=no --check-cfg 'cfg(docsrs,test)' --check-cfg 'cfg(feature, values())' -C metadata=fe4e8bde77fe9961 -C extra-filename=-db087c568c674ea3 --out-dir /__w/waterkit/waterkit/target/debug/deps -L dependency=/__w/waterkit/waterkit/target/debug/deps --extern proc_macro2=/__w/waterkit/waterkit/target/debug/deps/libproc_macro2-9fe81c40f0b8c0b8.rlib --extern quote=/__w/waterkit/waterkit/target/debug/deps/libquote-5f37932b4137efa1.rlib --extern syn=/__w/waterkit/waterkit/target/debug/deps/libsyn-56cc86ffab105581.rlib --extern proc_macro --cap-lints allow`
Test / ubuntu-latest	UNKNOWN STEP	2026-02-20T20:39:51.9689545Z [1m[92m   Compiling[0m nom v8.0.0
Test / ubuntu-latest	UNKNOWN STEP	2026-02-20T20:39:51.9743904Z [1m[92m     Running[0m `/github/home/.rustup/toolchains/nightly-x86_64-unknown-linux-gnu/bin/rustc --crate-name nom --edition=2021 /github/home/.cargo/registry/src/index.crates.io-1949cf8c6b5b557f/nom-8.0.0/src/lib.rs --error-format=json --json=diagnostic-rendered-ansi,artifacts,future-incompat --crate-type lib --emit=dep-info,metadata,link -C embed-bitcode=no -C debuginfo=2 --cfg 'feature="alloc"' --cfg 'feature="default"' --cfg 'feature="std"' --check-cfg 'cfg(docsrs,test)' --check-cfg 'cfg(feature, values("alloc", "default", "docsrs", "std"))' -C metadata=908a86e5a9e5ce88 -C extra-filename=-08e74acbc8009537 --out-dir /__w/waterkit/waterkit/target/debug/deps -L dependency=/__w/waterkit/waterkit/target/debug/deps --extern memchr=/__w/waterkit/waterkit/target/debug/deps/libmemchr-6107e8755c89e2eb.rmeta --cap-lints allow`
Test / ubuntu-latest	UNKNOWN STEP	2026-02-20T20:39:52.2561559Z [1m[92m   Compiling[0m lazy_static v1.5.0
Test / ubuntu-latest	UNKNOWN STEP	2026-02-20T20:39:52.2565886Z [1m[92m     Running[0m `/github/home/.rustup/toolchains/nightly-x86_64-unknown-linux-gnu/bin/rustc --crate-name lazy_static --edition=2015 /github/home/.cargo/registry/src/index.crates.io-1949cf8c6b5b557f/lazy_static-1.5.0/src/lib.rs --error-format=json --json=diagnostic-rendered-ansi,artifacts,future-incompat --crate-type lib --emit=dep-info,metadata,link -C embed-bitcode=no -C debuginfo=2 --check-cfg 'cfg(docsrs,test)' --check-cfg 'cfg(feature, values("spin", "spin_no_std"))' -C metadata=93844c37f5beebe8 -C extra-filename=-87c02066b6621a70 --out-dir /__w/waterkit/waterkit/target/debug/deps -L dependency=/__w/waterkit/waterkit/target/debug/deps --cap-lints allow`
Test / ubuntu-latest	UNKNOWN STEP	2026-02-20T20:39:52.2971640Z [1m[92m   Compiling[0m lab v0.11.0
Test / ubuntu-latest	UNKNOWN STEP	2026-02-20T20:39:52.2980990Z [1m[92m     Running[0m `/github/home/.rustup/toolchains/nightly-x86_64-unknown-linux-gnu/bin/rustc --crate-name lab --edition=2015 /github/home/.cargo/registry/src/index.crates.io-1949cf8c6b5b557f/lab-0.11.0/src/lib.rs --error-format=json --json=diagnostic-rendered-ansi,artifacts,future-incompat --crate-type lib --emit=dep-info,metadata,link -C embed-bitcode=no -C debuginfo=2 --check-cfg 'cfg(docsrs,test)' --check-cfg 'cfg(feature, values())' -C metadata=c268d8d2f6f86bae -C extra-filename=-d50c4485fe2eb5ef --out-dir /__w/waterkit/waterkit/target/debug/deps -L dependency=/__w/waterkit/waterkit/target/debug/deps --cap-lints allow`
Test / ubuntu-latest	UNKNOWN STEP	2026-02-20T20:39:52.3816716Z [1m[92m   Compiling[0m y4m v0.8.0
Test / ubuntu-latest	UNKNOWN STEP	2026-02-20T20:39:52.3871901Z [1m[92m     Running[0m `/github/home/.rustup/toolchains/nightly-x86_64-unknown-linux-gnu/bin/rustc --crate-name y4m --edition=2015 /github/home/.cargo/registry/src/index.crates.io-1949cf8c6b5b557f/y4m-0.8.0/src/lib.rs --error-format=json --json=diagnostic-rendered-ansi,artifacts,future-incompat --crate-type lib --emit=dep-info,metadata,link -C embed-bitcode=no -C debuginfo=2 --check-cfg 'cfg(docsrs,test)' --check-cfg 'cfg(feature, values())' -C metadata=95f2dc1fb517e38c -C extra-filename=-3baff9ea8af47d21 --out-dir /__w/waterkit/waterkit/target/debug/deps -L dependency=/__w/waterkit/waterkit/target/debug/deps --cap-lints allow`
Test / ubuntu-latest	UNKNOWN STEP	2026-02-20T20:39:52.5548310Z [1m[92m   Compiling[0m lebe v0.5.3
Test / ubuntu-latest	UNKNOWN STEP	2026-02-20T20:39:52.5615635Z [1m[92m     Running[0m `/github/home/.rustup/toolchains/nightly-x86_64-unknown-linux-gnu/bin/rustc --crate-name lebe --edition=2018 /github/home/.cargo/registry/src/index.crates.io-1949cf8c6b5b557f/lebe-0.5.3/src/lib.rs --error-format=json --json=diagnostic-rendered-ansi,artifacts,future-incompat --crate-type lib --emit=dep-info,metadata,link -C embed-bitcode=no -C debuginfo=2 --check-cfg 'cfg(docsrs,test)' --check-cfg 'cfg(feature, values())' -C metadata=f8bf9b4e13aca923 -C extra-filename=-060df694a0eb5ff9 --out-dir /__w/waterkit/waterkit/target/debug/deps -L dependency=/__w/waterkit/waterkit/target/debug/deps --cap-lints allow`
Test / ubuntu-latest	UNKNOWN STEP	2026-02-20T20:39:52.6911505Z [1m[92m   Compiling[0m bit_field v0.10.3
Test / ubuntu-latest	UNKNOWN STEP	2026-02-20T20:39:52.6965855Z [1m[92m     Running[0m `/github/home/.rustup/toolchains/nightly-x86_64-unknown-linux-gnu/bin/rustc --crate-name bit_field --edition=2015 /github/home/.cargo/registry/src/index.crates.io-1949cf8c6b5b557f/bit_field-0.10.3/src/lib.rs --error-format=json --json=diagnostic-rendered-ansi,artifacts,future-incompat --crate-type lib --emit=dep-info,metadata,link -C embed-bitcode=no -C debuginfo=2 --check-cfg 'cfg(docsrs,test)' --check-cfg 'cfg(feature, values())' -C metadata=04809d431558dbae -C extra-filename=-730cb4483cfc221a --out-dir /__w/waterkit/waterkit/target/debug/deps -L dependency=/__w/waterkit/waterkit/target/debug/deps --cap-lints allow`
Test / ubuntu-latest	UNKNOWN STEP	2026-02-20T20:39:52.7703751Z [1m[92m   Compiling[0m litrs v1.0.0
Test / ubuntu-latest	UNKNOWN STEP	2026-02-20T20:39:52.7787814Z [1m[92m     Running[0m `/github/home/.rustup/toolchains/nightly-x86_64-unknown-linux-gnu/bin/rustc --crate-name litrs --edition=2021 /github/home/.cargo/registry/src/index.crates.io-1949cf8c6b5b557f/litrs-1.0.0/src/lib.rs --error-format=json --json=diagnostic-rendered-ansi,artifacts,future-incompat --crate-type lib --emit=dep-info,metadata,link -C embed-bitcode=no --check-cfg 'cfg(docsrs,test)' --check-cfg 'cfg(feature, values("check_suffix", "proc-macro2", "unicode-xid"))' -C metadata=10a4c90ed6501054 -C extra-filename=-b1a979820ac15899 --out-dir /__w/waterkit/waterkit/target/debug/deps -L dependency=/__w/waterkit/waterkit/target/debug/deps --cap-lints allow`
Test / ubuntu-latest	UNKNOWN STEP	2026-02-20T20:39:52.7949176Z [1m[92m   Compiling[0m pastey v0.1.1
Test / ubuntu-latest	UNKNOWN STEP	2026-02-20T20:39:52.7962885Z [1m[92m     Running[0m `/github/home/.rustup/toolchains/nightly-x86_64-unknown-linux-gnu/bin/rustc --crate-name pastey --edition=2018 /github/home/.cargo/registry/src/index.crates.io-1949cf8c6b5b557f/pastey-0.1.1/src/lib.rs --error-format=json --json=diagnostic-rendered-ansi,artifacts,future-incompat --crate-type proc-macro --emit=dep-info,link -C prefer-dynamic -C embed-bitcode=no --check-cfg 'cfg(docsrs,test)' --check-cfg 'cfg(feature, values())' -C metadata=554cc485b4613297 -C extra-filename=-df50ae5846cab05c --out-dir /__w/waterkit/waterkit/target/debug/deps -L dependency=/__w/waterkit/waterkit/target/debug/deps --extern proc_macro --cap-lints allow`
Test / ubuntu-latest	UNKNOWN STEP	2026-02-20T20:39:53.1967370Z [1m[92m     Running[0m `/github/home/.rustup/toolchains/nightly-x86_64-unknown-linux-gnu/bin/rustc --crate-name av_scenechange --edition=2021 /github/home/.cargo/registry/src/index.crates.io-1949cf8c6b5b557f/av-scenechange-0.14.1/src/lib.rs --error-format=json --json=diagnostic-rendered-ansi,artifacts,future-incompat --crate-type lib --emit=dep-info,metadata,link -C embed-bitcode=no -C debuginfo=2 --warn=unexpected_cfgs '--warn=clippy::missing_inline_in_public_items' '--warn=clippy::inline_always' --check-cfg 'cfg(asm_x86_64)' --check-cfg 'cfg(asm_neon)' --check-cfg 'cfg(docsrs,test)' --check-cfg 'cfg(feature, values("asm", "binary", "cc", "clap", "console", "default", "devel", "fern", "ffmpeg", "ffmpeg-the-third", "libc", "nasm-rs", "serde", "serde_json", "serialize", "tracing", "tracing-chrome", "tracing-subscriber", "vapoursynth"))' -C metadata=570f0f1dcead1408 -C extra-filename=-90e7b0e55b1a9db2 --out-dir /__w/waterkit/waterkit/target/debug/deps -L dependency=/__w/waterkit/waterkit/target/debug/deps --extern aligned=/__w/waterkit/waterkit/target/debug/deps/libaligned-879395fedb79914b.rmeta --extern anyhow=/__w/waterkit/waterkit/target/debug/deps/libanyhow-442d8d19315a85b2.rmeta --extern arg_enum_proc_macro=/__w/waterkit/waterkit/target/debug/deps/libarg_enum_proc_macro-db087c568c674ea3.so --extern arrayvec=/__w/waterkit/waterkit/target/debug/deps/libarrayvec-a2b5b1cd6af46bc5.rmeta --extern log=/__w/waterkit/waterkit/target/debug/deps/liblog-2f944dc4363dc0db.rmeta --extern num_rational=/__w/waterkit/waterkit/target/debug/deps/libnum_rational-a22ba804e5558691.rmeta --extern num_traits=/__w/waterkit/waterkit/target/debug/deps/libnum_traits-0a996891582b552d.rmeta --extern pastey=/__w/waterkit/waterkit/target/debug/deps/libpastey-df50ae5846cab05c.so --extern rayon=/__w/waterkit/waterkit/target/debug/deps/librayon-9edd9c9039b90399.rmeta --extern thiserror=/__w/waterkit/waterkit/target/debug/deps/libthiserror-cdc3975023d2ec8a.rmeta --extern v_frame=/__w/waterkit/waterkit/target/debug/deps/libv_frame-dbd9e2f60be7bf5a.rmeta --extern y4m=/__w/waterkit/waterkit/target/debug/deps/liby4m-3baff9ea8af47d21.rmeta --cap-lints allow`
Test / ubuntu-latest	UNKNOWN STEP	2026-02-20T20:39:53.2033748Z [1m[92m   Compiling[0m document-features v0.2.12
Test / ubuntu-latest	UNKNOWN STEP	2026-02-20T20:39:53.2099653Z [1m[92m     Running[0m `/github/home/.rustup/toolchains/nightly-x86_64-unknown-linux-gnu/bin/rustc --crate-name document_features --edition=2018 /github/home/.cargo/registry/src/index.crates.io-1949cf8c6b5b557f/document-features-0.2.12/lib.rs --error-format=json --json=diagnostic-rendered-ansi,artifacts,future-incompat --crate-type proc-macro --emit=dep-info,link -C prefer-dynamic -C embed-bitcode=no --cfg 'feature="default"' --check-cfg 'cfg(docsrs,test)' --check-cfg 'cfg(feature, values("default", "self-test"))' -C metadata=8224979986ece2ea -C extra-filename=-52bac9d899dfb4ab --out-dir /__w/waterkit/waterkit/target/debug/deps -L dependency=/__w/waterkit/waterkit/target/debug/deps --extern litrs=/__w/waterkit/waterkit/target/debug/deps/liblitrs-b1a979820ac15899.rlib --extern proc_macro --cap-lints allow`
Test / ubuntu-latest	UNKNOWN STEP	2026-02-20T20:39:53.5497649Z [1m[92m   Compiling[0m exr v1.74.0
Test / ubuntu-latest	UNKNOWN STEP	2026-02-20T20:39:53.5509772Z [1m[92m     Running[0m `/github/home/.rustup/toolchains/nightly-x86_64-unknown-linux-gnu/bin/rustc --crate-name exr --edition=2018 /github/home/.cargo/registry/src/index.crates.io-1949cf8c6b5b557f/exr-1.74.0/src/lib.rs --error-format=json --json=diagnostic-rendered-ansi,artifacts,future-incompat --crate-type lib --emit=dep-info,metadata,link -C embed-bitcode=no -C debuginfo=2 --cfg 'feature="default"' --cfg 'feature="rayon"' --check-cfg 'cfg(docsrs,test)' --check-cfg 'cfg(feature, values("default", "rayon"))' -C metadata=82d952740842262a -C extra-filename=-f08bfa313083d3bc --out-dir /__w/waterkit/waterkit/target/debug/deps -L dependency=/__w/waterkit/waterkit/target/debug/deps --extern bit_field=/__w/waterkit/waterkit/target/debug/deps/libbit_field-730cb4483cfc221a.rmeta --extern half=/__w/waterkit/waterkit/target/debug/deps/libhalf-941b768d1d0a609f.rmeta --extern lebe=/__w/waterkit/waterkit/target/debug/deps/liblebe-060df694a0eb5ff9.rmeta --extern miniz_oxide=/__w/waterkit/waterkit/target/debug/deps/libminiz_oxide-f95b54d3b8c71ec6.rmeta --extern rayon_core=/__w/waterkit/waterkit/target/debug/deps/librayon_core-0645cddf271abca5.rmeta --extern smallvec=/__w/waterkit/waterkit/target/debug/deps/libsmallvec-e23cfd1cc88132d6.rmeta --extern zune_inflate=/__w/waterkit/waterkit/target/debug/deps/libzune_inflate-7fb1eb5f6be5f30b.rmeta --cap-lints allow`
Test / ubuntu-latest	UNKNOWN STEP	2026-02-20T20:39:53.9223248Z [1m[92m   Compiling[0m av-metrics v0.9.1
Test / ubuntu-latest	UNKNOWN STEP	2026-02-20T20:39:53.9239103Z [1m[92m     Running[0m `/github/home/.rustup/toolchains/nightly-x86_64-unknown-linux-gnu/bin/rustc --crate-name av_metrics --edition=2021 /github/home/.cargo/registry/src/index.crates.io-1949cf8c6b5b557f/av-metrics-0.9.1/src/lib.rs --error-format=json --json=diagnostic-rendered-ansi,artifacts,future-incompat --crate-type lib --emit=dep-info,metadata,link -C embed-bitcode=no -C debuginfo=2 --check-cfg 'cfg(docsrs,test)' --check-cfg 'cfg(feature, values("serde"))' -C metadata=20bcb909634288c5 -C extra-filename=-ad17ce97d317a5bd --out-dir /__w/waterkit/waterkit/target/debug/deps -L dependency=/__w/waterkit/waterkit/target/debug/deps --extern crossbeam=/__w/waterkit/waterkit/target/debug/deps/libcrossbeam-fef7e2c3c5470a53.rmeta --extern itertools=/__w/waterkit/waterkit/target/debug/deps/libitertools-572ae159a8855573.rmeta --extern lab=/__w/waterkit/waterkit/target/debug/deps/liblab-d50c4485fe2eb5ef.rmeta --extern num_traits=/__w/waterkit/waterkit/target/debug/deps/libnum_traits-0a996891582b552d.rmeta --extern rayon=/__w/waterkit/waterkit/target/debug/deps/librayon-9edd9c9039b90399.rmeta --extern thiserror=/__w/waterkit/waterkit/target/debug/deps/libthiserror-2f1c23297b86e63d.rmeta --extern v_frame=/__w/waterkit/waterkit/target/debug/deps/libv_frame-dbd9e2f60be7bf5a.rmeta --cap-lints allow`
Test / ubuntu-latest	UNKNOWN STEP	2026-02-20T20:39:54.5146499Z [1m[92m   Compiling[0m ivf v0.1.4
Test / ubuntu-latest	UNKNOWN STEP	2026-02-20T20:39:54.5164976Z [1m[92m     Running[0m `/github/home/.rustup/toolchains/nightly-x86_64-unknown-linux-gnu/bin/rustc --crate-name ivf --edition=2021 /github/home/.cargo/registry/src/index.crates.io-1949cf8c6b5b557f/ivf-0.1.4/src/lib.rs --error-format=json --json=diagnostic-rendered-ansi,artifacts,future-incompat --crate-type lib --emit=dep-info,metadata,link -C embed-bitcode=no -C debuginfo=2 '--allow=clippy::upper_case_acronyms' '--allow=clippy::too_many_arguments' '--allow=clippy::needless_range_loop' '--warn=clippy::missing_safety_doc' '--warn=clippy::missing_panics_doc' '--warn=clippy::missing_errors_doc' '--allow=clippy::enum_variant_names' '--warn=clippy::doc_markdown' '--warn=clippy::doc_link_with_quotes' '--allow=clippy::comparison_chain' --check-cfg 'cfg(docsrs,test)' --check-cfg 'cfg(feature, values())' -C metadata=7095b9f407296d63 -C extra-filename=-027fab2815948fb8 --out-dir /__w/waterkit/waterkit/target/debug/deps -L dependency=/__w/waterkit/waterkit/target/debug/deps --extern bitstream_io=/__w/waterkit/waterkit/target/debug/deps/libbitstream_io-b3f5098d1b1a2e23.rmeta --cap-lints allow`
Test / ubuntu-latest	UNKNOWN STEP	2026-02-20T20:39:54.7119431Z [1m[92m   Compiling[0m clap_complete v4.5.66
Test / ubuntu-latest	UNKNOWN STEP	2026-02-20T20:39:54.7149566Z [1m[92m     Running[0m `/github/home/.rustup/toolchains/nightly-x86_64-unknown-linux-gnu/bin/rustc --crate-name clap_complete --edition=2021 /github/home/.cargo/registry/src/index.crates.io-1949cf8c6b5b557f/clap_complete-4.5.66/src/lib.rs --error-format=json --json=diagnostic-rendered-ansi,artifacts,future-incompat --crate-type lib --emit=dep-info,metadata,link -C embed-bitcode=no -C debuginfo=2 --warn=rust_2018_idioms '--warn=clippy::zero_sized_map_values' '--warn=clippy::verbose_file_reads' --warn=unused_qualifications --warn=unused_macro_rules --warn=unused_lifetimes --warn=unsafe_op_in_unsafe_fn --warn=unreachable_pub --allow=unnameable_types '--warn=clippy::uninlined_format_args' '--warn=clippy::trait_duplication_in_bounds' '--warn=clippy::todo' '--warn=clippy::string_lit_as_bytes' '--warn=clippy::string_add_assign' '--warn=clippy::semicolon_if_nothing_returned' '--warn=clippy::self_named_module_files' '--warn=clippy::same_functions_in_if_condition' '--allow=clippy::result_large_err' '--warn=clippy::rest_pat_in_fully_bound_structs' '--warn=clippy::ref_option_ref' '--warn=clippy::redundant_feature_names' '--warn=clippy::rc_mutex' '--warn=clippy::ptr_as_ptr' '--warn=clippy::path_buf_push_overwrite' '--warn=clippy::negative_feature_names' '--warn=clippy::needless_for_each' '--allow=clippy::needless_continue' '--warn=clippy::mutex_integer' '--allow=clippy::multiple_bound_locations' '--warn=clippy::mem_forget' '--warn=clippy::macro_use_imports' '--warn=clippy::lossy_float_literal' '--warn=clippy::linkedlist' '--allow=clippy::let_and_return' '--warn=clippy::large_types_passed_by_value' '--warn=clippy::large_stack_arrays' '--warn=clippy::large_digit_groups' '--warn=clippy::invalid_upcast_comparisons' '--warn=clippy::infinite_loop' '--warn=clippy::inefficient_to_string' '--warn=clippy::inconsistent_struct_constructor' '--warn=clippy::imprecise_flops' '--warn=clippy::implicit_clone' '--allow=clippy::if_same_then_else' '--warn=clippy::from_iter_instead_of_collect' '--warn=clippy::fn_params_excessive_bools' '--warn=clippy::float_cmp_const' '--warn=clippy::flat_map_option' '--warn=clippy::filter_map_next' '--warn=clippy::fallible_impl_from' '--warn=clippy::explicit_into_iter_loop' '--warn=clippy::explicit_deref_methods' '--warn=clippy::expl_impl_clone_on_copy' '--warn=clippy::enum_glob_use' '--warn=clippy::empty_enums' '--warn=clippy::doc_markdown' '--warn=clippy::debug_assert_with_mut_call' '--warn=clippy::dbg_macro' '--warn=clippy::create_dir' '--allow=clippy::collapsible_else_if' '--warn=clippy::checked_conversions' '--allow=clippy::branches_sharing_code' '--allow=clippy::bool_assert_comparison' '--allow=clippy::blocks_in_conditions' '--allow=clippy::assigning_clones' --cfg 'feature="default"' --check-cfg 'cfg(docsrs,test)' --check-cfg 'cfg(feature, values("debug", "default", "unstable-doc", "unstable-dynamic", "unstable-shell-tests"))' -C metadata=47c046b690b87313 -C extra-filename=-909aaf826fae90cc --out-dir /__w/waterkit/waterkit/target/debug/deps -L dependency=/__w/waterkit/waterkit/target/debug/deps --extern clap=/__w/waterkit/waterkit/target/debug/deps/libclap-1f4e4a61c35c656a.rmeta --cap-lints allow`
Test / ubuntu-latest	UNKNOWN STEP	2026-02-20T20:39:54.8409503Z [1m[92m   Compiling[0m av1-grain v0.2.5
Test / ubuntu-latest	UNKNOWN STEP	2026-02-20T20:39:54.8464724Z [1m[92m     Running[0m `/github/home/.rustup/toolchains/nightly-x86_64-unknown-linux-gnu/bin/rustc --crate-name av1_grain --edition=2021 /github/home/.cargo/registry/src/index.crates.io-1949cf8c6b5b557f/av1-grain-0.2.5/src/lib.rs --error-format=json --json=diagnostic-rendered-ansi,artifacts,future-incompat --crate-type lib --emit=dep-info,metadata,link -C embed-bitcode=no -C debuginfo=2 '--warn=clippy::zero_sized_map_values' '--warn=clippy::verbose_file_reads' '--warn=clippy::verbose_bit_mask' '--warn=clippy::unwrap_used' '--warn=clippy::unused_rounding' '--warn=clippy::unused_peekable' '--warn=clippy::unused_async' '--warn=clippy::unnecessary_join' '--warn=clippy::unnecessary_debug_formatting' '--warn=clippy::unnecessary_box_returns' '--allow=clippy::uninlined_format_args' '--warn=clippy::undocumented_unsafe_blocks' '--warn=clippy::trivially_copy_pass_by_ref' '--warn=clippy::trivial_regex' '--warn=clippy::transmute_undefined_repr' '--warn=clippy::transmute_ptr_to_ptr' '--warn=clippy::tests_outside_test_module' '--warn=clippy::suspicious_xor_used_as_pow' '--warn=clippy::suspicious_operation_groupings' '--warn=clippy::suboptimal_flops' '--warn=clippy::string_slice' '--warn=clippy::string_lit_chars_any' '--warn=clippy::str_split_at_newline' '--warn=clippy::stable_sort_primitive' '--deny=clippy::significant_drop_in_scrutinee' '--warn=clippy::set_contains_or_insert' '--warn=clippy::semicolon_if_nothing_returned' '--warn=clippy::ref_option_ref' '--warn=clippy::ref_option' '--warn=clippy::redundant_test_prefix' '--warn=clippy::redundant_clone' '--warn=clippy::read_zero_byte_vec' '--warn=clippy::rc_mutex' '--warn=clippy::rc_buffer' '--warn=clippy::range_plus_one' '--warn=clippy::range_minus_one' '--warn=clippy::precedence_bits' '--warn=clippy::pathbuf_init_then_push' '--warn=clippy::path_buf_push_overwrite' '--warn=clippy::or_fun_call' '--warn=clippy::option_if_let_else' '--warn=clippy::option_as_ref_cloned' '--warn=clippy::non_zero_suggestions' '--warn=clippy::non_std_lazy_statics' '--deny=clippy::non_send_fields_in_send_ty' '--warn=clippy::needless_pass_by_value' '--warn=clippy::needless_pass_by_ref_mut' '--warn=clippy::needless_continue' '--warn=clippy::needless_collect' '--warn=clippy::needless_bitwise_bool' '--warn=clippy::naive_bytecount' '--warn=clippy::mutex_integer' '--warn=clippy::mutex_atomic' '--warn=clippy::mut_mut' '--warn=clippy::mixed_read_write_in_expression' '--warn=clippy::missing_inline_in_public_items' '--warn=clippy::mismatching_type_param_order' '--warn=clippy::mem_forget' '--warn=clippy::maybe_infinite_iter' '--warn=clippy::match_bool' '--warn=clippy::map_with_unused_argument_over_ranges' '--warn=clippy::map_unwrap_or' '--warn=clippy::manual_string_new' '--warn=clippy::manual_midpoint' '--warn=clippy::manual_let_else' '--warn=clippy::manual_is_variant_and' '--warn=clippy::manual_is_power_of_two' '--warn=clippy::manual_instant_elapsed' '--warn=clippy::manual_assert' '--warn=clippy::macro_use_imports' '--deny=clippy::linkedlist' '--warn=clippy::large_types_passed_by_value' '--warn=clippy::large_stack_frames' '--warn=clippy::large_stack_arrays' '--warn=clippy::large_include_file' '--warn=clippy::large_futures' '--warn=clippy::iter_with_drain' '--warn=clippy::iter_on_single_items' '--warn=clippy::iter_on_empty_collections' '--warn=clippy::iter_filter_is_some' '--warn=clippy::iter_filter_is_ok' '--warn=clippy::invalid_upcast_comparisons' '--warn=clippy::inline_always' '--warn=clippy::infinite_loop' '--warn=clippy::inefficient_to_string' '--warn=clippy::inconsistent_struct_constructor' '--warn=clippy::imprecise_flops' '--warn=clippy::implicit_clone' '--warn=clippy::ignore_without_reason' '--warn=clippy::if_then_some_else_none' '--warn=clippy::future_not_send' '--warn=clippy::format_push_string' '--warn=clippy::format_collect' '--warn=clippy::flat_map_option' '--warn=clippy::filter_map_next' '--warn=clippy::filetype_is_file' '--deny=clippy::expl_impl_clone_on_copy' '--warn=clippy::equatable_if_let' '--warn=clippy::enum_glob_use' '--deny=clippy::debug_assert_with_mut_call' '--warn=clippy::dbg_macro' '--warn=clippy::create_dir' '--warn=clippy::collection_is_never_read' '--warn=clippy::cloned_instead_of_copied' '--warn=clippy::clone_on_ref_ptr' '--warn=clippy::clear_with_drain' '--warn=clippy::checked_conversions' '--deny=clippy::cfg_not_test' '--warn=clippy::case_sensitive_file_extension_comparisons' --cfg 'feature="create"' --cfg 'feature="default"' --cfg 'feature="diff"' --cfg 'feature="estimate"' --cfg 'feature="nom"' --cfg 'feature="num-rational"' --cfg 'feature="parse"' --cfg 'feature="v_frame"' --check-cfg 'cfg(docsrs,test)' --check-cfg 'cfg(feature, values("create", "default", "diff", "estimate", "nom", "num-rational", "parse", "serde", "serialize", "unstable", "v_frame"))' -C metadata=8bc01f01bc4693dc -C extra-filename=-b08a7178551b13b4 --out-dir /__w/waterkit/waterkit/target/debug/deps -L dependency=/__w/waterkit/waterkit/target/debug/deps --extern anyhow=/__w/waterkit/waterkit/target/debug/deps/libanyhow-442d8d19315a85b2.rmeta --extern arrayvec=/__w/waterkit/waterkit/target/debug/deps/libarrayvec-a2b5b1cd6af46bc5.rmeta --extern log=/__w/waterkit/waterkit/target/debug/deps/liblog-2f944dc4363dc0db.rmeta --extern nom=/__w/waterkit/waterkit/target/debug/deps/libnom-08e74acbc8009537.rmeta --extern num_rational=/__w/waterkit/waterkit/target/debug/deps/libnum_rational-a22ba804e5558691.rmeta --extern v_frame=/__w/waterkit/waterkit/target/debug/deps/libv_frame-dbd9e2f60be7bf5a.rmeta --cap-lints allow`
Test / ubuntu-latest	UNKNOWN STEP	2026-02-20T20:39:55.4452689Z [1m[92m     Running[0m `/github/home/.rustup/toolchains/nightly-x86_64-unknown-linux-gnu/bin/rustc --crate-name signal_hook --edition=2018 /github/home/.cargo/registry/src/index.crates.io-1949cf8c6b5b557f/signal-hook-0.3.18/src/lib.rs --error-format=json --json=diagnostic-rendered-ansi,artifacts,future-incompat --crate-type lib --emit=dep-info,metadata,link -C embed-bitcode=no -C debuginfo=2 --cfg 'feature="channel"' --cfg 'feature="default"' --cfg 'feature="iterator"' --check-cfg 'cfg(docsrs,test)' --check-cfg 'cfg(feature, values("cc", "channel", "default", "extended-siginfo", "extended-siginfo-raw", "iterator"))' -C metadata=a0ccffa7b80448ec -C extra-filename=-89250b10484e8026 --out-dir /__w/waterkit/waterkit/target/debug/deps -L dependency=/__w/waterkit/waterkit/target/debug/deps --extern libc=/__w/waterkit/waterkit/target/debug/deps/liblibc-32506a6f335a62d8.rmeta --extern signal_hook_registry=/__w/waterkit/waterkit/target/debug/deps/libsignal_hook_registry-b020e763515f3945.rmeta --cap-lints allow`
Test / ubuntu-latest	UNKNOWN STEP	2026-02-20T20:39:55.7283133Z [1m[92m   Compiling[0m maybe-rayon v0.1.1
Test / ubuntu-latest	UNKNOWN STEP	2026-02-20T20:39:55.7294912Z [1m[92m     Running[0m `/github/home/.rustup/toolchains/nightly-x86_64-unknown-linux-gnu/bin/rustc --crate-name maybe_rayon --edition=2021 /github/home/.cargo/registry/src/index.crates.io-1949cf8c6b5b557f/maybe-rayon-0.1.1/src/lib.rs --error-format=json --json=diagnostic-rendered-ansi,artifacts,future-incompat --crate-type lib --emit=dep-info,metadata,link -C embed-bitcode=no -C debuginfo=2 --cfg 'feature="rayon"' --cfg 'feature="threads"' --check-cfg 'cfg(docsrs,test)' --check-cfg 'cfg(feature, values("default", "rayon", "threads"))' -C metadata=b2d9bf906538a817 -C extra-filename=-819a74f85b31b75b --out-dir /__w/waterkit/waterkit/target/debug/deps -L dependency=/__w/waterkit/waterkit/target/debug/deps --extern cfg_if=/__w/waterkit/waterkit/target/debug/deps/libcfg_if-2262c59ed30cbfdf.rmeta --extern rayon=/__w/waterkit/waterkit/target/debug/deps/librayon-9edd9c9039b90399.rmeta --cap-lints allow`
Test / ubuntu-latest	UNKNOWN STEP	2026-02-20T20:39:55.7747571Z [1m[92m   Compiling[0m console v0.15.11
Test / ubuntu-latest	UNKNOWN STEP	2026-02-20T20:39:55.7830280Z [1m[92m     Running[0m `/github/home/.rustup/toolchains/nightly-x86_64-unknown-linux-gnu/bin/rustc --crate-name console --edition=2021 /github/home/.cargo/registry/src/index.crates.io-1949cf8c6b5b557f/console-0.15.11/src/lib.rs --error-format=json --json=diagnostic-rendered-ansi,artifacts,future-incompat --crate-type lib --emit=dep-info,metadata,link -C embed-bitcode=no -C debuginfo=2 --cfg 'feature="ansi-parsing"' --cfg 'feature="default"' --cfg 'feature="unicode-width"' --check-cfg 'cfg(docsrs,test)' --check-cfg 'cfg(feature, values("ansi-parsing", "default", "unicode-width", "windows-console-colors"))' -C metadata=262d91a60d73fd55 -C extra-filename=-184baf54c50c90c0 --out-dir /__w/waterkit/waterkit/target/debug/deps -L dependency=/__w/waterkit/waterkit/target/debug/deps --extern libc=/__w/waterkit/waterkit/target/debug/deps/liblibc-32506a6f335a62d8.rmeta --extern once_cell=/__w/waterkit/waterkit/target/debug/deps/libonce_cell-6c5ecd365f058077.rmeta --extern unicode_width=/__w/waterkit/waterkit/target/debug/deps/libunicode_width-a6375d3a2a26d1e5.rmeta --cap-lints allow`
Test / ubuntu-latest	UNKNOWN STEP	2026-02-20T20:39:56.0194424Z [1m[92m   Compiling[0m qoi v0.4.1
Test / ubuntu-latest	UNKNOWN STEP	2026-02-20T20:39:56.0280323Z [1m[92m     Running[0m `/github/home/.rustup/toolchains/nightly-x86_64-unknown-linux-gnu/bin/rustc --crate-name qoi --edition=2021 /github/home/.cargo/registry/src/index.crates.io-1949cf8c6b5b557f/qoi-0.4.1/src/lib.rs --error-format=json --json=diagnostic-rendered-ansi,artifacts,future-incompat --crate-type lib --emit=dep-info,metadata,link -C embed-bitcode=no -C debuginfo=2 --cfg 'feature="default"' --cfg 'feature="std"' --check-cfg 'cfg(docsrs,test)' --check-cfg 'cfg(feature, values("alloc", "default", "reference", "std"))' -C metadata=62b974f010498363 -C extra-filename=-0429fa78813812a2 --out-dir /__w/waterkit/waterkit/target/debug/deps -L dependency=/__w/waterkit/waterkit/target/debug/deps --extern bytemuck=/__w/waterkit/waterkit/target/debug/deps/libbytemuck-8de1eb58aa0bd7fa.rmeta --cap-lints allow`
Test / ubuntu-latest	UNKNOWN STEP	2026-02-20T20:39:56.1963537Z [1m[92m   Compiling[0m fern v0.7.1
Test / ubuntu-latest	UNKNOWN STEP	2026-02-20T20:39:56.2016604Z [1m[92m     Running[0m `/github/home/.rustup/toolchains/nightly-x86_64-unknown-linux-gnu/bin/rustc --crate-name fern --edition=2018 /github/home/.cargo/registry/src/index.crates.io-1949cf8c6b5b557f/fern-0.7.1/src/lib.rs --error-format=json --json=diagnostic-rendered-ansi,artifacts,future-incompat --crate-type lib --emit=dep-info,metadata,link -C embed-bitcode=no -C debuginfo=2 --check-cfg 'cfg(docsrs,test)' --check-cfg 'cfg(feature, values("chrono", "colored", "date-based", "libc", "meta-logging-in-format", "reopen-03", "reopen-1", "reopen03", "reopen1", "syslog-3", "syslog-4", "syslog-6", "syslog-7", "syslog3", "syslog4", "syslog6", "syslog7"))' -C metadata=8e820ac03f6ba945 -C extra-filename=-2fb365e36c422c2e --out-dir /__w/waterkit/waterkit/target/debug/deps -L dependency=/__w/waterkit/waterkit/target/debug/deps --extern log=/__w/waterkit/waterkit/target/debug/deps/liblog-2f944dc4363dc0db.rmeta --cap-lints allow`
Test / ubuntu-latest	UNKNOWN STEP	2026-02-20T20:39:56.4440991Z [1m[92m   Compiling[0m simd_helpers v0.1.0
Test / ubuntu-latest	UNKNOWN STEP	2026-02-20T20:39:56.4523361Z [1m[92m     Running[0m `/github/home/.rustup/toolchains/nightly-x86_64-unknown-linux-gnu/bin/rustc --crate-name simd_helpers --edition=2018 /github/home/.cargo/registry/src/index.crates.io-1949cf8c6b5b557f/simd_helpers-0.1.0/src/lib.rs --error-format=json --json=diagnostic-rendered-ansi,artifacts,future-incompat --crate-type proc-macro --emit=dep-info,link -C prefer-dynamic -C embed-bitcode=no --check-cfg 'cfg(docsrs,test)' --check-cfg 'cfg(feature, values())' -C metadata=e48829ac04951de4 -C extra-filename=-93b5bccd4864faae --out-dir /__w/waterkit/waterkit/target/debug/deps -L dependency=/__w/waterkit/waterkit/target/debug/deps --extern quote=/__w/waterkit/waterkit/target/debug/deps/libquote-5f37932b4137efa1.rlib --extern proc_macro --cap-lints allow`
Test / ubuntu-latest	UNKNOWN STEP	2026-02-20T20:39:56.6024992Z [1m[92m   Compiling[0m new_debug_unreachable v1.0.6
Test / ubuntu-latest	UNKNOWN STEP	2026-02-20T20:39:56.6079256Z [1m[92m     Running[0m `/github/home/.rustup/toolchains/nightly-x86_64-unknown-linux-gnu/bin/rustc --crate-name debug_unreachable --edition=2021 /github/home/.cargo/registry/src/index.crates.io-1949cf8c6b5b557f/new_debug_unreachable-1.0.6/src/lib.rs --error-format=json --json=diagnostic-rendered-ansi,artifacts,future-incompat --crate-type lib --emit=dep-info,metadata,link -C embed-bitcode=no -C debuginfo=2 --check-cfg 'cfg(docsrs,test)' --check-cfg 'cfg(feature, values())' -C metadata=be93012976e2de0e -C extra-filename=-bb267523be1ece69 --out-dir /__w/waterkit/waterkit/target/debug/deps -L dependency=/__w/waterkit/waterkit/target/debug/deps --cap-lints allow`
Test / ubuntu-latest	UNKNOWN STEP	2026-02-20T20:39:56.6419421Z [1m[92m   Compiling[0m downcast-rs v1.2.1
Test / ubuntu-latest	UNKNOWN STEP	2026-02-20T20:39:56.6503613Z [1m[92m     Running[0m `/github/home/.rustup/toolchains/nightly-x86_64-unknown-linux-gnu/bin/rustc --crate-name downcast_rs --edition=2015 /github/home/.cargo/registry/src/index.crates.io-1949cf8c6b5b557f/downcast-rs-1.2.1/src/lib.rs --error-format=json --json=diagnostic-rendered-ansi,artifacts,future-incompat --crate-type lib --emit=dep-info,metadata,link -C embed-bitcode=no -C debuginfo=2 --cfg 'feature="default"' --cfg 'feature="std"' --check-cfg 'cfg(docsrs,test)' --check-cfg 'cfg(feature, values("default", "std"))' -C metadata=28b5e3b82cf95a8b -C extra-filename=-c30328866f4bc8af --out-dir /__w/waterkit/waterkit/target/debug/deps -L dependency=/__w/waterkit/waterkit/target/debug/deps --cap-lints allow`
Test / ubuntu-latest	UNKNOWN STEP	2026-02-20T20:39:56.6990529Z [1m[92m   Compiling[0m pin-utils v0.1.0
Test / ubuntu-latest	UNKNOWN STEP	2026-02-20T20:39:56.7003879Z [1m[92m     Running[0m `/github/home/.rustup/toolchains/nightly-x86_64-unknown-linux-gnu/bin/rustc --crate-name pin_utils --edition=2018 /github/home/.cargo/registry/src/index.crates.io-1949cf8c6b5b557f/pin-utils-0.1.0/src/lib.rs --error-format=json --json=diagnostic-rendered-ansi,artifacts,future-incompat --crate-type lib --emit=dep-info,metadata,link -C embed-bitcode=no -C debuginfo=2 --check-cfg 'cfg(docsrs,test)' --check-cfg 'cfg(feature, values())' -C metadata=1844b6aa7ed4263d -C extra-filename=-37754fca158c29e2 --out-dir /__w/waterkit/waterkit/target/debug/deps -L dependency=/__w/waterkit/waterkit/target/debug/deps --cap-lints allow`
Test / ubuntu-latest	UNKNOWN STEP	2026-02-20T20:39:56.7448640Z [1m[92m   Compiling[0m scan_fmt v0.2.6
Test / ubuntu-latest	UNKNOWN STEP	2026-02-20T20:39:56.7452970Z [1m[92m     Running[0m `/github/home/.rustup/toolchains/nightly-x86_64-unknown-linux-gnu/bin/rustc --crate-name scan_fmt --edition=2015 /github/home/.cargo/registry/src/index.crates.io-1949cf8c6b5b557f/scan_fmt-0.2.6/src/lib.rs --error-format=json --json=diagnostic-rendered-ansi,artifacts,future-incompat --crate-type lib --emit=dep-info,metadata,link -C embed-bitcode=no -C debuginfo=2 --check-cfg 'cfg(docsrs,test)' --check-cfg 'cfg(feature, values("default", "regex", "std"))' -C metadata=45250437c169c746 -C extra-filename=-5f38f2a67b256aec --out-dir /__w/waterkit/waterkit/target/debug/deps -L dependency=/__w/waterkit/waterkit/target/debug/deps --cap-lints allow`
Test / ubuntu-latest	UNKNOWN STEP	2026-02-20T20:39:56.8142185Z [1m[92m   Compiling[0m noop_proc_macro v0.3.0
Test / ubuntu-latest	UNKNOWN STEP	2026-02-20T20:39:56.8148996Z [1m[92m     Running[0m `/github/home/.rustup/toolchains/nightly-x86_64-unknown-linux-gnu/bin/rustc --crate-name noop_proc_macro --edition=2018 /github/home/.cargo/registry/src/index.crates.io-1949cf8c6b5b557f/noop_proc_macro-0.3.0/src/lib.rs --error-format=json --json=diagnostic-rendered-ansi,artifacts,future-incompat --crate-type proc-macro --emit=dep-info,link -C prefer-dynamic -C embed-bitcode=no --check-cfg 'cfg(docsrs,test)' --check-cfg 'cfg(feature, values())' -C metadata=a38a6037d9ee67a6 -C extra-filename=-772cc1d4a76fb9c7 --out-dir /__w/waterkit/waterkit/target/debug/deps -L dependency=/__w/waterkit/waterkit/target/debug/deps --extern proc_macro --cap-lints allow`
Test / ubuntu-latest	UNKNOWN STEP	2026-02-20T20:39:56.9146405Z [1m[92m   Compiling[0m scoped-tls v1.0.1
Test / ubuntu-latest	UNKNOWN STEP	2026-02-20T20:39:56.9158938Z [1m[92m     Running[0m `/github/home/.rustup/toolchains/nightly-x86_64-unknown-linux-gnu/bin/rustc --crate-name scoped_tls --edition=2015 /github/home/.cargo/registry/src/index.crates.io-1949cf8c6b5b557f/scoped-tls-1.0.1/src/lib.rs --error-format=json --json=diagnostic-rendered-ansi,artifacts,future-incompat --crate-type lib --emit=dep-info,metadata,link -C embed-bitcode=no -C debuginfo=2 --check-cfg 'cfg(docsrs,test)' --check-cfg 'cfg(feature, values())' -C metadata=cf203d6fbc608fd1 -C extra-filename=-aa5bed6722dc3816 --out-dir /__w/waterkit/waterkit/target/debug/deps -L dependency=/__w/waterkit/waterkit/target/debug/deps --cap-lints allow`
Test / ubuntu-latest	UNKNOWN STEP	2026-02-20T20:39:56.9776492Z [1m[92m   Compiling[0m naga v27.0.3
Test / ubuntu-latest	UNKNOWN STEP	2026-02-20T20:39:56.9792468Z [1m[92m     Running[0m `/github/home/.rustup/toolchains/nightly-x86_64-unknown-linux-gnu/bin/rustc --crate-name build_script_build --edition=2021 /github/home/.cargo/registry/src/index.crates.io-1949cf8c6b5b557f/naga-27.0.3/build.rs --error-format=json --json=diagnostic-rendered-ansi,artifacts,future-incompat --crate-type bin --emit=dep-info,link -C embed-bitcode=no '--warn=clippy::std_instead_of_core' '--warn=clippy::std_instead_of_alloc' '--warn=clippy::alloc_instead_of_core' --cfg 'feature="default"' --cfg 'feature="glsl-out"' --cfg 'feature="hlsl-out"' --cfg 'feature="spv-out"' --cfg 'feature="wgsl-in"' --check-cfg 'cfg(docsrs,test)' --check-cfg 'cfg(feature, values("arbitrary", "default", "deserialize", "dot-out", "fs", "glsl-in", "glsl-out", "hlsl-out", "hlsl-out-if-target-windows", "msl-out", "msl-out-if-target-apple", "serialize", "spv-in", "spv-out", "stderr", "termcolor", "wgsl-in", "wgsl-out"))' -C metadata=2411f35b79b95ac7 -C extra-filename=-285051d11fa1f93c --out-dir /__w/waterkit/waterkit/target/debug/build/naga-285051d11fa1f93c -L dependency=/__w/waterkit/waterkit/target/debug/deps --extern cfg_aliases=/__w/waterkit/waterkit/target/debug/deps/libcfg_aliases-07102a85dafba9e1.rlib --cap-lints allow`
Test / ubuntu-latest	UNKNOWN STEP	2026-02-20T20:39:56.9906653Z [1m[92m   Compiling[0m getrandom v0.3.4
Test / ubuntu-latest	UNKNOWN STEP	2026-02-20T20:39:56.9989102Z [1m[92m     Running[0m `/github/home/.rustup/toolchains/nightly-x86_64-unknown-linux-gnu/bin/rustc --crate-name build_script_build --edition=2021 /github/home/.cargo/registry/src/index.crates.io-1949cf8c6b5b557f/getrandom-0.3.4/build.rs --error-format=json --json=diagnostic-rendered-ansi,artifacts,future-incompat --crate-type bin --emit=dep-info,link -C embed-bitcode=no --warn=unexpected_cfgs --check-cfg 'cfg(getrandom_backend, values("custom", "efi_rng", "rdrand", "rndr", "linux_getrandom", "linux_raw", "wasm_js", "windows_legacy", "unsupported"))' --check-cfg 'cfg(getrandom_msan)' --check-cfg 'cfg(getrandom_test_linux_fallback)' --check-cfg 'cfg(getrandom_test_linux_without_fallback)' --check-cfg 'cfg(getrandom_test_netbsd_fallback)' --check-cfg 'cfg(target_os, values("cygwin"))' --cfg 'feature="std"' --check-cfg 'cfg(docsrs,test)' --check-cfg 'cfg(feature, values("std", "wasm_js"))' -C metadata=9d5f51b821d5a259 -C extra-filename=-4d58cc1580eee429 --out-dir /__w/waterkit/waterkit/target/debug/build/getrandom-4d58cc1580eee429 -L dependency=/__w/waterkit/waterkit/target/debug/deps --cap-lints allow`
Test / ubuntu-latest	UNKNOWN STEP	2026-02-20T20:39:57.1744998Z [1m[92m   Compiling[0m byteorder v1.5.0
Test / ubuntu-latest	UNKNOWN STEP	2026-02-20T20:39:57.1750451Z [1m[92m     Running[0m `/github/home/.rustup/toolchains/nightly-x86_64-unknown-linux-gnu/bin/rustc --crate-name byteorder --edition=2021 /github/home/.cargo/registry/src/index.crates.io-1949cf8c6b5b557f/byteorder-1.5.0/src/lib.rs --error-format=json --json=diagnostic-rendered-ansi,artifacts,future-incompat --crate-type lib --emit=dep-info,metadata,link -C embed-bitcode=no -C debuginfo=2 --cfg 'feature="default"' --cfg 'feature="std"' --check-cfg 'cfg(docsrs,test)' --check-cfg 'cfg(feature, values("default", "i128", "std"))' -C metadata=ddb1f060dca74e24 -C extra-filename=-855e27c29408f102 --out-dir /__w/waterkit/waterkit/target/debug/deps -L dependency=/__w/waterkit/waterkit/target/debug/deps --cap-lints allow`
Test / ubuntu-latest	UNKNOWN STEP	2026-02-20T20:39:57.2054398Z [1m[92m   Compiling[0m quick-error v2.0.1
Test / ubuntu-latest	UNKNOWN STEP	2026-02-20T20:39:57.2060494Z [1m[92m     Running[0m `/github/home/.rustup/toolchains/nightly-x86_64-unknown-linux-gnu/bin/rustc --crate-name quick_error --edition=2018 /github/home/.cargo/registry/src/index.crates.io-1949cf8c6b5b557f/quick-error-2.0.1/src/lib.rs --error-format=json --json=diagnostic-rendered-ansi,artifacts,future-incompat --crate-type lib --emit=dep-info,metadata,link -C embed-bitcode=no -C debuginfo=2 --check-cfg 'cfg(docsrs,test)' --check-cfg 'cfg(feature, values())' -C metadata=4fa4581b46a2eb09 -C extra-filename=-89cf154f84c15b9f --out-dir /__w/waterkit/waterkit/target/debug/deps -L dependency=/__w/waterkit/waterkit/target/debug/deps --cap-lints allow`
Test / ubuntu-latest	UNKNOWN STEP	2026-02-20T20:39:57.2656948Z [1m[92m   Compiling[0m static_assertions v1.1.0
Test / ubuntu-latest	UNKNOWN STEP	2026-02-20T20:39:57.2660950Z [1m[92m     Running[0m `/github/home/.rustup/toolchains/nightly-x86_64-unknown-linux-gnu/bin/rustc --crate-name static_assertions --edition=2015 /github/home/.cargo/registry/src/index.crates.io-1949cf8c6b5b557f/static_assertions-1.1.0/src/lib.rs --error-format=json --json=diagnostic-rendered-ansi,artifacts,future-incompat --crate-type lib --emit=dep-info,metadata,link -C embed-bitcode=no -C debuginfo=2 --check-cfg 'cfg(docsrs,test)' --check-cfg 'cfg(feature, values("nightly"))' -C metadata=1111d3f958c95cb7 -C extra-filename=-b23f9456d08c2faf --out-dir /__w/waterkit/waterkit/target/debug/deps -L dependency=/__w/waterkit/waterkit/target/debug/deps --cap-lints allow`
Test / ubuntu-latest	UNKNOWN STEP	2026-02-20T20:39:57.2751047Z [1m[92m     Running[0m `/__w/waterkit/waterkit/target/debug/build/getrandom-4d58cc1580eee429/build-script-build`
Test / ubuntu-latest	UNKNOWN STEP	2026-02-20T20:39:57.2969095Z [1m[92m     Running[0m `/__w/waterkit/waterkit/target/debug/build/naga-285051d11fa1f93c/build-script-build`
Test / ubuntu-latest	UNKNOWN STEP	2026-02-20T20:39:57.3065145Z [1m[92m   Compiling[0m rgb v0.8.52
Test / ubuntu-latest	UNKNOWN STEP	2026-02-20T20:39:57.3142593Z [1m[92m     Running[0m `/github/home/.rustup/toolchains/nightly-x86_64-unknown-linux-gnu/bin/rustc --crate-name rgb --edition=2021 /github/home/.cargo/registry/src/index.crates.io-1949cf8c6b5b557f/rgb-0.8.52/src/lib.rs --error-format=json --json=diagnostic-rendered-ansi,artifacts,future-incompat --crate-type lib --emit=dep-info,metadata,link -C embed-bitcode=no -C debuginfo=2 --cfg 'feature="bytemuck"' --check-cfg 'cfg(docsrs,test)' --check-cfg 'cfg(feature, values("argb", "as-bytes", "bytemuck", "checked_fns", "default", "defmt-03", "grb", "serde", "unstable-experimental"))' -C metadata=c27507ef00c7fc5f -C extra-filename=-a9235febaaf04d38 --out-dir /__w/waterkit/waterkit/target/debug/deps -L dependency=/__w/waterkit/waterkit/target/debug/deps --extern bytemuck=/__w/waterkit/waterkit/target/debug/deps/libbytemuck-8de1eb58aa0bd7fa.rmeta --cap-lints allow`
Test / ubuntu-latest	UNKNOWN STEP	2026-02-20T20:39:57.3151211Z [1m[92m   Compiling[0m wgpu-hal v27.0.4
Test / ubuntu-latest	UNKNOWN STEP	2026-02-20T20:39:57.3215847Z [1m[92m     Running[0m `/github/home/.rustup/toolchains/nightly-x86_64-unknown-linux-gnu/bin/rustc --crate-name build_script_build --edition=2021 /github/home/.cargo/registry/src/index.crates.io-1949cf8c6b5b557f/wgpu-hal-27.0.4/build.rs --error-format=json --json=diagnostic-rendered-ansi,artifacts,future-incompat --crate-type bin --emit=dep-info,link -C embed-bitcode=no --warn=unexpected_cfgs --check-cfg 'cfg(web_sys_unstable_apis)' --cfg 'feature="dx12"' --cfg 'feature="gles"' --cfg 'feature="portable-atomic"' --cfg 'feature="renderdoc"' --cfg 'feature="vulkan"' --check-cfg 'cfg(docsrs,test)' --check-cfg 'cfg(feature, values("cargo-clippy", "device_lost_panic", "dx12", "fragile-send-sync-non-atomic-wasm", "gles", "gpu-allocator", "internal_error_panic", "metal", "portable-atomic", "renderdoc", "rustc-hash", "static-dxc", "validation_canary", "vulkan"))' -C metadata=3d09c5a2a1465a51 -C extra-filename=-aa6e862d915220cc --out-dir /__w/waterkit/waterkit/target/debug/build/wgpu-hal-aa6e862d915220cc -L dependency=/__w/waterkit/waterkit/target/debug/deps --extern cfg_aliases=/__w/waterkit/waterkit/target/debug/deps/libcfg_aliases-07102a85dafba9e1.rlib --cap-lints allow`
Test / ubuntu-latest	UNKNOWN STEP	2026-02-20T20:39:57.3568383Z [1m[92m   Compiling[0m fax_derive v0.2.0
Test / ubuntu-latest	UNKNOWN STEP	2026-02-20T20:39:57.3646016Z [1m[92m     Running[0m `/github/home/.rustup/toolchains/nightly-x86_64-unknown-linux-gnu/bin/rustc --crate-name fax_derive --edition=2018 /github/home/.cargo/registry/src/index.crates.io-1949cf8c6b5b557f/fax_derive-0.2.0/src/lib.rs --error-format=json --json=diagnostic-rendered-ansi,artifacts,future-incompat --crate-type proc-macro --emit=dep-info,link -C prefer-dynamic -C embed-bitcode=no --check-cfg 'cfg(docsrs,test)' --check-cfg 'cfg(feature, values())' -C metadata=16a5019ce070b2b0 -C extra-filename=-80adb5b954583e5e --out-dir /__w/waterkit/waterkit/target/debug/deps -L dependency=/__w/waterkit/waterkit/target/debug/deps --extern proc_macro2=/__w/waterkit/waterkit/target/debug/deps/libproc_macro2-9fe81c40f0b8c0b8.rlib --extern quote=/__w/waterkit/waterkit/target/debug/deps/libquote-5f37932b4137efa1.rlib --extern syn=/__w/waterkit/waterkit/target/debug/deps/libsyn-56cc86ffab105581.rlib --extern proc_macro --cap-lints allow`
Test / ubuntu-latest	UNKNOWN STEP	2026-02-20T20:39:57.5573176Z [1m[92m   Compiling[0m cmake v0.1.57
Test / ubuntu-latest	UNKNOWN STEP	2026-02-20T20:39:57.5584532Z [1m[92m     Running[0m `/github/home/.rustup/toolchains/nightly-x86_64-unknown-linux-gnu/bin/rustc --crate-name cmake --edition=2021 /github/home/.cargo/registry/src/index.crates.io-1949cf8c6b5b557f/cmake-0.1.57/src/lib.rs --error-format=json --json=diagnostic-rendered-ansi,artifacts,future-incompat --crate-type lib --emit=dep-info,metadata,link -C embed-bitcode=no --check-cfg 'cfg(docsrs,test)' --check-cfg 'cfg(feature, values())' -C metadata=ecb1a5bb95668e7e -C extra-filename=-028f2d5be9d3ee63 --out-dir /__w/waterkit/waterkit/target/debug/deps -L dependency=/__w/waterkit/waterkit/target/debug/deps --extern cc=/__w/waterkit/waterkit/target/debug/deps/libcc-bf89973bbffe1577.rmeta --cap-lints allow`
Test / ubuntu-latest	UNKNOWN STEP	2026-02-20T20:39:57.6161583Z [1m[92m   Compiling[0m gpu-alloc-types v0.3.0
Test / ubuntu-latest	UNKNOWN STEP	2026-02-20T20:39:57.6239819Z [1m[92m     Running[0m `/github/home/.rustup/toolchains/nightly-x86_64-unknown-linux-gnu/bin/rustc --crate-name gpu_alloc_types --edition=2018 /github/home/.cargo/registry/src/index.crates.io-1949cf8c6b5b557f/gpu-alloc-types-0.3.0/src/lib.rs --error-format=json --json=diagnostic-rendered-ansi,artifacts,future-incompat --crate-type lib --emit=dep-info,metadata,link -C embed-bitcode=no -C debuginfo=2 --check-cfg 'cfg(docsrs,test)' --check-cfg 'cfg(feature, values())' -C metadata=06559b8e17eaf882 -C extra-filename=-52e949b836a2ed55 --out-dir /__w/waterkit/waterkit/target/debug/deps -L dependency=/__w/waterkit/waterkit/target/debug/deps --extern bitflags=/__w/waterkit/waterkit/target/debug/deps/libbitflags-ccf1cefa6e5b3c4f.rmeta --cap-lints allow`
Test / ubuntu-latest	UNKNOWN STEP	2026-02-20T20:39:57.7785175Z [1m[92m   Compiling[0m typenum v1.19.0
Test / ubuntu-latest	UNKNOWN STEP	2026-02-20T20:39:57.7838598Z [1m[92m     Running[0m `/github/home/.rustup/toolchains/nightly-x86_64-unknown-linux-gnu/bin/rustc --crate-name build_script_build --edition=2018 /github/home/.cargo/registry/src/index.crates.io-1949cf8c6b5b557f/typenum-1.19.0/build.rs --error-format=json --json=diagnostic-rendered-ansi,artifacts,future-incompat --crate-type bin --emit=dep-info,link -C embed-bitcode=no --check-cfg 'cfg(docsrs,test)' --check-cfg 'cfg(feature, values("const-generics", "force_unix_path_separator", "i128", "no_std", "scale-info", "scale_info", "strict"))' -C metadata=c986619c6df93a74 -C extra-filename=-1d112de01353164c --out-dir /__w/waterkit/waterkit/target/debug/build/typenum-1d112de01353164c -L dependency=/__w/waterkit/waterkit/target/debug/deps --cap-lints allow`
Test / ubuntu-latest	UNKNOWN STEP	2026-02-20T20:39:57.8239587Z [1m[92m   Compiling[0m rustix v0.38.44
Test / ubuntu-latest	UNKNOWN STEP	2026-02-20T20:39:57.8329293Z [1m[92m     Running[0m `/github/home/.rustup/toolchains/nightly-x86_64-unknown-linux-gnu/bin/rustc --crate-name build_script_build --edition=2021 /github/home/.cargo/registry/src/index.crates.io-1949cf8c6b5b557f/rustix-0.38.44/build.rs --error-format=json --json=diagnostic-rendered-ansi,artifacts,future-incompat --crate-type bin --emit=dep-info,link -C embed-bitcode=no --warn=unexpected_cfgs --check-cfg 'cfg(alloc_c_string)' --check-cfg 'cfg(alloc_ffi)' --check-cfg 'cfg(apple)' --check-cfg 'cfg(asm_experimental_arch)' --check-cfg 'cfg(bsd)' --check-cfg 'cfg(core_c_str)' --check-cfg 'cfg(core_ffi_c)' --check-cfg 'cfg(core_intrinsics)' --check-cfg 'cfg(criterion)' --check-cfg 'cfg(document_experimental_runtime_api)' --check-cfg 'cfg(fix_y2038)' --check-cfg 'cfg(freebsdlike)' --check-cfg 'cfg(libc)' --check-cfg 'cfg(linux_kernel)' --check-cfg 'cfg(linux_like)' --check-cfg 'cfg(linux_raw)' --check-cfg 'cfg(netbsdlike)' --check-cfg 'cfg(rustc_attrs)' --check-cfg 'cfg(solarish)' --check-cfg 'cfg(staged_api)' --check-cfg 'cfg(static_assertions)' --check-cfg 'cfg(thumb_mode)' --check-cfg 'cfg(wasi)' --check-cfg 'cfg(wasi_ext)' --check-cfg 'cfg(target_arch, values("xtensa"))' --cfg 'feature="alloc"' --cfg 'feature="fs"' --cfg 'feature="libc-extra-traits"' --cfg 'feature="std"' --check-cfg 'cfg(docsrs,test)' --check-cfg 'cfg(feature, values("all-apis", "alloc", "cc", "compiler_builtins", "core", "default", "event", "fs", "io_uring", "itoa", "libc", "libc-extra-traits", "libc_errno", "linux_4_11", "linux_latest", "mm", "mount", "net", "once_cell", "param", "pipe", "process", "procfs", "pty", "rand", "runtime", "rustc-dep-of-std", "rustc-std-workspace-alloc", "shm", "std", "stdio", "system", "termios", "thread", "time", "try_close", "use-explicitly-provided-auxv", "use-libc", "use-libc-auxv"))' -C metadata=48a56e09fe19ef63 -C extra-filename=-7b64efd3e95e371d --out-dir /__w/waterkit/waterkit/target/debug/build/rustix-7b64efd3e95e371d -L dependency=/__w/waterkit/waterkit/target/debug/deps --cap-lints allow`
Test / ubuntu-latest	UNKNOWN STEP	2026-02-20T20:39:57.8779080Z [1m[92m   Compiling[0m fs_extra v1.3.0
Test / ubuntu-latest	UNKNOWN STEP	2026-02-20T20:39:57.8791323Z [1m[92m     Running[0m `/github/home/.rustup/toolchains/nightly-x86_64-unknown-linux-gnu/bin/rustc --crate-name fs_extra --edition=2018 /github/home/.cargo/registry/src/index.crates.io-1949cf8c6b5b557f/fs_extra-1.3.0/src/lib.rs --error-format=json --json=diagnostic-rendered-ansi,artifacts,future-incompat --crate-type lib --emit=dep-info,metadata,link -C embed-bitcode=no --check-cfg 'cfg(docsrs,test)' --check-cfg 'cfg(feature, values())' -C metadata=a8efe975ff8871e3 -C extra-filename=-3f23357cdcc191d9 --out-dir /__w/waterkit/waterkit/target/debug/deps -L dependency=/__w/waterkit/waterkit/target/debug/deps --cap-lints allow`
Test / ubuntu-latest	UNKNOWN STEP	2026-02-20T20:39:57.9769233Z [1m[92m   Compiling[0m zune-core v0.4.12
Test / ubuntu-latest	UNKNOWN STEP	2026-02-20T20:39:57.9830558Z [1m[92m     Running[0m `/github/home/.rustup/toolchains/nightly-x86_64-unknown-linux-gnu/bin/rustc --crate-name zune_core --edition=2021 /github/home/.cargo/registry/src/index.crates.io-1949cf8c6b5b557f/zune-core-0.4.12/src/lib.rs --error-format=json --json=diagnostic-rendered-ansi,artifacts,future-incompat --crate-type lib --emit=dep-info,metadata,link -C embed-bitcode=no -C debuginfo=2 --cfg 'feature="std"' --check-cfg 'cfg(docsrs,test)' --check-cfg 'cfg(feature, values("log", "serde", "std"))' -C metadata=7688b2acbd4778ae -C extra-filename=-572d2abd24022ef2 --out-dir /__w/waterkit/waterkit/target/debug/deps -L dependency=/__w/waterkit/waterkit/target/debug/deps --cap-lints allow`
Test / ubuntu-latest	UNKNOWN STEP	2026-02-20T20:39:58.0347752Z [1m[92m   Compiling[0m prettyplease v0.2.37
Test / ubuntu-latest	UNKNOWN STEP	2026-02-20T20:39:58.0352063Z [1m[92m     Running[0m `/github/home/.rustup/toolchains/nightly-x86_64-unknown-linux-gnu/bin/rustc --crate-name build_script_build --edition=2021 /github/home/.cargo/registry/src/index.crates.io-1949cf8c6b5b557f/prettyplease-0.2.37/build.rs --error-format=json --json=diagnostic-rendered-ansi,artifacts,future-incompat --crate-type bin --emit=dep-info,link -C embed-bitcode=no --check-cfg 'cfg(docsrs,test)' --check-cfg 'cfg(feature, values("verbatim"))' -C metadata=87c752eb0587caf5 -C extra-filename=-f946d6a17c58e2eb --out-dir /__w/waterkit/waterkit/target/debug/build/prettyplease-f946d6a17c58e2eb -L dependency=/__w/waterkit/waterkit/target/debug/deps --cap-lints allow`
Test / ubuntu-latest	UNKNOWN STEP	2026-02-20T20:39:58.1101282Z [1m[92m   Compiling[0m imgref v1.12.0
Test / ubuntu-latest	UNKNOWN STEP	2026-02-20T20:39:58.1109128Z [1m[92m     Running[0m `/github/home/.rustup/toolchains/nightly-x86_64-unknown-linux-gnu/bin/rustc --crate-name imgref --edition=2021 /github/home/.cargo/registry/src/index.crates.io-1949cf8c6b5b557f/imgref-1.12.0/src/lib.rs --error-format=json --json=diagnostic-rendered-ansi,artifacts,future-incompat --crate-type lib --emit=dep-info,metadata,link -C embed-bitcode=no -C debuginfo=2 --cfg 'feature="default"' --cfg 'feature="deprecated"' --check-cfg 'cfg(docsrs,test)' --check-cfg 'cfg(feature, values("default", "deprecated"))' -C metadata=5950324c616f9e38 -C extra-filename=-4c771adaee0cf326 --out-dir /__w/waterkit/waterkit/target/debug/deps -L dependency=/__w/waterkit/waterkit/target/debug/deps --cap-lints allow`
Test / ubuntu-latest	UNKNOWN STEP	2026-02-20T20:39:58.1576273Z [1m[92m     Running[0m `/__w/waterkit/waterkit/target/debug/build/prettyplease-f946d6a17c58e2eb/build-script-build`
Test / ubuntu-latest	UNKNOWN STEP	2026-02-20T20:39:58.1746334Z [1m[92m   Compiling[0m zune-jpeg v0.4.21
Test / ubuntu-latest	UNKNOWN STEP	2026-02-20T20:39:58.1757443Z [1m[92m     Running[0m `/github/home/.rustup/toolchains/nightly-x86_64-unknown-linux-gnu/bin/rustc --crate-name zune_jpeg --edition=2021 /github/home/.cargo/registry/src/index.crates.io-1949cf8c6b5b557f/zune-jpeg-0.4.21/src/lib.rs --error-format=json --json=diagnostic-rendered-ansi,artifacts,future-incompat --crate-type lib --emit=dep-info,metadata,link -C embed-bitcode=no -C debuginfo=2 --warn=unexpected_cfgs --check-cfg 'cfg(fuzzing)' --cfg 'feature="default"' --cfg 'feature="neon"' --cfg 'feature="std"' --cfg 'feature="x86"' --check-cfg 'cfg(docsrs,test)' --check-cfg 'cfg(feature, values("default", "log", "neon", "std", "x86"))' -C metadata=03d7898f766feb93 -C extra-filename=-1fffa0406fa6ed20 --out-dir /__w/waterkit/waterkit/target/debug/deps -L dependency=/__w/waterkit/waterkit/target/debug/deps --extern zune_core=/__w/waterkit/waterkit/target/debug/deps/libzune_core-572d2abd24022ef2.rmeta --cap-lints allow`
Test / ubuntu-latest	UNKNOWN STEP	2026-02-20T20:39:58.1816233Z [1m[92m   Compiling[0m aws-lc-sys v0.37.1
Test / ubuntu-latest	UNKNOWN STEP	2026-02-20T20:39:58.1886539Z [1m[92m     Running[0m `/github/home/.rustup/toolchains/nightly-x86_64-unknown-linux-gnu/bin/rustc --crate-name build_script_main --edition=2021 /github/home/.cargo/registry/src/index.crates.io-1949cf8c6b5b557f/aws-lc-sys-0.37.1/builder/main.rs --error-format=json --json=diagnostic-rendered-ansi,artifacts,future-incompat --crate-type bin --emit=dep-info,link -C embed-bitcode=no --cfg 'feature="prebuilt-nasm"' --check-cfg 'cfg(docsrs,test)' --check-cfg 'cfg(feature, values("all-bindings", "asan", "bindgen", "default", "disable-prebuilt-nasm", "prebuilt-nasm", "ssl"))' -C metadata=759fe6858bfda16a -C extra-filename=-0ba08e4b2d627116 --out-dir /__w/waterkit/waterkit/target/debug/build/aws-lc-sys-0ba08e4b2d627116 -L dependency=/__w/waterkit/waterkit/target/debug/deps --extern cc=/__w/waterkit/waterkit/target/debug/deps/libcc-bf89973bbffe1577.rlib --extern cmake=/__w/waterkit/waterkit/target/debug/deps/libcmake-028f2d5be9d3ee63.rlib --extern dunce=/__w/waterkit/waterkit/target/debug/deps/libdunce-ba18d8804ab700b1.rlib --extern fs_extra=/__w/waterkit/waterkit/target/debug/deps/libfs_extra-3f23357cdcc191d9.rlib --cap-lints allow`
Test / ubuntu-latest	UNKNOWN STEP	2026-02-20T20:39:58.2582375Z [1m[92m   Compiling[0m loop9 v0.1.5
Test / ubuntu-latest	UNKNOWN STEP	2026-02-20T20:39:58.2667857Z [1m[92m     Running[0m `/github/home/.rustup/toolchains/nightly-x86_64-unknown-linux-gnu/bin/rustc --crate-name loop9 --edition=2021 /github/home/.cargo/registry/src/index.crates.io-1949cf8c6b5b557f/loop9-0.1.5/src/lib.rs --error-format=json --json=diagnostic-rendered-ansi,artifacts,future-incompat --crate-type lib --emit=dep-info,metadata,link -C embed-bitcode=no -C debuginfo=2 --check-cfg 'cfg(docsrs,test)' --check-cfg 'cfg(feature, values())' -C metadata=dd9cd1e67fcf9a22 -C extra-filename=-3df7090244b4e4aa --out-dir /__w/waterkit/waterkit/target/debug/deps -L dependency=/__w/waterkit/waterkit/target/debug/deps --extern imgref=/__w/waterkit/waterkit/target/debug/deps/libimgref-4c771adaee0cf326.rmeta --cap-lints allow`
Test / ubuntu-latest	UNKNOWN STEP	2026-02-20T20:39:58.3340945Z [1m[92m     Running[0m `/__w/waterkit/waterkit/target/debug/build/rustix-7b64efd3e95e371d/build-script-build`
Test / ubuntu-latest	UNKNOWN STEP	2026-02-20T20:39:58.3769826Z [1m[92m     Running[0m `/__w/waterkit/waterkit/target/debug/build/typenum-1d112de01353164c/build-script-build`
Test / ubuntu-latest	UNKNOWN STEP	2026-02-20T20:39:58.3961722Z [1m[92m   Compiling[0m fax v0.2.6
Test / ubuntu-latest	UNKNOWN STEP	2026-02-20T20:39:58.4016722Z [1m[92m     Running[0m `/github/home/.rustup/toolchains/nightly-x86_64-unknown-linux-gnu/bin/rustc --crate-name fax --edition=2018 /github/home/.cargo/registry/src/index.crates.io-1949cf8c6b5b557f/fax-0.2.6/src/lib.rs --error-format=json --json=diagnostic-rendered-ansi,artifacts,future-incompat --crate-type lib --emit=dep-info,metadata,link -C embed-bitcode=no -C debuginfo=2 --check-cfg 'cfg(docsrs,test)' --check-cfg 'cfg(feature, values("debug"))' -C metadata=8c8af8cbfe70b22d -C extra-filename=-c5eda7503674fcb0 --out-dir /__w/waterkit/waterkit/target/debug/deps -L dependency=/__w/waterkit/waterkit/target/debug/deps --extern fax_derive=/__w/waterkit/waterkit/target/debug/deps/libfax_derive-80adb5b954583e5e.so --cap-lints allow`
Test / ubuntu-latest	UNKNOWN STEP	2026-02-20T20:39:58.6143171Z [1m[92m   Compiling[0m gpu-alloc v0.6.0
Test / ubuntu-latest	UNKNOWN STEP	2026-02-20T20:39:58.6233010Z [1m[92m     Running[0m `/github/home/.rustup/toolchains/nightly-x86_64-unknown-linux-gnu/bin/rustc --crate-name gpu_alloc --edition=2018 /github/home/.cargo/registry/src/index.crates.io-1949cf8c6b5b557f/gpu-alloc-0.6.0/src/lib.rs --error-format=json --json=diagnostic-rendered-ansi,artifacts,future-incompat --crate-type lib --emit=dep-info,metadata,link -C embed-bitcode=no -C debuginfo=2 --cfg 'feature="default"' --cfg 'feature="std"' --check-cfg 'cfg(docsrs,test)' --check-cfg 'cfg(feature, values("default", "serde", "std", "tracing"))' -C metadata=9aa3ded027b597e3 -C extra-filename=-9c1cfe8405af4107 --out-dir /__w/waterkit/waterkit/target/debug/deps -L dependency=/__w/waterkit/waterkit/target/debug/deps --extern bitflags=/__w/waterkit/waterkit/target/debug/deps/libbitflags-ccf1cefa6e5b3c4f.rmeta --extern gpu_alloc_types=/__w/waterkit/waterkit/target/debug/deps/libgpu_alloc_types-52e949b836a2ed55.rmeta --cap-lints allow`
Test / ubuntu-latest	UNKNOWN STEP	2026-02-20T20:39:58.8856885Z [1m[92m     Running[0m `/__w/waterkit/waterkit/target/debug/build/wgpu-hal-aa6e862d915220cc/build-script-build`
Test / ubuntu-latest	UNKNOWN STEP	2026-02-20T20:39:58.9013983Z [1m[92m     Running[0m `/github/home/.rustup/toolchains/nightly-x86_64-unknown-linux-gnu/bin/rustc --crate-name naga --edition=2021 /github/home/.cargo/registry/src/index.crates.io-1949cf8c6b5b557f/naga-27.0.3/src/lib.rs --error-format=json --json=diagnostic-rendered-ansi,artifacts,future-incompat --crate-type lib --emit=dep-info,metadata,link -C embed-bitcode=no -C debuginfo=2 '--warn=clippy::std_instead_of_core' '--warn=clippy::std_instead_of_alloc' '--warn=clippy::alloc_instead_of_core' --cfg 'feature="default"' --cfg 'feature="glsl-out"' --cfg 'feature="hlsl-out"' --cfg 'feature="spv-out"' --cfg 'feature="wgsl-in"' --check-cfg 'cfg(docsrs,test)' --check-cfg 'cfg(feature, values("arbitrary", "default", "deserialize", "dot-out", "fs", "glsl-in", "glsl-out", "hlsl-out", "hlsl-out-if-target-windows", "msl-out", "msl-out-if-target-apple", "serialize", "spv-in", "spv-out", "stderr", "termcolor", "wgsl-in", "wgsl-out"))' -C metadata=4a87c5668d3308e6 -C extra-filename=-bc293735d6965a5e --out-dir /__w/waterkit/waterkit/target/debug/deps -L dependency=/__w/waterkit/waterkit/target/debug/deps --extern arrayvec=/__w/waterkit/waterkit/target/debug/deps/libarrayvec-a2b5b1cd6af46bc5.rmeta --extern bit_set=/__w/waterkit/waterkit/target/debug/deps/libbit_set-e1c873f5e3c2c716.rmeta --extern bitflags=/__w/waterkit/waterkit/target/debug/deps/libbitflags-ccf1cefa6e5b3c4f.rmeta --extern cfg_if=/__w/waterkit/waterkit/target/debug/deps/libcfg_if-2262c59ed30cbfdf.rmeta --extern codespan_reporting=/__w/waterkit/waterkit/target/debug/deps/libcodespan_reporting-63ac03d128a5e6e3.rmeta --extern half=/__w/waterkit/waterkit/target/debug/deps/libhalf-941b768d1d0a609f.rmeta --extern hashbrown=/__w/waterkit/waterkit/target/debug/deps/libhashbrown-977a6e06d06005e4.rmeta --extern hexf_parse=/__w/waterkit/waterkit/target/debug/deps/libhexf_parse-5b305720820081bf.rmeta --extern indexmap=/__w/waterkit/waterkit/target/debug/deps/libindexmap-88500f9c76630fda.rmeta --extern libm=/__w/waterkit/waterkit/target/debug/deps/liblibm-264789c9169635b9.rmeta --extern log=/__w/waterkit/waterkit/target/debug/deps/liblog-2f944dc4363dc0db.rmeta --extern num_traits=/__w/waterkit/waterkit/target/debug/deps/libnum_traits-0a996891582b552d.rmeta --extern once_cell=/__w/waterkit/waterkit/target/debug/deps/libonce_cell-6c5ecd365f058077.rmeta --extern rustc_hash=/__w/waterkit/waterkit/target/debug/deps/librustc_hash-dd9614d01415cf7f.rmeta --extern spirv=/__w/waterkit/waterkit/target/debug/deps/libspirv-4940697395f09da3.rmeta --extern thiserror=/__w/waterkit/waterkit/target/debug/deps/libthiserror-cdc3975023d2ec8a.rmeta --extern unicode_ident=/__w/waterkit/waterkit/target/debug/deps/libunicode_ident-e36a029196a2cca1.rmeta --cap-lints allow --cfg glsl_out --cfg hlsl_out --cfg spv_out --cfg std --check-cfg 'cfg(dot_out)' --check-cfg 'cfg(glsl_out)' --check-cfg 'cfg(hlsl_out)' --check-cfg 'cfg(msl_out)' --check-cfg 'cfg(spv_out)' --check-cfg 'cfg(wgsl_out)' --check-cfg 'cfg(std)' --check-cfg 'cfg(no_std)'`
Test / ubuntu-latest	UNKNOWN STEP	2026-02-20T20:39:58.9393629Z [1m[92m     Running[0m `/github/home/.rustup/toolchains/nightly-x86_64-unknown-linux-gnu/bin/rustc --crate-name getrandom --edition=2021 /github/home/.cargo/registry/src/index.crates.io-1949cf8c6b5b557f/getrandom-0.3.4/src/lib.rs --error-format=json --json=diagnostic-rendered-ansi,artifacts,future-incompat --crate-type lib --emit=dep-info,metadata,link -C embed-bitcode=no -C debuginfo=2 --warn=unexpected_cfgs --check-cfg 'cfg(getrandom_backend, values("custom", "efi_rng", "rdrand", "rndr", "linux_getrandom", "linux_raw", "wasm_js", "windows_legacy", "unsupported"))' --check-cfg 'cfg(getrandom_msan)' --check-cfg 'cfg(getrandom_test_linux_fallback)' --check-cfg 'cfg(getrandom_test_linux_without_fallback)' --check-cfg 'cfg(getrandom_test_netbsd_fallback)' --check-cfg 'cfg(target_os, values("cygwin"))' --cfg 'feature="std"' --check-cfg 'cfg(docsrs,test)' --check-cfg 'cfg(feature, values("std", "wasm_js"))' -C metadata=b501a6aac448cf7e -C extra-filename=-21d7f44eefbf6b8f --out-dir /__w/waterkit/waterkit/target/debug/deps -L dependency=/__w/waterkit/waterkit/target/debug/deps --extern cfg_if=/__w/waterkit/waterkit/target/debug/deps/libcfg_if-2262c59ed30cbfdf.rmeta --extern libc=/__w/waterkit/waterkit/target/debug/deps/liblibc-32506a6f335a62d8.rmeta --cap-lints allow`
Test / ubuntu-latest	UNKNOWN STEP	2026-02-20T20:39:59.0288309Z [1m[92m   Compiling[0m generic-array v0.14.7
Test / ubuntu-latest	UNKNOWN STEP	2026-02-20T20:39:59.0365927Z [1m[92m     Running[0m `/github/home/.rustup/toolchains/nightly-x86_64-unknown-linux-gnu/bin/rustc --crate-name build_script_build --edition=2015 /github/home/.cargo/registry/src/index.crates.io-1949cf8c6b5b557f/generic-array-0.14.7/build.rs --error-format=json --json=diagnostic-rendered-ansi,artifacts,future-incompat --crate-type bin --emit=dep-info,link -C embed-bitcode=no --cfg 'feature="more_lengths"' --check-cfg 'cfg(docsrs,test)' --check-cfg 'cfg(feature, values("more_lengths", "serde", "zeroize"))' -C metadata=cbb36b400d886dc3 -C extra-filename=-2b3849d5a3addff3 --out-dir /__w/waterkit/waterkit/target/debug/build/generic-array-2b3849d5a3addff3 -L dependency=/__w/waterkit/waterkit/target/debug/deps --extern version_check=/__w/waterkit/waterkit/target/debug/deps/libversion_check-2571cf324060ec01.rlib --cap-lints allow`
Test / ubuntu-latest	UNKNOWN STEP	2026-02-20T20:39:59.0732645Z [1m[92m   Compiling[0m wgpu-types v27.0.1
Test / ubuntu-latest	UNKNOWN STEP	2026-02-20T20:39:59.0799670Z [1m[92m     Running[0m `/github/home/.rustup/toolchains/nightly-x86_64-unknown-linux-gnu/bin/rustc --crate-name wgpu_types --edition=2021 /github/home/.cargo/registry/src/index.crates.io-1949cf8c6b5b557f/wgpu-types-27.0.1/src/lib.rs --error-format=json --json=diagnostic-rendered-ansi,artifacts,future-incompat --crate-type lib --emit=dep-info,metadata,link -C embed-bitcode=no -C debuginfo=2 --warn=unexpected_cfgs '--warn=clippy::std_instead_of_core' '--warn=clippy::std_instead_of_alloc' '--warn=clippy::alloc_instead_of_core' --check-cfg 'cfg(web_sys_unstable_apis)' --cfg 'feature="std"' --cfg 'feature="thiserror"' --cfg 'feature="web"' --check-cfg 'cfg(docsrs,test)' --check-cfg 'cfg(feature, values("counters", "default", "fragile-send-sync-non-atomic-wasm", "serde", "std", "strict_asserts", "thiserror", "trace", "web"))' -C metadata=fa1fba0acb0b20e6 -C extra-filename=-9974f1140c55b730 --out-dir /__w/waterkit/waterkit/target/debug/deps -L dependency=/__w/waterkit/waterkit/target/debug/deps --extern bitflags=/__w/waterkit/waterkit/target/debug/deps/libbitflags-ccf1cefa6e5b3c4f.rmeta --extern bytemuck=/__w/waterkit/waterkit/target/debug/deps/libbytemuck-8de1eb58aa0bd7fa.rmeta --extern log=/__w/waterkit/waterkit/target/debug/deps/liblog-2f944dc4363dc0db.rmeta --extern thiserror=/__w/waterkit/waterkit/target/debug/deps/libthiserror-cdc3975023d2ec8a.rmeta --cap-lints allow`
Test / ubuntu-latest	UNKNOWN STEP	2026-02-20T20:39:59.1361722Z [1m[92m   Compiling[0m avif-serialize v0.8.8
Test / ubuntu-latest	UNKNOWN STEP	2026-02-20T20:39:59.1440311Z [1m[92m     Running[0m `/github/home/.rustup/toolchains/nightly-x86_64-unknown-linux-gnu/bin/rustc --crate-name avif_serialize --edition=2024 /github/home/.cargo/registry/src/index.crates.io-1949cf8c6b5b557f/avif-serialize-0.8.8/src/lib.rs --error-format=json --json=diagnostic-rendered-ansi,artifacts,future-incompat --crate-type lib --emit=dep-info,metadata,link -C embed-bitcode=no -C debuginfo=2 --check-cfg 'cfg(docsrs,test)' --check-cfg 'cfg(feature, values())' -C metadata=b7eba038181a80d1 -C extra-filename=-64d8016af13f3fdb --out-dir /__w/waterkit/waterkit/target/debug/deps -L dependency=/__w/waterkit/waterkit/target/debug/deps --extern arrayvec=/__w/waterkit/waterkit/target/debug/deps/libarrayvec-a2b5b1cd6af46bc5.rmeta --cap-lints allow`
Test / ubuntu-latest	UNKNOWN STEP	2026-02-20T20:39:59.6012311Z [1m[92m   Compiling[0m naga v28.0.0
Test / ubuntu-latest	UNKNOWN STEP	2026-02-20T20:39:59.6025006Z [1m[92m     Running[0m `/github/home/.rustup/toolchains/nightly-x86_64-unknown-linux-gnu/bin/rustc --crate-name build_script_build --edition=2021 /github/home/.cargo/registry/src/index.crates.io-1949cf8c6b5b557f/naga-28.0.0/build.rs --error-format=json --json=diagnostic-rendered-ansi,artifacts,future-incompat --crate-type bin --emit=dep-info,link -C embed-bitcode=no '--warn=clippy::std_instead_of_core' '--warn=clippy::std_instead_of_alloc' '--warn=clippy::alloc_instead_of_core' --cfg 'feature="default"' --cfg 'feature="glsl-out"' --cfg 'feature="hlsl-out"' --cfg 'feature="spv-out"' --cfg 'feature="wgsl-in"' --check-cfg 'cfg(docsrs,test)' --check-cfg 'cfg(feature, values("arbitrary", "default", "deserialize", "dot-out", "fs", "glsl-in", "glsl-out", "hlsl-out", "hlsl-out-if-target-windows", "msl-out", "msl-out-if-target-apple", "serialize", "spv-in", "spv-out", "stderr", "termcolor", "wgsl-in", "wgsl-out"))' -C metadata=bcaf2e208462772b -C extra-filename=-5fe85b69adaf29f0 --out-dir /__w/waterkit/waterkit/target/debug/build/naga-5fe85b69adaf29f0 -L dependency=/__w/waterkit/waterkit/target/debug/deps --extern cfg_aliases=/__w/waterkit/waterkit/target/debug/deps/libcfg_aliases-07102a85dafba9e1.rlib --cap-lints allow`
Test / ubuntu-latest	UNKNOWN STEP	2026-02-20T20:39:59.7396223Z [1m[92m   Compiling[0m pxfm v0.1.27
Test / ubuntu-latest	UNKNOWN STEP	2026-02-20T20:39:59.7451155Z [1m[92m     Running[0m `/github/home/.rustup/toolchains/nightly-x86_64-unknown-linux-gnu/bin/rustc --crate-name pxfm --edition=2024 /github/home/.cargo/registry/src/index.crates.io-1949cf8c6b5b557f/pxfm-0.1.27/src/lib.rs --error-format=json --json=diagnostic-rendered-ansi,artifacts,future-incompat --crate-type lib --emit=dep-info,metadata,link -C embed-bitcode=no -C debuginfo=2 --check-cfg 'cfg(docsrs,test)' --check-cfg 'cfg(feature, values())' -C metadata=55d8ebff50f2dfa1 -C extra-filename=-4de08f9fd5ae064d --out-dir /__w/waterkit/waterkit/target/debug/deps -L dependency=/__w/waterkit/waterkit/target/debug/deps --extern num_traits=/__w/waterkit/waterkit/target/debug/deps/libnum_traits-0a996891582b552d.rmeta --cap-lints allow`
Test / ubuntu-latest	UNKNOWN STEP	2026-02-20T20:40:01.2193815Z [1m[92m   Compiling[0m memoffset v0.7.1
Test / ubuntu-latest	UNKNOWN STEP	2026-02-20T20:40:01.2203371Z [1m[92m     Running[0m `/github/home/.rustup/toolchains/nightly-x86_64-unknown-linux-gnu/bin/rustc --crate-name build_script_build --edition=2015 /github/home/.cargo/registry/src/index.crates.io-1949cf8c6b5b557f/memoffset-0.7.1/build.rs --error-format=json --json=diagnostic-rendered-ansi,artifacts,future-incompat --crate-type bin --emit=dep-info,link -C embed-bitcode=no --cfg 'feature="default"' --check-cfg 'cfg(docsrs,test)' --check-cfg 'cfg(feature, values("default", "unstable_const"))' -C metadata=913d546ab69c5e0d -C extra-filename=-aa000901cc7406fa --out-dir /__w/waterkit/waterkit/target/debug/build/memoffset-aa000901cc7406fa -L dependency=/__w/waterkit/waterkit/target/debug/deps --extern autocfg=/__w/waterkit/waterkit/target/debug/deps/libautocfg-3b49e0afa777d415.rlib --cap-lints allow`
Test / ubuntu-latest	UNKNOWN STEP	2026-02-20T20:40:01.3446540Z [1m[92m   Compiling[0m zmij v1.0.21
Test / ubuntu-latest	UNKNOWN STEP	2026-02-20T20:40:01.3538165Z [1m[92m     Running[0m `/github/home/.rustup/toolchains/nightly-x86_64-unknown-linux-gnu/bin/rustc --crate-name build_script_build --edition=2021 /github/home/.cargo/registry/src/index.crates.io-1949cf8c6b5b557f/zmij-1.0.21/build.rs --error-format=json --json=diagnostic-rendered-ansi,artifacts,future-incompat --crate-type bin --emit=dep-info,link -C embed-bitcode=no --check-cfg 'cfg(docsrs,test)' --check-cfg 'cfg(feature, values("no-panic"))' -C metadata=27395cd6061fdad7 -C extra-filename=-33859b837094ce5b --out-dir /__w/waterkit/waterkit/target/debug/build/zmij-33859b837094ce5b -L dependency=/__w/waterkit/waterkit/target/debug/deps --cap-lints allow`
Test / ubuntu-latest	UNKNOWN STEP	2026-02-20T20:40:01.4803162Z [1m[92m   Compiling[0m target-lexicon v0.13.3
Test / ubuntu-latest	UNKNOWN STEP	2026-02-20T20:40:01.4861919Z [1m[92m     Running[0m `/github/home/.rustup/toolchains/nightly-x86_64-unknown-linux-gnu/bin/rustc --crate-name build_script_build --edition=2018 /github/home/.cargo/registry/src/index.crates.io-1949cf8c6b5b557f/target-lexicon-0.13.3/build.rs --error-format=json --json=diagnostic-rendered-ansi,artifacts,future-incompat --crate-type bin --emit=dep-info,link -C embed-bitcode=no --cfg 'feature="default"' --check-cfg 'cfg(docsrs,test)' --check-cfg 'cfg(feature, values("arch_z80", "arch_zkasm", "default", "serde", "serde_support", "std"))' -C metadata=2602b505c4481e4b -C extra-filename=-415abe0bba1fb2bb --out-dir /__w/waterkit/waterkit/target/debug/build/target-lexicon-415abe0bba1fb2bb -L dependency=/__w/waterkit/waterkit/target/debug/deps --cap-lints allow`
Test / ubuntu-latest	UNKNOWN STEP	2026-02-20T20:40:01.8088292Z [1m[92m   Compiling[0m zune-core v0.5.1
Test / ubuntu-latest	UNKNOWN STEP	2026-02-20T20:40:01.8170320Z [1m[92m     Running[0m `/github/home/.rustup/toolchains/nightly-x86_64-unknown-linux-gnu/bin/rustc --crate-name zune_core --edition=2021 /github/home/.cargo/registry/src/index.crates.io-1949cf8c6b5b557f/zune-core-0.5.1/src/lib.rs --error-format=json --json=diagnostic-rendered-ansi,artifacts,future-incompat --crate-type lib --emit=dep-info,metadata,link -C embed-bitcode=no -C debuginfo=2 --cfg 'feature="std"' --check-cfg 'cfg(docsrs,test)' --check-cfg 'cfg(feature, values("log", "serde", "std"))' -C metadata=2229c8df73e5c42e -C extra-filename=-e2c02b720a2fcd53 --out-dir /__w/waterkit/waterkit/target/debug/deps -L dependency=/__w/waterkit/waterkit/target/debug/deps --cap-lints allow`
Test / ubuntu-latest	UNKNOWN STEP	2026-02-20T20:40:02.0646662Z [1m[92m   Compiling[0m linux-raw-sys v0.4.15
Test / ubuntu-latest	UNKNOWN STEP	2026-02-20T20:40:02.0667526Z [1m[92m     Running[0m `/github/home/.rustup/toolchains/nightly-x86_64-unknown-linux-gnu/bin/rustc --crate-name linux_raw_sys --edition=2021 /github/home/.cargo/registry/src/index.crates.io-1949cf8c6b5b557f/linux-raw-sys-0.4.15/src/lib.rs --error-format=json --json=diagnostic-rendered-ansi,artifacts,future-incompat --crate-type lib --emit=dep-info,metadata,link -C embed-bitcode=no --warn=unexpected_cfgs --check-cfg 'cfg(target_arch, values("xtensa"))' --cfg 'feature="elf"' --cfg 'feature="errno"' --cfg 'feature="general"' --cfg 'feature="ioctl"' --cfg 'feature="no_std"' --check-cfg 'cfg(docsrs,test)' --check-cfg 'cfg(feature, values("bootparam", "btrfs", "compiler_builtins", "core", "default", "elf", "elf_uapi", "errno", "general", "if_arp", "if_ether", "if_packet", "io_uring", "ioctl", "landlock", "loop_device", "mempolicy", "net", "netlink", "no_std", "prctl", "ptrace", "rustc-dep-of-std", "std", "system", "xdp"))' -C metadata=ca796afe392229bf -C extra-filename=-8cdd0cfdff535256 --out-dir /__w/waterkit/waterkit/target/debug/deps -L dependency=/__w/waterkit/waterkit/target/debug/deps --cap-lints allow`
Test / ubuntu-latest	UNKNOWN STEP	2026-02-20T20:40:02.4018005Z [1m[92m   Compiling[0m byteorder-lite v0.1.0
Test / ubuntu-latest	UNKNOWN STEP	2026-02-20T20:40:02.4092388Z [1m[92m     Running[0m `/github/home/.rustup/toolchains/nightly-x86_64-unknown-linux-gnu/bin/rustc --crate-name byteorder_lite --edition=2021 /github/home/.cargo/registry/src/index.crates.io-1949cf8c6b5b557f/byteorder-lite-0.1.0/src/lib.rs --error-format=json --json=diagnostic-rendered-ansi,artifacts,future-incompat --crate-type lib --emit=dep-info,metadata,link -C embed-bitcode=no -C debuginfo=2 --cfg 'feature="default"' --cfg 'feature="std"' --check-cfg 'cfg(docsrs,test)' --check-cfg 'cfg(feature, values("default", "std"))' -C metadata=f6dd5d917584399c -C extra-filename=-2ca56f980a3393b7 --out-dir /__w/waterkit/waterkit/target/debug/deps -L dependency=/__w/waterkit/waterkit/target/debug/deps --cap-lints allow`
Test / ubuntu-latest	UNKNOWN STEP	2026-02-20T20:40:02.6385790Z [1m[92m   Compiling[0m image-webp v0.2.4
Test / ubuntu-latest	UNKNOWN STEP	2026-02-20T20:40:02.6473881Z [1m[92m     Running[0m `/github/home/.rustup/toolchains/nightly-x86_64-unknown-linux-gnu/bin/rustc --crate-name image_webp --edition=2021 /github/home/.cargo/registry/src/index.crates.io-1949cf8c6b5b557f/image-webp-0.2.4/src/lib.rs --error-format=json --json=diagnostic-rendered-ansi,artifacts,future-incompat --crate-type lib --emit=dep-info,metadata,link -C embed-bitcode=no -C debuginfo=2 --check-cfg 'cfg(docsrs,test)' --check-cfg 'cfg(feature, values("_benchmarks"))' -C metadata=b492b72efb33e86d -C extra-filename=-3a6d0592c843cec6 --out-dir /__w/waterkit/waterkit/target/debug/deps -L dependency=/__w/waterkit/waterkit/target/debug/deps --extern byteorder_lite=/__w/waterkit/waterkit/target/debug/deps/libbyteorder_lite-2ca56f980a3393b7.rmeta --extern quick_error=/__w/waterkit/waterkit/target/debug/deps/libquick_error-89cf154f84c15b9f.rmeta --cap-lints allow`
Test / ubuntu-latest	UNKNOWN STEP	2026-02-20T20:40:03.3136710Z [1m[92m     Running[0m `/github/home/.rustup/toolchains/nightly-x86_64-unknown-linux-gnu/bin/rustc --crate-name rustix --edition=2021 /github/home/.cargo/registry/src/index.crates.io-1949cf8c6b5b557f/rustix-0.38.44/src/lib.rs --error-format=json --json=diagnostic-rendered-ansi,artifacts,future-incompat --crate-type lib --emit=dep-info,metadata,link -C embed-bitcode=no --warn=unexpected_cfgs --check-cfg 'cfg(alloc_c_string)' --check-cfg 'cfg(alloc_ffi)' --check-cfg 'cfg(apple)' --check-cfg 'cfg(asm_experimental_arch)' --check-cfg 'cfg(bsd)' --check-cfg 'cfg(core_c_str)' --check-cfg 'cfg(core_ffi_c)' --check-cfg 'cfg(core_intrinsics)' --check-cfg 'cfg(criterion)' --check-cfg 'cfg(document_experimental_runtime_api)' --check-cfg 'cfg(fix_y2038)' --check-cfg 'cfg(freebsdlike)' --check-cfg 'cfg(libc)' --check-cfg 'cfg(linux_kernel)' --check-cfg 'cfg(linux_like)' --check-cfg 'cfg(linux_raw)' --check-cfg 'cfg(netbsdlike)' --check-cfg 'cfg(rustc_attrs)' --check-cfg 'cfg(solarish)' --check-cfg 'cfg(staged_api)' --check-cfg 'cfg(static_assertions)' --check-cfg 'cfg(thumb_mode)' --check-cfg 'cfg(wasi)' --check-cfg 'cfg(wasi_ext)' --check-cfg 'cfg(target_arch, values("xtensa"))' --cfg 'feature="alloc"' --cfg 'feature="fs"' --cfg 'feature="libc-extra-traits"' --cfg 'feature="std"' --check-cfg 'cfg(docsrs,test)' --check-cfg 'cfg(feature, values("all-apis", "alloc", "cc", "compiler_builtins", "core", "default", "event", "fs", "io_uring", "itoa", "libc", "libc-extra-traits", "libc_errno", "linux_4_11", "linux_latest", "mm", "mount", "net", "once_cell", "param", "pipe", "process", "procfs", "pty", "rand", "runtime", "rustc-dep-of-std", "rustc-std-workspace-alloc", "shm", "std", "stdio", "system", "termios", "thread", "time", "try_close", "use-explicitly-provided-auxv", "use-libc", "use-libc-auxv"))' -C metadata=53aa6fee2ef8b468 -C extra-filename=-0ea50c2e354aa9b4 --out-dir /__w/waterkit/waterkit/target/debug/deps -L dependency=/__w/waterkit/waterkit/target/debug/deps --extern bitflags=/__w/waterkit/waterkit/target/debug/deps/libbitflags-ccf1cefa6e5b3c4f.rmeta --extern linux_raw_sys=/__w/waterkit/waterkit/target/debug/deps/liblinux_raw_sys-8cdd0cfdff535256.rmeta --cap-lints allow --cfg static_assertions --cfg linux_raw --cfg linux_like --cfg linux_kernel`
Test / ubuntu-latest	UNKNOWN STEP	2026-02-20T20:40:04.2681723Z [1m[92m   Compiling[0m zune-jpeg v0.5.12
Test / ubuntu-latest	UNKNOWN STEP	2026-02-20T20:40:04.2764407Z [1m[92m     Running[0m `/github/home/.rustup/toolchains/nightly-x86_64-unknown-linux-gnu/bin/rustc --crate-name zune_jpeg --edition=2021 /github/home/.cargo/registry/src/index.crates.io-1949cf8c6b5b557f/zune-jpeg-0.5.12/src/lib.rs --error-format=json --json=diagnostic-rendered-ansi,artifacts,future-incompat --crate-type lib --emit=dep-info,metadata,link -C embed-bitcode=no -C debuginfo=2 --warn=unexpected_cfgs --check-cfg 'cfg(fuzzing)' --cfg 'feature="default"' --cfg 'feature="neon"' --cfg 'feature="std"' --cfg 'feature="x86"' --check-cfg 'cfg(docsrs,test)' --check-cfg 'cfg(feature, values("default", "log", "neon", "portable_simd", "std", "x86"))' -C metadata=23ea74a01b1d223f -C extra-filename=-39f67b241445c146 --out-dir /__w/waterkit/waterkit/target/debug/deps -L dependency=/__w/waterkit/waterkit/target/debug/deps --extern zune_core=/__w/waterkit/waterkit/target/debug/deps/libzune_core-e2c02b720a2fcd53.rmeta --cap-lints allow`
Test / ubuntu-latest	UNKNOWN STEP	2026-02-20T20:40:04.9395108Z [1m[92m   Compiling[0m moxcms v0.7.11
Test / ubuntu-latest	UNKNOWN STEP	2026-02-20T20:40:04.9482105Z [1m[92m     Running[0m `/github/home/.rustup/toolchains/nightly-x86_64-unknown-linux-gnu/bin/rustc --crate-name moxcms --edition=2024 /github/home/.cargo/registry/src/index.crates.io-1949cf8c6b5b557f/moxcms-0.7.11/src/lib.rs --error-format=json --json=diagnostic-rendered-ansi,artifacts,future-incompat --crate-type lib --emit=dep-info,metadata,link -C embed-bitcode=no -C debuginfo=2 --cfg 'feature="avx"' --cfg 'feature="default"' --cfg 'feature="neon"' --cfg 'feature="sse"' --check-cfg 'cfg(docsrs,test)' --check-cfg 'cfg(feature, values("avx", "avx512", "default", "neon", "options", "sse"))' -C metadata=3976894b34b9995a -C extra-filename=-6510ff1abaf549ea --out-dir /__w/waterkit/waterkit/target/debug/deps -L dependency=/__w/waterkit/waterkit/target/debug/deps --extern num_traits=/__w/waterkit/waterkit/target/debug/deps/libnum_traits-0a996891582b552d.rmeta --extern pxfm=/__w/waterkit/waterkit/target/debug/deps/libpxfm-4de08f9fd5ae064d.rmeta --cap-lints allow`
Test / ubuntu-latest	UNKNOWN STEP	2026-02-20T20:40:05.2442824Z [1m[92m     Running[0m `/__w/waterkit/waterkit/target/debug/build/target-lexicon-415abe0bba1fb2bb/build-script-build`
Test / ubuntu-latest	UNKNOWN STEP	2026-02-20T20:40:05.2765758Z [1m[92m     Running[0m `/__w/waterkit/waterkit/target/debug/build/zmij-33859b837094ce5b/build-script-build`
Test / ubuntu-latest	UNKNOWN STEP	2026-02-20T20:40:05.3079708Z [1m[92m     Running[0m `/__w/waterkit/waterkit/target/debug/build/memoffset-aa000901cc7406fa/build-script-build`
Test / ubuntu-latest	UNKNOWN STEP	2026-02-20T20:40:05.3633352Z [1m[92m     Running[0m `/__w/waterkit/waterkit/target/debug/build/naga-5fe85b69adaf29f0/build-script-build`
Test / ubuntu-latest	UNKNOWN STEP	2026-02-20T20:40:05.3831567Z [1m[92m     Running[0m `/__w/waterkit/waterkit/target/debug/build/generic-array-2b3849d5a3addff3/build-script-build`
Test / ubuntu-latest	UNKNOWN STEP	2026-02-20T20:40:05.4159641Z [1m[92m   Compiling[0m rand_core v0.9.5
Test / ubuntu-latest	UNKNOWN STEP	2026-02-20T20:40:05.4240461Z [1m[92m     Running[0m `/github/home/.rustup/toolchains/nightly-x86_64-unknown-linux-gnu/bin/rustc --crate-name rand_core --edition=2021 /github/home/.cargo/registry/src/index.crates.io-1949cf8c6b5b557f/rand_core-0.9.5/src/lib.rs --error-format=json --json=diagnostic-rendered-ansi,artifacts,future-incompat --crate-type lib --emit=dep-info,metadata,link -C embed-bitcode=no -C debuginfo=2 --cfg 'feature="os_rng"' --cfg 'feature="std"' --check-cfg 'cfg(docsrs,test)' --check-cfg 'cfg(feature, values("os_rng", "serde", "std"))' -C metadata=60820899243e687c -C extra-filename=-9eb4ac54259e5b2f --out-dir /__w/waterkit/waterkit/target/debug/deps -L dependency=/__w/waterkit/waterkit/target/debug/deps --extern getrandom=/__w/waterkit/waterkit/target/debug/deps/libgetrandom-21d7f44eefbf6b8f.rmeta --cap-lints allow`
Test / ubuntu-latest	UNKNOWN STEP	2026-02-20T20:40:05.5800016Z [1m[92m     Running[0m `/__w/waterkit/waterkit/target/debug/build/aws-lc-sys-0ba08e4b2d627116/build-script-main`
Test / ubuntu-latest	UNKNOWN STEP	2026-02-20T20:40:16.3398648Z [1m[92m     Running[0m `/github/home/.rustup/toolchains/nightly-x86_64-unknown-linux-gnu/bin/rustc --crate-name wgpu_hal --edition=2021 /github/home/.cargo/registry/src/index.crates.io-1949cf8c6b5b557f/wgpu-hal-27.0.4/src/lib.rs --error-format=json --json=diagnostic-rendered-ansi,artifacts,future-incompat --crate-type lib --emit=dep-info,metadata,link -C embed-bitcode=no -C debuginfo=2 --warn=unexpected_cfgs --check-cfg 'cfg(web_sys_unstable_apis)' --cfg 'feature="dx12"' --cfg 'feature="gles"' --cfg 'feature="portable-atomic"' --cfg 'feature="renderdoc"' --cfg 'feature="vulkan"' --check-cfg 'cfg(docsrs,test)' --check-cfg 'cfg(feature, values("cargo-clippy", "device_lost_panic", "dx12", "fragile-send-sync-non-atomic-wasm", "gles", "gpu-allocator", "internal_error_panic", "metal", "portable-atomic", "renderdoc", "rustc-hash", "static-dxc", "validation_canary", "vulkan"))' -C metadata=23cb590a6cae69aa -C extra-filename=-e4fb4a672a3e6e64 --out-dir /__w/waterkit/waterkit/target/debug/deps -L dependency=/__w/waterkit/waterkit/target/debug/deps --extern arrayvec=/__w/waterkit/waterkit/target/debug/deps/libarrayvec-a2b5b1cd6af46bc5.rmeta --extern ash=/__w/waterkit/waterkit/target/debug/deps/libash-e195b4a30a52f9ae.rmeta --extern bitflags=/__w/waterkit/waterkit/target/debug/deps/libbitflags-ccf1cefa6e5b3c4f.rmeta --extern bytemuck=/__w/waterkit/waterkit/target/debug/deps/libbytemuck-8de1eb58aa0bd7fa.rmeta --extern cfg_if=/__w/waterkit/waterkit/target/debug/deps/libcfg_if-2262c59ed30cbfdf.rmeta --extern glow=/__w/waterkit/waterkit/target/debug/deps/libglow-b79f9efbf04b5860.rmeta --extern gpu_alloc=/__w/waterkit/waterkit/target/debug/deps/libgpu_alloc-9c1cfe8405af4107.rmeta --extern gpu_descriptor=/__w/waterkit/waterkit/target/debug/deps/libgpu_descriptor-e8a9cc78c0c36768.rmeta --extern hashbrown=/__w/waterkit/waterkit/target/debug/deps/libhashbrown-977a6e06d06005e4.rmeta --extern khronos_egl=/__w/waterkit/waterkit/target/debug/deps/libkhronos_egl-112f672e67c098e9.rmeta --extern libc=/__w/waterkit/waterkit/target/debug/deps/liblibc-32506a6f335a62d8.rmeta --extern libloading=/__w/waterkit/waterkit/target/debug/deps/liblibloading-e2192da9d1cfad1b.rmeta --extern log=/__w/waterkit/waterkit/target/debug/deps/liblog-2f944dc4363dc0db.rmeta --extern naga=/__w/waterkit/waterkit/target/debug/deps/libnaga-bc293735d6965a5e.rmeta --extern ordered_float=/__w/waterkit/waterkit/target/debug/deps/libordered_float-c94bba67d46836fc.rmeta --extern parking_lot=/__w/waterkit/waterkit/target/debug/deps/libparking_lot-1d298fc38b38a670.rmeta --extern profiling=/__w/waterkit/waterkit/target/debug/deps/libprofiling-1042c9c22d7ec680.rmeta --extern raw_window_handle=/__w/waterkit/waterkit/target/debug/deps/libraw_window_handle-215e762d282f9944.rmeta --extern renderdoc_sys=/__w/waterkit/waterkit/target/debug/deps/librenderdoc_sys-f21be53b92b25337.rmeta --extern smallvec=/__w/waterkit/waterkit/target/debug/deps/libsmallvec-e23cfd1cc88132d6.rmeta --extern thiserror=/__w/waterkit/waterkit/target/debug/deps/libthiserror-cdc3975023d2ec8a.rmeta --extern wgpu_types=/__w/waterkit/waterkit/target/debug/deps/libwgpu_types-9974f1140c55b730.rmeta --cap-lints allow --cfg native --cfg send_sync --cfg gles --cfg gles_with_std --cfg vulkan --cfg supports_64bit_atomics --cfg supports_ptr_atomics --check-cfg 'cfg(native)' --check-cfg 'cfg(send_sync)' --check-cfg 'cfg(webgl)' --check-cfg 'cfg(Emscripten)' --check-cfg 'cfg(dx12)' --check-cfg 'cfg(gles)' --check-cfg 'cfg(gles_with_std)' --check-cfg 'cfg(metal)' --check-cfg 'cfg(vulkan)' --check-cfg 'cfg(static_dxc)' --check-cfg 'cfg(supports_64bit_atomics)' --check-cfg 'cfg(supports_ptr_atomics)'`
Test / ubuntu-latest	UNKNOWN STEP	2026-02-20T20:40:16.5410504Z [1m[92m   Compiling[0m tiff v0.10.3
Test / ubuntu-latest	UNKNOWN STEP	2026-02-20T20:40:16.5423169Z [1m[92m     Running[0m `/github/home/.rustup/toolchains/nightly-x86_64-unknown-linux-gnu/bin/rustc --crate-name tiff --edition=2021 /github/home/.cargo/registry/src/index.crates.io-1949cf8c6b5b557f/tiff-0.10.3/src/lib.rs --error-format=json --json=diagnostic-rendered-ansi,artifacts,future-incompat --crate-type lib --emit=dep-info,metadata,link -C embed-bitcode=no -C debuginfo=2 --cfg 'feature="default"' --cfg 'feature="deflate"' --cfg 'feature="fax"' --cfg 'feature="jpeg"' --cfg 'feature="lzw"' --check-cfg 'cfg(docsrs,test)' --check-cfg 'cfg(feature, values("default", "deflate", "fax", "jpeg", "lzw", "zstd"))' -C metadata=d978764fdf64b294 -C extra-filename=-c8aca44c7551e684 --out-dir /__w/waterkit/waterkit/target/debug/deps -L dependency=/__w/waterkit/waterkit/target/debug/deps --extern fax34=/__w/waterkit/waterkit/target/debug/deps/libfax-c5eda7503674fcb0.rmeta --extern flate2=/__w/waterkit/waterkit/target/debug/deps/libflate2-e7a71917d9e8fdfc.rmeta --extern half=/__w/waterkit/waterkit/target/debug/deps/libhalf-941b768d1d0a609f.rmeta --extern quick_error=/__w/waterkit/waterkit/target/debug/deps/libquick_error-89cf154f84c15b9f.rmeta --extern weezl=/__w/waterkit/waterkit/target/debug/deps/libweezl-b054659bfe430e6b.rmeta --extern zune_jpeg=/__w/waterkit/waterkit/target/debug/deps/libzune_jpeg-1fffa0406fa6ed20.rmeta --cap-lints allow`
Test / ubuntu-latest	UNKNOWN STEP	2026-02-20T20:40:17.8973235Z [1m[92m     Running[0m `/github/home/.rustup/toolchains/nightly-x86_64-unknown-linux-gnu/bin/rustc --crate-name typenum --edition=2018 /github/home/.cargo/registry/src/index.crates.io-1949cf8c6b5b557f/typenum-1.19.0/src/lib.rs --error-format=json --json=diagnostic-rendered-ansi,artifacts,future-incompat --crate-type lib --emit=dep-info,metadata,link -C embed-bitcode=no -C debuginfo=2 --check-cfg 'cfg(docsrs,test)' --check-cfg 'cfg(feature, values("const-generics", "force_unix_path_separator", "i128", "no_std", "scale-info", "scale_info", "strict"))' -C metadata=8ca54a9526d65cb1 -C extra-filename=-56c9eee2785e1baa --out-dir /__w/waterkit/waterkit/target/debug/deps -L dependency=/__w/waterkit/waterkit/target/debug/deps --cap-lints allow`
Test / ubuntu-latest	UNKNOWN STEP	2026-02-20T20:40:18.3863787Z [1m[92m   Compiling[0m gif v0.14.1
Test / ubuntu-latest	UNKNOWN STEP	2026-02-20T20:40:18.3945861Z [1m[92m     Running[0m `/github/home/.rustup/toolchains/nightly-x86_64-unknown-linux-gnu/bin/rustc --crate-name gif --edition=2021 /github/home/.cargo/registry/src/index.crates.io-1949cf8c6b5b557f/gif-0.14.1/src/lib.rs --error-format=json --json=diagnostic-rendered-ansi,artifacts,future-incompat --crate-type lib --emit=dep-info,metadata,link -C embed-bitcode=no -C debuginfo=2 --cfg 'feature="color_quant"' --cfg 'feature="default"' --cfg 'feature="raii_no_panic"' --cfg 'feature="std"' --check-cfg 'cfg(docsrs,test)' --check-cfg 'cfg(feature, values("color_quant", "default", "raii_no_panic", "std"))' -C metadata=03d929b7965f01f3 -C extra-filename=-0307248122cd7930 --out-dir /__w/waterkit/waterkit/target/debug/deps -L dependency=/__w/waterkit/waterkit/target/debug/deps --extern color_quant=/__w/waterkit/waterkit/target/debug/deps/libcolor_quant-d2a0b603d64ae2ec.rmeta --extern weezl=/__w/waterkit/waterkit/target/debug/deps/libweezl-b054659bfe430e6b.rmeta --cap-lints allow`
Test / ubuntu-latest	UNKNOWN STEP	2026-02-20T20:40:19.1012630Z [1m[92m   Compiling[0m png v0.18.1
Test / ubuntu-latest	UNKNOWN STEP	2026-02-20T20:40:19.1091027Z [1m[92m     Running[0m `/github/home/.rustup/toolchains/nightly-x86_64-unknown-linux-gnu/bin/rustc --crate-name png --edition=2021 /github/home/.cargo/registry/src/index.crates.io-1949cf8c6b5b557f/png-0.18.1/src/lib.rs --error-format=json --json=diagnostic-rendered-ansi,artifacts,future-incompat --crate-type lib --emit=dep-info,metadata,link -C embed-bitcode=no -C debuginfo=2 --warn=unexpected_cfgs --check-cfg 'cfg(fuzzing)' --check-cfg 'cfg(docsrs,test)' --check-cfg 'cfg(feature, values("benchmarks", "unstable", "zlib-rs"))' -C metadata=204c335e70c9ab13 -C extra-filename=-31abe7ea4449ce69 --out-dir /__w/waterkit/waterkit/target/debug/deps -L dependency=/__w/waterkit/waterkit/target/debug/deps --extern bitflags=/__w/waterkit/waterkit/target/debug/deps/libbitflags-ccf1cefa6e5b3c4f.rmeta --extern crc32fast=/__w/waterkit/waterkit/target/debug/deps/libcrc32fast-708b19cc9b243303.rmeta --extern fdeflate=/__w/waterkit/waterkit/target/debug/deps/libfdeflate-de13ac8da3551179.rmeta --extern flate2=/__w/waterkit/waterkit/target/debug/deps/libflate2-e7a71917d9e8fdfc.rmeta --extern miniz_oxide=/__w/waterkit/waterkit/target/debug/deps/libminiz_oxide-f95b54d3b8c71ec6.rmeta --cap-lints allow`
Test / ubuntu-latest	UNKNOWN STEP	2026-02-20T20:40:20.4034016Z [1m[92m   Compiling[0m mozjpeg-sys v2.2.3
Test / ubuntu-latest	UNKNOWN STEP	2026-02-20T20:40:20.4095343Z [1m[92m     Running[0m `/github/home/.rustup/toolchains/nightly-x86_64-unknown-linux-gnu/bin/rustc --crate-name build_script_build --edition=2021 /github/home/.cargo/registry/src/index.crates.io-1949cf8c6b5b557f/mozjpeg-sys-2.2.3/src/build.rs --error-format=json --json=diagnostic-rendered-ansi,artifacts,future-incompat --crate-type bin --emit=dep-info,link -C embed-bitcode=no --cfg 'feature="default"' --cfg 'feature="nasm_simd"' --cfg 'feature="parallel"' --cfg 'feature="unwinding"' --cfg 'feature="with_simd"' --check-cfg 'cfg(docsrs,test)' --check-cfg 'cfg(feature, values("arith_dec", "arith_enc", "default", "icc_io", "jpeg70_abi", "jpeg80_abi", "jpegtran", "nasm_simd", "nasm_simd_parallel_build", "parallel", "turbojpeg_api", "unwinding", "with_simd"))' -C metadata=e25ccaf9fa125b10 -C extra-filename=-83cf05fd6793e67a --out-dir /__w/waterkit/waterkit/target/debug/build/mozjpeg-sys-83cf05fd6793e67a -L dependency=/__w/waterkit/waterkit/target/debug/deps --extern cc=/__w/waterkit/waterkit/target/debug/deps/libcc-bf89973bbffe1577.rlib --extern dunce=/__w/waterkit/waterkit/target/debug/deps/libdunce-ba18d8804ab700b1.rlib --extern nasm_rs=/__w/waterkit/waterkit/target/debug/deps/libnasm_rs-660d3f3feb401e23.rlib --cap-lints allow`
Test / ubuntu-latest	UNKNOWN STEP	2026-02-20T20:40:20.6226257Z [1m[92m   Compiling[0m ppv-lite86 v0.2.21
Test / ubuntu-latest	UNKNOWN STEP	2026-02-20T20:40:20.6302651Z [1m[92m     Running[0m `/github/home/.rustup/toolchains/nightly-x86_64-unknown-linux-gnu/bin/rustc --crate-name ppv_lite86 --edition=2021 /github/home/.cargo/registry/src/index.crates.io-1949cf8c6b5b557f/ppv-lite86-0.2.21/src/lib.rs --error-format=json --json=diagnostic-rendered-ansi,artifacts,future-incompat --crate-type lib --emit=dep-info,metadata,link -C embed-bitcode=no -C debuginfo=2 --cfg 'feature="simd"' --cfg 'feature="std"' --check-cfg 'cfg(docsrs,test)' --check-cfg 'cfg(feature, values("default", "no_simd", "simd", "std"))' -C metadata=14503b0257f4743a -C extra-filename=-6b427a7e306b4780 --out-dir /__w/waterkit/waterkit/target/debug/deps -L dependency=/__w/waterkit/waterkit/target/debug/deps --extern zerocopy=/__w/waterkit/waterkit/target/debug/deps/libzerocopy-1b066a3d02152067.rmeta --cap-lints allow`
Test / ubuntu-latest	UNKNOWN STEP	2026-02-20T20:40:20.8595906Z [1m[92m   Compiling[0m wgpu-core v27.0.3
Test / ubuntu-latest	UNKNOWN STEP	2026-02-20T20:40:20.8678635Z [1m[92m     Running[0m `/github/home/.rustup/toolchains/nightly-x86_64-unknown-linux-gnu/bin/rustc --crate-name build_script_build --edition=2021 /github/home/.cargo/registry/src/index.crates.io-1949cf8c6b5b557f/wgpu-core-27.0.3/build.rs --error-format=json --json=diagnostic-rendered-ansi,artifacts,future-incompat --crate-type bin --emit=dep-info,link -C embed-bitcode=no --warn=unexpected_cfgs --check-cfg 'cfg(wgpu_validate_locks)' --cfg 'feature="default"' --cfg 'feature="dx12"' --cfg 'feature="gles"' --cfg 'feature="metal"' --cfg 'feature="portable-atomic"' --cfg 'feature="raw-window-handle"' --cfg 'feature="renderdoc"' --cfg 'feature="std"' --cfg 'feature="vulkan"' --cfg 'feature="wgpu-core-deps-windows-linux-android"' --cfg 'feature="wgsl"' --check-cfg 'cfg(docsrs,test)' --check-cfg 'cfg(feature, values("angle", "api_log_info", "counters", "default", "dx12", "fragile-send-sync-non-atomic-wasm", "gles", "glsl", "metal", "noop", "observe_locks", "portable-atomic", "raw-window-handle", "renderdoc", "replay", "resource_log_info", "serde", "spirv", "static-dxc", "std", "strict_asserts", "trace", "vulkan", "vulkan-portability", "webgl", "wgpu-core-deps-apple", "wgpu-core-deps-emscripten", "wgpu-core-deps-wasm", "wgpu-core-deps-windows-linux-android", "wgsl"))' -C metadata=d87e62d23e7ad2c0 -C extra-filename=-60f7a19ca5488c73 --out-dir /__w/waterkit/waterkit/target/debug/build/wgpu-core-60f7a19ca5488c73 -L dependency=/__w/waterkit/waterkit/target/debug/deps --extern cfg_aliases=/__w/waterkit/waterkit/target/debug/deps/libcfg_aliases-07102a85dafba9e1.rlib --cap-lints allow`
Test / ubuntu-latest	UNKNOWN STEP	2026-02-20T20:40:21.0556495Z [1m[92m   Compiling[0m wgpu-hal v28.0.0
Test / ubuntu-latest	UNKNOWN STEP	2026-02-20T20:40:21.0646128Z [1m[92m     Running[0m `/github/home/.rustup/toolchains/nightly-x86_64-unknown-linux-gnu/bin/rustc --crate-name build_script_build --edition=2021 /github/home/.cargo/registry/src/index.crates.io-1949cf8c6b5b557f/wgpu-hal-28.0.0/build.rs --error-format=json --json=diagnostic-rendered-ansi,artifacts,future-incompat --crate-type bin --emit=dep-info,link -C embed-bitcode=no --warn=unexpected_cfgs --check-cfg 'cfg(feature, values("cargo-clippy"))' --check-cfg 'cfg(web_sys_unstable_apis)' --cfg 'feature="dx12"' --cfg 'feature="gles"' --cfg 'feature="portable-atomic"' --cfg 'feature="renderdoc"' --cfg 'feature="vulkan"' --check-cfg 'cfg(docsrs,test)' --check-cfg 'cfg(feature, values("device_lost_panic", "dx12", "fragile-send-sync-non-atomic-wasm", "gles", "internal_error_panic", "metal", "portable-atomic", "renderdoc", "static-dxc", "validation_canary", "vulkan"))' -C metadata=9e72b458ee255230 -C extra-filename=-f74efe763dbd9590 --out-dir /__w/waterkit/waterkit/target/debug/build/wgpu-hal-f74efe763dbd9590 -L dependency=/__w/waterkit/waterkit/target/debug/deps --extern cfg_aliases=/__w/waterkit/waterkit/target/debug/deps/libcfg_aliases-07102a85dafba9e1.rlib --cap-lints allow`
Test / ubuntu-latest	UNKNOWN STEP	2026-02-20T20:40:21.2871511Z [1m[92m   Compiling[0m wayland-sys v0.30.1
Test / ubuntu-latest	UNKNOWN STEP	2026-02-20T20:40:21.2881350Z [1m[92m     Running[0m `/github/home/.rustup/toolchains/nightly-x86_64-unknown-linux-gnu/bin/rustc --crate-name build_script_build --edition=2018 /github/home/.cargo/registry/src/index.crates.io-1949cf8c6b5b557f/wayland-sys-0.30.1/build.rs --error-format=json --json=diagnostic-rendered-ansi,artifacts,future-incompat --crate-type bin --emit=dep-info,link -C embed-bitcode=no --check-cfg 'cfg(docsrs,test)' --check-cfg 'cfg(feature, values("client", "cursor", "dlopen", "egl", "lazy_static", "libc", "memoffset", "server"))' -C metadata=e65f4a369bba8d9d -C extra-filename=-bfbb8d5250d7a60d --out-dir /__w/waterkit/waterkit/target/debug/build/wayland-sys-bfbb8d5250d7a60d -L dependency=/__w/waterkit/waterkit/target/debug/deps --extern pkg_config=/__w/waterkit/waterkit/target/debug/deps/libpkg_config-27318cb7412d9ab4.rlib --cap-lints allow`
Test / ubuntu-latest	UNKNOWN STEP	2026-02-20T20:40:21.3965613Z [1m[92m   Compiling[0m zeroize v1.8.2
Test / ubuntu-latest	UNKNOWN STEP	2026-02-20T20:40:21.3973732Z [1m[92m     Running[0m `/github/home/.rustup/toolchains/nightly-x86_64-unknown-linux-gnu/bin/rustc --crate-name zeroize --edition=2021 /github/home/.cargo/registry/src/index.crates.io-1949cf8c6b5b557f/zeroize-1.8.2/src/lib.rs --error-format=json --json=diagnostic-rendered-ansi,artifacts,future-incompat --crate-type lib --emit=dep-info,metadata,link -C embed-bitcode=no -C debuginfo=2 --cfg 'feature="alloc"' --cfg 'feature="default"' --check-cfg 'cfg(docsrs,test)' --check-cfg 'cfg(feature, values("aarch64", "alloc", "default", "derive", "serde", "simd", "std", "zeroize_derive"))' -C metadata=ea7777de6822897c -C extra-filename=-14f8054b04caf8c6 --out-dir /__w/waterkit/waterkit/target/debug/deps -L dependency=/__w/waterkit/waterkit/target/debug/deps --cap-lints allow`
Test / ubuntu-latest	UNKNOWN STEP	2026-02-20T20:40:21.4927418Z [1m[92m   Compiling[0m bindgen v0.65.1
Test / ubuntu-latest	UNKNOWN STEP	2026-02-20T20:40:21.4992935Z [1m[92m     Running[0m `/github/home/.rustup/toolchains/nightly-x86_64-unknown-linux-gnu/bin/rustc --crate-name build_script_build --edition=2018 /github/home/.cargo/registry/src/index.crates.io-1949cf8c6b5b557f/bindgen-0.65.1/build.rs --error-format=json --json=diagnostic-rendered-ansi,artifacts,future-incompat --crate-type bin --emit=dep-info,link -C embed-bitcode=no --cfg 'feature="default"' --cfg 'feature="log"' --cfg 'feature="logging"' --cfg 'feature="runtime"' --cfg 'feature="which"' --cfg 'feature="which-rustfmt"' --check-cfg 'cfg(docsrs,test)' --check-cfg 'cfg(feature, values("__cli", "annotate-snippets", "default", "experimental", "log", "logging", "runtime", "static", "testing_only_extra_assertions", "testing_only_libclang_5", "testing_only_libclang_9", "which", "which-rustfmt"))' -C metadata=bf8847b9d43be6bd -C extra-filename=-bb4721c9d8f4e86c --out-dir /__w/waterkit/waterkit/target/debug/build/bindgen-bb4721c9d8f4e86c -L dependency=/__w/waterkit/waterkit/target/debug/deps --cap-lints allow`
Test / ubuntu-latest	UNKNOWN STEP	2026-02-20T20:40:21.6313498Z [1m[92m   Compiling[0m bindgen v0.70.1
Test / ubuntu-latest	UNKNOWN STEP	2026-02-20T20:40:21.6392208Z [1m[92m     Running[0m `/github/home/.rustup/toolchains/nightly-x86_64-unknown-linux-gnu/bin/rustc --crate-name build_script_build --edition=2018 /github/home/.cargo/registry/src/index.crates.io-1949cf8c6b5b557f/bindgen-0.70.1/build.rs --error-format=json --json=diagnostic-rendered-ansi,artifacts,future-incompat --crate-type bin --emit=dep-info,link -C embed-bitcode=no --cfg 'feature="runtime"' --check-cfg 'cfg(docsrs,test)' --check-cfg 'cfg(feature, values("__cli", "__testing_only_extra_assertions", "__testing_only_libclang_16", "__testing_only_libclang_9", "default", "experimental", "logging", "prettyplease", "runtime", "static", "which-rustfmt"))' -C metadata=0bc980e69f87a9c2 -C extra-filename=-8ae5349dba2827e6 --out-dir /__w/waterkit/waterkit/target/debug/build/bindgen-8ae5349dba2827e6 -L dependency=/__w/waterkit/waterkit/target/debug/deps --cap-lints allow`
Test / ubuntu-latest	UNKNOWN STEP	2026-02-20T20:40:21.7829194Z [1m[92m   Compiling[0m presser v0.3.1
Test / ubuntu-latest	UNKNOWN STEP	2026-02-20T20:40:21.7899975Z [1m[92m     Running[0m `/github/home/.rustup/toolchains/nightly-x86_64-unknown-linux-gnu/bin/rustc --crate-name presser --edition=2021 /github/home/.cargo/registry/src/index.crates.io-1949cf8c6b5b557f/presser-0.3.1/src/lib.rs --error-format=json --json=diagnostic-rendered-ansi,artifacts,future-incompat --crate-type lib --emit=dep-info,metadata,link -C embed-bitcode=no -C debuginfo=2 --check-cfg 'cfg(docsrs,test)' --check-cfg 'cfg(feature, values("default", "std"))' -C metadata=8076f23e463b5828 -C extra-filename=-0da0ec2dfede6b79 --out-dir /__w/waterkit/waterkit/target/debug/deps -L dependency=/__w/waterkit/waterkit/target/debug/deps --cap-lints allow`
Test / ubuntu-latest	UNKNOWN STEP	2026-02-20T20:40:21.8697723Z [1m[92m   Compiling[0m home v0.5.12
Test / ubuntu-latest	UNKNOWN STEP	2026-02-20T20:40:21.8720765Z [1m[92m     Running[0m `/github/home/.rustup/toolchains/nightly-x86_64-unknown-linux-gnu/bin/rustc --crate-name home --edition=2024 /github/home/.cargo/registry/src/index.crates.io-1949cf8c6b5b557f/home-0.5.12/src/lib.rs --error-format=json --json=diagnostic-rendered-ansi,artifacts,future-incompat --crate-type lib --emit=dep-info,metadata,link -C embed-bitcode=no '--allow=clippy::all' '--warn=clippy::correctness' '--warn=clippy::self_named_module_files' --warn=rust_2018_idioms '--allow=rustdoc::private_intra_doc_links' '--warn=clippy::print_stdout' '--warn=clippy::print_stderr' '--warn=clippy::disallowed_methods' '--warn=clippy::dbg_macro' --check-cfg 'cfg(docsrs,test)' --check-cfg 'cfg(feature, values())' -C metadata=464b6f1c349e5163 -C extra-filename=-75e40bfb67a880b0 --out-dir /__w/waterkit/waterkit/target/debug/deps -L dependency=/__w/waterkit/waterkit/target/debug/deps --cap-lints allow`
Test / ubuntu-latest	UNKNOWN STEP	2026-02-20T20:40:21.9007215Z [1m[92m     Running[0m `/github/home/.rustup/toolchains/nightly-x86_64-unknown-linux-gnu/bin/rustc --crate-name libgit2_sys --edition=2021 /github/home/.cargo/registry/src/index.crates.io-1949cf8c6b5b557f/libgit2-sys-0.18.3+1.9.2/lib.rs --error-format=json --json=diagnostic-rendered-ansi,artifacts,future-incompat --crate-type lib --emit=dep-info,metadata,link -C embed-bitcode=no --check-cfg 'cfg(docsrs,test)' --check-cfg 'cfg(feature, values("https", "libssh2-sys", "openssl-sys", "ssh", "vendored", "vendored-openssl", "zlib-ng-compat"))' -C metadata=858641d62acc49e0 -C extra-filename=-9490ace9014414f1 --out-dir /__w/waterkit/waterkit/target/debug/deps -L dependency=/__w/waterkit/waterkit/target/debug/deps --extern libc=/__w/waterkit/waterkit/target/debug/deps/liblibc-daa6a27b3be417a1.rmeta --extern libz_sys=/__w/waterkit/waterkit/target/debug/deps/liblibz_sys-686a10ac157d9926.rmeta --cap-lints allow -L native=/__w/waterkit/waterkit/target/debug/build/libgit2-sys-6ca723f2127c1817/out/build -l static=git2 --cfg libgit2_vendored --check-cfg 'cfg(libgit2_vendored,)'`
Test / ubuntu-latest	UNKNOWN STEP	2026-02-20T20:40:21.9442135Z [1m[92m   Compiling[0m serde_json v1.0.149
Test / ubuntu-latest	UNKNOWN STEP	2026-02-20T20:40:21.9454091Z [1m[92m     Running[0m `/github/home/.rustup/toolchains/nightly-x86_64-unknown-linux-gnu/bin/rustc --crate-name build_script_build --edition=2021 /github/home/.cargo/registry/src/index.crates.io-1949cf8c6b5b557f/serde_json-1.0.149/build.rs --error-format=json --json=diagnostic-rendered-ansi,artifacts,future-incompat --crate-type bin --emit=dep-info,link -C embed-bitcode=no --cfg 'feature="default"' --cfg 'feature="std"' --check-cfg 'cfg(docsrs,test)' --check-cfg 'cfg(feature, values("alloc", "arbitrary_precision", "default", "float_roundtrip", "indexmap", "preserve_order", "raw_value", "std", "unbounded_depth"))' -C metadata=6c7b2593d1658889 -C extra-filename=-bdff4bd535902d25 --out-dir /__w/waterkit/waterkit/target/debug/build/serde_json-bdff4bd535902d25 -L dependency=/__w/waterkit/waterkit/target/debug/deps --cap-lints allow`
Test / ubuntu-latest	UNKNOWN STEP	2026-02-20T20:40:22.0649187Z [1m[92m   Compiling[0m wasm-bindgen-shared v0.2.109
Test / ubuntu-latest	UNKNOWN STEP	2026-02-20T20:40:22.0765312Z [1m[92m     Running[0m `/github/home/.rustup/toolchains/nightly-x86_64-unknown-linux-gnu/bin/rustc --crate-name build_script_build --edition=2021 /github/home/.cargo/registry/src/index.crates.io-1949cf8c6b5b557f/wasm-bindgen-shared-0.2.109/build.rs --error-format=json --json=diagnostic-rendered-ansi,artifacts,future-incompat --crate-type bin --emit=dep-info,link -C embed-bitcode=no '--warn=clippy::uninlined_format_args' --warn=unexpected_cfgs '--allow=clippy::type_complexity' '--allow=clippy::too_many_arguments' '--allow=clippy::overly_complex_bool_expr' '--allow=clippy::new_without_default' '--allow=clippy::large_enum_variant' --check-cfg 'cfg(wasm_bindgen_unstable_test_coverage)' --check-cfg 'cfg(xxx_debug_only_print_generated_code)' --check-cfg 'cfg(docsrs,test)' --check-cfg 'cfg(feature, values())' -C metadata=94c8fecfe275e041 -C extra-filename=-3172f20711c5dda7 --out-dir /__w/waterkit/waterkit/target/debug/build/wasm-bindgen-shared-3172f20711c5dda7 -L dependency=/__w/waterkit/waterkit/target/debug/deps --cap-lints allow`
Test / ubuntu-latest	UNKNOWN STEP	2026-02-20T20:40:22.1240985Z [1m[92m   Compiling[0m git2 v0.20.4
Test / ubuntu-latest	UNKNOWN STEP	2026-02-20T20:40:22.1256578Z [1m[92m     Running[0m `/github/home/.rustup/toolchains/nightly-x86_64-unknown-linux-gnu/bin/rustc --crate-name git2 --edition=2018 /github/home/.cargo/registry/src/index.crates.io-1949cf8c6b5b557f/git2-0.20.4/src/lib.rs --error-format=json --json=diagnostic-rendered-ansi,artifacts,future-incompat --crate-type lib --emit=dep-info,metadata,link -C embed-bitcode=no --check-cfg 'cfg(docsrs,test)' --check-cfg 'cfg(feature, values("default", "https", "openssl-probe", "openssl-sys", "ssh", "unstable", "vendored-libgit2", "vendored-openssl", "zlib-ng-compat"))' -C metadata=41d480baf639a948 -C extra-filename=-d9de20cdfe5a035d --out-dir /__w/waterkit/waterkit/target/debug/deps -L dependency=/__w/waterkit/waterkit/target/debug/deps --extern bitflags=/__w/waterkit/waterkit/target/debug/deps/libbitflags-ccf1cefa6e5b3c4f.rmeta --extern libc=/__w/waterkit/waterkit/target/debug/deps/liblibc-daa6a27b3be417a1.rmeta --extern libgit2_sys=/__w/waterkit/waterkit/target/debug/deps/liblibgit2_sys-9490ace9014414f1.rmeta --extern log=/__w/waterkit/waterkit/target/debug/deps/liblog-496cf8a3b8dcf87b.rmeta --extern url=/__w/waterkit/waterkit/target/debug/deps/liburl-6ef71da2ee510fba.rmeta --cap-lints allow -L native=/__w/waterkit/waterkit/target/debug/build/libgit2-sys-6ca723f2127c1817/out/build`
Test / ubuntu-latest	UNKNOWN STEP	2026-02-20T20:40:22.2224969Z [1m[92m   Compiling[0m io-lifetimes v1.0.11
Test / ubuntu-latest	UNKNOWN STEP	2026-02-20T20:40:22.2306487Z [1m[92m     Running[0m `/github/home/.rustup/toolchains/nightly-x86_64-unknown-linux-gnu/bin/rustc --crate-name build_script_build --edition=2018 /github/home/.cargo/registry/src/index.crates.io-1949cf8c6b5b557f/io-lifetimes-1.0.11/build.rs --error-format=json --json=diagnostic-rendered-ansi,artifacts,future-incompat --crate-type bin --emit=dep-info,link -C embed-bitcode=no --cfg 'feature="close"' --cfg 'feature="default"' --cfg 'feature="hermit-abi"' --cfg 'feature="libc"' --cfg 'feature="windows-sys"' --check-cfg 'cfg(docsrs,test)' --check-cfg 'cfg(feature, values("async-std", "close", "default", "fs-err", "hermit-abi", "libc", "mio", "os_pipe", "socket2", "tokio", "windows-sys"))' -C metadata=9d21b648e817eb16 -C extra-filename=-e00de057bf02eb5b --out-dir /__w/waterkit/waterkit/target/debug/build/io-lifetimes-e00de057bf02eb5b -L dependency=/__w/waterkit/waterkit/target/debug/deps --cap-lints allow`
Test / ubuntu-latest	UNKNOWN STEP	2026-02-20T20:40:22.4104521Z [1m[92m     Running[0m `/__w/waterkit/waterkit/target/debug/build/io-lifetimes-e00de057bf02eb5b/build-script-build`
Test / ubuntu-latest	UNKNOWN STEP	2026-02-20T20:40:22.5150343Z [1m[92m     Running[0m `/__w/waterkit/waterkit/target/debug/build/wasm-bindgen-shared-3172f20711c5dda7/build-script-build`
Test / ubuntu-latest	UNKNOWN STEP	2026-02-20T20:40:22.5271328Z [1m[92m     Running[0m `/__w/waterkit/waterkit/target/debug/build/serde_json-bdff4bd535902d25/build-script-build`
Test / ubuntu-latest	UNKNOWN STEP	2026-02-20T20:40:22.5431584Z [1m[92m   Compiling[0m which v4.4.2
Test / ubuntu-latest	UNKNOWN STEP	2026-02-20T20:40:22.5493335Z [1m[92m     Running[0m `/github/home/.rustup/toolchains/nightly-x86_64-unknown-linux-gnu/bin/rustc --crate-name which --edition=2021 /github/home/.cargo/registry/src/index.crates.io-1949cf8c6b5b557f/which-4.4.2/src/lib.rs --error-format=json --json=diagnostic-rendered-ansi,artifacts,future-incompat --crate-type lib --emit=dep-info,metadata,link -C embed-bitcode=no --check-cfg 'cfg(docsrs,test)' --check-cfg 'cfg(feature, values("regex"))' -C metadata=eba1e2a0bcf55ba5 -C extra-filename=-d18663a41c3527bc --out-dir /__w/waterkit/waterkit/target/debug/deps -L dependency=/__w/waterkit/waterkit/target/debug/deps --extern either=/__w/waterkit/waterkit/target/debug/deps/libeither-e5b02cd2abea5604.rmeta --extern home=/__w/waterkit/waterkit/target/debug/deps/libhome-75e40bfb67a880b0.rmeta --extern rustix=/__w/waterkit/waterkit/target/debug/deps/librustix-0ea50c2e354aa9b4.rmeta --cap-lints allow`
Test / ubuntu-latest	UNKNOWN STEP	2026-02-20T20:40:22.7134111Z [1m[92m   Compiling[0m gpu-allocator v0.28.0
Test / ubuntu-latest	UNKNOWN STEP	2026-02-20T20:40:22.7238792Z [1m[92m     Running[0m `/github/home/.rustup/toolchains/nightly-x86_64-unknown-linux-gnu/bin/rustc --crate-name gpu_allocator --edition=2021 /github/home/.cargo/registry/src/index.crates.io-1949cf8c6b5b557f/gpu-allocator-0.28.0/src/lib.rs --error-format=json --json=diagnostic-rendered-ansi,artifacts,future-incompat --crate-type lib --emit=dep-info,metadata,link -C embed-bitcode=no -C debuginfo=2 --cfg 'feature="d3d12"' --cfg 'feature="hashbrown"' --cfg 'feature="vulkan"' --check-cfg 'cfg(docsrs,test)' --check-cfg 'cfg(feature, values("d3d12", "default", "hashbrown", "metal", "std", "visualizer", "vulkan"))' -C metadata=ed0780511a99db16 -C extra-filename=-fa1f921f91e01770 --out-dir /__w/waterkit/waterkit/target/debug/deps -L dependency=/__w/waterkit/waterkit/target/debug/deps --extern ash=/__w/waterkit/waterkit/target/debug/deps/libash-e195b4a30a52f9ae.rmeta --extern hashbrown=/__w/waterkit/waterkit/target/debug/deps/libhashbrown-977a6e06d06005e4.rmeta --extern log=/__w/waterkit/waterkit/target/debug/deps/liblog-2f944dc4363dc0db.rmeta --extern presser=/__w/waterkit/waterkit/target/debug/deps/libpresser-0da0ec2dfede6b79.rmeta --extern thiserror=/__w/waterkit/waterkit/target/debug/deps/libthiserror-cdc3975023d2ec8a.rmeta --cap-lints allow`
Test / ubuntu-latest	UNKNOWN STEP	2026-02-20T20:40:23.4630525Z [1m[92m     Running[0m `/__w/waterkit/waterkit/target/debug/build/bindgen-8ae5349dba2827e6/build-script-build`
Test / ubuntu-latest	UNKNOWN STEP	2026-02-20T20:40:23.4765567Z [1m[92m     Running[0m `/__w/waterkit/waterkit/target/debug/build/bindgen-bb4721c9d8f4e86c/build-script-build`
Test / ubuntu-latest	UNKNOWN STEP	2026-02-20T20:40:23.4954176Z [1m[92m     Running[0m `/__w/waterkit/waterkit/target/debug/build/wayland-sys-bfbb8d5250d7a60d/build-script-build`
Test / ubuntu-latest	UNKNOWN STEP	2026-02-20T20:40:23.5103107Z [1m[92m     Running[0m `/__w/waterkit/waterkit/target/debug/build/wgpu-hal-f74efe763dbd9590/build-script-build`
Test / ubuntu-latest	UNKNOWN STEP	2026-02-20T20:40:23.5223239Z [1m[92m     Running[0m `/__w/waterkit/waterkit/target/debug/build/wgpu-core-60f7a19ca5488c73/build-script-build`
Test / ubuntu-latest	UNKNOWN STEP	2026-02-20T20:40:23.5283514Z [1m[92m   Compiling[0m rand_chacha v0.9.0
Test / ubuntu-latest	UNKNOWN STEP	2026-02-20T20:40:23.5295003Z [1m[92m     Running[0m `/github/home/.rustup/toolchains/nightly-x86_64-unknown-linux-gnu/bin/rustc --crate-name rand_chacha --edition=2021 /github/home/.cargo/registry/src/index.crates.io-1949cf8c6b5b557f/rand_chacha-0.9.0/src/lib.rs --error-format=json --json=diagnostic-rendered-ansi,artifacts,future-incompat --crate-type lib --emit=dep-info,metadata,link -C embed-bitcode=no -C debuginfo=2 --cfg 'feature="std"' --check-cfg 'cfg(docsrs,test)' --check-cfg 'cfg(feature, values("default", "os_rng", "serde", "std"))' -C metadata=78810dea8cf8dc84 -C extra-filename=-a0b3910e02d54988 --out-dir /__w/waterkit/waterkit/target/debug/deps -L dependency=/__w/waterkit/waterkit/target/debug/deps --extern ppv_lite86=/__w/waterkit/waterkit/target/debug/deps/libppv_lite86-6b427a7e306b4780.rmeta --extern rand_core=/__w/waterkit/waterkit/target/debug/deps/librand_core-9eb4ac54259e5b2f.rmeta --cap-lints allow`
Test / ubuntu-latest	UNKNOWN STEP	2026-02-20T20:40:23.5420396Z [1m[92m     Running[0m `/__w/waterkit/waterkit/target/debug/build/mozjpeg-sys-83cf05fd6793e67a/build-script-build`
Test / ubuntu-latest	UNKNOWN STEP	2026-02-20T20:40:23.9406508Z [1m[92m   Compiling[0m wgpu-core-deps-windows-linux-android v27.0.0
Test / ubuntu-latest	UNKNOWN STEP	2026-02-20T20:40:23.9489482Z [1m[92m     Running[0m `/github/home/.rustup/toolchains/nightly-x86_64-unknown-linux-gnu/bin/rustc --crate-name wgpu_core_deps_windows_linux_android --edition=2021 /github/home/.cargo/registry/src/index.crates.io-1949cf8c6b5b557f/wgpu-core-deps-windows-linux-android-27.0.0/src/lib.rs --error-format=json --json=diagnostic-rendered-ansi,artifacts,future-incompat --crate-type lib --emit=dep-info,metadata,link -C embed-bitcode=no -C debuginfo=2 --cfg 'feature="dx12"' --cfg 'feature="gles"' --cfg 'feature="renderdoc"' --cfg 'feature="vulkan"' --check-cfg 'cfg(docsrs,test)' --check-cfg 'cfg(feature, values("dx12", "gles", "renderdoc", "vulkan"))' -C metadata=c1ae1910bd661a7b -C extra-filename=-17ec9f05ac9b8849 --out-dir /__w/waterkit/waterkit/target/debug/deps -L dependency=/__w/waterkit/waterkit/target/debug/deps --extern wgpu_hal=/__w/waterkit/waterkit/target/debug/deps/libwgpu_hal-e4fb4a672a3e6e64.rmeta --cap-lints allow`
Test / ubuntu-latest	UNKNOWN STEP	2026-02-20T20:40:23.9875174Z [1m[92m     Running[0m `/github/home/.rustup/toolchains/nightly-x86_64-unknown-linux-gnu/bin/rustc --crate-name generic_array --edition=2015 /github/home/.cargo/registry/src/index.crates.io-1949cf8c6b5b557f/generic-array-0.14.7/src/lib.rs --error-format=json --json=diagnostic-rendered-ansi,artifacts,future-incompat --crate-type lib --emit=dep-info,metadata,link -C embed-bitcode=no -C debuginfo=2 --cfg 'feature="more_lengths"' --check-cfg 'cfg(docsrs,test)' --check-cfg 'cfg(feature, values("more_lengths", "serde", "zeroize"))' -C metadata=d8e0e90209861363 -C extra-filename=-3389ddc8f93792c7 --out-dir /__w/waterkit/waterkit/target/debug/deps -L dependency=/__w/waterkit/waterkit/target/debug/deps --extern typenum=/__w/waterkit/waterkit/target/debug/deps/libtypenum-56c9eee2785e1baa.rmeta --cap-lints allow --cfg relaxed_coherence`
Test / ubuntu-latest	UNKNOWN STEP	2026-02-20T20:40:24.4857834Z [1m[92m     Running[0m `/github/home/.rustup/toolchains/nightly-x86_64-unknown-linux-gnu/bin/rustc --crate-name naga --edition=2021 /github/home/.cargo/registry/src/index.crates.io-1949cf8c6b5b557f/naga-28.0.0/src/lib.rs --error-format=json --json=diagnostic-rendered-ansi,artifacts,future-incompat --crate-type lib --emit=dep-info,metadata,link -C embed-bitcode=no -C debuginfo=2 '--warn=clippy::std_instead_of_core' '--warn=clippy::std_instead_of_alloc' '--warn=clippy::alloc_instead_of_core' --cfg 'feature="default"' --cfg 'feature="glsl-out"' --cfg 'feature="hlsl-out"' --cfg 'feature="spv-out"' --cfg 'feature="wgsl-in"' --check-cfg 'cfg(docsrs,test)' --check-cfg 'cfg(feature, values("arbitrary", "default", "deserialize", "dot-out", "fs", "glsl-in", "glsl-out", "hlsl-out", "hlsl-out-if-target-windows", "msl-out", "msl-out-if-target-apple", "serialize", "spv-in", "spv-out", "stderr", "termcolor", "wgsl-in", "wgsl-out"))' -C metadata=7edc31e3edc28439 -C extra-filename=-e34ff9a5645fa9f4 --out-dir /__w/waterkit/waterkit/target/debug/deps -L dependency=/__w/waterkit/waterkit/target/debug/deps --extern arrayvec=/__w/waterkit/waterkit/target/debug/deps/libarrayvec-a2b5b1cd6af46bc5.rmeta --extern bit_set=/__w/waterkit/waterkit/target/debug/deps/libbit_set-e1c873f5e3c2c716.rmeta --extern bitflags=/__w/waterkit/waterkit/target/debug/deps/libbitflags-ccf1cefa6e5b3c4f.rmeta --extern cfg_if=/__w/waterkit/waterkit/target/debug/deps/libcfg_if-2262c59ed30cbfdf.rmeta --extern codespan_reporting=/__w/waterkit/waterkit/target/debug/deps/libcodespan_reporting-63ac03d128a5e6e3.rmeta --extern half=/__w/waterkit/waterkit/target/debug/deps/libhalf-941b768d1d0a609f.rmeta --extern hashbrown=/__w/waterkit/waterkit/target/debug/deps/libhashbrown-977a6e06d06005e4.rmeta --extern hexf_parse=/__w/waterkit/waterkit/target/debug/deps/libhexf_parse-5b305720820081bf.rmeta --extern indexmap=/__w/waterkit/waterkit/target/debug/deps/libindexmap-88500f9c76630fda.rmeta --extern libm=/__w/waterkit/waterkit/target/debug/deps/liblibm-264789c9169635b9.rmeta --extern log=/__w/waterkit/waterkit/target/debug/deps/liblog-2f944dc4363dc0db.rmeta --extern num_traits=/__w/waterkit/waterkit/target/debug/deps/libnum_traits-0a996891582b552d.rmeta --extern once_cell=/__w/waterkit/waterkit/target/debug/deps/libonce_cell-6c5ecd365f058077.rmeta --extern rustc_hash=/__w/waterkit/waterkit/target/debug/deps/librustc_hash-dd9614d01415cf7f.rmeta --extern spirv=/__w/waterkit/waterkit/target/debug/deps/libspirv-4940697395f09da3.rmeta --extern thiserror=/__w/waterkit/waterkit/target/debug/deps/libthiserror-cdc3975023d2ec8a.rmeta --extern unicode_ident=/__w/waterkit/waterkit/target/debug/deps/libunicode_ident-e36a029196a2cca1.rmeta --cap-lints allow --cfg glsl_out --cfg hlsl_out --cfg spv_out --cfg std --check-cfg 'cfg(dot_out)' --check-cfg 'cfg(glsl_out)' --check-cfg 'cfg(hlsl_out)' --check-cfg 'cfg(msl_out)' --check-cfg 'cfg(spv_out)' --check-cfg 'cfg(wgsl_out)' --check-cfg 'cfg(std)' --check-cfg 'cfg(no_std)'`
Test / ubuntu-latest	UNKNOWN STEP	2026-02-20T20:40:25.5109308Z [1m[92m   Compiling[0m built v0.8.0
Test / ubuntu-latest	UNKNOWN STEP	2026-02-20T20:40:25.5169336Z [1m[92m     Running[0m `/github/home/.rustup/toolchains/nightly-x86_64-unknown-linux-gnu/bin/rustc --crate-name built --edition=2021 /github/home/.cargo/registry/src/index.crates.io-1949cf8c6b5b557f/built-0.8.0/src/lib.rs --error-format=json --json=diagnostic-rendered-ansi,artifacts,future-incompat --crate-type lib --emit=dep-info,metadata,link -C embed-bitcode=no --cfg 'feature="git2"' --check-cfg 'cfg(docsrs,test)' --check-cfg 'cfg(feature, values("cargo-lock", "chrono", "dependency-tree", "git2", "semver"))' -C metadata=ee201943971df41d -C extra-filename=-3747981c05c08fdf --out-dir /__w/waterkit/waterkit/target/debug/deps -L dependency=/__w/waterkit/waterkit/target/debug/deps --extern git2=/__w/waterkit/waterkit/target/debug/deps/libgit2-d9de20cdfe5a035d.rmeta --cap-lints allow -L native=/__w/waterkit/waterkit/target/debug/build/libgit2-sys-6ca723f2127c1817/out/build`
Test / ubuntu-latest	UNKNOWN STEP	2026-02-20T20:40:25.9131731Z [1m[92m   Compiling[0m rav1e v0.8.1
Test / ubuntu-latest	UNKNOWN STEP	2026-02-20T20:40:25.9227271Z [1m[92m     Running[0m `/github/home/.rustup/toolchains/nightly-x86_64-unknown-linux-gnu/bin/rustc --crate-name build_script_build --edition=2021 /github/home/.cargo/registry/src/index.crates.io-1949cf8c6b5b557f/rav1e-0.8.1/build.rs --error-format=json --json=diagnostic-rendered-ansi,artifacts,future-incompat --crate-type bin --emit=dep-info,link -C embed-bitcode=no '--allow=clippy::upper_case_acronyms' --warn=unexpected_cfgs '--allow=clippy::too_many_arguments' '--allow=clippy::needless_range_loop' '--warn=clippy::missing_safety_doc' '--warn=clippy::missing_panics_doc' '--warn=clippy::missing_errors_doc' '--allow=clippy::enum_variant_names' '--warn=clippy::doc_markdown' '--warn=clippy::doc_link_with_quotes' '--allow=clippy::comparison_chain' --check-cfg 'cfg(nasm_x86_64)' --check-cfg 'cfg(asm_neon)' --check-cfg 'cfg(cargo_c)' --check-cfg 'cfg(fuzzing)' --cfg 'feature="asm"' --cfg 'feature="av-metrics"' --cfg 'feature="binaries"' --cfg 'feature="cc"' --cfg 'feature="clap"' --cfg 'feature="clap_complete"' --cfg 'feature="console"' --cfg 'feature="default"' --cfg 'feature="fern"' --cfg 'feature="git_version"' --cfg 'feature="ivf"' --cfg 'feature="nasm-rs"' --cfg 'feature="nom"' --cfg 'feature="scan_fmt"' --cfg 'feature="signal-hook"' --cfg 'feature="signal_support"' --cfg 'feature="threading"' --cfg 'feature="y4m"' --check-cfg 'cfg(docsrs,test)' --check-cfg 'cfg(feature, values("aom-sys", "asm", "av-metrics", "backtrace", "bench", "binaries", "byteorder", "capi", "cc", "channel-api", "check_asm", "clap", "clap_complete", "console", "crossbeam", "dav1d-sys", "decode_test", "decode_test_dav1d", "default", "desync_finder", "dump_ivf", "dump_lookahead_data", "fern", "git_version", "image", "ivf", "nasm-rs", "nom", "quick_test", "scan_fmt", "serde", "serde-big-array", "serialize", "signal-hook", "signal_support", "threading", "toml", "tracing", "tracing-chrome", "tracing-subscriber", "unstable", "wasm", "wasm-bindgen", "y4m"))' -C metadata=c67ba301462e3baf -C extra-filename=-caf3a08149a8af24 --out-dir /__w/waterkit/waterkit/target/debug/build/rav1e-caf3a08149a8af24 -L dependency=/__w/waterkit/waterkit/target/debug/deps --extern built=/__w/waterkit/waterkit/target/debug/deps/libbuilt-3747981c05c08fdf.rlib --extern cc=/__w/waterkit/waterkit/target/debug/deps/libcc-bf89973bbffe1577.rlib --extern nasm_rs=/__w/waterkit/waterkit/target/debug/deps/libnasm_rs-660d3f3feb401e23.rlib --cap-lints allow -L native=/__w/waterkit/waterkit/target/debug/build/libgit2-sys-6ca723f2127c1817/out/build`
Test / ubuntu-latest	UNKNOWN STEP	2026-02-20T20:40:26.2130486Z [1m[92m     Running[0m `/__w/waterkit/waterkit/target/debug/build/rav1e-caf3a08149a8af24/build-script-build`
Test / ubuntu-latest	UNKNOWN STEP	2026-02-20T20:40:26.2856476Z [1m[91merror[0m: failed to run custom build command for `rav1e v0.8.1`
Test / ubuntu-latest	UNKNOWN STEP	2026-02-20T20:40:26.2857285Z 
Test / ubuntu-latest	UNKNOWN STEP	2026-02-20T20:40:26.2857432Z Caused by:
Test / ubuntu-latest	UNKNOWN STEP	2026-02-20T20:40:26.2858353Z   process didn't exit successfully: `/__w/waterkit/waterkit/target/debug/build/rav1e-caf3a08149a8af24/build-script-build` (exit status: 101)
Test / ubuntu-latest	UNKNOWN STEP	2026-02-20T20:40:26.2859354Z   --- stdout
Test / ubuntu-latest	UNKNOWN STEP	2026-02-20T20:40:26.2859636Z   cargo:rustc-cfg=nasm_x86_64
Test / ubuntu-latest	UNKNOWN STEP	2026-02-20T20:40:26.2859873Z 
Test / ubuntu-latest	UNKNOWN STEP	2026-02-20T20:40:26.2859983Z   --- stderr
Test / ubuntu-latest	UNKNOWN STEP	2026-02-20T20:40:26.2860144Z 
Test / ubuntu-latest	UNKNOWN STEP	2026-02-20T20:40:26.2860738Z   thread 'main' (6142) panicked at /github/home/.cargo/registry/src/index.crates.io-1949cf8c6b5b557f/rav1e-0.8.1/build.rs:144:9:
Test / ubuntu-latest	UNKNOWN STEP	2026-02-20T20:40:26.2861725Z   NASM build failed. Make sure you have nasm installed or disable the "asm" feature.
Test / ubuntu-latest	UNKNOWN STEP	2026-02-20T20:40:26.2862842Z   You can get NASM from https://nasm.us or your system's package manager.
Test / ubuntu-latest	UNKNOWN STEP	2026-02-20T20:40:26.2863261Z 
Test / ubuntu-latest	UNKNOWN STEP	2026-02-20T20:40:26.2863499Z   error: Unable to run nasm: No such file or directory (os error 2)
Test / ubuntu-latest	UNKNOWN STEP	2026-02-20T20:40:26.2864137Z   note: run with `RUST_BACKTRACE=1` environment variable to display a backtrace
Test / ubuntu-latest	UNKNOWN STEP	2026-02-20T20:40:26.2864928Z [1m[33mwarning[0m: build failed, waiting for other jobs to finish...
Test / ubuntu-latest	UNKNOWN STEP	2026-02-20T20:40:43.5534318Z ##[error]Process completed with exit code 101.
Test / ubuntu-latest	UNKNOWN STEP	2026-02-20T20:40:43.5622968Z Post job cleanup.
Test / ubuntu-latest	UNKNOWN STEP	2026-02-20T20:40:43.5628195Z ##[command]/usr/bin/docker exec  06ea01fa7f3497fa95c0a2f343bb3eb49c9cb3aa8f365e1e4a35832efdd54299 sh -c "cat /etc/*release | grep ^ID"
Test / ubuntu-latest	UNKNOWN STEP	2026-02-20T20:40:43.7810655Z [command]/usr/bin/git version
Test / ubuntu-latest	UNKNOWN STEP	2026-02-20T20:40:43.7850852Z git version 2.52.0
Test / ubuntu-latest	UNKNOWN STEP	2026-02-20T20:40:43.7899700Z Temporarily overriding HOME='/__w/_temp/c996b847-a71f-472b-9452-29f448d0540d' before making global git config changes
Test / ubuntu-latest	UNKNOWN STEP	2026-02-20T20:40:43.7900889Z Adding repository directory to the temporary git global config as a safe directory
Test / ubuntu-latest	UNKNOWN STEP	2026-02-20T20:40:43.7907240Z [command]/usr/bin/git config --global --add safe.directory /__w/waterkit/waterkit
Test / ubuntu-latest	UNKNOWN STEP	2026-02-20T20:40:43.7950519Z [command]/usr/bin/git config --local --name-only --get-regexp core\.sshCommand
Test / ubuntu-latest	UNKNOWN STEP	2026-02-20T20:40:43.7986971Z [command]/usr/bin/git submodule foreach --recursive sh -c "git config --local --name-only --get-regexp 'core\.sshCommand' && git config --local --unset-all 'core.sshCommand' || :"
Test / ubuntu-latest	UNKNOWN STEP	2026-02-20T20:40:43.8245268Z [command]/usr/bin/git config --local --name-only --get-regexp http\.https\:\/\/github\.com\/\.extraheader
Test / ubuntu-latest	UNKNOWN STEP	2026-02-20T20:40:43.8272282Z http.https://github.com/.extraheader
Test / ubuntu-latest	UNKNOWN STEP	2026-02-20T20:40:43.8287864Z [command]/usr/bin/git config --local --unset-all http.https://github.com/.extraheader
Test / ubuntu-latest	UNKNOWN STEP	2026-02-20T20:40:43.8328159Z [command]/usr/bin/git submodule foreach --recursive sh -c "git config --local --name-only --get-regexp 'http\.https\:\/\/github\.com\/\.extraheader' && git config --local --unset-all 'http.https://github.com/.extraheader' || :"
Test / ubuntu-latest	UNKNOWN STEP	2026-02-20T20:40:43.8569670Z [command]/usr/bin/git config --local --name-only --get-regexp ^includeIf\.gitdir:
Test / ubuntu-latest	UNKNOWN STEP	2026-02-20T20:40:43.8608858Z [command]/usr/bin/git submodule foreach --recursive git config --local --show-origin --name-only --get-regexp remote.origin.url
Test / ubuntu-latest	UNKNOWN STEP	2026-02-20T20:40:43.8989246Z Stop and remove container: 71dca7f6681540cdabf7f278084eaa7f_ghcriocatthehackerubuntufulllatest_9521e0
Test / ubuntu-latest	UNKNOWN STEP	2026-02-20T20:40:43.8994204Z ##[command]/usr/bin/docker rm --force 06ea01fa7f3497fa95c0a2f343bb3eb49c9cb3aa8f365e1e4a35832efdd54299
Test / ubuntu-latest	UNKNOWN STEP	2026-02-20T20:40:44.7824805Z 06ea01fa7f3497fa95c0a2f343bb3eb49c9cb3aa8f365e1e4a35832efdd54299
Test / ubuntu-latest	UNKNOWN STEP	2026-02-20T20:40:44.7858636Z Remove container network: github_network_ae20e0fedbe349c8a606428009aa4da9
Test / ubuntu-latest	UNKNOWN STEP	2026-02-20T20:40:44.7863280Z ##[command]/usr/bin/docker network rm github_network_ae20e0fedbe349c8a606428009aa4da9
Test / ubuntu-latest	UNKNOWN STEP	2026-02-20T20:40:44.8957731Z github_network_ae20e0fedbe349c8a606428009aa4da9
Test / ubuntu-latest	UNKNOWN STEP	2026-02-20T20:40:44.9022935Z Cleaning up orphan processes
