Features	Set up job	﻿2026-02-20T20:29:32.5876248Z Current runner version: '2.331.0'
Features	Set up job	2026-02-20T20:29:32.5899471Z ##[group]Runner Image Provisioner
Features	Set up job	2026-02-20T20:29:32.5900340Z Hosted Compute Agent
Features	Set up job	2026-02-20T20:29:32.5900936Z Version: 20260123.484
Features	Set up job	2026-02-20T20:29:32.5901510Z Commit: 6bd6555ca37d84114959e1c76d2c01448ff61c5d
Features	Set up job	2026-02-20T20:29:32.5902227Z Build Date: 2026-01-23T19:41:17Z
Features	Set up job	2026-02-20T20:29:32.5902867Z Worker ID: {590a9cdb-a72c-4fad-b38f-13497181eb33}
Features	Set up job	2026-02-20T20:29:32.5903581Z Azure Region: westus
Features	Set up job	2026-02-20T20:29:32.5904470Z ##[endgroup]
Features	Set up job	2026-02-20T20:29:32.5905904Z ##[group]Operating System
Features	Set up job	2026-02-20T20:29:32.5906538Z Ubuntu
Features	Set up job	2026-02-20T20:29:32.5906969Z 24.04.3
Features	Set up job	2026-02-20T20:29:32.5907525Z LTS
Features	Set up job	2026-02-20T20:29:32.5907998Z ##[endgroup]
Features	Set up job	2026-02-20T20:29:32.5908569Z ##[group]Runner Image
Features	Set up job	2026-02-20T20:29:32.5909446Z Image: ubuntu-24.04
Features	Set up job	2026-02-20T20:29:32.5909996Z Version: 20260201.15.1
Features	Set up job	2026-02-20T20:29:32.5910951Z Included Software: https://github.com/actions/runner-images/blob/ubuntu24/20260201.15/images/ubuntu/Ubuntu2404-Readme.md
Features	Set up job	2026-02-20T20:29:32.5912663Z Image Release: https://github.com/actions/runner-images/releases/tag/ubuntu24%2F20260201.15
Features	Set up job	2026-02-20T20:29:32.5913538Z ##[endgroup]
Features	Set up job	2026-02-20T20:29:32.5914818Z ##[group]GITHUB_TOKEN Permissions
Features	Set up job	2026-02-20T20:29:32.5916827Z Checks: write
Features	Set up job	2026-02-20T20:29:32.5917497Z Contents: read
Features	Set up job	2026-02-20T20:29:32.5917983Z Metadata: read
Features	Set up job	2026-02-20T20:29:32.5918487Z ##[endgroup]
Features	Set up job	2026-02-20T20:29:32.5920550Z Secret source: Actions
Features	Set up job	2026-02-20T20:29:32.5921280Z Prepare workflow directory
Features	Set up job	2026-02-20T20:29:32.6355439Z Prepare all required actions
Features	Set up job	2026-02-20T20:29:32.6413149Z Getting action download info
Features	Set up job	2026-02-20T20:29:33.1419101Z Download action repository 'actions/checkout@v4' (SHA:34e114876b0b11c390a56381ad16ebd13914f8d5)
Features	Set up job	2026-02-20T20:29:33.2271134Z Download action repository 'dtolnay/rust-toolchain@nightly' (SHA:0f1b44df7e9cbb178d781a242338dfa5e243ad7f)
Features	Set up job	2026-02-20T20:29:33.5942502Z Download action repository 'Swatinem/rust-cache@v2' (SHA:779680da715d629ac1d338a641029a2f4372abb5)
Features	Set up job	2026-02-20T20:29:34.1860601Z Download action repository 'taiki-e/install-action@cargo-hack' (SHA:e37bc0b709b9c58852fd862248c9e9b0c6147ea9)
Features	Set up job	2026-02-20T20:29:34.8940866Z Complete job name: Features
Features	Initialize containers	﻿2026-02-20T20:29:34.9452936Z ##[group]Checking docker version
Features	Initialize containers	2026-02-20T20:29:34.9466179Z ##[command]/usr/bin/docker version --format '{{.Server.APIVersion}}'
Features	Initialize containers	2026-02-20T20:29:35.0331472Z '1.48'
Features	Initialize containers	2026-02-20T20:29:35.0344060Z Docker daemon API version: '1.48'
Features	Initialize containers	2026-02-20T20:29:35.0345194Z ##[command]/usr/bin/docker version --format '{{.Client.APIVersion}}'
Features	Initialize containers	2026-02-20T20:29:35.0509188Z '1.48'
Features	Initialize containers	2026-02-20T20:29:35.0522743Z Docker client API version: '1.48'
Features	Initialize containers	2026-02-20T20:29:35.0528360Z ##[endgroup]
Features	Initialize containers	2026-02-20T20:29:35.0531454Z ##[group]Clean up resources from previous jobs
Features	Initialize containers	2026-02-20T20:29:35.0537279Z ##[command]/usr/bin/docker ps --all --quiet --no-trunc --filter "label=5a1cc5"
Features	Initialize containers	2026-02-20T20:29:35.0676015Z ##[command]/usr/bin/docker network prune --force --filter "label=5a1cc5"
Features	Initialize containers	2026-02-20T20:29:35.0803379Z ##[endgroup]
Features	Initialize containers	2026-02-20T20:29:35.0804294Z ##[group]Create local container network
Features	Initialize containers	2026-02-20T20:29:35.0814142Z ##[command]/usr/bin/docker network create --label 5a1cc5 github_network_a5cfa05a911744ab99719da30f3eb633
Features	Initialize containers	2026-02-20T20:29:35.1299799Z d336ef68d67433b151fa5f55dd81b4b4702123cc4f5cee4468511e216e21c2c9
Features	Initialize containers	2026-02-20T20:29:35.1317339Z ##[endgroup]
Features	Initialize containers	2026-02-20T20:29:35.1340862Z ##[group]Starting job container
Features	Initialize containers	2026-02-20T20:29:35.1364028Z ##[command]/usr/bin/docker --config /home/runner/work/_temp/.docker_441d42bc-d455-4bc9-b2bd-fd767a661c3c login ghcr.io -u lexoliu --password-stdin
Features	Initialize containers	2026-02-20T20:29:35.6939312Z ##[command]/usr/bin/docker --config /home/runner/work/_temp/.docker_441d42bc-d455-4bc9-b2bd-fd767a661c3c pull ghcr.io/catthehacker/ubuntu:full-latest
Features	Initialize containers	2026-02-20T20:29:36.3973323Z full-latest: Pulling from catthehacker/ubuntu
Features	Initialize containers	2026-02-20T20:29:36.5590039Z 9b806dfdaed9: Pulling fs layer
Features	Initialize containers	2026-02-20T20:29:36.5591181Z 1dde18305acb: Pulling fs layer
Features	Initialize containers	2026-02-20T20:29:36.5592243Z 6df4edeb4397: Pulling fs layer
Features	Initialize containers	2026-02-20T20:29:36.5593170Z 25f9251537f4: Pulling fs layer
Features	Initialize containers	2026-02-20T20:29:36.5594739Z cbdccf58eb85: Pulling fs layer
Features	Initialize containers	2026-02-20T20:29:36.5595862Z bde644ad596d: Pulling fs layer
Features	Initialize containers	2026-02-20T20:29:36.5597026Z 994221bc8b7c: Pulling fs layer
Features	Initialize containers	2026-02-20T20:29:36.5598022Z e904d24dad07: Pulling fs layer
Features	Initialize containers	2026-02-20T20:29:36.5598928Z eb1f0bb8861d: Pulling fs layer
Features	Initialize containers	2026-02-20T20:29:36.5599781Z 076b7ce4610e: Pulling fs layer
Features	Initialize containers	2026-02-20T20:29:36.5600625Z 52aa22a86b4b: Pulling fs layer
Features	Initialize containers	2026-02-20T20:29:36.5601495Z ffdee555c486: Pulling fs layer
Features	Initialize containers	2026-02-20T20:29:36.5602332Z 79d252bf7787: Pulling fs layer
Features	Initialize containers	2026-02-20T20:29:36.5603184Z a2c714f6e069: Pulling fs layer
Features	Initialize containers	2026-02-20T20:29:36.5604219Z 9304117cb56e: Pulling fs layer
Features	Initialize containers	2026-02-20T20:29:36.5605090Z b9cfa9f6fbbc: Pulling fs layer
Features	Initialize containers	2026-02-20T20:29:36.5605913Z 172b577f6339: Pulling fs layer
Features	Initialize containers	2026-02-20T20:29:36.5606748Z 64fdaaa7fb94: Pulling fs layer
Features	Initialize containers	2026-02-20T20:29:36.5607546Z 25f9251537f4: Waiting
Features	Initialize containers	2026-02-20T20:29:36.5608315Z 52aa22a86b4b: Waiting
Features	Initialize containers	2026-02-20T20:29:36.5609085Z cbdccf58eb85: Waiting
Features	Initialize containers	2026-02-20T20:29:36.5609907Z bde644ad596d: Waiting
Features	Initialize containers	2026-02-20T20:29:36.5610685Z 994221bc8b7c: Waiting
Features	Initialize containers	2026-02-20T20:29:36.5611458Z e904d24dad07: Waiting
Features	Initialize containers	2026-02-20T20:29:36.5612234Z ffdee555c486: Waiting
Features	Initialize containers	2026-02-20T20:29:36.5612991Z b9cfa9f6fbbc: Waiting
Features	Initialize containers	2026-02-20T20:29:36.5613732Z 79d252bf7787: Waiting
Features	Initialize containers	2026-02-20T20:29:36.5614716Z 172b577f6339: Waiting
Features	Initialize containers	2026-02-20T20:29:36.5615494Z a2c714f6e069: Waiting
Features	Initialize containers	2026-02-20T20:29:36.5616250Z 9304117cb56e: Waiting
Features	Initialize containers	2026-02-20T20:29:36.5617016Z 64fdaaa7fb94: Waiting
Features	Initialize containers	2026-02-20T20:29:36.5617737Z eb1f0bb8861d: Waiting
Features	Initialize containers	2026-02-20T20:29:36.5618470Z 076b7ce4610e: Waiting
Features	Initialize containers	2026-02-20T20:29:52.0096894Z 1dde18305acb: Verifying Checksum
Features	Initialize containers	2026-02-20T20:29:52.0097471Z 1dde18305acb: Download complete
Features	Initialize containers	2026-02-20T20:29:53.3362173Z 6df4edeb4397: Verifying Checksum
Features	Initialize containers	2026-02-20T20:29:53.3364501Z 6df4edeb4397: Download complete
Features	Initialize containers	2026-02-20T20:30:03.5603475Z 9b806dfdaed9: Verifying Checksum
Features	Initialize containers	2026-02-20T20:30:03.5604270Z 9b806dfdaed9: Download complete
Features	Initialize containers	2026-02-20T20:30:07.5955108Z cbdccf58eb85: Verifying Checksum
Features	Initialize containers	2026-02-20T20:30:07.5956636Z cbdccf58eb85: Download complete
Features	Initialize containers	2026-02-20T20:30:08.0499279Z bde644ad596d: Download complete
Features	Initialize containers	2026-02-20T20:30:10.5554897Z 994221bc8b7c: Verifying Checksum
Features	Initialize containers	2026-02-20T20:30:10.5556331Z 994221bc8b7c: Download complete
Features	Initialize containers	2026-02-20T20:30:10.8076679Z eb1f0bb8861d: Verifying Checksum
Features	Initialize containers	2026-02-20T20:30:10.8078881Z eb1f0bb8861d: Download complete
Features	Initialize containers	2026-02-20T20:30:12.2868218Z 076b7ce4610e: Verifying Checksum
Features	Initialize containers	2026-02-20T20:30:12.2868809Z 076b7ce4610e: Download complete
Features	Initialize containers	2026-02-20T20:30:15.3042019Z 25f9251537f4: Verifying Checksum
Features	Initialize containers	2026-02-20T20:30:15.3042684Z 25f9251537f4: Download complete
Features	Initialize containers	2026-02-20T20:30:17.2188112Z ffdee555c486: Verifying Checksum
Features	Initialize containers	2026-02-20T20:30:17.2188906Z ffdee555c486: Download complete
Features	Initialize containers	2026-02-20T20:30:17.5042742Z e904d24dad07: Verifying Checksum
Features	Initialize containers	2026-02-20T20:30:17.5043679Z e904d24dad07: Download complete
Features	Initialize containers	2026-02-20T20:30:18.2960453Z 79d252bf7787: Verifying Checksum
Features	Initialize containers	2026-02-20T20:30:18.2961887Z 79d252bf7787: Download complete
Features	Initialize containers	2026-02-20T20:30:20.8864850Z 52aa22a86b4b: Verifying Checksum
Features	Initialize containers	2026-02-20T20:30:20.8865686Z 52aa22a86b4b: Download complete
Features	Initialize containers	2026-02-20T20:30:23.8345634Z b9cfa9f6fbbc: Verifying Checksum
Features	Initialize containers	2026-02-20T20:30:23.8346844Z b9cfa9f6fbbc: Download complete
Features	Initialize containers	2026-02-20T20:30:37.0921183Z 9304117cb56e: Verifying Checksum
Features	Initialize containers	2026-02-20T20:30:37.0922488Z 9304117cb56e: Download complete
Features	Initialize containers	2026-02-20T20:30:38.7640568Z 64fdaaa7fb94: Verifying Checksum
Features	Initialize containers	2026-02-20T20:30:38.7641669Z 64fdaaa7fb94: Download complete
Features	Initialize containers	2026-02-20T20:30:47.5506839Z 172b577f6339: Verifying Checksum
Features	Initialize containers	2026-02-20T20:30:47.5507499Z 172b577f6339: Download complete
Features	Initialize containers	2026-02-20T20:31:12.7768255Z a2c714f6e069: Verifying Checksum
Features	Initialize containers	2026-02-20T20:31:12.7769026Z a2c714f6e069: Download complete
Features	Initialize containers	2026-02-20T20:31:16.2178059Z 9b806dfdaed9: Pull complete
Features	Initialize containers	2026-02-20T20:32:00.8092464Z 1dde18305acb: Pull complete
Features	Initialize containers	2026-02-20T20:32:38.7613923Z 6df4edeb4397: Pull complete
Features	Initialize containers	2026-02-20T20:33:12.8136582Z 25f9251537f4: Pull complete
Features	Initialize containers	2026-02-20T20:33:32.2174679Z cbdccf58eb85: Pull complete
Features	Initialize containers	2026-02-20T20:33:44.9694473Z bde644ad596d: Pull complete
Features	Initialize containers	2026-02-20T20:34:03.8150459Z 994221bc8b7c: Pull complete
Features	Initialize containers	2026-02-20T20:34:13.7274502Z e904d24dad07: Pull complete
Features	Initialize containers	2026-02-20T20:34:13.7572333Z eb1f0bb8861d: Pull complete
Features	Initialize containers	2026-02-20T20:34:15.1625410Z 076b7ce4610e: Pull complete
Features	Initialize containers	2026-02-20T20:34:27.0655673Z 52aa22a86b4b: Pull complete
Features	Initialize containers	2026-02-20T20:34:28.7651792Z ffdee555c486: Pull complete
Features	Initialize containers	2026-02-20T20:34:32.9593574Z 79d252bf7787: Pull complete
Features	Initialize containers	2026-02-20T20:36:22.9655613Z a2c714f6e069: Pull complete
Features	Initialize containers	2026-02-20T20:36:46.3650100Z 9304117cb56e: Pull complete
Features	Initialize containers	2026-02-20T20:36:53.7746173Z b9cfa9f6fbbc: Pull complete
Features	Initialize containers	2026-02-20T20:38:13.4125313Z 172b577f6339: Pull complete
Features	Initialize containers	2026-02-20T20:38:17.5126532Z 64fdaaa7fb94: Pull complete
Features	Initialize containers	2026-02-20T20:38:17.5169485Z Digest: sha256:9327301aea27f88258ad7f16ebf83eb772cc97ac831542ce90264b776833474d
Features	Initialize containers	2026-02-20T20:38:17.5203230Z Status: Downloaded newer image for ghcr.io/catthehacker/ubuntu:full-latest
Features	Initialize containers	2026-02-20T20:38:17.5218574Z ghcr.io/catthehacker/ubuntu:full-latest
Features	Initialize containers	2026-02-20T20:38:17.5370968Z ##[command]/usr/bin/docker create --name 08978885167946ff87a7bd6e3081181e_ghcriocatthehackerubuntufulllatest_83e6c6 --label 5a1cc5 --workdir /__w/waterkit/waterkit --network github_network_a5cfa05a911744ab99719da30f3eb633  -e "HOME=/github/home" -e GITHUB_ACTIONS=true -e CI=true -v "/var/run/docker.sock":"/var/run/docker.sock" -v "/home/runner/work":"/__w" -v "/home/runner/actions-runner/cached/externals":"/__e":ro -v "/home/runner/work/_temp":"/__w/_temp" -v "/home/runner/work/_actions":"/__w/_actions" -v "/opt/hostedtoolcache":"/__t" -v "/home/runner/work/_temp/_github_home":"/github/home" -v "/home/runner/work/_temp/_github_workflow":"/github/workflow" --entrypoint "tail" ghcr.io/catthehacker/ubuntu:full-latest "-f" "/dev/null"
Features	Initialize containers	2026-02-20T20:38:17.5645379Z f9f06d36ab0bd2330f625416906da88bd8a070a6d84224f9195d6d8ec00e5703
Features	Initialize containers	2026-02-20T20:38:17.5667823Z ##[command]/usr/bin/docker start f9f06d36ab0bd2330f625416906da88bd8a070a6d84224f9195d6d8ec00e5703
Features	Initialize containers	2026-02-20T20:38:17.7279492Z f9f06d36ab0bd2330f625416906da88bd8a070a6d84224f9195d6d8ec00e5703
Features	Initialize containers	2026-02-20T20:38:17.7300119Z ##[command]/usr/bin/docker ps --all --filter id=f9f06d36ab0bd2330f625416906da88bd8a070a6d84224f9195d6d8ec00e5703 --filter status=running --no-trunc --format "{{.ID}} {{.Status}}"
Features	Initialize containers	2026-02-20T20:38:17.7419445Z f9f06d36ab0bd2330f625416906da88bd8a070a6d84224f9195d6d8ec00e5703 Up Less than a second
Features	Initialize containers	2026-02-20T20:38:17.7439101Z ##[command]/usr/bin/docker inspect --format "{{range .Config.Env}}{{println .}}{{end}}" f9f06d36ab0bd2330f625416906da88bd8a070a6d84224f9195d6d8ec00e5703
Features	Initialize containers	2026-02-20T20:38:17.7558106Z HOME=/github/home
Features	Initialize containers	2026-02-20T20:38:17.7558501Z GITHUB_ACTIONS=true
Features	Initialize containers	2026-02-20T20:38:17.7558815Z CI=true
Features	Initialize containers	2026-02-20T20:38:17.7560383Z PATH=/snap/bin:/home/runner/.local/bin:/opt/pipx_bin:/home/runner/.cargo/bin:/home/runner/.config/composer/vendor/bin:/usr/local/.ghcup/bin:/home/runner/.dotnet/tools:/usr/local/sbin:/usr/local/bin:/usr/sbin:/usr/bin:/sbin:/bin:/usr/games:/usr/local/games:/snap/bin
Features	Initialize containers	2026-02-20T20:38:17.7562043Z ImageVersion=20260119.4.1
Features	Initialize containers	2026-02-20T20:38:17.7562418Z ImageOS=ubuntu24
Features	Initialize containers	2026-02-20T20:38:17.7562710Z ACCEPT_EULA=Y
Features	Initialize containers	2026-02-20T20:38:17.7563005Z XDG_CONFIG_HOME=/home/runner/.config
Features	Initialize containers	2026-02-20T20:38:17.7563439Z AGENT_TOOLSDIRECTORY=/opt/hostedtoolcache
Features	Initialize containers	2026-02-20T20:38:17.7564103Z RUNNER_TOOL_CACHE=/opt/hostedtoolcache
Features	Initialize containers	2026-02-20T20:38:17.7565122Z PSModulePath=/root/.local/share/powershell/Modules:/usr/local/share/powershell/Modules:/opt/microsoft/powershell/7/Modules:/usr/share/az_12.5.0
Features	Initialize containers	2026-02-20T20:38:17.7566182Z ACTIONS_RUNNER_ACTION_ARCHIVE_CACHE=/opt/actionarchivecache
Features	Initialize containers	2026-02-20T20:38:17.7566732Z AZURE_EXTENSION_DIR=/opt/az/azcliextensions
Features	Initialize containers	2026-02-20T20:38:17.7567173Z SWIFT_PATH=/usr/share/swift/usr/bin
Features	Initialize containers	2026-02-20T20:38:17.7567562Z DOTNET_SKIP_FIRST_TIME_EXPERIENCE=1
Features	Initialize containers	2026-02-20T20:38:17.7567924Z DOTNET_NOLOGO=1
Features	Initialize containers	2026-02-20T20:38:17.7568217Z DOTNET_MULTILEVEL_LOOKUP=0
Features	Initialize containers	2026-02-20T20:38:17.7568591Z EDGEWEBDRIVER=/usr/local/share/edge_driver
Features	Initialize containers	2026-02-20T20:38:17.7569038Z GECKOWEBDRIVER=/usr/local/share/gecko_driver
Features	Initialize containers	2026-02-20T20:38:17.7569843Z CHROME_BIN=/usr/bin/google-chrome
Features	Initialize containers	2026-02-20T20:38:17.7570304Z CHROMEWEBDRIVER=/usr/local/share/chromedriver-linux64
Features	Initialize containers	2026-02-20T20:38:17.7570803Z BOOTSTRAP_HASKELL_NONINTERACTIVE=1
Features	Initialize containers	2026-02-20T20:38:17.7571214Z GHCUP_INSTALL_BASE_PREFIX=/usr/local
Features	Initialize containers	2026-02-20T20:38:17.7571642Z JAVA_HOME_8_X64=/usr/lib/jvm/temurin-8-jdk-amd64
Features	Initialize containers	2026-02-20T20:38:17.7572133Z JAVA_HOME_11_X64=/usr/lib/jvm/temurin-11-jdk-amd64
Features	Initialize containers	2026-02-20T20:38:17.7572610Z JAVA_HOME=/usr/lib/jvm/temurin-17-jdk-amd64
Features	Initialize containers	2026-02-20T20:38:17.7573082Z JAVA_HOME_17_X64=/usr/lib/jvm/temurin-17-jdk-amd64
Features	Initialize containers	2026-02-20T20:38:17.7573580Z JAVA_HOME_21_X64=/usr/lib/jvm/temurin-21-jdk-amd64
Features	Initialize containers	2026-02-20T20:38:17.7574253Z JAVA_HOME_25_X64=/usr/lib/jvm/temurin-25-jdk-amd64
Features	Initialize containers	2026-02-20T20:38:17.7574868Z ANT_HOME=/usr/share/ant
Features	Initialize containers	2026-02-20T20:38:17.7575231Z GRADLE_HOME=/usr/share/gradle-9.3.0
Features	Initialize containers	2026-02-20T20:38:17.7575501Z CONDA=/usr/share/miniconda
Features	Initialize containers	2026-02-20T20:38:17.7575715Z NVM_DIR=/home/runner/.nvm
Features	Initialize containers	2026-02-20T20:38:17.7575982Z SELENIUM_JAR_PATH=/usr/share/java/selenium-server.jar
Features	Initialize containers	2026-02-20T20:38:17.7576311Z VCPKG_INSTALLATION_ROOT=/usr/local/share/vcpkg
Features	Initialize containers	2026-02-20T20:38:17.7576597Z DEBIAN_FRONTEND=noninteractive
Features	Initialize containers	2026-02-20T20:38:17.7576831Z ANDROID_SDK_ROOT=/usr/local/lib/android/sdk
Features	Initialize containers	2026-02-20T20:38:17.7577094Z ANDROID_HOME=/usr/local/lib/android/sdk
Features	Initialize containers	2026-02-20T20:38:17.7577390Z ANDROID_NDK=/usr/local/lib/android/sdk/ndk/27.3.13750724
Features	Initialize containers	2026-02-20T20:38:17.7577735Z ANDROID_NDK_HOME=/usr/local/lib/android/sdk/ndk/27.3.13750724
Features	Initialize containers	2026-02-20T20:38:17.7578100Z ANDROID_NDK_ROOT=/usr/local/lib/android/sdk/ndk/27.3.13750724
Features	Initialize containers	2026-02-20T20:38:17.7578463Z ANDROID_NDK_LATEST_HOME=/usr/local/lib/android/sdk/ndk/29.0.14206865
Features	Initialize containers	2026-02-20T20:38:17.7578792Z PIPX_BIN_DIR=/opt/pipx_bin
Features	Initialize containers	2026-02-20T20:38:17.7578995Z PIPX_HOME=/opt/pipx
Features	Initialize containers	2026-02-20T20:38:17.7579215Z GOROOT_1_22_X64=/opt/hostedtoolcache/go/1.22.12/x64
Features	Initialize containers	2026-02-20T20:38:17.7579502Z GOROOT_1_23_X64=/opt/hostedtoolcache/go/1.23.12/x64
Features	Initialize containers	2026-02-20T20:38:17.7579784Z GOROOT_1_24_X64=/opt/hostedtoolcache/go/1.24.12/x64
Features	Initialize containers	2026-02-20T20:38:17.7580079Z GOROOT_1_25_X64=/opt/hostedtoolcache/go/1.25.6/x64
Features	Initialize containers	2026-02-20T20:38:17.7580344Z HOMEBREW_NO_AUTO_UPDATE=1
Features	Initialize containers	2026-02-20T20:38:17.7580562Z HOMEBREW_CLEANUP_PERIODIC_FULL_DAYS=3650
Features	Initialize containers	2026-02-20T20:38:17.7581031Z XDG_RUNTIME_DIR=/run/user/1001
Features	Initialize containers	2026-02-20T20:38:17.7581305Z POWERSHELL_DISTRIBUTION_CHANNEL=GitHub-Actions-ubuntu24
Features	Initialize containers	2026-02-20T20:38:17.7589407Z ##[endgroup]
Features	Initialize containers	2026-02-20T20:38:17.7598418Z ##[group]Waiting for all services to be ready
Features	Initialize containers	2026-02-20T20:38:17.7600175Z ##[endgroup]
Features	Run actions/checkout@v4	﻿2026-02-20T20:38:17.7864372Z ##[group]Run actions/checkout@v4
Features	Run actions/checkout@v4	2026-02-20T20:38:17.7864985Z with:
Features	Run actions/checkout@v4	2026-02-20T20:38:17.7865182Z   repository: water-rs/waterkit
Features	Run actions/checkout@v4	2026-02-20T20:38:17.7865610Z   token: ***
Features	Run actions/checkout@v4	2026-02-20T20:38:17.7865796Z   ssh-strict: true
Features	Run actions/checkout@v4	2026-02-20T20:38:17.7865972Z   ssh-user: git
Features	Run actions/checkout@v4	2026-02-20T20:38:17.7866162Z   persist-credentials: true
Features	Run actions/checkout@v4	2026-02-20T20:38:17.7866374Z   clean: true
Features	Run actions/checkout@v4	2026-02-20T20:38:17.7866555Z   sparse-checkout-cone-mode: true
Features	Run actions/checkout@v4	2026-02-20T20:38:17.7866788Z   fetch-depth: 1
Features	Run actions/checkout@v4	2026-02-20T20:38:17.7866954Z   fetch-tags: false
Features	Run actions/checkout@v4	2026-02-20T20:38:17.7867149Z   show-progress: true
Features	Run actions/checkout@v4	2026-02-20T20:38:17.7867329Z   lfs: false
Features	Run actions/checkout@v4	2026-02-20T20:38:17.7867489Z   submodules: false
Features	Run actions/checkout@v4	2026-02-20T20:38:17.7867679Z   set-safe-directory: true
Features	Run actions/checkout@v4	2026-02-20T20:38:17.7868066Z env:
Features	Run actions/checkout@v4	2026-02-20T20:38:17.7868236Z   CARGO_TERM_COLOR: always
Features	Run actions/checkout@v4	2026-02-20T20:38:17.7868449Z ##[endgroup]
Features	Run actions/checkout@v4	2026-02-20T20:38:17.7925337Z ##[command]/usr/bin/docker exec  f9f06d36ab0bd2330f625416906da88bd8a070a6d84224f9195d6d8ec00e5703 sh -c "cat /etc/*release | grep ^ID"
Features	Run actions/checkout@v4	2026-02-20T20:38:18.1150837Z Syncing repository: water-rs/waterkit
Features	Run actions/checkout@v4	2026-02-20T20:38:18.1152295Z ##[group]Getting Git version info
Features	Run actions/checkout@v4	2026-02-20T20:38:18.1152634Z Working directory is '/__w/waterkit/waterkit'
Features	Run actions/checkout@v4	2026-02-20T20:38:18.1153102Z [command]/usr/bin/git version
Features	Run actions/checkout@v4	2026-02-20T20:38:18.1225467Z git version 2.52.0
Features	Run actions/checkout@v4	2026-02-20T20:38:18.1256643Z ##[endgroup]
Features	Run actions/checkout@v4	2026-02-20T20:38:18.1270950Z Temporarily overriding HOME='/__w/_temp/f1d35fdd-2356-4225-9a6a-29f1dd44f880' before making global git config changes
Features	Run actions/checkout@v4	2026-02-20T20:38:18.1271931Z Adding repository directory to the temporary git global config as a safe directory
Features	Run actions/checkout@v4	2026-02-20T20:38:18.1284569Z [command]/usr/bin/git config --global --add safe.directory /__w/waterkit/waterkit
Features	Run actions/checkout@v4	2026-02-20T20:38:18.1320967Z Deleting the contents of '/__w/waterkit/waterkit'
Features	Run actions/checkout@v4	2026-02-20T20:38:18.1325201Z ##[group]Initializing the repository
Features	Run actions/checkout@v4	2026-02-20T20:38:18.1329751Z [command]/usr/bin/git init /__w/waterkit/waterkit
Features	Run actions/checkout@v4	2026-02-20T20:38:18.1403198Z hint: Using 'master' as the name for the initial branch. This default branch name
Features	Run actions/checkout@v4	2026-02-20T20:38:18.1404054Z hint: will change to "main" in Git 3.0. To configure the initial branch name
Features	Run actions/checkout@v4	2026-02-20T20:38:18.1404588Z hint: to use in all of your new repositories, which will suppress this warning,
Features	Run actions/checkout@v4	2026-02-20T20:38:18.1404956Z hint: call:
Features	Run actions/checkout@v4	2026-02-20T20:38:18.1405116Z hint:
Features	Run actions/checkout@v4	2026-02-20T20:38:18.1405421Z hint: 	git config --global init.defaultBranch <name>
Features	Run actions/checkout@v4	2026-02-20T20:38:18.1405943Z hint:
Features	Run actions/checkout@v4	2026-02-20T20:38:18.1406458Z hint: Names commonly chosen instead of 'master' are 'main', 'trunk' and
Features	Run actions/checkout@v4	2026-02-20T20:38:18.1407345Z hint: 'development'. The just-created branch can be renamed via this command:
Features	Run actions/checkout@v4	2026-02-20T20:38:18.1408005Z hint:
Features	Run actions/checkout@v4	2026-02-20T20:38:18.1408344Z hint: 	git branch -m <name>
Features	Run actions/checkout@v4	2026-02-20T20:38:18.1408733Z hint:
Features	Run actions/checkout@v4	2026-02-20T20:38:18.1409285Z hint: Disable this message with "git config set advice.defaultBranchName false"
Features	Run actions/checkout@v4	2026-02-20T20:38:18.1410188Z Initialized empty Git repository in /__w/waterkit/waterkit/.git/
Features	Run actions/checkout@v4	2026-02-20T20:38:18.1420154Z [command]/usr/bin/git remote add origin https://github.com/water-rs/waterkit
Features	Run actions/checkout@v4	2026-02-20T20:38:18.1453431Z ##[endgroup]
Features	Run actions/checkout@v4	2026-02-20T20:38:18.1454235Z ##[group]Disabling automatic garbage collection
Features	Run actions/checkout@v4	2026-02-20T20:38:18.1458951Z [command]/usr/bin/git config --local gc.auto 0
Features	Run actions/checkout@v4	2026-02-20T20:38:18.1486126Z ##[endgroup]
Features	Run actions/checkout@v4	2026-02-20T20:38:18.1486643Z ##[group]Setting up auth
Features	Run actions/checkout@v4	2026-02-20T20:38:18.1493675Z [command]/usr/bin/git config --local --name-only --get-regexp core\.sshCommand
Features	Run actions/checkout@v4	2026-02-20T20:38:18.1523738Z [command]/usr/bin/git submodule foreach --recursive sh -c "git config --local --name-only --get-regexp 'core\.sshCommand' && git config --local --unset-all 'core.sshCommand' || :"
Features	Run actions/checkout@v4	2026-02-20T20:38:18.1830447Z [command]/usr/bin/git config --local --name-only --get-regexp http\.https\:\/\/github\.com\/\.extraheader
Features	Run actions/checkout@v4	2026-02-20T20:38:18.1859422Z [command]/usr/bin/git submodule foreach --recursive sh -c "git config --local --name-only --get-regexp 'http\.https\:\/\/github\.com\/\.extraheader' && git config --local --unset-all 'http.https://github.com/.extraheader' || :"
Features	Run actions/checkout@v4	2026-02-20T20:38:18.2074731Z [command]/usr/bin/git config --local --name-only --get-regexp ^includeIf\.gitdir:
Features	Run actions/checkout@v4	2026-02-20T20:38:18.2112402Z [command]/usr/bin/git submodule foreach --recursive git config --local --show-origin --name-only --get-regexp remote.origin.url
Features	Run actions/checkout@v4	2026-02-20T20:38:18.2334434Z [command]/usr/bin/git config --local http.https://github.com/.extraheader AUTHORIZATION: basic ***
Features	Run actions/checkout@v4	2026-02-20T20:38:18.2371841Z ##[endgroup]
Features	Run actions/checkout@v4	2026-02-20T20:38:18.2372228Z ##[group]Fetching the repository
Features	Run actions/checkout@v4	2026-02-20T20:38:18.2380497Z [command]/usr/bin/git -c protocol.version=2 fetch --no-tags --prune --no-recurse-submodules --depth=1 origin +98271b9a2fa3ca74f4337ffd01707b3bcb50a4d7:refs/remotes/origin/dev
Features	Run actions/checkout@v4	2026-02-20T20:38:19.6384319Z From https://github.com/water-rs/waterkit
Features	Run actions/checkout@v4	2026-02-20T20:38:19.6384855Z  * [new ref]         98271b9a2fa3ca74f4337ffd01707b3bcb50a4d7 -> origin/dev
Features	Run actions/checkout@v4	2026-02-20T20:38:19.6417046Z ##[endgroup]
Features	Run actions/checkout@v4	2026-02-20T20:38:19.6417675Z ##[group]Determining the checkout info
Features	Run actions/checkout@v4	2026-02-20T20:38:19.6419963Z ##[endgroup]
Features	Run actions/checkout@v4	2026-02-20T20:38:19.6425526Z [command]/usr/bin/git sparse-checkout disable
Features	Run actions/checkout@v4	2026-02-20T20:38:19.6489448Z [command]/usr/bin/git config --local --unset-all extensions.worktreeConfig
Features	Run actions/checkout@v4	2026-02-20T20:38:19.6515965Z ##[group]Checking out the ref
Features	Run actions/checkout@v4	2026-02-20T20:38:19.6520174Z [command]/usr/bin/git checkout --progress --force -B dev refs/remotes/origin/dev
Features	Run actions/checkout@v4	2026-02-20T20:38:19.7704424Z Switched to a new branch 'dev'
Features	Run actions/checkout@v4	2026-02-20T20:38:19.7706000Z branch 'dev' set up to track 'origin/dev'.
Features	Run actions/checkout@v4	2026-02-20T20:38:19.7732696Z ##[endgroup]
Features	Run actions/checkout@v4	2026-02-20T20:38:19.7772358Z [command]/usr/bin/git log -1 --format=%H
Features	Run actions/checkout@v4	2026-02-20T20:38:19.7795861Z 98271b9a2fa3ca74f4337ffd01707b3bcb50a4d7
Features	Run dtolnay/rust-toolchain@nightly	﻿2026-02-20T20:38:19.8127330Z ##[group]Run dtolnay/rust-toolchain@nightly
Features	Run dtolnay/rust-toolchain@nightly	2026-02-20T20:38:19.8127622Z with:
Features	Run dtolnay/rust-toolchain@nightly	2026-02-20T20:38:19.8127791Z   toolchain: nightly
Features	Run dtolnay/rust-toolchain@nightly	2026-02-20T20:38:19.8127975Z env:
Features	Run dtolnay/rust-toolchain@nightly	2026-02-20T20:38:19.8128135Z   CARGO_TERM_COLOR: always
Features	Run dtolnay/rust-toolchain@nightly	2026-02-20T20:38:19.8128331Z ##[endgroup]
Features	Run dtolnay/rust-toolchain@nightly	2026-02-20T20:38:19.8230043Z ##[group]Run : parse toolchain version
Features	Run dtolnay/rust-toolchain@nightly	2026-02-20T20:38:19.8230383Z [36;1m: parse toolchain version[0m
Features	Run dtolnay/rust-toolchain@nightly	2026-02-20T20:38:19.8230652Z [36;1mif [[ -z $toolchain ]]; then[0m
Features	Run dtolnay/rust-toolchain@nightly	2026-02-20T20:38:19.8231173Z [36;1m  # GitHub does not enforce `required: true` inputs itself. https://github.com/actions/runner/issues/1070[0m
Features	Run dtolnay/rust-toolchain@nightly	2026-02-20T20:38:19.8231706Z [36;1m  echo "'toolchain' is a required input" >&2[0m
Features	Run dtolnay/rust-toolchain@nightly	2026-02-20T20:38:19.8232055Z [36;1m  exit 1[0m
Features	Run dtolnay/rust-toolchain@nightly	2026-02-20T20:38:19.8232553Z [36;1melif [[ $toolchain =~ ^stable' '[0-9]+' '(year|month|week|day)s?' 'ago$ ]]; then[0m
Features	Run dtolnay/rust-toolchain@nightly	2026-02-20T20:38:19.8233045Z [36;1m  if [[ Linux == macOS ]]; then[0m
Features	Run dtolnay/rust-toolchain@nightly	2026-02-20T20:38:19.8233536Z [36;1m    echo "toolchain=1.$((($(date -v-$(sed 's/stable \([0-9]*\) \(.\).*/\1\2/' <<< $toolchain) +%s)/60/60/24-16569)/7/6))" >> $GITHUB_OUTPUT[0m
Features	Run dtolnay/rust-toolchain@nightly	2026-02-20T20:38:19.8234328Z [36;1m  else[0m
Features	Run dtolnay/rust-toolchain@nightly	2026-02-20T20:38:19.8234711Z [36;1m    echo "toolchain=1.$((($(date --date "${toolchain#stable }" +%s)/60/60/24-16569)/7/6))" >> $GITHUB_OUTPUT[0m
Features	Run dtolnay/rust-toolchain@nightly	2026-02-20T20:38:19.8235137Z [36;1m  fi[0m
Features	Run dtolnay/rust-toolchain@nightly	2026-02-20T20:38:19.8235397Z [36;1melif [[ $toolchain =~ ^stable' 'minus' '[0-9]+' 'releases?$ ]]; then[0m
Features	Run dtolnay/rust-toolchain@nightly	2026-02-20T20:38:19.8235897Z [36;1m  echo "toolchain=1.$((($(date +%s)/60/60/24-16569)/7/6-${toolchain//[^0-9]/}))" >> $GITHUB_OUTPUT[0m
Features	Run dtolnay/rust-toolchain@nightly	2026-02-20T20:38:19.8236329Z [36;1melif [[ $toolchain =~ ^1\.[0-9]+$ ]]; then[0m
Features	Run dtolnay/rust-toolchain@nightly	2026-02-20T20:38:19.8236819Z [36;1m  echo "toolchain=1.$((i=${toolchain#1.}, c=($(date +%s)/60/60/24-16569)/7/6, i+9*i*(10*i<=c)+90*i*(100*i<=c)))" >> $GITHUB_OUTPUT[0m
Features	Run dtolnay/rust-toolchain@nightly	2026-02-20T20:38:19.8237286Z [36;1melse[0m
Features	Run dtolnay/rust-toolchain@nightly	2026-02-20T20:38:19.8237496Z [36;1m  echo "toolchain=$toolchain" >> $GITHUB_OUTPUT[0m
Features	Run dtolnay/rust-toolchain@nightly	2026-02-20T20:38:19.8237761Z [36;1mfi[0m
Features	Run dtolnay/rust-toolchain@nightly	2026-02-20T20:38:19.8241123Z shell: bash --noprofile --norc -e -o pipefail {0}
Features	Run dtolnay/rust-toolchain@nightly	2026-02-20T20:38:19.8241428Z env:
Features	Run dtolnay/rust-toolchain@nightly	2026-02-20T20:38:19.8241595Z   CARGO_TERM_COLOR: always
Features	Run dtolnay/rust-toolchain@nightly	2026-02-20T20:38:19.8241806Z   toolchain: nightly
Features	Run dtolnay/rust-toolchain@nightly	2026-02-20T20:38:19.8241991Z ##[endgroup]
Features	Run dtolnay/rust-toolchain@nightly	2026-02-20T20:38:19.8951658Z ##[group]Run : construct rustup command line
Features	Run dtolnay/rust-toolchain@nightly	2026-02-20T20:38:19.8951989Z [36;1m: construct rustup command line[0m
Features	Run dtolnay/rust-toolchain@nightly	2026-02-20T20:38:19.8952415Z [36;1mecho "targets=$(for t in ${targets//,/ }; do echo -n ' --target' $t; done)" >> $GITHUB_OUTPUT[0m
Features	Run dtolnay/rust-toolchain@nightly	2026-02-20T20:38:19.8953039Z [36;1mecho "components=$(for c in ${components//,/ }; do echo -n ' --component' $c; done)" >> $GITHUB_OUTPUT[0m
Features	Run dtolnay/rust-toolchain@nightly	2026-02-20T20:38:19.8953513Z [36;1mecho "downgrade=" >> $GITHUB_OUTPUT[0m
Features	Run dtolnay/rust-toolchain@nightly	2026-02-20T20:38:19.8954135Z shell: bash --noprofile --norc -e -o pipefail {0}
Features	Run dtolnay/rust-toolchain@nightly	2026-02-20T20:38:19.8954428Z env:
Features	Run dtolnay/rust-toolchain@nightly	2026-02-20T20:38:19.8954591Z   CARGO_TERM_COLOR: always
Features	Run dtolnay/rust-toolchain@nightly	2026-02-20T20:38:19.8954790Z   targets: 
Features	Run dtolnay/rust-toolchain@nightly	2026-02-20T20:38:19.8954946Z   components: 
Features	Run dtolnay/rust-toolchain@nightly	2026-02-20T20:38:19.8955120Z ##[endgroup]
Features	Run dtolnay/rust-toolchain@nightly	2026-02-20T20:38:19.9529127Z ##[group]Run : set $CARGO_HOME
Features	Run dtolnay/rust-toolchain@nightly	2026-02-20T20:38:19.9529377Z [36;1m: set $CARGO_HOME[0m
Features	Run dtolnay/rust-toolchain@nightly	2026-02-20T20:38:19.9529672Z [36;1mecho CARGO_HOME=${CARGO_HOME:-"$HOME/.cargo"} >> $GITHUB_ENV[0m
Features	Run dtolnay/rust-toolchain@nightly	2026-02-20T20:38:19.9530152Z shell: bash --noprofile --norc -e -o pipefail {0}
Features	Run dtolnay/rust-toolchain@nightly	2026-02-20T20:38:19.9530418Z env:
Features	Run dtolnay/rust-toolchain@nightly	2026-02-20T20:38:19.9530574Z   CARGO_TERM_COLOR: always
Features	Run dtolnay/rust-toolchain@nightly	2026-02-20T20:38:19.9530771Z ##[endgroup]
Features	Run dtolnay/rust-toolchain@nightly	2026-02-20T20:38:20.0075881Z ##[group]Run : install rustup if needed
Features	Run dtolnay/rust-toolchain@nightly	2026-02-20T20:38:20.0076177Z [36;1m: install rustup if needed[0m
Features	Run dtolnay/rust-toolchain@nightly	2026-02-20T20:38:20.0076448Z [36;1mif ! command -v rustup &>/dev/null; then[0m
Features	Run dtolnay/rust-toolchain@nightly	2026-02-20T20:38:20.0077172Z [36;1m  curl --proto '=https' --tlsv1.2 --retry 10 --retry-connrefused --location --silent --show-error --fail https://sh.rustup.rs | sh -s -- --default-toolchain none -y[0m
Features	Run dtolnay/rust-toolchain@nightly	2026-02-20T20:38:20.0078063Z [36;1m  echo "$CARGO_HOME/bin" >> $GITHUB_PATH[0m
Features	Run dtolnay/rust-toolchain@nightly	2026-02-20T20:38:20.0078319Z [36;1mfi[0m
Features	Run dtolnay/rust-toolchain@nightly	2026-02-20T20:38:20.0078810Z shell: bash --noprofile --norc -e -o pipefail {0}
Features	Run dtolnay/rust-toolchain@nightly	2026-02-20T20:38:20.0079075Z env:
Features	Run dtolnay/rust-toolchain@nightly	2026-02-20T20:38:20.0079234Z   CARGO_TERM_COLOR: always
Features	Run dtolnay/rust-toolchain@nightly	2026-02-20T20:38:20.0079447Z   CARGO_HOME: /github/home/.cargo
Features	Run dtolnay/rust-toolchain@nightly	2026-02-20T20:38:20.0079667Z ##[endgroup]
Features	Run dtolnay/rust-toolchain@nightly	2026-02-20T20:38:20.0626617Z ##[group]Run rustup toolchain install nightly --profile minimal --no-self-update
Features	Run dtolnay/rust-toolchain@nightly	2026-02-20T20:38:20.0627151Z [36;1mrustup toolchain install nightly --profile minimal --no-self-update[0m
Features	Run dtolnay/rust-toolchain@nightly	2026-02-20T20:38:20.0627647Z shell: bash --noprofile --norc -e -o pipefail {0}
Features	Run dtolnay/rust-toolchain@nightly	2026-02-20T20:38:20.0627908Z env:
Features	Run dtolnay/rust-toolchain@nightly	2026-02-20T20:38:20.0628075Z   CARGO_TERM_COLOR: always
Features	Run dtolnay/rust-toolchain@nightly	2026-02-20T20:38:20.0628283Z   CARGO_HOME: /github/home/.cargo
Features	Run dtolnay/rust-toolchain@nightly	2026-02-20T20:38:20.0628526Z   RUSTUP_PERMIT_COPY_RENAME: 1
Features	Run dtolnay/rust-toolchain@nightly	2026-02-20T20:38:20.0628738Z ##[endgroup]
Features	Run dtolnay/rust-toolchain@nightly	2026-02-20T20:38:20.1205887Z info: syncing channel updates for 'nightly-x86_64-unknown-linux-gnu'
Features	Run dtolnay/rust-toolchain@nightly	2026-02-20T20:38:20.1726962Z info: latest update on 2026-02-20, rust version 1.95.0-nightly (7f99507f5 2026-02-19)
Features	Run dtolnay/rust-toolchain@nightly	2026-02-20T20:38:20.1727667Z info: downloading component 'cargo'
Features	Run dtolnay/rust-toolchain@nightly	2026-02-20T20:38:20.2325068Z info: downloading component 'rust-std'
Features	Run dtolnay/rust-toolchain@nightly	2026-02-20T20:38:20.4410965Z info: downloading component 'rustc'
Features	Run dtolnay/rust-toolchain@nightly	2026-02-20T20:38:20.7633597Z info: installing component 'cargo'
Features	Run dtolnay/rust-toolchain@nightly	2026-02-20T20:38:21.4646362Z info: installing component 'rust-std'
Features	Run dtolnay/rust-toolchain@nightly	2026-02-20T20:38:23.3592684Z info: installing component 'rustc'
Features	Run dtolnay/rust-toolchain@nightly	2026-02-20T20:38:28.0212543Z 
Features	Run dtolnay/rust-toolchain@nightly	2026-02-20T20:38:28.0304990Z   nightly-x86_64-unknown-linux-gnu installed - rustc 1.95.0-nightly (7f99507f5 2026-02-19)
Features	Run dtolnay/rust-toolchain@nightly	2026-02-20T20:38:28.0305474Z 
Features	Run dtolnay/rust-toolchain@nightly	2026-02-20T20:38:28.0308960Z info: default toolchain set to 'nightly-x86_64-unknown-linux-gnu'
Features	Run dtolnay/rust-toolchain@nightly	2026-02-20T20:38:28.0386726Z ##[group]Run rustup default nightly
Features	Run dtolnay/rust-toolchain@nightly	2026-02-20T20:38:28.0386996Z [36;1mrustup default nightly[0m
Features	Run dtolnay/rust-toolchain@nightly	2026-02-20T20:38:28.0387398Z shell: bash --noprofile --norc -e -o pipefail {0}
Features	Run dtolnay/rust-toolchain@nightly	2026-02-20T20:38:28.0387665Z env:
Features	Run dtolnay/rust-toolchain@nightly	2026-02-20T20:38:28.0387822Z   CARGO_TERM_COLOR: always
Features	Run dtolnay/rust-toolchain@nightly	2026-02-20T20:38:28.0388034Z   CARGO_HOME: /github/home/.cargo
Features	Run dtolnay/rust-toolchain@nightly	2026-02-20T20:38:28.0388256Z ##[endgroup]
Features	Run dtolnay/rust-toolchain@nightly	2026-02-20T20:38:28.0949451Z info: using existing install for 'nightly-x86_64-unknown-linux-gnu'
Features	Run dtolnay/rust-toolchain@nightly	2026-02-20T20:38:28.1231552Z info: default toolchain set to 'nightly-x86_64-unknown-linux-gnu'
Features	Run dtolnay/rust-toolchain@nightly	2026-02-20T20:38:28.1232111Z 
Features	Run dtolnay/rust-toolchain@nightly	2026-02-20T20:38:28.1323673Z   nightly-x86_64-unknown-linux-gnu unchanged - rustc 1.95.0-nightly (7f99507f5 2026-02-19)
Features	Run dtolnay/rust-toolchain@nightly	2026-02-20T20:38:28.1324513Z 
Features	Run dtolnay/rust-toolchain@nightly	2026-02-20T20:38:28.1390972Z ##[group]Run : create cachekey
Features	Run dtolnay/rust-toolchain@nightly	2026-02-20T20:38:28.1391236Z [36;1m: create cachekey[0m
Features	Run dtolnay/rust-toolchain@nightly	2026-02-20T20:38:28.1391711Z [36;1mDATE=$(rustc +nightly --version --verbose | sed -ne 's/^commit-date: \(20[0-9][0-9]\)-\([01][0-9]\)-\([0-3][0-9]\)$/\1\2\3/p')[0m
Features	Run dtolnay/rust-toolchain@nightly	2026-02-20T20:38:28.1392351Z [36;1mHASH=$(rustc +nightly --version --verbose | sed -ne 's/^commit-hash: //p')[0m
Features	Run dtolnay/rust-toolchain@nightly	2026-02-20T20:38:28.1392831Z [36;1mecho "cachekey=$(echo $DATE$HASH | head -c12)" >> $GITHUB_OUTPUT[0m
Features	Run dtolnay/rust-toolchain@nightly	2026-02-20T20:38:28.1393305Z shell: bash --noprofile --norc -e -o pipefail {0}
Features	Run dtolnay/rust-toolchain@nightly	2026-02-20T20:38:28.1393565Z env:
Features	Run dtolnay/rust-toolchain@nightly	2026-02-20T20:38:28.1393738Z   CARGO_TERM_COLOR: always
Features	Run dtolnay/rust-toolchain@nightly	2026-02-20T20:38:28.1394462Z   CARGO_HOME: /github/home/.cargo
Features	Run dtolnay/rust-toolchain@nightly	2026-02-20T20:38:28.1394689Z ##[endgroup]
Features	Run dtolnay/rust-toolchain@nightly	2026-02-20T20:38:28.2280928Z ##[group]Run : disable incremental compilation
Features	Run dtolnay/rust-toolchain@nightly	2026-02-20T20:38:28.2281260Z [36;1m: disable incremental compilation[0m
Features	Run dtolnay/rust-toolchain@nightly	2026-02-20T20:38:28.2281572Z [36;1mif [ -z "${CARGO_INCREMENTAL+set}" ]; then[0m
Features	Run dtolnay/rust-toolchain@nightly	2026-02-20T20:38:28.2281891Z [36;1m  echo CARGO_INCREMENTAL=0 >> $GITHUB_ENV[0m
Features	Run dtolnay/rust-toolchain@nightly	2026-02-20T20:38:28.2282157Z [36;1mfi[0m
Features	Run dtolnay/rust-toolchain@nightly	2026-02-20T20:38:28.2282470Z shell: bash --noprofile --norc -e -o pipefail {0}
Features	Run dtolnay/rust-toolchain@nightly	2026-02-20T20:38:28.2282735Z env:
Features	Run dtolnay/rust-toolchain@nightly	2026-02-20T20:38:28.2282895Z   CARGO_TERM_COLOR: always
Features	Run dtolnay/rust-toolchain@nightly	2026-02-20T20:38:28.2283113Z   CARGO_HOME: /github/home/.cargo
Features	Run dtolnay/rust-toolchain@nightly	2026-02-20T20:38:28.2283329Z ##[endgroup]
Features	Run dtolnay/rust-toolchain@nightly	2026-02-20T20:38:28.2909991Z ##[group]Run : enable colors in Cargo output
Features	Run dtolnay/rust-toolchain@nightly	2026-02-20T20:38:28.2910509Z [36;1m: enable colors in Cargo output[0m
Features	Run dtolnay/rust-toolchain@nightly	2026-02-20T20:38:28.2911009Z [36;1mif [ -z "${CARGO_TERM_COLOR+set}" ]; then[0m
Features	Run dtolnay/rust-toolchain@nightly	2026-02-20T20:38:28.2911819Z [36;1m  echo CARGO_TERM_COLOR=always >> $GITHUB_ENV[0m
Features	Run dtolnay/rust-toolchain@nightly	2026-02-20T20:38:28.2912284Z [36;1mfi[0m
Features	Run dtolnay/rust-toolchain@nightly	2026-02-20T20:38:28.2912929Z shell: bash --noprofile --norc -e -o pipefail {0}
Features	Run dtolnay/rust-toolchain@nightly	2026-02-20T20:38:28.2913394Z env:
Features	Run dtolnay/rust-toolchain@nightly	2026-02-20T20:38:28.2913669Z   CARGO_TERM_COLOR: always
Features	Run dtolnay/rust-toolchain@nightly	2026-02-20T20:38:28.2914403Z   CARGO_HOME: /github/home/.cargo
Features	Run dtolnay/rust-toolchain@nightly	2026-02-20T20:38:28.2914812Z   CARGO_INCREMENTAL: 0
Features	Run dtolnay/rust-toolchain@nightly	2026-02-20T20:38:28.2915123Z ##[endgroup]
Features	Run dtolnay/rust-toolchain@nightly	2026-02-20T20:38:28.3478079Z ##[group]Run : enable Cargo sparse registry
Features	Run dtolnay/rust-toolchain@nightly	2026-02-20T20:38:28.3478416Z [36;1m: enable Cargo sparse registry[0m
Features	Run dtolnay/rust-toolchain@nightly	2026-02-20T20:38:28.3478765Z [36;1m# implemented in 1.66, stabilized in 1.68, made default in 1.70[0m
Features	Run dtolnay/rust-toolchain@nightly	2026-02-20T20:38:28.3479464Z [36;1mif [ -z "${CARGO_REGISTRIES_CRATES_IO_PROTOCOL+set}" -o -f "/home/runner/work/_temp"/.implicit_cargo_registries_crates_io_protocol ]; then[0m
Features	Run dtolnay/rust-toolchain@nightly	2026-02-20T20:38:28.3480178Z [36;1m  if rustc +nightly --version --verbose | grep -q '^release: 1\.6[89]\.'; then[0m
Features	Run dtolnay/rust-toolchain@nightly	2026-02-20T20:38:28.3480738Z [36;1m    touch "/home/runner/work/_temp"/.implicit_cargo_registries_crates_io_protocol || true[0m
Features	Run dtolnay/rust-toolchain@nightly	2026-02-20T20:38:28.3481238Z [36;1m    echo CARGO_REGISTRIES_CRATES_IO_PROTOCOL=sparse >> $GITHUB_ENV[0m
Features	Run dtolnay/rust-toolchain@nightly	2026-02-20T20:38:28.3481733Z [36;1m  elif rustc +nightly --version --verbose | grep -q '^release: 1\.6[67]\.'; then[0m
Features	Run dtolnay/rust-toolchain@nightly	2026-02-20T20:38:28.3482287Z [36;1m    touch "/home/runner/work/_temp"/.implicit_cargo_registries_crates_io_protocol || true[0m
Features	Run dtolnay/rust-toolchain@nightly	2026-02-20T20:38:28.3482783Z [36;1m    echo CARGO_REGISTRIES_CRATES_IO_PROTOCOL=git >> $GITHUB_ENV[0m
Features	Run dtolnay/rust-toolchain@nightly	2026-02-20T20:38:28.3483103Z [36;1m  fi[0m
Features	Run dtolnay/rust-toolchain@nightly	2026-02-20T20:38:28.3483264Z [36;1mfi[0m
Features	Run dtolnay/rust-toolchain@nightly	2026-02-20T20:38:28.3483571Z shell: bash --noprofile --norc -e -o pipefail {0}
Features	Run dtolnay/rust-toolchain@nightly	2026-02-20T20:38:28.3484308Z env:
Features	Run dtolnay/rust-toolchain@nightly	2026-02-20T20:38:28.3484484Z   CARGO_TERM_COLOR: always
Features	Run dtolnay/rust-toolchain@nightly	2026-02-20T20:38:28.3484712Z   CARGO_HOME: /github/home/.cargo
Features	Run dtolnay/rust-toolchain@nightly	2026-02-20T20:38:28.3484942Z   CARGO_INCREMENTAL: 0
Features	Run dtolnay/rust-toolchain@nightly	2026-02-20T20:38:28.3485123Z ##[endgroup]
Features	Run dtolnay/rust-toolchain@nightly	2026-02-20T20:38:28.4344743Z ##[group]Run : work around spurious network errors in curl 8.0
Features	Run dtolnay/rust-toolchain@nightly	2026-02-20T20:38:28.4345184Z [36;1m: work around spurious network errors in curl 8.0[0m
Features	Run dtolnay/rust-toolchain@nightly	2026-02-20T20:38:28.4345713Z [36;1m# https://rust-lang.zulipchat.com/#narrow/stream/246057-t-cargo/topic/timeout.20investigation[0m
Features	Run dtolnay/rust-toolchain@nightly	2026-02-20T20:38:28.4346313Z [36;1mif rustc +nightly --version --verbose | grep -q '^release: 1\.7[01]\.'; then[0m
Features	Run dtolnay/rust-toolchain@nightly	2026-02-20T20:38:28.4346760Z [36;1m  echo CARGO_HTTP_MULTIPLEXING=false >> $GITHUB_ENV[0m
Features	Run dtolnay/rust-toolchain@nightly	2026-02-20T20:38:28.4347049Z [36;1mfi[0m
Features	Run dtolnay/rust-toolchain@nightly	2026-02-20T20:38:28.4347345Z shell: bash --noprofile --norc -e -o pipefail {0}
Features	Run dtolnay/rust-toolchain@nightly	2026-02-20T20:38:28.4347606Z env:
Features	Run dtolnay/rust-toolchain@nightly	2026-02-20T20:38:28.4347768Z   CARGO_TERM_COLOR: always
Features	Run dtolnay/rust-toolchain@nightly	2026-02-20T20:38:28.4347983Z   CARGO_HOME: /github/home/.cargo
Features	Run dtolnay/rust-toolchain@nightly	2026-02-20T20:38:28.4348208Z   CARGO_INCREMENTAL: 0
Features	Run dtolnay/rust-toolchain@nightly	2026-02-20T20:38:28.4348398Z ##[endgroup]
Features	Run dtolnay/rust-toolchain@nightly	2026-02-20T20:38:28.5041279Z ##[group]Run rustc +nightly --version --verbose
Features	Run dtolnay/rust-toolchain@nightly	2026-02-20T20:38:28.5041623Z [36;1mrustc +nightly --version --verbose[0m
Features	Run dtolnay/rust-toolchain@nightly	2026-02-20T20:38:28.5042013Z shell: bash --noprofile --norc -e -o pipefail {0}
Features	Run dtolnay/rust-toolchain@nightly	2026-02-20T20:38:28.5042290Z env:
Features	Run dtolnay/rust-toolchain@nightly	2026-02-20T20:38:28.5042454Z   CARGO_TERM_COLOR: always
Features	Run dtolnay/rust-toolchain@nightly	2026-02-20T20:38:28.5042676Z   CARGO_HOME: /github/home/.cargo
Features	Run dtolnay/rust-toolchain@nightly	2026-02-20T20:38:28.5042900Z   CARGO_INCREMENTAL: 0
Features	Run dtolnay/rust-toolchain@nightly	2026-02-20T20:38:28.5043088Z ##[endgroup]
Features	Run dtolnay/rust-toolchain@nightly	2026-02-20T20:38:28.5694326Z rustc 1.95.0-nightly (7f99507f5 2026-02-19)
Features	Run dtolnay/rust-toolchain@nightly	2026-02-20T20:38:28.5694814Z binary: rustc
Features	Run dtolnay/rust-toolchain@nightly	2026-02-20T20:38:28.5695220Z commit-hash: 7f99507f57e6c4aa0dce3daf6a13cca8cd4dd312
Features	Run dtolnay/rust-toolchain@nightly	2026-02-20T20:38:28.5695694Z commit-date: 2026-02-19
Features	Run dtolnay/rust-toolchain@nightly	2026-02-20T20:38:28.5696036Z host: x86_64-unknown-linux-gnu
Features	Run dtolnay/rust-toolchain@nightly	2026-02-20T20:38:28.5696394Z release: 1.95.0-nightly
Features	Run dtolnay/rust-toolchain@nightly	2026-02-20T20:38:28.5696692Z LLVM version: 22.1.0
Features	Run Swatinem/rust-cache@v2	﻿2026-02-20T20:38:28.5814867Z ##[group]Run Swatinem/rust-cache@v2
Features	Run Swatinem/rust-cache@v2	2026-02-20T20:38:28.5815315Z with:
Features	Run Swatinem/rust-cache@v2	2026-02-20T20:38:28.5815497Z   shared-key: ci-ubuntu
Features	Run Swatinem/rust-cache@v2	2026-02-20T20:38:28.5815697Z   prefix-key: v0-rust
Features	Run Swatinem/rust-cache@v2	2026-02-20T20:38:28.5815894Z   add-job-id-key: true
Features	Run Swatinem/rust-cache@v2	2026-02-20T20:38:28.5816101Z   add-rust-environment-hash-key: true
Features	Run Swatinem/rust-cache@v2	2026-02-20T20:38:28.5816347Z   cache-targets: true
Features	Run Swatinem/rust-cache@v2	2026-02-20T20:38:28.5816538Z   cache-all-crates: false
Features	Run Swatinem/rust-cache@v2	2026-02-20T20:38:28.5816747Z   cache-workspace-crates: false
Features	Run Swatinem/rust-cache@v2	2026-02-20T20:38:28.5816968Z   save-if: true
Features	Run Swatinem/rust-cache@v2	2026-02-20T20:38:28.5817143Z   cache-provider: github
Features	Run Swatinem/rust-cache@v2	2026-02-20T20:38:28.5817345Z   cache-bin: true
Features	Run Swatinem/rust-cache@v2	2026-02-20T20:38:28.5817520Z   lookup-only: false
Features	Run Swatinem/rust-cache@v2	2026-02-20T20:38:28.5817701Z env:
Features	Run Swatinem/rust-cache@v2	2026-02-20T20:38:28.5817858Z   CARGO_TERM_COLOR: always
Features	Run Swatinem/rust-cache@v2	2026-02-20T20:38:28.5818071Z   CARGO_HOME: /github/home/.cargo
Features	Run Swatinem/rust-cache@v2	2026-02-20T20:38:28.5818293Z   CARGO_INCREMENTAL: 0
Features	Run Swatinem/rust-cache@v2	2026-02-20T20:38:28.5818481Z ##[endgroup]
Features	Run Swatinem/rust-cache@v2	2026-02-20T20:38:28.5822136Z ##[command]/usr/bin/docker exec  f9f06d36ab0bd2330f625416906da88bd8a070a6d84224f9195d6d8ec00e5703 sh -c "cat /etc/*release | grep ^ID"
Features	Run Swatinem/rust-cache@v2	2026-02-20T20:38:29.1707874Z ##[group]Cache Configuration
Features	Run Swatinem/rust-cache@v2	2026-02-20T20:38:29.1708466Z Cache Provider:
Features	Run Swatinem/rust-cache@v2	2026-02-20T20:38:29.1708811Z     github
Features	Run Swatinem/rust-cache@v2	2026-02-20T20:38:29.1710680Z Workspaces:
Features	Run Swatinem/rust-cache@v2	2026-02-20T20:38:29.1711852Z     /__w/waterkit/waterkit
Features	Run Swatinem/rust-cache@v2	2026-02-20T20:38:29.1713147Z Cache Paths:
Features	Run Swatinem/rust-cache@v2	2026-02-20T20:38:29.1713504Z     /github/home/.cargo/bin
Features	Run Swatinem/rust-cache@v2	2026-02-20T20:38:29.1714113Z     /github/home/.cargo/.crates.toml
Features	Run Swatinem/rust-cache@v2	2026-02-20T20:38:29.1714584Z     /github/home/.cargo/.crates2.json
Features	Run Swatinem/rust-cache@v2	2026-02-20T20:38:29.1714996Z     /github/home/.cargo/registry
Features	Run Swatinem/rust-cache@v2	2026-02-20T20:38:29.1715405Z     /github/home/.cargo/git
Features	Run Swatinem/rust-cache@v2	2026-02-20T20:38:29.1715785Z     /__w/waterkit/waterkit/target
Features	Run Swatinem/rust-cache@v2	2026-02-20T20:38:29.1716182Z Restore Key:
Features	Run Swatinem/rust-cache@v2	2026-02-20T20:38:29.1716516Z     v0-rust-ci-ubuntu-Linux-x64-445d2973
Features	Run Swatinem/rust-cache@v2	2026-02-20T20:38:29.1716913Z Cache Key:
Features	Run Swatinem/rust-cache@v2	2026-02-20T20:38:29.1717276Z     v0-rust-ci-ubuntu-Linux-x64-445d2973-892e6ec8
Features	Run Swatinem/rust-cache@v2	2026-02-20T20:38:29.1717755Z .. Prefix:
Features	Run Swatinem/rust-cache@v2	2026-02-20T20:38:29.1718073Z   - v0-rust-ci-ubuntu-Linux-x64
Features	Run Swatinem/rust-cache@v2	2026-02-20T20:38:29.1718529Z .. Environment considered:
Features	Run Swatinem/rust-cache@v2	2026-02-20T20:38:29.1719290Z   - Rust Version: 1.95.0-nightly x86_64-unknown-linux-gnu (7f99507f57e6c4aa0dce3daf6a13cca8cd4dd312)
Features	Run Swatinem/rust-cache@v2	2026-02-20T20:38:29.1720095Z   - CARGO_HOME
Features	Run Swatinem/rust-cache@v2	2026-02-20T20:38:29.1720412Z   - CARGO_INCREMENTAL
Features	Run Swatinem/rust-cache@v2	2026-02-20T20:38:29.1720745Z   - CARGO_TERM_COLOR
Features	Run Swatinem/rust-cache@v2	2026-02-20T20:38:29.1721094Z .. Lockfiles considered:
Features	Run Swatinem/rust-cache@v2	2026-02-20T20:38:29.1721483Z   - /__w/waterkit/waterkit/audio/Cargo.toml
Features	Run Swatinem/rust-cache@v2	2026-02-20T20:38:29.1721988Z   - /__w/waterkit/waterkit/background/Cargo.toml
Features	Run Swatinem/rust-cache@v2	2026-02-20T20:38:29.1722525Z   - /__w/waterkit/waterkit/biometric/Cargo.toml
Features	Run Swatinem/rust-cache@v2	2026-02-20T20:38:29.1723036Z   - /__w/waterkit/waterkit/bluetooth/Cargo.toml
Features	Run Swatinem/rust-cache@v2	2026-02-20T20:38:29.1723560Z   - /__w/waterkit/waterkit/calendar/Cargo.toml
Features	Run Swatinem/rust-cache@v2	2026-02-20T20:38:29.1724345Z   - /__w/waterkit/waterkit/camera/Cargo.toml
Features	Run Swatinem/rust-cache@v2	2026-02-20T20:38:29.1724841Z   - /__w/waterkit/waterkit/Cargo.toml
Features	Run Swatinem/rust-cache@v2	2026-02-20T20:38:29.1725311Z   - /__w/waterkit/waterkit/clipboard/Cargo.toml
Features	Run Swatinem/rust-cache@v2	2026-02-20T20:38:29.1725811Z   - /__w/waterkit/waterkit/codec/Cargo.toml
Features	Run Swatinem/rust-cache@v2	2026-02-20T20:38:29.1726320Z   - /__w/waterkit/waterkit/contacts/Cargo.toml
Features	Run Swatinem/rust-cache@v2	2026-02-20T20:38:29.1726815Z   - /__w/waterkit/waterkit/deeplink/Cargo.toml
Features	Run Swatinem/rust-cache@v2	2026-02-20T20:38:29.1727360Z   - /__w/waterkit/waterkit/dialog/Cargo.toml
Features	Run Swatinem/rust-cache@v2	2026-02-20T20:38:29.1727838Z   - /__w/waterkit/waterkit/fs/Cargo.toml
Features	Run Swatinem/rust-cache@v2	2026-02-20T20:38:29.1728256Z   - /__w/waterkit/waterkit/haptic/Cargo.toml
Features	Run Swatinem/rust-cache@v2	2026-02-20T20:38:29.1728686Z   - /__w/waterkit/waterkit/health/Cargo.toml
Features	Run Swatinem/rust-cache@v2	2026-02-20T20:38:29.1729133Z   - /__w/waterkit/waterkit/location/Cargo.toml
Features	Run Swatinem/rust-cache@v2	2026-02-20T20:38:29.1729572Z   - /__w/waterkit/waterkit/nfc/Cargo.toml
Features	Run Swatinem/rust-cache@v2	2026-02-20T20:38:29.1730037Z   - /__w/waterkit/waterkit/notification/Cargo.toml
Features	Run Swatinem/rust-cache@v2	2026-02-20T20:38:29.1730541Z   - /__w/waterkit/waterkit/passkey/Cargo.toml
Features	Run Swatinem/rust-cache@v2	2026-02-20T20:38:29.1731043Z   - /__w/waterkit/waterkit/permission/Cargo.toml
Features	Run Swatinem/rust-cache@v2	2026-02-20T20:38:29.1731490Z   - /__w/waterkit/waterkit/screen/Cargo.toml
Features	Run Swatinem/rust-cache@v2	2026-02-20T20:38:29.1731895Z   - /__w/waterkit/waterkit/secret/Cargo.toml
Features	Run Swatinem/rust-cache@v2	2026-02-20T20:38:29.1732966Z   - /__w/waterkit/waterkit/sensor/Cargo.toml
Features	Run Swatinem/rust-cache@v2	2026-02-20T20:38:29.1733722Z   - /__w/waterkit/waterkit/share/Cargo.toml
Features	Run Swatinem/rust-cache@v2	2026-02-20T20:38:29.1734359Z   - /__w/waterkit/waterkit/speech/Cargo.toml
Features	Run Swatinem/rust-cache@v2	2026-02-20T20:38:29.1734783Z   - /__w/waterkit/waterkit/system/Cargo.toml
Features	Run Swatinem/rust-cache@v2	2026-02-20T20:38:29.1735266Z   - /__w/waterkit/waterkit/tests/android/rust/Cargo.toml
Features	Run Swatinem/rust-cache@v2	2026-02-20T20:38:29.1735773Z   - /__w/waterkit/waterkit/tests/ios/rust/Cargo.toml
Features	Run Swatinem/rust-cache@v2	2026-02-20T20:38:29.1736275Z   - /__w/waterkit/waterkit/tests/linux/rust/Cargo.toml
Features	Run Swatinem/rust-cache@v2	2026-02-20T20:38:29.1736783Z   - /__w/waterkit/waterkit/tests/macos/audio/Cargo.toml
Features	Run Swatinem/rust-cache@v2	2026-02-20T20:38:29.1737325Z   - /__w/waterkit/waterkit/tests/macos/biometric/Cargo.toml
Features	Run Swatinem/rust-cache@v2	2026-02-20T20:38:29.1737839Z   - /__w/waterkit/waterkit/tests/macos/camera/Cargo.toml
Features	Run Swatinem/rust-cache@v2	2026-02-20T20:38:29.1738331Z   - /__w/waterkit/waterkit/tests/macos/codec/Cargo.toml
Features	Run Swatinem/rust-cache@v2	2026-02-20T20:38:29.1738837Z   - /__w/waterkit/waterkit/tests/macos/dialog/Cargo.toml
Features	Run Swatinem/rust-cache@v2	2026-02-20T20:38:29.1739369Z   - /__w/waterkit/waterkit/tests/macos/location/Cargo.toml
Features	Run Swatinem/rust-cache@v2	2026-02-20T20:38:29.1739950Z   - /__w/waterkit/waterkit/tests/macos/notification/Cargo.toml
Features	Run Swatinem/rust-cache@v2	2026-02-20T20:38:29.1740508Z   - /__w/waterkit/waterkit/tests/macos/passkey/Cargo.toml
Features	Run Swatinem/rust-cache@v2	2026-02-20T20:38:29.1741029Z   - /__w/waterkit/waterkit/tests/macos/sensor/Cargo.toml
Features	Run Swatinem/rust-cache@v2	2026-02-20T20:38:29.1741542Z   - /__w/waterkit/waterkit/tests/macos/video/Cargo.toml
Features	Run Swatinem/rust-cache@v2	2026-02-20T20:38:29.1742087Z   - /__w/waterkit/waterkit/tests/shared/dialog-demo/Cargo.toml
Features	Run Swatinem/rust-cache@v2	2026-02-20T20:38:29.1742645Z   - /__w/waterkit/waterkit/tests/windows/rust/Cargo.toml
Features	Run Swatinem/rust-cache@v2	2026-02-20T20:38:29.1743174Z   - /__w/waterkit/waterkit/tools/waterkit-test/Cargo.toml
Features	Run Swatinem/rust-cache@v2	2026-02-20T20:38:29.1743656Z   - /__w/waterkit/waterkit/video/Cargo.toml
Features	Run Swatinem/rust-cache@v2	2026-02-20T20:38:29.1744257Z   - /__w/waterkit/waterkit/waterkit-build/Cargo.toml
Features	Run Swatinem/rust-cache@v2	2026-02-20T20:38:29.1744973Z ##[endgroup]
Features	Run Swatinem/rust-cache@v2	2026-02-20T20:38:29.1745139Z 
Features	Run Swatinem/rust-cache@v2	2026-02-20T20:38:29.1745256Z ... Restoring cache ...
Features	Run Swatinem/rust-cache@v2	2026-02-20T20:38:29.5055571Z No cache found.
Features	Run taiki-e/install-action@cargo-hack	﻿2026-02-20T20:38:29.5226847Z ##[group]Run taiki-e/install-action@cargo-hack
Features	Run taiki-e/install-action@cargo-hack	2026-02-20T20:38:29.5227155Z with:
Features	Run taiki-e/install-action@cargo-hack	2026-02-20T20:38:29.5227366Z   tool: cargo-hack
Features	Run taiki-e/install-action@cargo-hack	2026-02-20T20:38:29.5227542Z   checksum: true
Features	Run taiki-e/install-action@cargo-hack	2026-02-20T20:38:29.5227727Z   fallback: cargo-binstall
Features	Run taiki-e/install-action@cargo-hack	2026-02-20T20:38:29.5227919Z env:
Features	Run taiki-e/install-action@cargo-hack	2026-02-20T20:38:29.5228083Z   CARGO_TERM_COLOR: always
Features	Run taiki-e/install-action@cargo-hack	2026-02-20T20:38:29.5228296Z   CARGO_HOME: /github/home/.cargo
Features	Run taiki-e/install-action@cargo-hack	2026-02-20T20:38:29.5228527Z   CARGO_INCREMENTAL: 0
Features	Run taiki-e/install-action@cargo-hack	2026-02-20T20:38:29.5228718Z   CACHE_ON_FAILURE: false
Features	Run taiki-e/install-action@cargo-hack	2026-02-20T20:38:29.5228916Z ##[endgroup]
Features	Run taiki-e/install-action@cargo-hack	2026-02-20T20:38:29.5243479Z ##[group]Run set -eu
Features	Run taiki-e/install-action@cargo-hack	2026-02-20T20:38:29.5243705Z [36;1mset -eu[0m
Features	Run taiki-e/install-action@cargo-hack	2026-02-20T20:38:29.5245438Z [36;1mif ! command -v bash >/dev/null; then[0m
Features	Run taiki-e/install-action@cargo-hack	2026-02-20T20:38:29.5245767Z [36;1m  if grep -Eq '^ID=alpine' /etc/os-release; then[0m
Features	Run taiki-e/install-action@cargo-hack	2026-02-20T20:38:29.5246186Z [36;1m    printf '::group::Install packages required for install-action (bash)\n'[0m
Features	Run taiki-e/install-action@cargo-hack	2026-02-20T20:38:29.5246587Z [36;1m    # NB: sync with apk_install in main.sh[0m
Features	Run taiki-e/install-action@cargo-hack	2026-02-20T20:38:29.5246907Z [36;1m    if command -v sudo >/dev/null; then[0m
Features	Run taiki-e/install-action@cargo-hack	2026-02-20T20:38:29.5247191Z [36;1m      sudo apk --no-cache add bash[0m
Features	Run taiki-e/install-action@cargo-hack	2026-02-20T20:38:29.5247461Z [36;1m    elif command -v doas >/dev/null; then[0m
Features	Run taiki-e/install-action@cargo-hack	2026-02-20T20:38:29.5247742Z [36;1m      doas apk --no-cache add bash[0m
Features	Run taiki-e/install-action@cargo-hack	2026-02-20T20:38:29.5247969Z [36;1m    else[0m
Features	Run taiki-e/install-action@cargo-hack	2026-02-20T20:38:29.5248153Z [36;1m      apk --no-cache add bash[0m
Features	Run taiki-e/install-action@cargo-hack	2026-02-20T20:38:29.5248387Z [36;1m    fi[0m
Features	Run taiki-e/install-action@cargo-hack	2026-02-20T20:38:29.5248584Z [36;1m    printf '::endgroup::\n'[0m
Features	Run taiki-e/install-action@cargo-hack	2026-02-20T20:38:29.5248804Z [36;1m  else[0m
Features	Run taiki-e/install-action@cargo-hack	2026-02-20T20:38:29.5249034Z [36;1m    printf '::error::install-action requires bash\n'[0m
Features	Run taiki-e/install-action@cargo-hack	2026-02-20T20:38:29.5249323Z [36;1m    exit 1[0m
Features	Run taiki-e/install-action@cargo-hack	2026-02-20T20:38:29.5249493Z [36;1m  fi[0m
Features	Run taiki-e/install-action@cargo-hack	2026-02-20T20:38:29.5249651Z [36;1mfi[0m
Features	Run taiki-e/install-action@cargo-hack	2026-02-20T20:38:29.5249882Z shell: sh -e {0}
Features	Run taiki-e/install-action@cargo-hack	2026-02-20T20:38:29.5250052Z env:
Features	Run taiki-e/install-action@cargo-hack	2026-02-20T20:38:29.5250212Z   CARGO_TERM_COLOR: always
Features	Run taiki-e/install-action@cargo-hack	2026-02-20T20:38:29.5250422Z   CARGO_HOME: /github/home/.cargo
Features	Run taiki-e/install-action@cargo-hack	2026-02-20T20:38:29.5250654Z   CARGO_INCREMENTAL: 0
Features	Run taiki-e/install-action@cargo-hack	2026-02-20T20:38:29.5250842Z   CACHE_ON_FAILURE: false
Features	Run taiki-e/install-action@cargo-hack	2026-02-20T20:38:29.5251234Z ##[endgroup]
Features	Run taiki-e/install-action@cargo-hack	2026-02-20T20:38:29.6012204Z ##[group]Run bash --noprofile --norc "${GITHUB_ACTION_PATH:?}/main.sh"
Features	Run taiki-e/install-action@cargo-hack	2026-02-20T20:38:29.6012686Z [36;1mbash --noprofile --norc "${GITHUB_ACTION_PATH:?}/main.sh"[0m
Features	Run taiki-e/install-action@cargo-hack	2026-02-20T20:38:29.6013116Z shell: bash --noprofile --norc -e -o pipefail {0}
Features	Run taiki-e/install-action@cargo-hack	2026-02-20T20:38:29.6013374Z env:
Features	Run taiki-e/install-action@cargo-hack	2026-02-20T20:38:29.6013541Z   CARGO_TERM_COLOR: always
Features	Run taiki-e/install-action@cargo-hack	2026-02-20T20:38:29.6013760Z   CARGO_HOME: /github/home/.cargo
Features	Run taiki-e/install-action@cargo-hack	2026-02-20T20:38:29.6014305Z   CARGO_INCREMENTAL: 0
Features	Run taiki-e/install-action@cargo-hack	2026-02-20T20:38:29.6014634Z   CACHE_ON_FAILURE: false
Features	Run taiki-e/install-action@cargo-hack	2026-02-20T20:38:29.6014841Z   INPUT_TOOL: cargo-hack
Features	Run taiki-e/install-action@cargo-hack	2026-02-20T20:38:29.6015037Z   INPUT_CHECKSUM: true
Features	Run taiki-e/install-action@cargo-hack	2026-02-20T20:38:29.6015228Z   INPUT_FALLBACK: cargo-binstall
Features	Run taiki-e/install-action@cargo-hack	2026-02-20T20:38:29.6015918Z   DEFAULT_GITHUB_TOKEN: ***
Features	Run taiki-e/install-action@cargo-hack	2026-02-20T20:38:29.6016204Z   ACTION_USER_AGENT: taiki-e/install-action (cargo-hack)
Features	Run taiki-e/install-action@cargo-hack	2026-02-20T20:38:29.6016492Z ##[endgroup]
Features	Run taiki-e/install-action@cargo-hack	2026-02-20T20:38:29.6688680Z info: host platform: x86_64_linux
Features	Run taiki-e/install-action@cargo-hack	2026-02-20T20:38:29.6695301Z info: cargo is located at /home/runner/.cargo/bin/cargo
Features	Run taiki-e/install-action@cargo-hack	2026-02-20T20:38:29.6893483Z info: installing cargo-hack@latest
Features	Run taiki-e/install-action@cargo-hack	2026-02-20T20:38:29.7001472Z info: adding '/github/home/.install-action/bin' to PATH
Features	Run taiki-e/install-action@cargo-hack	2026-02-20T20:38:29.7028725Z info: downloading https://github.com/taiki-e/cargo-hack/releases/download/v0.6.43/cargo-hack-x86_64-unknown-linux-musl.tar.gz
Features	Run taiki-e/install-action@cargo-hack	2026-02-20T20:38:29.9837397Z info: verifying sha256 checksum for cargo-hack-x86_64-unknown-linux-musl.tar.gz
Features	Run taiki-e/install-action@cargo-hack	2026-02-20T20:38:30.0116453Z info: cargo-hack installed at /github/home/.install-action/bin/cargo-hack
Features	Run taiki-e/install-action@cargo-hack	2026-02-20T20:38:30.0120422Z + cargo-hack hack --version
Features	Run taiki-e/install-action@cargo-hack	2026-02-20T20:38:30.0126182Z cargo-hack 0.6.43
Features	Run taiki-e/install-action@cargo-hack	2026-02-20T20:38:30.0127679Z 
Features	Run cargo hack check --each-feature --no-dev-deps	﻿2026-02-20T20:38:30.0191021Z ##[group]Run cargo hack check --each-feature --no-dev-deps
Features	Run cargo hack check --each-feature --no-dev-deps	2026-02-20T20:38:30.0191465Z [36;1mcargo hack check --each-feature --no-dev-deps[0m
Features	Run cargo hack check --each-feature --no-dev-deps	2026-02-20T20:38:30.0192920Z shell: sh -e {0}
Features	Run cargo hack check --each-feature --no-dev-deps	2026-02-20T20:38:30.0193124Z env:
Features	Run cargo hack check --each-feature --no-dev-deps	2026-02-20T20:38:30.0193294Z   CARGO_TERM_COLOR: always
Features	Run cargo hack check --each-feature --no-dev-deps	2026-02-20T20:38:30.0193529Z   CARGO_HOME: /github/home/.cargo
Features	Run cargo hack check --each-feature --no-dev-deps	2026-02-20T20:38:30.0193755Z   CARGO_INCREMENTAL: 0
Features	Run cargo hack check --each-feature --no-dev-deps	2026-02-20T20:38:30.0194794Z   CACHE_ON_FAILURE: false
Features	Run cargo hack check --each-feature --no-dev-deps	2026-02-20T20:38:30.0195062Z ##[endgroup]
Features	Run cargo hack check --each-feature --no-dev-deps	2026-02-20T20:38:30.1188317Z [0m[1minfo[0m[1m:[0m --no-dev-deps modifies real `Cargo.toml` while cargo-hack is running and restores it when finished
Features	Run cargo hack check --each-feature --no-dev-deps	2026-02-20T20:38:30.1905920Z ##[group]running `cargo check --all-features` on waterkit (1/30)
Features	Run cargo hack check --each-feature --no-dev-deps	2026-02-20T20:38:30.2324695Z [1m[92m    Updating[0m crates.io index
Features	Run cargo hack check --each-feature --no-dev-deps	2026-02-20T20:38:31.3842597Z [1m[92m     Locking[0m 774 packages to latest compatible versions
Features	Run cargo hack check --each-feature --no-dev-deps	2026-02-20T20:38:31.3994305Z [1m[92m      Adding[0m cpal v0.15.3 [1m[33m(available: v0.17.3)[0m
Features	Run cargo hack check --each-feature --no-dev-deps	2026-02-20T20:38:31.4020332Z [1m[92m      Adding[0m ffmpeg-next v7.1.0 [1m[33m(available: v8.0.0)[0m
Features	Run cargo hack check --each-feature --no-dev-deps	2026-02-20T20:38:31.4032973Z [1m[92m      Adding[0m generic-array v0.14.7 [1m[33m(available: v0.14.9)[0m
Features	Run cargo hack check --each-feature --no-dev-deps	2026-02-20T20:38:31.4115305Z [1m[92m      Adding[0m jni v0.21.1 [1m[33m(available: v0.22.1)[0m
Features	Run cargo hack check --each-feature --no-dev-deps	2026-02-20T20:38:31.4145089Z [1m[92m      Adding[0m lofty v0.21.1 [1m[33m(available: v0.23.2)[0m
Features	Run cargo hack check --each-feature --no-dev-deps	2026-02-20T20:38:31.4260419Z [1m[92m      Adding[0m rfd v0.16.0 [1m[33m(available: v0.17.2)[0m
Features	Run cargo hack check --each-feature --no-dev-deps	2026-02-20T20:38:31.4272103Z [1m[92m      Adding[0m rodio v0.19.0 [1m[33m(available: v0.22.0)[0m
Features	Run cargo hack check --each-feature --no-dev-deps	2026-02-20T20:38:31.4470338Z [1m[92m      Adding[0m sysinfo v0.37.2 [1m[33m(available: v0.38.2)[0m
Features	Run cargo hack check --each-feature --no-dev-deps	2026-02-20T20:38:31.4478020Z [1m[92m      Adding[0m target-lexicon v0.13.3 [1m[33m(available: v0.13.5)[0m
Features	Run cargo hack check --each-feature --no-dev-deps	2026-02-20T20:38:31.4527962Z [1m[92m      Adding[0m toml_edit v0.23.10+spec-1.0.0 [1m[33m(available: v0.25.3+spec-1.1.0)[0m
Features	Run cargo hack check --each-feature --no-dev-deps	2026-02-20T20:38:31.5125154Z [1m[92m Downloading[0m crates ...
Features	Run cargo hack check --each-feature --no-dev-deps	2026-02-20T20:38:31.5820909Z [1m[92m  Downloaded[0m async-tungstenite v0.32.1
Features	Run cargo hack check --each-feature --no-dev-deps	2026-02-20T20:38:31.5888456Z [1m[92m  Downloaded[0m console v0.15.11
Features	Run cargo hack check --each-feature --no-dev-deps	2026-02-20T20:38:31.5946912Z [1m[92m  Downloaded[0m equator-macro v0.4.2
Features	Run cargo hack check --each-feature --no-dev-deps	2026-02-20T20:38:31.5982339Z [1m[92m  Downloaded[0m hex v0.4.3
Features	Run cargo hack check --each-feature --no-dev-deps	2026-02-20T20:38:31.6023595Z [1m[92m  Downloaded[0m is-wsl v0.4.0
Features	Run cargo hack check --each-feature --no-dev-deps	2026-02-20T20:38:31.6082996Z [1m[92m  Downloaded[0m icu_properties v2.1.2
Features	Run cargo hack check --each-feature --no-dev-deps	2026-02-20T20:38:31.6166460Z [1m[92m  Downloaded[0m lewton v0.10.2
Features	Run cargo hack check --each-feature --no-dev-deps	2026-02-20T20:38:31.6226084Z [1m[92m  Downloaded[0m encoding_rs v0.8.35
Features	Run cargo hack check --each-feature --no-dev-deps	2026-02-20T20:38:31.6533673Z [1m[92m  Downloaded[0m miniz_oxide v0.8.9
Features	Run cargo hack check --each-feature --no-dev-deps	2026-02-20T20:38:31.6657122Z [1m[92m  Downloaded[0m netlink-packet-route v0.25.1
Features	Run cargo hack check --each-feature --no-dev-deps	2026-02-20T20:38:31.6983653Z [1m[92m  Downloaded[0m once_cell v1.21.3
Features	Run cargo hack check --each-feature --no-dev-deps	2026-02-20T20:38:31.7121911Z [1m[92m  Downloaded[0m quote v1.0.44
Features	Run cargo hack check --each-feature --no-dev-deps	2026-02-20T20:38:31.7241245Z [1m[92m  Downloaded[0m serde_spanned v1.0.4
Features	Run cargo hack check --each-feature --no-dev-deps	2026-02-20T20:38:31.7311915Z [1m[92m  Downloaded[0m signal-hook-registry v1.4.8
Features	Run cargo hack check --each-feature --no-dev-deps	2026-02-20T20:38:31.7361023Z [1m[92m  Downloaded[0m urlencoding v2.1.3
Features	Run cargo hack check --each-feature --no-dev-deps	2026-02-20T20:38:31.7420276Z [1m[92m  Downloaded[0m zerofrom v0.1.6
Features	Run cargo hack check --each-feature --no-dev-deps	2026-02-20T20:38:31.7471341Z [1m[92m  Downloaded[0m y4m v0.8.0
Features	Run cargo hack check --each-feature --no-dev-deps	2026-02-20T20:38:31.7509513Z [1m[92m  Downloaded[0m zbus_names v4.3.1
Features	Run cargo hack check --each-feature --no-dev-deps	2026-02-20T20:38:31.7565545Z [1m[92m  Downloaded[0m zune-jpeg v0.4.21
Features	Run cargo hack check --each-feature --no-dev-deps	2026-02-20T20:38:31.7651081Z [1m[92m  Downloaded[0m zvariant_utils v3.3.0
Features	Run cargo hack check --each-feature --no-dev-deps	2026-02-20T20:38:31.7700363Z [1m[92m  Downloaded[0m zune-core v0.4.12
Features	Run cargo hack check --each-feature --no-dev-deps	2026-02-20T20:38:31.7749509Z [1m[92m  Downloaded[0m zvariant_derive v5.9.2
Features	Run cargo hack check --each-feature --no-dev-deps	2026-02-20T20:38:31.7788568Z [1m[92m  Downloaded[0m zune-core v0.5.1
Features	Run cargo hack check --each-feature --no-dev-deps	2026-02-20T20:38:31.7828116Z [1m[92m  Downloaded[0m zune-inflate v0.2.54
Features	Run cargo hack check --each-feature --no-dev-deps	2026-02-20T20:38:31.7864287Z [1m[92m  Downloaded[0m wgpu v28.0.0
Features	Run cargo hack check --each-feature --no-dev-deps	2026-02-20T20:38:31.8045971Z [1m[92m  Downloaded[0m wgpu-core v27.0.3
Features	Run cargo hack check --each-feature --no-dev-deps	2026-02-20T20:38:31.8156531Z [1m[92m  Downloaded[0m wgpu-core v28.0.0
Features	Run cargo hack check --each-feature --no-dev-deps	2026-02-20T20:38:31.8271128Z [1m[92m  Downloaded[0m rustix v1.1.3
Features	Run cargo hack check --each-feature --no-dev-deps	2026-02-20T20:38:31.8601866Z [1m[92m  Downloaded[0m wgpu-hal v27.0.4
Features	Run cargo hack check --each-feature --no-dev-deps	2026-02-20T20:38:31.8727472Z [1m[92m  Downloaded[0m zerocopy-derive v0.8.39
Features	Run cargo hack check --each-feature --no-dev-deps	2026-02-20T20:38:31.8854869Z [1m[92m  Downloaded[0m rav1e v0.8.1
Features	Run cargo hack check --each-feature --no-dev-deps	2026-02-20T20:38:31.9235285Z [1m[92m  Downloaded[0m tungstenite v0.28.0
Features	Run cargo hack check --each-feature --no-dev-deps	2026-02-20T20:38:31.9285813Z [1m[92m  Downloaded[0m wgpu v27.0.1
Features	Run cargo hack check --each-feature --no-dev-deps	2026-02-20T20:38:31.9460065Z [1m[92m  Downloaded[0m webpki-roots v1.0.6
Features	Run cargo hack check --each-feature --no-dev-deps	2026-02-20T20:38:31.9514694Z [1m[92m  Downloaded[0m libgit2-sys v0.18.3+1.9.2
Features	Run cargo hack check --each-feature --no-dev-deps	2026-02-20T20:38:32.0220000Z [1m[92m  Downloaded[0m url v2.5.8
Features	Run cargo hack check --each-feature --no-dev-deps	2026-02-20T20:38:32.0260187Z [1m[92m  Downloaded[0m unicode-width v0.2.2
Features	Run cargo hack check --each-feature --no-dev-deps	2026-02-20T20:38:32.0328115Z [1m[92m  Downloaded[0m tracing v0.1.44
Features	Run cargo hack check --each-feature --no-dev-deps	2026-02-20T20:38:32.0517446Z [1m[92m  Downloaded[0m wgpu-types v28.0.0
Features	Run cargo hack check --each-feature --no-dev-deps	2026-02-20T20:38:32.0577895Z [1m[92m  Downloaded[0m zenwave v0.3.0
Features	Run cargo hack check --each-feature --no-dev-deps	2026-02-20T20:38:32.0641516Z [1m[92m  Downloaded[0m wgpu-types v27.0.1
Features	Run cargo hack check --each-feature --no-dev-deps	2026-02-20T20:38:32.0678097Z [1m[92m  Downloaded[0m zmij v1.0.21
Features	Run cargo hack check --each-feature --no-dev-deps	2026-02-20T20:38:32.0704000Z [1m[92m  Downloaded[0m wayland-scanner v0.31.8
Features	Run cargo hack check --each-feature --no-dev-deps	2026-02-20T20:38:32.0732296Z [1m[92m  Downloaded[0m tokio v1.49.0
Features	Run cargo hack check --each-feature --no-dev-deps	2026-02-20T20:38:32.1238994Z [1m[92m  Downloaded[0m xcb v1.7.0
Features	Run cargo hack check --each-feature --no-dev-deps	2026-02-20T20:38:32.1335782Z [1m[92m  Downloaded[0m winnow v0.7.14
Features	Run cargo hack check --each-feature --no-dev-deps	2026-02-20T20:38:32.1449089Z [1m[92m  Downloaded[0m x11rb v0.13.2
Features	Run cargo hack check --each-feature --no-dev-deps	2026-02-20T20:38:32.1546897Z [1m[92m  Downloaded[0m linux-raw-sys v0.4.15
Features	Run cargo hack check --each-feature --no-dev-deps	2026-02-20T20:38:32.2054062Z [1m[92m  Downloaded[0m wayland-client v0.30.2
Features	Run cargo hack check --each-feature --no-dev-deps	2026-02-20T20:38:32.2078741Z [1m[92m  Downloaded[0m zbus v5.13.2
Features	Run cargo hack check --each-feature --no-dev-deps	2026-02-20T20:38:32.2189787Z [1m[92m  Downloaded[0m wayland-protocols-wlr v0.1.0
Features	Run cargo hack check --each-feature --no-dev-deps	2026-02-20T20:38:32.2216441Z [1m[92m  Downloaded[0m wasm-bindgen-shared v0.2.109
Features	Run cargo hack check --each-feature --no-dev-deps	2026-02-20T20:38:32.2231902Z [1m[92m  Downloaded[0m termcolor v1.4.1
Features	Run cargo hack check --each-feature --no-dev-deps	2026-02-20T20:38:32.2250055Z [1m[92m  Downloaded[0m wgpu-hal v28.0.0
Features	Run cargo hack check --each-feature --no-dev-deps	2026-02-20T20:38:32.2369953Z [1m[92m  Downloaded[0m system-deps v7.0.7
Features	Run cargo hack check --each-feature --no-dev-deps	2026-02-20T20:38:32.2398746Z [1m[92m  Downloaded[0m x11rb-protocol v0.13.2
Features	Run cargo hack check --each-feature --no-dev-deps	2026-02-20T20:38:32.2536901Z [1m[92m  Downloaded[0m ring v0.17.14
Features	Run cargo hack check --each-feature --no-dev-deps	2026-02-20T20:38:32.3015093Z [1m[92m  Downloaded[0m wayland-sys v0.31.8
Features	Run cargo hack check --each-feature --no-dev-deps	2026-02-20T20:38:32.3031685Z [1m[92m  Downloaded[0m wasm-bindgen-macro v0.2.109
Features	Run cargo hack check --each-feature --no-dev-deps	2026-02-20T20:38:32.3045413Z [1m[92m  Downloaded[0m subtle v2.6.1
Features	Run cargo hack check --each-feature --no-dev-deps	2026-02-20T20:38:32.3062299Z [1m[92m  Downloaded[0m time v0.3.47
Features	Run cargo hack check --each-feature --no-dev-deps	2026-02-20T20:38:32.3216300Z [1m[92m  Downloaded[0m symphonia v0.5.5
Features	Run cargo hack check --each-feature --no-dev-deps	2026-02-20T20:38:32.3231726Z [1m[92m  Downloaded[0m tiff v0.10.3
Features	Run cargo hack check --each-feature --no-dev-deps	2026-02-20T20:38:32.3360376Z [1m[92m  Downloaded[0m typenum v1.19.0
Features	Run cargo hack check --each-feature --no-dev-deps	2026-02-20T20:38:32.3395074Z [1m[92m  Downloaded[0m syn v2.0.117
Features	Run cargo hack check --each-feature --no-dev-deps	2026-02-20T20:38:32.3515661Z [1m[92m  Downloaded[0m linux-raw-sys v0.11.0
Features	Run cargo hack check --each-feature --no-dev-deps	2026-02-20T20:38:32.4114449Z [1m[92m  Downloaded[0m regex-syntax v0.8.9
Features	Run cargo hack check --each-feature --no-dev-deps	2026-02-20T20:38:32.4188370Z [1m[92m  Downloaded[0m pxfm v0.1.27
Features	Run cargo hack check --each-feature --no-dev-deps	2026-02-20T20:38:32.4472941Z [1m[92m  Downloaded[0m zbus_macros v5.13.2
Features	Run cargo hack check --each-feature --no-dev-deps	2026-02-20T20:38:32.4492494Z [1m[92m  Downloaded[0m rustix v0.38.44
Features	Run cargo hack check --each-feature --no-dev-deps	2026-02-20T20:38:32.4802966Z [1m[92m  Downloaded[0m regex-automata v0.4.14
Features	Run cargo hack check --each-feature --no-dev-deps	2026-02-20T20:38:32.4960038Z [1m[92m  Downloaded[0m zvariant v5.9.2
Features	Run cargo hack check --each-feature --no-dev-deps	2026-02-20T20:38:32.5040510Z [1m[92m  Downloaded[0m zune-jpeg v0.5.12
Features	Run cargo hack check --each-feature --no-dev-deps	2026-02-20T20:38:32.5081722Z [1m[92m  Downloaded[0m zerovec v0.11.5
Features	Run cargo hack check --each-feature --no-dev-deps	2026-02-20T20:38:32.5145547Z [1m[92m  Downloaded[0m symphonia-core v0.5.5
Features	Run cargo hack check --each-feature --no-dev-deps	2026-02-20T20:38:32.5185166Z [1m[92m  Downloaded[0m aws-lc-sys v0.37.1
Features	Run cargo hack check --each-feature --no-dev-deps	2026-02-20T20:38:32.8007126Z [1m[92m  Downloaded[0m idna_adapter v1.2.1
Features	Run cargo hack check --each-feature --no-dev-deps	2026-02-20T20:38:32.8019305Z [1m[92m  Downloaded[0m yoke-derive v0.8.1
Features	Run cargo hack check --each-feature --no-dev-deps	2026-02-20T20:38:32.8031025Z [1m[92m  Downloaded[0m yoke v0.8.1
Features	Run cargo hack check --each-feature --no-dev-deps	2026-02-20T20:38:32.8052027Z [1m[92m  Downloaded[0m vcpkg v0.2.15
Features	Run cargo hack check --each-feature --no-dev-deps	2026-02-20T20:38:32.8715107Z [1m[92m  Downloaded[0m zerocopy v0.8.39
Features	Run cargo hack check --each-feature --no-dev-deps	2026-02-20T20:38:32.8989138Z [1m[92m  Downloaded[0m syn v1.0.109
Features	Run cargo hack check --each-feature --no-dev-deps	2026-02-20T20:38:32.9096308Z [1m[92m  Downloaded[0m tiff v0.9.1
Features	Run cargo hack check --each-feature --no-dev-deps	2026-02-20T20:38:32.9220411Z [1m[92m  Downloaded[0m writeable v0.6.2
Features	Run cargo hack check --each-feature --no-dev-deps	2026-02-20T20:38:32.9247641Z [1m[92m  Downloaded[0m wgpu-core-deps-windows-linux-android v28.0.0
Features	Run cargo hack check --each-feature --no-dev-deps	2026-02-20T20:38:32.9260682Z [1m[92m  Downloaded[0m wayland-protocols v0.32.10
Features	Run cargo hack check --each-feature --no-dev-deps	2026-02-20T20:38:32.9391788Z [1m[92m  Downloaded[0m wayland-protocols v0.30.1
Features	Run cargo hack check --each-feature --no-dev-deps	2026-02-20T20:38:32.9519685Z [1m[92m  Downloaded[0m v_frame v0.3.9
Features	Run cargo hack check --each-feature --no-dev-deps	2026-02-20T20:38:32.9538376Z [1m[92m  Downloaded[0m uuid v1.21.0
Features	Run cargo hack check --each-feature --no-dev-deps	2026-02-20T20:38:32.9574683Z [1m[92m  Downloaded[0m tracing-core v0.1.36
Features	Run cargo hack check --each-feature --no-dev-deps	2026-02-20T20:38:32.9613555Z [1m[92m  Downloaded[0m time-macros v0.2.27
Features	Run cargo hack check --each-feature --no-dev-deps	2026-02-20T20:38:32.9640503Z [1m[92m  Downloaded[0m sysinfo v0.37.2
Features	Run cargo hack check --each-feature --no-dev-deps	2026-02-20T20:38:32.9767997Z [1m[92m  Downloaded[0m zerovec-derive v0.11.2
Features	Run cargo hack check --each-feature --no-dev-deps	2026-02-20T20:38:32.9784759Z [1m[92m  Downloaded[0m zerotrie v0.2.3
Features	Run cargo hack check --each-feature --no-dev-deps	2026-02-20T20:38:32.9825873Z [1m[92m  Downloaded[0m zerofrom-derive v0.1.6
Features	Run cargo hack check --each-feature --no-dev-deps	2026-02-20T20:38:32.9837342Z [1m[92m  Downloaded[0m which v4.4.2
Features	Run cargo hack check --each-feature --no-dev-deps	2026-02-20T20:38:32.9856541Z [1m[92m  Downloaded[0m wayland-client v0.31.12
Features	Run cargo hack check --each-feature --no-dev-deps	2026-02-20T20:38:32.9879688Z [1m[92m  Downloaded[0m wayland-backend v0.3.12
Features	Run cargo hack check --each-feature --no-dev-deps	2026-02-20T20:38:32.9930558Z [1m[92m  Downloaded[0m wayland-backend v0.1.2
Features	Run cargo hack check --each-feature --no-dev-deps	2026-02-20T20:38:32.9974332Z [1m[92m  Downloaded[0m value-bag v1.12.0
Features	Run cargo hack check --each-feature --no-dev-deps	2026-02-20T20:38:33.0006872Z [1m[92m  Downloaded[0m utf8parse v0.2.2
Features	Run cargo hack check --each-feature --no-dev-deps	2026-02-20T20:38:33.0018953Z [1m[92m  Downloaded[0m utf8_iter v1.0.4
Features	Run cargo hack check --each-feature --no-dev-deps	2026-02-20T20:38:33.0031899Z [1m[92m  Downloaded[0m tracing-attributes v0.1.31
Features	Run cargo hack check --each-feature --no-dev-deps	2026-02-20T20:38:33.0064051Z [1m[92m  Downloaded[0m toml_writer v1.0.6+spec-1.1.0
Features	Run cargo hack check --each-feature --no-dev-deps	2026-02-20T20:38:33.0081171Z [1m[92m  Downloaded[0m toml_parser v1.0.9+spec-1.1.0
Features	Run cargo hack check --each-feature --no-dev-deps	2026-02-20T20:38:33.0112048Z [1m[92m  Downloaded[0m tinyvec v1.10.0
Features	Run cargo hack check --each-feature --no-dev-deps	2026-02-20T20:38:33.0141884Z [1m[92m  Downloaded[0m tinystr v0.8.2
Features	Run cargo hack check --each-feature --no-dev-deps	2026-02-20T20:38:33.0165768Z [1m[92m  Downloaded[0m libdbus-sys v0.2.7
Features	Run cargo hack check --each-feature --no-dev-deps	2026-02-20T20:38:33.0518027Z [1m[92m  Downloaded[0m zeroize v1.8.2
Features	Run cargo hack check --each-feature --no-dev-deps	2026-02-20T20:38:33.0533643Z [1m[92m  Downloaded[0m weezl v0.1.12
Features	Run cargo hack check --each-feature --no-dev-deps	2026-02-20T20:38:33.0568764Z [1m[92m  Downloaded[0m wayland-scanner v0.30.1
Features	Run cargo hack check --each-feature --no-dev-deps	2026-02-20T20:38:33.0598411Z [1m[92m  Downloaded[0m wasm-bindgen-macro-support v0.2.109
Features	Run cargo hack check --each-feature --no-dev-deps	2026-02-20T20:38:33.0622919Z [1m[92m  Downloaded[0m wasm-bindgen v0.2.109
Features	Run cargo hack check --each-feature --no-dev-deps	2026-02-20T20:38:33.0652601Z [1m[92m  Downloaded[0m want v0.3.1
Features	Run cargo hack check --each-feature --no-dev-deps	2026-02-20T20:38:33.0664458Z [1m[92m  Downloaded[0m version-compare v0.2.1
Features	Run cargo hack check --each-feature --no-dev-deps	2026-02-20T20:38:33.0679712Z [1m[92m  Downloaded[0m v4l2-sys-mit v0.3.0
Features	Run cargo hack check --each-feature --no-dev-deps	2026-02-20T20:38:33.0688811Z [1m[92m  Downloaded[0m unicode-ident v1.0.24
Features	Run cargo hack check --each-feature --no-dev-deps	2026-02-20T20:38:33.0721406Z [1m[92m  Downloaded[0m try-lock v0.2.5
Features	Run cargo hack check --each-feature --no-dev-deps	2026-02-20T20:38:33.0733322Z [1m[92m  Downloaded[0m trait-variant v0.1.2
Features	Run cargo hack check --each-feature --no-dev-deps	2026-02-20T20:38:33.0747828Z [1m[92m  Downloaded[0m toml v0.9.12+spec-1.1.0
Features	Run cargo hack check --each-feature --no-dev-deps	2026-02-20T20:38:33.0796806Z [1m[92m  Downloaded[0m swift-bridge-ir v0.1.59
Features	Run cargo hack check --each-feature --no-dev-deps	2026-02-20T20:38:33.0884225Z [1m[92m  Downloaded[0m rustls v0.23.36
Features	Run cargo hack check --each-feature --no-dev-deps	2026-02-20T20:38:33.1019063Z [1m[92m  Downloaded[0m wgpu-core-deps-windows-linux-android v27.0.0
Features	Run cargo hack check --each-feature --no-dev-deps	2026-02-20T20:38:33.1032140Z [1m[92m  Downloaded[0m version_check v0.9.5
Features	Run cargo hack check --each-feature --no-dev-deps	2026-02-20T20:38:33.1048296Z [1m[92m  Downloaded[0m utf-8 v0.7.6
Features	Run cargo hack check --each-feature --no-dev-deps	2026-02-20T20:38:33.1063520Z [1m[92m  Downloaded[0m untrusted v0.9.0
Features	Run cargo hack check --each-feature --no-dev-deps	2026-02-20T20:38:33.1084076Z [1m[92m  Downloaded[0m tower-service v0.3.3
Features	Run cargo hack check --each-feature --no-dev-deps	2026-02-20T20:38:33.1093959Z [1m[92m  Downloaded[0m toml_datetime v0.7.5+spec-1.1.0
Features	Run cargo hack check --each-feature --no-dev-deps	2026-02-20T20:38:33.1109146Z [1m[92m  Downloaded[0m tokio-macros v2.6.0
Features	Run cargo hack check --each-feature --no-dev-deps	2026-02-20T20:38:33.1122249Z [1m[92m  Downloaded[0m wayland-sys v0.30.1
Features	Run cargo hack check --each-feature --no-dev-deps	2026-02-20T20:38:33.1136138Z [1m[92m  Downloaded[0m time-core v0.1.8
Features	Run cargo hack check --each-feature --no-dev-deps	2026-02-20T20:38:33.1149523Z [1m[92m  Downloaded[0m thiserror v2.0.18
Features	Run cargo hack check --each-feature --no-dev-deps	2026-02-20T20:38:33.1228393Z [1m[92m  Downloaded[0m thiserror v1.0.69
Features	Run cargo hack check --each-feature --no-dev-deps	2026-02-20T20:38:33.1297725Z [1m[92m  Downloaded[0m target-lexicon v0.13.3
Features	Run cargo hack check --each-feature --no-dev-deps	2026-02-20T20:38:33.1332928Z [1m[92m  Downloaded[0m symphonia-metadata v0.5.5
Features	Run cargo hack check --each-feature --no-dev-deps	2026-02-20T20:38:33.1340790Z [1m[92m  Downloaded[0m symphonia-bundle-mp3 v0.5.5
Features	Run cargo hack check --each-feature --no-dev-deps	2026-02-20T20:38:33.1380492Z [1m[92m  Downloaded[0m swift-bridge-build v0.1.59
Features	Run cargo hack check --each-feature --no-dev-deps	2026-02-20T20:38:33.1400667Z [1m[92m  Downloaded[0m libc v0.2.182
Features	Run cargo hack check --each-feature --no-dev-deps	2026-02-20T20:38:33.1865205Z [1m[92m  Downloaded[0m jpeg-decoder v0.3.2
Features	Run cargo hack check --each-feature --no-dev-deps	2026-02-20T20:38:33.1931060Z [1m[92m  Downloaded[0m thiserror-impl v2.0.18
Features	Run cargo hack check --each-feature --no-dev-deps	2026-02-20T20:38:33.1948186Z [1m[92m  Downloaded[0m terminal_size v0.4.3
Features	Run cargo hack check --each-feature --no-dev-deps	2026-02-20T20:38:33.1964293Z [1m[92m  Downloaded[0m tempfile v3.25.0
Features	Run cargo hack check --each-feature --no-dev-deps	2026-02-20T20:38:33.1994459Z [1m[92m  Downloaded[0m synstructure v0.13.2
Features	Run cargo hack check --each-feature --no-dev-deps	2026-02-20T20:38:33.2006985Z [1m[92m  Downloaded[0m static_assertions v1.1.0
Features	Run cargo hack check --each-feature --no-dev-deps	2026-02-20T20:38:33.2023563Z [1m[92m  Downloaded[0m toml_edit v0.23.10+spec-1.0.0
Features	Run cargo hack check --each-feature --no-dev-deps	2026-02-20T20:38:33.2068483Z [1m[92m  Downloaded[0m stable_deref_trait v1.2.1
Features	Run cargo hack check --each-feature --no-dev-deps	2026-02-20T20:38:33.2079334Z [1m[92m  Downloaded[0m smol v2.0.2
Features	Run cargo hack check --each-feature --no-dev-deps	2026-02-20T20:38:33.2124546Z [1m[92m  Downloaded[0m serde_json v1.0.149
Features	Run cargo hack check --each-feature --no-dev-deps	2026-02-20T20:38:33.2209142Z [1m[92m  Downloaded[0m scan_fmt v0.2.6
Features	Run cargo hack check --each-feature --no-dev-deps	2026-02-20T20:38:33.2220460Z [1m[92m  Downloaded[0m rodio v0.19.0
Features	Run cargo hack check --each-feature --no-dev-deps	2026-02-20T20:38:33.2281082Z [1m[92m  Downloaded[0m libz-sys v1.1.23
Features	Run cargo hack check --each-feature --no-dev-deps	2026-02-20T20:38:33.2522728Z [1m[92m  Downloaded[0m v4l v0.14.0
Features	Run cargo hack check --each-feature --no-dev-deps	2026-02-20T20:38:33.2572955Z [1m[92m  Downloaded[0m serde v1.0.228
Features	Run cargo hack check --each-feature --no-dev-deps	2026-02-20T20:38:33.2613595Z [1m[92m  Downloaded[0m scoped-tls v1.0.1
Features	Run cargo hack check --each-feature --no-dev-deps	2026-02-20T20:38:33.2624925Z [1m[92m  Downloaded[0m ryu v1.0.23
Features	Run cargo hack check --each-feature --no-dev-deps	2026-02-20T20:38:33.2665127Z [1m[92m  Downloaded[0m rustls-native-certs v0.8.3
Features	Run cargo hack check --each-feature --no-dev-deps	2026-02-20T20:38:33.2693712Z [1m[92m  Downloaded[0m renderdoc-sys v1.1.0
Features	Run cargo hack check --each-feature --no-dev-deps	2026-02-20T20:38:33.2704942Z [1m[92m  Downloaded[0m rayon-core v1.13.0
Features	Run cargo hack check --each-feature --no-dev-deps	2026-02-20T20:38:33.2748662Z [1m[92m  Downloaded[0m quick-xml v0.38.4
Features	Run cargo hack check --each-feature --no-dev-deps	2026-02-20T20:38:33.2810167Z [1m[92m  Downloaded[0m naga v28.0.0
Features	Run cargo hack check --each-feature --no-dev-deps	2026-02-20T20:38:33.3032335Z [1m[92m  Downloaded[0m naga v27.0.3
Features	Run cargo hack check --each-feature --no-dev-deps	2026-02-20T20:38:33.3248837Z [1m[92m  Downloaded[0m mozjpeg-sys v2.2.3
Features	Run cargo hack check --each-feature --no-dev-deps	2026-02-20T20:38:33.3554034Z [1m[92m  Downloaded[0m tinyvec_macros v0.1.1
Features	Run cargo hack check --each-feature --no-dev-deps	2026-02-20T20:38:33.3564493Z [1m[92m  Downloaded[0m spin v0.9.8
Features	Run cargo hack check --each-feature --no-dev-deps	2026-02-20T20:38:33.3591896Z [1m[92m  Downloaded[0m signal-hook v0.3.18
Features	Run cargo hack check --each-feature --no-dev-deps	2026-02-20T20:38:33.3627719Z [1m[92m  Downloaded[0m serde_derive v1.0.228
Features	Run cargo hack check --each-feature --no-dev-deps	2026-02-20T20:38:33.3662269Z [1m[92m  Downloaded[0m serde_core v1.0.228
Features	Run cargo hack check --each-feature --no-dev-deps	2026-02-20T20:38:33.3694449Z [1m[92m  Downloaded[0m rustls-webpki v0.103.9
Features	Run cargo hack check --each-feature --no-dev-deps	2026-02-20T20:38:33.3729814Z [1m[92m  Downloaded[0m rustc-hash v1.1.0
Features	Run cargo hack check --each-feature --no-dev-deps	2026-02-20T20:38:33.3740635Z [1m[92m  Downloaded[0m rfd v0.16.0
Features	Run cargo hack check --each-feature --no-dev-deps	2026-02-20T20:38:33.3797896Z [1m[92m  Downloaded[0m regex v1.12.3
Features	Run cargo hack check --each-feature --no-dev-deps	2026-02-20T20:38:33.3858255Z [1m[92m  Downloaded[0m rayon v1.11.0
Features	Run cargo hack check --each-feature --no-dev-deps	2026-02-20T20:38:33.3967807Z [1m[92m  Downloaded[0m quick-xml v0.30.0
Features	Run cargo hack check --each-feature --no-dev-deps	2026-02-20T20:38:33.4020883Z [1m[92m  Downloaded[0m png v0.18.1
Features	Run cargo hack check --each-feature --no-dev-deps	2026-02-20T20:38:33.4068552Z [1m[92m  Downloaded[0m png v0.17.16
Features	Run cargo hack check --each-feature --no-dev-deps	2026-02-20T20:38:33.4115612Z [1m[92m  Downloaded[0m thiserror-impl v1.0.69
Features	Run cargo hack check --each-feature --no-dev-deps	2026-02-20T20:38:33.4131429Z [1m[92m  Downloaded[0m spirv v0.3.0+sdk-1.3.268.0
Features	Run cargo hack check --each-feature --no-dev-deps	2026-02-20T20:38:33.4143927Z [1m[92m  Downloaded[0m smallvec v1.15.1
Features	Run cargo hack check --each-feature --no-dev-deps	2026-02-20T20:38:33.4168513Z [1m[92m  Downloaded[0m slab v0.4.12
Features	Run cargo hack check --each-feature --no-dev-deps	2026-02-20T20:38:33.4183625Z [1m[92m  Downloaded[0m simd_helpers v0.1.0
Features	Run cargo hack check --each-feature --no-dev-deps	2026-02-20T20:38:33.4193935Z [1m[92m  Downloaded[0m simd-adler32 v0.3.8
Features	Run cargo hack check --each-feature --no-dev-deps	2026-02-20T20:38:33.4215510Z [1m[92m  Downloaded[0m shlex v1.3.0
Features	Run cargo hack check --each-feature --no-dev-deps	2026-02-20T20:38:33.4230403Z [1m[92m  Downloaded[0m sha1 v0.10.6
Features	Run cargo hack check --each-feature --no-dev-deps	2026-02-20T20:38:33.4249661Z [1m[92m  Downloaded[0m serde_urlencoded v0.7.1
Features	Run cargo hack check --each-feature --no-dev-deps	2026-02-20T20:38:33.4269665Z [1m[92m  Downloaded[0m serde_repr v0.1.20
Features	Run cargo hack check --each-feature --no-dev-deps	2026-02-20T20:38:33.4294258Z [1m[92m  Downloaded[0m screenshots v0.8.10
Features	Run cargo hack check --each-feature --no-dev-deps	2026-02-20T20:38:33.4318473Z [1m[92m  Downloaded[0m scopeguard v1.2.0
Features	Run cargo hack check --each-feature --no-dev-deps	2026-02-20T20:38:33.4333101Z [1m[92m  Downloaded[0m rustversion v1.0.22
Features	Run cargo hack check --each-feature --no-dev-deps	2026-02-20T20:38:33.4367360Z [1m[92m  Downloaded[0m rustls-pki-types v1.14.0
Features	Run cargo hack check --each-feature --no-dev-deps	2026-02-20T20:38:33.4397289Z [1m[92m  Downloaded[0m rgb v0.8.52
Features	Run cargo hack check --each-feature --no-dev-deps	2026-02-20T20:38:33.4426868Z [1m[92m  Downloaded[0m quick-xml v0.28.2
Features	Run cargo hack check --each-feature --no-dev-deps	2026-02-20T20:38:33.4480609Z [1m[92m  Downloaded[0m prettyplease v0.2.37
Features	Run cargo hack check --each-feature --no-dev-deps	2026-02-20T20:38:33.4522148Z [1m[92m  Downloaded[0m potential_utf v0.1.4
Features	Run cargo hack check --each-feature --no-dev-deps	2026-02-20T20:38:33.4534074Z [1m[92m  Downloaded[0m polling v3.11.0
Features	Run cargo hack check --each-feature --no-dev-deps	2026-02-20T20:38:33.4569066Z [1m[92m  Downloaded[0m jiff v0.2.20
Features	Run cargo hack check --each-feature --no-dev-deps	2026-02-20T20:38:33.4753770Z [1m[92m  Downloaded[0m image v0.25.9
Features	Run cargo hack check --each-feature --no-dev-deps	2026-02-20T20:38:33.4858512Z [1m[92m  Downloaded[0m fern v0.7.1
Features	Run cargo hack check --each-feature --no-dev-deps	2026-02-20T20:38:33.4906399Z [1m[92m  Downloaded[0m raw-window-handle v0.6.2
Features	Run cargo hack check --each-feature --no-dev-deps	2026-02-20T20:38:33.4927893Z [1m[92m  Downloaded[0m rand v0.9.2
Features	Run cargo hack check --each-feature --no-dev-deps	2026-02-20T20:38:33.4971802Z [1m[92m  Downloaded[0m profiling v1.0.17
Features	Run cargo hack check --each-feature --no-dev-deps	2026-02-20T20:38:33.4986293Z [1m[92m  Downloaded[0m proc-macro2 v1.0.106
Features	Run cargo hack check --each-feature --no-dev-deps	2026-02-20T20:38:33.5020957Z [1m[92m  Downloaded[0m presser v0.3.1
Features	Run cargo hack check --each-feature --no-dev-deps	2026-02-20T20:38:33.5041396Z [1m[92m  Downloaded[0m ppv-lite86 v0.2.21
Features	Run cargo hack check --each-feature --no-dev-deps	2026-02-20T20:38:33.5057522Z [1m[92m  Downloaded[0m pollster v0.4.0
Features	Run cargo hack check --each-feature --no-dev-deps	2026-02-20T20:38:33.5072686Z [1m[92m  Downloaded[0m piper v0.2.4
Features	Run cargo hack check --each-feature --no-dev-deps	2026-02-20T20:38:33.5090667Z [1m[92m  Downloaded[0m pin-project-lite v0.2.16
Features	Run cargo hack check --each-feature --no-dev-deps	2026-02-20T20:38:33.5160953Z [1m[92m  Downloaded[0m percent-encoding v2.3.2
Features	Run cargo hack check --each-feature --no-dev-deps	2026-02-20T20:38:33.5171074Z [1m[92m  Downloaded[0m peeking_take_while v0.1.2
Features	Run cargo hack check --each-feature --no-dev-deps	2026-02-20T20:38:33.5182097Z [1m[92m  Downloaded[0m pathdiff v0.2.3
Features	Run cargo hack check --each-feature --no-dev-deps	2026-02-20T20:38:33.5193333Z [1m[92m  Downloaded[0m pastey v0.1.1
Features	Run cargo hack check --each-feature --no-dev-deps	2026-02-20T20:38:33.5213586Z [1m[92m  Downloaded[0m parking_lot_core v0.9.12
Features	Run cargo hack check --each-feature --no-dev-deps	2026-02-20T20:38:33.5238599Z [1m[92m  Downloaded[0m parking_lot v0.12.5
Features	Run cargo hack check --each-feature --no-dev-deps	2026-02-20T20:38:33.5267957Z [1m[92m  Downloaded[0m parking v2.2.1
Features	Run cargo hack check --each-feature --no-dev-deps	2026-02-20T20:38:33.5281035Z [1m[92m  Downloaded[0m option-ext v0.2.0
Features	Run cargo hack check --each-feature --no-dev-deps	2026-02-20T20:38:33.5291414Z [1m[92m  Downloaded[0m num-bigint v0.4.6
Features	Run cargo hack check --each-feature --no-dev-deps	2026-02-20T20:38:33.5346297Z [1m[92m  Downloaded[0m nom v7.1.3
Features	Run cargo hack check --each-feature --no-dev-deps	2026-02-20T20:38:33.5405461Z [1m[92m  Downloaded[0m nix v0.26.4
Features	Run cargo hack check --each-feature --no-dev-deps	2026-02-20T20:38:33.5521170Z [1m[92m  Downloaded[0m moxcms v0.7.11
Features	Run cargo hack check --each-feature --no-dev-deps	2026-02-20T20:38:33.5638873Z [1m[92m  Downloaded[0m lofty v0.21.1
Features	Run cargo hack check --each-feature --no-dev-deps	2026-02-20T20:38:33.5792151Z [1m[92m  Downloaded[0m libm v0.2.16
Features	Run cargo hack check --each-feature --no-dev-deps	2026-02-20T20:38:33.5920689Z [1m[92m  Downloaded[0m itertools v0.10.5
Features	Run cargo hack check --each-feature --no-dev-deps	2026-02-20T20:38:33.5994268Z [1m[92m  Downloaded[0m indexmap v2.13.0
Features	Run cargo hack check --each-feature --no-dev-deps	2026-02-20T20:38:33.6043021Z [1m[92m  Downloaded[0m idna v1.1.0
Features	Run cargo hack check --each-feature --no-dev-deps	2026-02-20T20:38:33.6081752Z [1m[92m  Downloaded[0m icu_properties_data v2.1.2
Features	Run cargo hack check --each-feature --no-dev-deps	2026-02-20T20:38:33.6200474Z [1m[92m  Downloaded[0m hashbrown v0.16.1
Features	Run cargo hack check --each-feature --no-dev-deps	2026-02-20T20:38:33.6260185Z [1m[92m  Downloaded[0m hashbrown v0.15.5
Features	Run cargo hack check --each-feature --no-dev-deps	2026-02-20T20:38:33.6315653Z [1m[92m  Downloaded[0m futures-util v0.3.32
Features	Run cargo hack check --each-feature --no-dev-deps	2026-02-20T20:38:33.6472687Z [1m[92m  Downloaded[0m flate2 v1.1.9
Features	Run cargo hack check --each-feature --no-dev-deps	2026-02-20T20:38:33.6531169Z [1m[92m  Downloaded[0m exr v1.74.0
Features	Run cargo hack check --each-feature --no-dev-deps	2026-02-20T20:38:33.6632244Z [1m[92m  Downloaded[0m ravif v0.12.0
Features	Run cargo hack check --each-feature --no-dev-deps	2026-02-20T20:38:33.6645171Z [1m[92m  Downloaded[0m rand_core v0.9.5
Features	Run cargo hack check --each-feature --no-dev-deps	2026-02-20T20:38:33.6660590Z [1m[92m  Downloaded[0m rand_chacha v0.9.0
Features	Run cargo hack check --each-feature --no-dev-deps	2026-02-20T20:38:33.6674500Z [1m[92m  Downloaded[0m quick-error v2.0.1
Features	Run cargo hack check --each-feature --no-dev-deps	2026-02-20T20:38:33.6689464Z [1m[92m  Downloaded[0m qoi v0.4.1
Features	Run cargo hack check --each-feature --no-dev-deps	2026-02-20T20:38:33.6723447Z [1m[92m  Downloaded[0m profiling-procmacros v1.0.17
Features	Run cargo hack check --each-feature --no-dev-deps	2026-02-20T20:38:33.6731525Z [1m[92m  Downloaded[0m proc-macro-crate v3.4.0
Features	Run cargo hack check --each-feature --no-dev-deps	2026-02-20T20:38:33.6747333Z [1m[92m  Downloaded[0m powerfmt v0.2.0
Features	Run cargo hack check --each-feature --no-dev-deps	2026-02-20T20:38:33.6760351Z [1m[92m  Downloaded[0m pkg-config v0.3.32
Features	Run cargo hack check --each-feature --no-dev-deps	2026-02-20T20:38:33.6779311Z [1m[92m  Downloaded[0m pin-utils v0.1.0
Features	Run cargo hack check --each-feature --no-dev-deps	2026-02-20T20:38:33.6793435Z [1m[92m  Downloaded[0m paste v1.0.15
Features	Run cargo hack check --each-feature --no-dev-deps	2026-02-20T20:38:33.6831705Z [1m[92m  Downloaded[0m ordered-stream v0.2.0
Features	Run cargo hack check --each-feature --no-dev-deps	2026-02-20T20:38:33.6845375Z [1m[92m  Downloaded[0m ordered-float v5.1.0
Features	Run cargo hack check --each-feature --no-dev-deps	2026-02-20T20:38:33.6864310Z [1m[92m  Downloaded[0m open v5.3.3
Features	Run cargo hack check --each-feature --no-dev-deps	2026-02-20T20:38:33.6881131Z [1m[92m  Downloaded[0m ogg v0.8.0
Features	Run cargo hack check --each-feature --no-dev-deps	2026-02-20T20:38:33.6903151Z [1m[92m  Downloaded[0m num-traits v0.2.19
Features	Run cargo hack check --each-feature --no-dev-deps	2026-02-20T20:38:33.6933518Z [1m[92m  Downloaded[0m num-integer v0.1.46
Features	Run cargo hack check --each-feature --no-dev-deps	2026-02-20T20:38:33.6952561Z [1m[92m  Downloaded[0m num-derive v0.4.2
Features	Run cargo hack check --each-feature --no-dev-deps	2026-02-20T20:38:33.6973705Z [1m[92m  Downloaded[0m num-conv v0.2.0
Features	Run cargo hack check --each-feature --no-dev-deps	2026-02-20T20:38:33.6983984Z [1m[92m  Downloaded[0m notify-rust v4.12.0
Features	Run cargo hack check --each-feature --no-dev-deps	2026-02-20T20:38:33.7017304Z [1m[92m  Downloaded[0m nom v8.0.0
Features	Run cargo hack check --each-feature --no-dev-deps	2026-02-20T20:38:33.7079032Z [1m[92m  Downloaded[0m nokhwa-core v0.1.8
Features	Run cargo hack check --each-feature --no-dev-deps	2026-02-20T20:38:33.7094264Z [1m[92m  Downloaded[0m nokhwa-bindings-macos v0.2.3
Features	Run cargo hack check --each-feature --no-dev-deps	2026-02-20T20:38:33.7105947Z [1m[92m  Downloaded[0m nokhwa v0.10.10
Features	Run cargo hack check --each-feature --no-dev-deps	2026-02-20T20:38:33.7150088Z [1m[92m  Downloaded[0m netlink-sys v0.8.8
Features	Run cargo hack check --each-feature --no-dev-deps	2026-02-20T20:38:33.7175094Z [1m[92m  Downloaded[0m netdev v0.40.0
Features	Run cargo hack check --each-feature --no-dev-deps	2026-02-20T20:38:33.7249021Z [1m[92m  Downloaded[0m mpris-server v0.9.0
Features	Run cargo hack check --each-feature --no-dev-deps	2026-02-20T20:38:33.7280344Z [1m[92m  Downloaded[0m mp4 v0.14.0
Features	Run cargo hack check --each-feature --no-dev-deps	2026-02-20T20:38:33.7328755Z [1m[92m  Downloaded[0m minimal-lexical v0.2.1
Features	Run cargo hack check --each-feature --no-dev-deps	2026-02-20T20:38:33.7382119Z [1m[92m  Downloaded[0m memchr v2.8.0
Features	Run cargo hack check --each-feature --no-dev-deps	2026-02-20T20:38:33.7445299Z [1m[92m  Downloaded[0m log v0.4.29
Features	Run cargo hack check --each-feature --no-dev-deps	2026-02-20T20:38:33.7473402Z [1m[92m  Downloaded[0m litrs v1.0.0
Features	Run cargo hack check --each-feature --no-dev-deps	2026-02-20T20:38:33.7508270Z [1m[92m  Downloaded[0m litemap v0.8.1
Features	Run cargo hack check --each-feature --no-dev-deps	2026-02-20T20:38:33.7534326Z [1m[92m  Downloaded[0m keyring v3.6.3
Features	Run cargo hack check --each-feature --no-dev-deps	2026-02-20T20:38:33.7564971Z [1m[92m  Downloaded[0m js-sys v0.3.86
Features	Run cargo hack check --each-feature --no-dev-deps	2026-02-20T20:38:33.7589057Z [1m[92m  Downloaded[0m jiff-static v0.2.20
Features	Run cargo hack check --each-feature --no-dev-deps	2026-02-20T20:38:33.7619781Z [1m[92m  Downloaded[0m io-lifetimes v1.0.11
Features	Run cargo hack check --each-feature --no-dev-deps	2026-02-20T20:38:33.7645516Z [1m[92m  Downloaded[0m imgref v1.12.0
Features	Run cargo hack check --each-feature --no-dev-deps	2026-02-20T20:38:33.7665488Z [1m[92m  Downloaded[0m icu_normalizer_data v2.1.1
Features	Run cargo hack check --each-feature --no-dev-deps	2026-02-20T20:38:33.7688998Z [1m[92m  Downloaded[0m icu_normalizer v2.1.1
Features	Run cargo hack check --each-feature --no-dev-deps	2026-02-20T20:38:33.7729058Z [1m[92m  Downloaded[0m icu_collections v2.1.1
Features	Run cargo hack check --each-feature --no-dev-deps	2026-02-20T20:38:33.7800787Z [1m[92m  Downloaded[0m http v1.4.0
Features	Run cargo hack check --each-feature --no-dev-deps	2026-02-20T20:38:33.7842132Z [1m[92m  Downloaded[0m ffmpeg-next v7.1.0
Features	Run cargo hack check --each-feature --no-dev-deps	2026-02-20T20:38:33.7975959Z [1m[92m  Downloaded[0m openssl-probe v0.2.1
Features	Run cargo hack check --each-feature --no-dev-deps	2026-02-20T20:38:33.7989922Z [1m[92m  Downloaded[0m ogg_pager v0.6.1
Features	Run cargo hack check --each-feature --no-dev-deps	2026-02-20T20:38:33.8001696Z [1m[92m  Downloaded[0m num_cpus v1.17.0
Features	Run cargo hack check --each-feature --no-dev-deps	2026-02-20T20:38:33.8040259Z [1m[92m  Downloaded[0m num-rational v0.4.2
Features	Run cargo hack check --each-feature --no-dev-deps	2026-02-20T20:38:33.8054864Z [1m[92m  Downloaded[0m noop_proc_macro v0.3.0
Features	Run cargo hack check --each-feature --no-dev-deps	2026-02-20T20:38:33.8066566Z [1m[92m  Downloaded[0m nokhwa-bindings-windows v0.4.5
Features	Run cargo hack check --each-feature --no-dev-deps	2026-02-20T20:38:33.8077127Z [1m[92m  Downloaded[0m nokhwa-bindings-linux v0.1.3
Features	Run cargo hack check --each-feature --no-dev-deps	2026-02-20T20:38:33.8086898Z [1m[92m  Downloaded[0m new_debug_unreachable v1.0.6
Features	Run cargo hack check --each-feature --no-dev-deps	2026-02-20T20:38:33.8099561Z [1m[92m  Downloaded[0m netlink-packet-core v0.8.1
Features	Run cargo hack check --each-feature --no-dev-deps	2026-02-20T20:38:33.8125601Z [1m[92m  Downloaded[0m nasm-rs v0.3.2
Features	Run cargo hack check --each-feature --no-dev-deps	2026-02-20T20:38:33.8136384Z [1m[92m  Downloaded[0m nanorand v0.7.0
Features	Run cargo hack check --each-feature --no-dev-deps	2026-02-20T20:38:33.8166360Z [1m[92m  Downloaded[0m mozjpeg v0.10.13
Features	Run cargo hack check --each-feature --no-dev-deps	2026-02-20T20:38:33.8184398Z [1m[92m  Downloaded[0m mime v0.3.17
Features	Run cargo hack check --each-feature --no-dev-deps	2026-02-20T20:38:33.8199954Z [1m[92m  Downloaded[0m memoffset v0.7.1
Features	Run cargo hack check --each-feature --no-dev-deps	2026-02-20T20:38:33.8214106Z [1m[92m  Downloaded[0m memmap2 v0.7.1
Features	Run cargo hack check --each-feature --no-dev-deps	2026-02-20T20:38:33.8233550Z [1m[92m  Downloaded[0m maybe-rayon v0.1.1
Features	Run cargo hack check --each-feature --no-dev-deps	2026-02-20T20:38:33.8243433Z [1m[92m  Downloaded[0m mac-addr v0.3.0
Features	Run cargo hack check --each-feature --no-dev-deps	2026-02-20T20:38:33.8262704Z [1m[92m  Downloaded[0m loop9 v0.1.5
Features	Run cargo hack check --each-feature --no-dev-deps	2026-02-20T20:38:33.8271289Z [1m[92m  Downloaded[0m lofty_attr v0.11.1
Features	Run cargo hack check --each-feature --no-dev-deps	2026-02-20T20:38:33.8284151Z [1m[92m  Downloaded[0m lock_api v0.4.14
Features	Run cargo hack check --each-feature --no-dev-deps	2026-02-20T20:38:33.8298820Z [1m[92m  Downloaded[0m linux-keyutils v0.2.4
Features	Run cargo hack check --each-feature --no-dev-deps	2026-02-20T20:38:33.8324333Z [1m[92m  Downloaded[0m libwayshot v0.2.0
Features	Run cargo hack check --each-feature --no-dev-deps	2026-02-20T20:38:33.8336347Z [1m[92m  Downloaded[0m libloading v0.8.9
Features	Run cargo hack check --each-feature --no-dev-deps	2026-02-20T20:38:33.8364014Z [1m[92m  Downloaded[0m lebe v0.5.3
Features	Run cargo hack check --each-feature --no-dev-deps	2026-02-20T20:38:33.8378347Z [1m[92m  Downloaded[0m lazycell v1.3.0
Features	Run cargo hack check --each-feature --no-dev-deps	2026-02-20T20:38:33.8390080Z [1m[92m  Downloaded[0m lazy_static v1.5.0
Features	Run cargo hack check --each-feature --no-dev-deps	2026-02-20T20:38:33.8411160Z [1m[92m  Downloaded[0m lab v0.11.0
Features	Run cargo hack check --each-feature --no-dev-deps	2026-02-20T20:38:33.8426880Z [1m[92m  Downloaded[0m khronos-egl v6.0.0
Features	Run cargo hack check --each-feature --no-dev-deps	2026-02-20T20:38:33.8449256Z [1m[92m  Downloaded[0m jobserver v0.1.34
Features	Run cargo hack check --each-feature --no-dev-deps	2026-02-20T20:38:33.8473566Z [1m[92m  Downloaded[0m itertools v0.14.0
Features	Run cargo hack check --each-feature --no-dev-deps	2026-02-20T20:38:33.8553546Z [1m[92m  Downloaded[0m itertools v0.13.0
Features	Run cargo hack check --each-feature --no-dev-deps	2026-02-20T20:38:33.8633733Z [1m[92m  Downloaded[0m ipnet v2.11.0
Features	Run cargo hack check --each-feature --no-dev-deps	2026-02-20T20:38:33.8651897Z [1m[92m  Downloaded[0m image-webp v0.2.4
Features	Run cargo hack check --each-feature --no-dev-deps	2026-02-20T20:38:33.8677125Z [1m[92m  Downloaded[0m icu_locale_core v2.1.1
Features	Run cargo hack check --each-feature --no-dev-deps	2026-02-20T20:38:33.8758737Z [1m[92m  Downloaded[0m httpdate v1.0.3
Features	Run cargo hack check --each-feature --no-dev-deps	2026-02-20T20:38:33.8772871Z [1m[92m  Downloaded[0m http-kit v0.4.2
Features	Run cargo hack check --each-feature --no-dev-deps	2026-02-20T20:38:33.8798413Z [1m[92m  Downloaded[0m hound v3.5.1
Features	Run cargo hack check --each-feature --no-dev-deps	2026-02-20T20:38:33.8834236Z [1m[92m  Downloaded[0m home v0.5.12
Features	Run cargo hack check --each-feature --no-dev-deps	2026-02-20T20:38:33.8845863Z [1m[92m  Downloaded[0m gpu-alloc v0.6.0
Features	Run cargo hack check --each-feature --no-dev-deps	2026-02-20T20:38:33.8862133Z [1m[92m  Downloaded[0m getrandom v0.2.17
Features	Run cargo hack check --each-feature --no-dev-deps	2026-02-20T20:38:33.8896707Z [1m[92m  Downloaded[0m futures-timer v3.0.3
Features	Run cargo hack check --each-feature --no-dev-deps	2026-02-20T20:38:33.8918025Z [1m[92m  Downloaded[0m futures-task v0.3.32
Features	Run cargo hack check --each-feature --no-dev-deps	2026-02-20T20:38:33.8931748Z [1m[92m  Downloaded[0m futures-sink v0.3.32
Features	Run cargo hack check --each-feature --no-dev-deps	2026-02-20T20:38:33.8941865Z [1m[92m  Downloaded[0m futures-executor v0.3.32
Features	Run cargo hack check --each-feature --no-dev-deps	2026-02-20T20:38:33.8957983Z [1m[92m  Downloaded[0m fs_extra v1.3.0
Features	Run cargo hack check --each-feature --no-dev-deps	2026-02-20T20:38:33.8978397Z [1m[92m  Downloaded[0m form_urlencoded v1.2.2
Features	Run cargo hack check --each-feature --no-dev-deps	2026-02-20T20:38:33.8988013Z [1m[92m  Downloaded[0m ffmpeg-sys-next v7.1.3
Features	Run cargo hack check --each-feature --no-dev-deps	2026-02-20T20:38:33.9008066Z [1m[92m  Downloaded[0m executor-core v0.7.1
Features	Run cargo hack check --each-feature --no-dev-deps	2026-02-20T20:38:33.9030521Z [1m[92m  Downloaded[0m event-listener v2.5.3
Features	Run cargo hack check --each-feature --no-dev-deps	2026-02-20T20:38:33.9045209Z [1m[92m  Downloaded[0m enumflags2_derive v0.7.12
Features	Run cargo hack check --each-feature --no-dev-deps	2026-02-20T20:38:33.9055087Z [1m[92m  Downloaded[0m enumflags2 v0.7.12
Features	Run cargo hack check --each-feature --no-dev-deps	2026-02-20T20:38:33.9071117Z [1m[92m  Downloaded[0m either v1.15.0
Features	Run cargo hack check --each-feature --no-dev-deps	2026-02-20T20:38:33.9090896Z [1m[92m  Downloaded[0m downcast-rs v1.2.1
Features	Run cargo hack check --each-feature --no-dev-deps	2026-02-20T20:38:33.9106795Z [1m[92m  Downloaded[0m dlib v0.5.2
Features	Run cargo hack check --each-feature --no-dev-deps	2026-02-20T20:38:33.9118273Z [1m[92m  Downloaded[0m displaydoc v0.2.5
Features	Run cargo hack check --each-feature --no-dev-deps	2026-02-20T20:38:33.9154159Z [1m[92m  Downloaded[0m display-info v0.4.8
Features	Run cargo hack check --each-feature --no-dev-deps	2026-02-20T20:38:33.9173075Z [1m[92m  Downloaded[0m ash v0.38.0+1.3.281
Features	Run cargo hack check --each-feature --no-dev-deps	2026-02-20T20:38:33.9347151Z [1m[92m  Downloaded[0m ivf v0.1.4
Features	Run cargo hack check --each-feature --no-dev-deps	2026-02-20T20:38:33.9356265Z [1m[92m  Downloaded[0m itoa v1.0.17
Features	Run cargo hack check --each-feature --no-dev-deps	2026-02-20T20:38:33.9374434Z [1m[92m  Downloaded[0m is_terminal_polyfill v1.70.2
Features	Run cargo hack check --each-feature --no-dev-deps	2026-02-20T20:38:33.9385552Z [1m[92m  Downloaded[0m is-docker v0.2.0
Features	Run cargo hack check --each-feature --no-dev-deps	2026-02-20T20:38:33.9399098Z [1m[92m  Downloaded[0m icu_provider v2.1.1
Features	Run cargo hack check --each-feature --no-dev-deps	2026-02-20T20:38:33.9429122Z [1m[92m  Downloaded[0m httparse v1.10.1
Features	Run cargo hack check --each-feature --no-dev-deps	2026-02-20T20:38:33.9458426Z [1m[92m  Downloaded[0m http-body-util v0.1.3
Features	Run cargo hack check --each-feature --no-dev-deps	2026-02-20T20:38:33.9479107Z [1m[92m  Downloaded[0m hexf-parse v0.2.1
Features	Run cargo hack check --each-feature --no-dev-deps	2026-02-20T20:38:33.9486631Z [1m[92m  Downloaded[0m gpu-descriptor v0.3.2
Features	Run cargo hack check --each-feature --no-dev-deps	2026-02-20T20:38:33.9497963Z [1m[92m  Downloaded[0m gpu-allocator v0.28.0
Features	Run cargo hack check --each-feature --no-dev-deps	2026-02-20T20:38:33.9530709Z [1m[92m  Downloaded[0m glob v0.3.3
Features	Run cargo hack check --each-feature --no-dev-deps	2026-02-20T20:38:33.9548472Z [1m[92m  Downloaded[0m git2 v0.20.4
Features	Run cargo hack check --each-feature --no-dev-deps	2026-02-20T20:38:33.9642343Z [1m[92m  Downloaded[0m gif v0.13.3
Features	Run cargo hack check --each-feature --no-dev-deps	2026-02-20T20:38:33.9661489Z [1m[92m  Downloaded[0m futures-lite v2.6.1
Features	Run cargo hack check --each-feature --no-dev-deps	2026-02-20T20:38:33.9681297Z [1m[92m  Downloaded[0m futures-io v0.3.32
Features	Run cargo hack check --each-feature --no-dev-deps	2026-02-20T20:38:33.9691812Z [1m[92m  Downloaded[0m foldhash v0.1.5
Features	Run cargo hack check --each-feature --no-dev-deps	2026-02-20T20:38:33.9705882Z [1m[92m  Downloaded[0m find-msvc-tools v0.1.9
Features	Run cargo hack check --each-feature --no-dev-deps	2026-02-20T20:38:33.9724180Z [1m[92m  Downloaded[0m fax_derive v0.2.0
Features	Run cargo hack check --each-feature --no-dev-deps	2026-02-20T20:38:33.9732048Z [1m[92m  Downloaded[0m fastrand v2.3.0
Features	Run cargo hack check --each-feature --no-dev-deps	2026-02-20T20:38:33.9747738Z [1m[92m  Downloaded[0m eyre v0.6.12
Features	Run cargo hack check --each-feature --no-dev-deps	2026-02-20T20:38:33.9786885Z [1m[92m  Downloaded[0m errno v0.3.14
Features	Run cargo hack check --each-feature --no-dev-deps	2026-02-20T20:38:33.9804445Z [1m[92m  Downloaded[0m deranged v0.5.6
Features	Run cargo hack check --each-feature --no-dev-deps	2026-02-20T20:38:33.9819799Z [1m[92m  Downloaded[0m dav1d-sys v0.8.3
Features	Run cargo hack check --each-feature --no-dev-deps	2026-02-20T20:38:33.9831065Z [1m[92m  Downloaded[0m crypto-common v0.1.7
Features	Run cargo hack check --each-feature --no-dev-deps	2026-02-20T20:38:33.9842017Z [1m[92m  Downloaded[0m crossbeam-epoch v0.9.18
Features	Run cargo hack check --each-feature --no-dev-deps	2026-02-20T20:38:33.9870536Z [1m[92m  Downloaded[0m crossbeam v0.8.4
Features	Run cargo hack check --each-feature --no-dev-deps	2026-02-20T20:38:33.9883975Z [1m[92m  Downloaded[0m core2 v0.4.0
Features	Run cargo hack check --each-feature --no-dev-deps	2026-02-20T20:38:33.9906044Z [1m[92m  Downloaded[0m cookie v0.18.1
Features	Run cargo hack check --each-feature --no-dev-deps	2026-02-20T20:38:33.9933693Z [1m[92m  Downloaded[0m clipboard-rs v0.3.2
Features	Run cargo hack check --each-feature --no-dev-deps	2026-02-20T20:38:33.9967177Z [1m[92m  Downloaded[0m clap_lex v1.0.0
Features	Run cargo hack check --each-feature --no-dev-deps	2026-02-20T20:38:33.9979356Z [1m[92m  Downloaded[0m clap_builder v4.5.60
Features	Run cargo hack check --each-feature --no-dev-deps	2026-02-20T20:38:34.0052516Z [1m[92m  Downloaded[0m bytestr v0.3.1
Features	Run cargo hack check --each-feature --no-dev-deps	2026-02-20T20:38:34.0066826Z [1m[92m  Downloaded[0m bytemuck v1.25.0
Features	Run cargo hack check --each-feature --no-dev-deps	2026-02-20T20:38:34.0103089Z [1m[92m  Downloaded[0m image v0.24.9
Features	Run cargo hack check --each-feature --no-dev-deps	2026-02-20T20:38:34.0828416Z [1m[92m  Downloaded[0m bumpalo v3.20.2
Features	Run cargo hack check --each-feature --no-dev-deps	2026-02-20T20:38:34.0857280Z [1m[92m  Downloaded[0m bitstream-io v4.9.0
Features	Run cargo hack check --each-feature --no-dev-deps	2026-02-20T20:38:34.0889681Z [1m[92m  Downloaded[0m bit-vec v0.8.0
Features	Run cargo hack check --each-feature --no-dev-deps	2026-02-20T20:38:34.0908357Z [1m[92m  Downloaded[0m bindgen v0.70.1
Features	Run cargo hack check --each-feature --no-dev-deps	2026-02-20T20:38:34.0978850Z [1m[92m  Downloaded[0m bindgen v0.65.1
Features	Run cargo hack check --each-feature --no-dev-deps	2026-02-20T20:38:34.1049417Z [1m[92m  Downloaded[0m aws-lc-rs v1.16.0
Features	Run cargo hack check --each-feature --no-dev-deps	2026-02-20T20:38:34.1173083Z [1m[92m  Downloaded[0m heck v0.5.0
Features	Run cargo hack check --each-feature --no-dev-deps	2026-02-20T20:38:34.1188126Z [1m[92m  Downloaded[0m half v2.7.1
Features	Run cargo hack check --each-feature --no-dev-deps	2026-02-20T20:38:34.1218850Z [1m[92m  Downloaded[0m gpu-alloc-types v0.3.0
Features	Run cargo hack check --each-feature --no-dev-deps	2026-02-20T20:38:34.1227460Z [1m[92m  Downloaded[0m gif v0.14.1
Features	Run cargo hack check --each-feature --no-dev-deps	2026-02-20T20:38:34.1247033Z [1m[92m  Downloaded[0m getrandom v0.3.4
Features	Run cargo hack check --each-feature --no-dev-deps	2026-02-20T20:38:34.1285921Z [1m[92m  Downloaded[0m gethostname v1.1.0
Features	Run cargo hack check --each-feature --no-dev-deps	2026-02-20T20:38:34.1297448Z [1m[92m  Downloaded[0m futures-macro v0.3.32
Features	Run cargo hack check --each-feature --no-dev-deps	2026-02-20T20:38:34.1309722Z [1m[92m  Downloaded[0m futures-channel v0.3.32
Features	Run cargo hack check --each-feature --no-dev-deps	2026-02-20T20:38:34.1331053Z [1m[92m  Downloaded[0m futures v0.3.32
Features	Run cargo hack check --each-feature --no-dev-deps	2026-02-20T20:38:34.1387880Z [1m[92m  Downloaded[0m flume v0.11.1
Features	Run cargo hack check --each-feature --no-dev-deps	2026-02-20T20:38:34.1427313Z [1m[92m  Downloaded[0m event-listener v5.4.1
Features	Run cargo hack check --each-feature --no-dev-deps	2026-02-20T20:38:34.1450223Z [1m[92m  Downloaded[0m equator v0.4.2
Features	Run cargo hack check --each-feature --no-dev-deps	2026-02-20T20:38:34.1465875Z [1m[92m  Downloaded[0m endi v1.1.1
Features	Run cargo hack check --each-feature --no-dev-deps	2026-02-20T20:38:34.1478910Z [1m[92m  Downloaded[0m dbus v0.9.10
Features	Run cargo hack check --each-feature --no-dev-deps	2026-02-20T20:38:34.1527687Z [1m[92m  Downloaded[0m dav1d v0.11.1
Features	Run cargo hack check --each-feature --no-dev-deps	2026-02-20T20:38:34.1542173Z [1m[92m  Downloaded[0m data-encoding v2.10.0
Features	Run cargo hack check --each-feature --no-dev-deps	2026-02-20T20:38:34.1553565Z [1m[92m  Downloaded[0m crossbeam-queue v0.3.12
Features	Run cargo hack check --each-feature --no-dev-deps	2026-02-20T20:38:34.1567556Z [1m[92m  Downloaded[0m crossbeam-channel v0.5.15
Features	Run cargo hack check --each-feature --no-dev-deps	2026-02-20T20:38:34.1613188Z [1m[92m  Downloaded[0m crc32fast v1.5.0
Features	Run cargo hack check --each-feature --no-dev-deps	2026-02-20T20:38:34.1634246Z [1m[92m  Downloaded[0m cpufeatures v0.2.17
Features	Run cargo hack check --each-feature --no-dev-deps	2026-02-20T20:38:34.1650119Z [1m[92m  Downloaded[0m cpal v0.15.3
Features	Run cargo hack check --each-feature --no-dev-deps	2026-02-20T20:38:34.1710379Z [1m[92m  Downloaded[0m concurrent-queue v2.5.0
Features	Run cargo hack check --each-feature --no-dev-deps	2026-02-20T20:38:34.1729430Z [1m[92m  Downloaded[0m color_quant v1.1.0
Features	Run cargo hack check --each-feature --no-dev-deps	2026-02-20T20:38:34.1741387Z [1m[92m  Downloaded[0m codespan-reporting v0.12.0
Features	Run cargo hack check --each-feature --no-dev-deps	2026-02-20T20:38:34.1830730Z [1m[92m  Downloaded[0m cmake v0.1.57
Features	Run cargo hack check --each-feature --no-dev-deps	2026-02-20T20:38:34.1846103Z [1m[92m  Downloaded[0m claxon v0.4.3
Features	Run cargo hack check --each-feature --no-dev-deps	2026-02-20T20:38:34.1904153Z [1m[92m  Downloaded[0m clap v4.5.60
Features	Run cargo hack check --each-feature --no-dev-deps	2026-02-20T20:38:34.2015943Z [1m[92m  Downloaded[0m cfg-if v1.0.4
Features	Run cargo hack check --each-feature --no-dev-deps	2026-02-20T20:38:34.2030934Z [1m[92m  Downloaded[0m cfg-expr v0.20.6
Features	Run cargo hack check --each-feature --no-dev-deps	2026-02-20T20:38:34.2065160Z [1m[92m  Downloaded[0m cc v1.2.56
Features	Run cargo hack check --each-feature --no-dev-deps	2026-02-20T20:38:34.2098801Z [1m[92m  Downloaded[0m byteorder-lite v0.1.0
Features	Run cargo hack check --each-feature --no-dev-deps	2026-02-20T20:38:34.2110209Z [1m[92m  Downloaded[0m byteorder v1.5.0
Features	Run cargo hack check --each-feature --no-dev-deps	2026-02-20T20:38:34.2128823Z [1m[92m  Downloaded[0m bytemuck_derive v1.10.2
Features	Run cargo hack check --each-feature --no-dev-deps	2026-02-20T20:38:34.2142885Z [1m[92m  Downloaded[0m brightness v0.8.0
Features	Run cargo hack check --each-feature --no-dev-deps	2026-02-20T20:38:34.2162331Z [1m[92m  Downloaded[0m blocking v1.6.2
Features	Run cargo hack check --each-feature --no-dev-deps	2026-02-20T20:38:34.2176031Z [1m[92m  Downloaded[0m block-buffer v0.10.4
Features	Run cargo hack check --each-feature --no-dev-deps	2026-02-20T20:38:34.2187856Z [1m[92m  Downloaded[0m bitflags v2.11.0
Features	Run cargo hack check --each-feature --no-dev-deps	2026-02-20T20:38:34.2237599Z [1m[92m  Downloaded[0m bitflags v1.3.2
Features	Run cargo hack check --each-feature --no-dev-deps	2026-02-20T20:38:34.2276477Z [1m[92m  Downloaded[0m bit_field v0.10.3
Features	Run cargo hack check --each-feature --no-dev-deps	2026-02-20T20:38:34.2290533Z [1m[92m  Downloaded[0m arrayvec v0.7.6
Features	Run cargo hack check --each-feature --no-dev-deps	2026-02-20T20:38:34.2313661Z [1m[92m  Downloaded[0m arg_enum_proc_macro v0.3.4
Features	Run cargo hack check --each-feature --no-dev-deps	2026-02-20T20:38:34.2327535Z [1m[92m  Downloaded[0m fdeflate v0.3.7
Features	Run cargo hack check --each-feature --no-dev-deps	2026-02-20T20:38:34.2346304Z [1m[92m  Downloaded[0m equivalent v1.0.2
Features	Run cargo hack check --each-feature --no-dev-deps	2026-02-20T20:38:34.2358238Z [1m[92m  Downloaded[0m digest v0.10.7
Features	Run cargo hack check --each-feature --no-dev-deps	2026-02-20T20:38:34.2379426Z [1m[92m  Downloaded[0m dasp_sample v0.11.0
Features	Run cargo hack check --each-feature --no-dev-deps	2026-02-20T20:38:34.2390980Z [1m[92m  Downloaded[0m crossbeam-utils v0.8.21
Features	Run cargo hack check --each-feature --no-dev-deps	2026-02-20T20:38:34.2421892Z [1m[92m  Downloaded[0m crossbeam-deque v0.8.6
Features	Run cargo hack check --each-feature --no-dev-deps	2026-02-20T20:38:34.2437371Z [1m[92m  Downloaded[0m colorchoice v1.0.4
Features	Run cargo hack check --each-feature --no-dev-deps	2026-02-20T20:38:34.2448288Z [1m[92m  Downloaded[0m clap_derive v4.5.55
Features	Run cargo hack check --each-feature --no-dev-deps	2026-02-20T20:38:34.2473173Z [1m[92m  Downloaded[0m clap_complete v4.5.66
Features	Run cargo hack check --each-feature --no-dev-deps	2026-02-20T20:38:34.2505830Z [1m[92m  Downloaded[0m clang-sys v1.8.1
Features	Run cargo hack check --each-feature --no-dev-deps	2026-02-20T20:38:34.2531449Z [1m[92m  Downloaded[0m cfg_aliases v0.2.1
Features	Run cargo hack check --each-feature --no-dev-deps	2026-02-20T20:38:34.2542409Z [1m[92m  Downloaded[0m cexpr v0.6.0
Features	Run cargo hack check --each-feature --no-dev-deps	2026-02-20T20:38:34.2564046Z [1m[92m  Downloaded[0m byte-slice-cast v1.2.3
Features	Run cargo hack check --each-feature --no-dev-deps	2026-02-20T20:38:34.2573114Z [1m[92m  Downloaded[0m built v0.8.0
Features	Run cargo hack check --each-feature --no-dev-deps	2026-02-20T20:38:34.2593628Z [1m[92m  Downloaded[0m bit-set v0.8.0
Features	Run cargo hack check --each-feature --no-dev-deps	2026-02-20T20:38:34.2622981Z [1m[92m  Downloaded[0m avif-serialize v0.8.8
Features	Run cargo hack check --each-feature --no-dev-deps	2026-02-20T20:38:34.2635089Z [1m[92m  Downloaded[0m av-scenechange v0.14.1
Features	Run cargo hack check --each-feature --no-dev-deps	2026-02-20T20:38:34.2760901Z [1m[92m  Downloaded[0m async-task v4.7.1
Features	Run cargo hack check --each-feature --no-dev-deps	2026-02-20T20:38:34.2790787Z [1m[92m  Downloaded[0m async-signal v0.2.13
Features	Run cargo hack check --each-feature --no-dev-deps	2026-02-20T20:38:34.2807665Z [1m[92m  Downloaded[0m async-broadcast v0.7.2
Features	Run cargo hack check --each-feature --no-dev-deps	2026-02-20T20:38:34.2827540Z [1m[92m  Downloaded[0m anstyle-query v1.1.5
Features	Run cargo hack check --each-feature --no-dev-deps	2026-02-20T20:38:34.2840775Z [1m[92m  Downloaded[0m dirs-sys v0.5.0
Features	Run cargo hack check --each-feature --no-dev-deps	2026-02-20T20:38:34.2853644Z [1m[92m  Downloaded[0m av1-grain v0.2.5
Features	Run cargo hack check --each-feature --no-dev-deps	2026-02-20T20:38:34.2880665Z [1m[92m  Downloaded[0m async-std v1.13.2
Features	Run cargo hack check --each-feature --no-dev-deps	2026-02-20T20:38:34.3150922Z [1m[92m  Downloaded[0m async-lock v3.4.2
Features	Run cargo hack check --each-feature --no-dev-deps	2026-02-20T20:38:34.3176380Z [1m[92m  Downloaded[0m async-executor v1.14.0
Features	Run cargo hack check --each-feature --no-dev-deps	2026-02-20T20:38:34.3197446Z [1m[92m  Downloaded[0m async-channel v2.5.0
Features	Run cargo hack check --each-feature --no-dev-deps	2026-02-20T20:38:34.3211360Z [1m[92m  Downloaded[0m async-channel v1.9.0
Features	Run cargo hack check --each-feature --no-dev-deps	2026-02-20T20:38:34.3224758Z [1m[92m  Downloaded[0m ashpd v0.11.1
Features	Run cargo hack check --each-feature --no-dev-deps	2026-02-20T20:38:34.3303732Z [1m[92m  Downloaded[0m as-slice v0.2.1
Features	Run cargo hack check --each-feature --no-dev-deps	2026-02-20T20:38:34.3314799Z [1m[92m  Downloaded[0m anyhow v1.0.102
Features	Run cargo hack check --each-feature --no-dev-deps	2026-02-20T20:38:34.3361652Z [1m[92m  Downloaded[0m anstyle-parse v0.2.7
Features	Run cargo hack check --each-feature --no-dev-deps	2026-02-20T20:38:34.3379465Z [1m[92m  Downloaded[0m kv-log-macro v1.0.7
Features	Run cargo hack check --each-feature --no-dev-deps	2026-02-20T20:38:34.3401296Z [1m[92m  Downloaded[0m dunce v1.0.5
Features	Run cargo hack check --each-feature --no-dev-deps	2026-02-20T20:38:34.3411667Z [1m[92m  Downloaded[0m dirs v6.0.0
Features	Run cargo hack check --each-feature --no-dev-deps	2026-02-20T20:38:34.3427197Z [1m[92m  Downloaded[0m av-metrics v0.9.1
Features	Run cargo hack check --each-feature --no-dev-deps	2026-02-20T20:38:34.3447784Z [1m[92m  Downloaded[0m autocfg v1.5.0
Features	Run cargo hack check --each-feature --no-dev-deps	2026-02-20T20:38:34.3469709Z [1m[92m  Downloaded[0m atomic-waker v1.1.2
Features	Run cargo hack check --each-feature --no-dev-deps	2026-02-20T20:38:34.3483955Z [1m[92m  Downloaded[0m async-trait v0.1.89
Features	Run cargo hack check --each-feature --no-dev-deps	2026-02-20T20:38:34.3529952Z [1m[92m  Downloaded[0m async-process v2.5.0
Features	Run cargo hack check --each-feature --no-dev-deps	2026-02-20T20:38:34.3549965Z [1m[92m  Downloaded[0m async-io v2.6.0
Features	Run cargo hack check --each-feature --no-dev-deps	2026-02-20T20:38:34.3583085Z [1m[92m  Downloaded[0m async-global-executor v2.4.1
Features	Run cargo hack check --each-feature --no-dev-deps	2026-02-20T20:38:34.3602780Z [1m[92m  Downloaded[0m async-fs v2.2.0
Features	Run cargo hack check --each-feature --no-dev-deps	2026-02-20T20:38:34.3614083Z [1m[92m  Downloaded[0m anstyle v1.0.13
Features	Run cargo hack check --each-feature --no-dev-deps	2026-02-20T20:38:34.3630018Z [1m[92m  Downloaded[0m anstream v0.6.21
Features	Run cargo hack check --each-feature --no-dev-deps	2026-02-20T20:38:34.3652355Z [1m[92m  Downloaded[0m alsa-sys v0.3.1
Features	Run cargo hack check --each-feature --no-dev-deps	2026-02-20T20:38:34.3667484Z [1m[92m  Downloaded[0m hyper v1.8.1
Features	Run cargo hack check --each-feature --no-dev-deps	2026-02-20T20:38:34.3743637Z [1m[92m  Downloaded[0m glow v0.16.0
Features	Run cargo hack check --each-feature --no-dev-deps	2026-02-20T20:38:34.3790904Z [1m[92m  Downloaded[0m getrandom v0.4.1
Features	Run cargo hack check --each-feature --no-dev-deps	2026-02-20T20:38:34.3834254Z [1m[92m  Downloaded[0m av-data v0.4.4
Features	Run cargo hack check --each-feature --no-dev-deps	2026-02-20T20:38:34.3848833Z [1m[92m  Downloaded[0m async-net v2.0.0
Features	Run cargo hack check --each-feature --no-dev-deps	2026-02-20T20:38:34.3862735Z [1m[92m  Downloaded[0m indenter v0.3.4
Features	Run cargo hack check --each-feature --no-dev-deps	2026-02-20T20:38:34.3877618Z [1m[92m  Downloaded[0m http-body v1.0.1
Features	Run cargo hack check --each-feature --no-dev-deps	2026-02-20T20:38:34.3889007Z [1m[92m  Downloaded[0m gpu-descriptor-types v0.2.0
Features	Run cargo hack check --each-feature --no-dev-deps	2026-02-20T20:38:34.3896494Z [1m[92m  Downloaded[0m adler2 v2.0.1
Features	Run cargo hack check --each-feature --no-dev-deps	2026-02-20T20:38:34.3911118Z [1m[92m  Downloaded[0m generic-array v0.14.7
Features	Run cargo hack check --each-feature --no-dev-deps	2026-02-20T20:38:34.3926713Z [1m[92m  Downloaded[0m futures-rustls v0.26.0
Features	Run cargo hack check --each-feature --no-dev-deps	2026-02-20T20:38:34.3946335Z [1m[92m  Downloaded[0m futures-core v0.3.32
Features	Run cargo hack check --each-feature --no-dev-deps	2026-02-20T20:38:34.3961491Z [1m[92m  Downloaded[0m foldhash v0.2.0
Features	Run cargo hack check --each-feature --no-dev-deps	2026-02-20T20:38:34.3975220Z [1m[92m  Downloaded[0m fax v0.2.6
Features	Run cargo hack check --each-feature --no-dev-deps	2026-02-20T20:38:34.3992413Z [1m[92m  Downloaded[0m event-listener-strategy v0.5.4
Features	Run cargo hack check --each-feature --no-dev-deps	2026-02-20T20:38:34.4005351Z [1m[92m  Downloaded[0m alsa v0.9.1
Features	Run cargo hack check --each-feature --no-dev-deps	2026-02-20T20:38:34.4035796Z [1m[92m  Downloaded[0m aligned v0.4.3
Features	Run cargo hack check --each-feature --no-dev-deps	2026-02-20T20:38:34.4049517Z [1m[92m  Downloaded[0m aho-corasick v1.1.4
Features	Run cargo hack check --each-feature --no-dev-deps	2026-02-20T20:38:34.4108859Z [1m[92m  Downloaded[0m document-features v0.2.12
Features	Run cargo hack check --each-feature --no-dev-deps	2026-02-20T20:38:34.4122923Z [1m[92m  Downloaded[0m bytes v1.11.1
Features	Run cargo hack check --each-feature --no-dev-deps	2026-02-20T20:38:34.4171442Z [1m[92m  Downloaded[0m allocator-api2 v0.2.21
Features	Run cargo hack check --each-feature --no-dev-deps	2026-02-20T20:38:34.4200868Z [1m[92m  Downloaded[0m aligned-vec v0.6.4
Features	Run cargo hack check --each-feature --no-dev-deps	2026-02-20T20:38:34.4211635Z [1m[92m  Downloaded[0m base64 v0.22.1
Features	Run cargo hack check --each-feature --no-dev-deps	2026-02-20T20:38:34.5934203Z [1m[92m   Compiling[0m proc-macro2 v1.0.106
Features	Run cargo hack check --each-feature --no-dev-deps	2026-02-20T20:38:34.5934830Z [1m[92m   Compiling[0m quote v1.0.44
Features	Run cargo hack check --each-feature --no-dev-deps	2026-02-20T20:38:34.5935287Z [1m[92m   Compiling[0m unicode-ident v1.0.24
Features	Run cargo hack check --each-feature --no-dev-deps	2026-02-20T20:38:34.5935754Z [1m[92m   Compiling[0m libc v0.2.182
Features	Run cargo hack check --each-feature --no-dev-deps	2026-02-20T20:38:34.6767065Z [1m[92m    Checking[0m cfg-if v1.0.4
Features	Run cargo hack check --each-feature --no-dev-deps	2026-02-20T20:38:34.7118349Z [1m[92m   Compiling[0m bitflags v2.11.0
Features	Run cargo hack check --each-feature --no-dev-deps	2026-02-20T20:38:34.9109594Z [1m[92m   Compiling[0m autocfg v1.5.0
Features	Run cargo hack check --each-feature --no-dev-deps	2026-02-20T20:38:35.4535601Z [1m[92m   Compiling[0m syn v2.0.117
Features	Run cargo hack check --each-feature --no-dev-deps	2026-02-20T20:38:35.5877526Z [1m[92m   Compiling[0m getrandom v0.4.1
Features	Run cargo hack check --each-feature --no-dev-deps	2026-02-20T20:38:35.7509031Z [1m[92m   Compiling[0m syn v1.0.109
Features	Run cargo hack check --each-feature --no-dev-deps	2026-02-20T20:38:35.7828986Z [1m[92m   Compiling[0m rustix v1.1.3
Features	Run cargo hack check --each-feature --no-dev-deps	2026-02-20T20:38:35.9940082Z [1m[92m   Compiling[0m crossbeam-utils v0.8.21
Features	Run cargo hack check --each-feature --no-dev-deps	2026-02-20T20:38:36.1137514Z [1m[92m   Compiling[0m linux-raw-sys v0.11.0
Features	Run cargo hack check --each-feature --no-dev-deps	2026-02-20T20:38:36.4928772Z [1m[92m   Compiling[0m once_cell v1.21.3
Features	Run cargo hack check --each-feature --no-dev-deps	2026-02-20T20:38:36.6382388Z [1m[92m   Compiling[0m fastrand v2.3.0
Features	Run cargo hack check --each-feature --no-dev-deps	2026-02-20T20:38:36.8207044Z [1m[92m   Compiling[0m shlex v1.3.0
Features	Run cargo hack check --each-feature --no-dev-deps	2026-02-20T20:38:37.2871174Z [1m[92m    Checking[0m value-bag v1.12.0
Features	Run cargo hack check --each-feature --no-dev-deps	2026-02-20T20:38:37.4647186Z [1m[92m    Checking[0m log v0.4.29
Features	Run cargo hack check --each-feature --no-dev-deps	2026-02-20T20:38:37.6861060Z [1m[92m   Compiling[0m jobserver v0.1.34
Features	Run cargo hack check --each-feature --no-dev-deps	2026-02-20T20:38:37.9776883Z [1m[92m   Compiling[0m tempfile v3.25.0
Features	Run cargo hack check --each-feature --no-dev-deps	2026-02-20T20:38:38.2163155Z [1m[92m   Compiling[0m find-msvc-tools v0.1.9
Features	Run cargo hack check --each-feature --no-dev-deps	2026-02-20T20:38:38.3066551Z [1m[92m   Compiling[0m swift-bridge-ir v0.1.59
Features	Run cargo hack check --each-feature --no-dev-deps	2026-02-20T20:38:38.3964151Z [1m[92m   Compiling[0m cc v1.2.56
Features	Run cargo hack check --each-feature --no-dev-deps	2026-02-20T20:38:39.9147447Z [1m[92m   Compiling[0m synstructure v0.13.2
Features	Run cargo hack check --each-feature --no-dev-deps	2026-02-20T20:38:39.9346610Z [1m[92m   Compiling[0m pkg-config v0.3.32
Features	Run cargo hack check --each-feature --no-dev-deps	2026-02-20T20:38:40.3990192Z [1m[92m   Compiling[0m swift-bridge-build v0.1.59
Features	Run cargo hack check --each-feature --no-dev-deps	2026-02-20T20:38:40.4293613Z [1m[92m   Compiling[0m serde_core v1.0.228
Features	Run cargo hack check --each-feature --no-dev-deps	2026-02-20T20:38:40.6255954Z [1m[92m   Compiling[0m waterkit-build v0.1.0 (/__w/waterkit/waterkit/waterkit-build)
Features	Run cargo hack check --each-feature --no-dev-deps	2026-02-20T20:38:40.6805259Z [1m[92m    Checking[0m smallvec v1.15.1
Features	Run cargo hack check --each-feature --no-dev-deps	2026-02-20T20:38:40.7577230Z [1m[92m   Compiling[0m zerofrom-derive v0.1.6
Features	Run cargo hack check --each-feature --no-dev-deps	2026-02-20T20:38:40.8001897Z [1m[92m   Compiling[0m yoke-derive v0.8.1
Features	Run cargo hack check --each-feature --no-dev-deps	2026-02-20T20:38:40.8183175Z [1m[92m   Compiling[0m zerovec-derive v0.11.2
Features	Run cargo hack check --each-feature --no-dev-deps	2026-02-20T20:38:41.5921376Z [1m[92m   Compiling[0m displaydoc v0.2.5
Features	Run cargo hack check --each-feature --no-dev-deps	2026-02-20T20:38:41.8391936Z [1m[92m   Compiling[0m serde v1.0.228
Features	Run cargo hack check --each-feature --no-dev-deps	2026-02-20T20:38:41.8888668Z [1m[92m   Compiling[0m serde_derive v1.0.228
Features	Run cargo hack check --each-feature --no-dev-deps	2026-02-20T20:38:41.9876981Z [1m[92m    Checking[0m pin-project-lite v0.2.16
Features	Run cargo hack check --each-feature --no-dev-deps	2026-02-20T20:38:42.0432991Z [1m[92m    Checking[0m futures-core v0.3.32
Features	Run cargo hack check --each-feature --no-dev-deps	2026-02-20T20:38:42.3722674Z [1m[92m    Checking[0m stable_deref_trait v1.2.1
Features	Run cargo hack check --each-feature --no-dev-deps	2026-02-20T20:38:42.4112740Z [1m[92m   Compiling[0m thiserror v2.0.18
Features	Run cargo hack check --each-feature --no-dev-deps	2026-02-20T20:38:42.6252995Z [1m[92m   Compiling[0m icu_normalizer_data v2.1.1
Features	Run cargo hack check --each-feature --no-dev-deps	2026-02-20T20:38:42.7420369Z [1m[92m   Compiling[0m icu_properties_data v2.1.2
Features	Run cargo hack check --each-feature --no-dev-deps	2026-02-20T20:38:42.9522618Z [1m[92m   Compiling[0m thiserror-impl v2.0.18
Features	Run cargo hack check --each-feature --no-dev-deps	2026-02-20T20:38:44.1901352Z [1m[92m    Checking[0m memchr v2.8.0
Features	Run cargo hack check --each-feature --no-dev-deps	2026-02-20T20:38:44.1988807Z [1m[92m    Checking[0m futures-io v0.3.32
Features	Run cargo hack check --each-feature --no-dev-deps	2026-02-20T20:38:44.2654444Z [1m[92m   Compiling[0m libm v0.2.16
Features	Run cargo hack check --each-feature --no-dev-deps	2026-02-20T20:38:44.4679364Z [1m[92m   Compiling[0m num-traits v0.2.19
Features	Run cargo hack check --each-feature --no-dev-deps	2026-02-20T20:38:44.6572742Z [1m[92m    Checking[0m parking v2.2.1
Features	Run cargo hack check --each-feature --no-dev-deps	2026-02-20T20:38:44.7201875Z [1m[92m    Checking[0m concurrent-queue v2.5.0
Features	Run cargo hack check --each-feature --no-dev-deps	2026-02-20T20:38:44.8548387Z [1m[92m    Checking[0m slab v0.4.12
Features	Run cargo hack check --each-feature --no-dev-deps	2026-02-20T20:38:44.9675920Z [1m[92m   Compiling[0m zerocopy v0.8.39
Features	Run cargo hack check --each-feature --no-dev-deps	2026-02-20T20:38:45.2642075Z [1m[92m   Compiling[0m zerocopy-derive v0.8.39
Features	Run cargo hack check --each-feature --no-dev-deps	2026-02-20T20:38:45.3107965Z [1m[92m    Checking[0m errno v0.3.14
Features	Run cargo hack check --each-feature --no-dev-deps	2026-02-20T20:38:45.3830500Z [1m[92m   Compiling[0m winnow v0.7.14
Features	Run cargo hack check --each-feature --no-dev-deps	2026-02-20T20:38:46.0872861Z [1m[92m    Checking[0m signal-hook-registry v1.4.8
Features	Run cargo hack check --each-feature --no-dev-deps	2026-02-20T20:38:46.2088767Z [1m[92m    Checking[0m event-listener v5.4.1
Features	Run cargo hack check --each-feature --no-dev-deps	2026-02-20T20:38:46.6676556Z [1m[92m    Checking[0m event-listener-strategy v0.5.4
Features	Run cargo hack check --each-feature --no-dev-deps	2026-02-20T20:38:46.7483338Z [1m[92m    Checking[0m zerofrom v0.1.6
Features	Run cargo hack check --each-feature --no-dev-deps	2026-02-20T20:38:46.8236830Z [1m[92m   Compiling[0m toml_datetime v0.7.5+spec-1.1.0
Features	Run cargo hack check --each-feature --no-dev-deps	2026-02-20T20:38:47.0075871Z [1m[92m   Compiling[0m toml_parser v1.0.9+spec-1.1.0
Features	Run cargo hack check --each-feature --no-dev-deps	2026-02-20T20:38:47.0977906Z [1m[92m    Checking[0m yoke v0.8.1
Features	Run cargo hack check --each-feature --no-dev-deps	2026-02-20T20:38:47.1176849Z [1m[92m   Compiling[0m bytemuck_derive v1.10.2
Features	Run cargo hack check --each-feature --no-dev-deps	2026-02-20T20:38:47.2299960Z [1m[92m    Checking[0m futures-lite v2.6.1
Features	Run cargo hack check --each-feature --no-dev-deps	2026-02-20T20:38:47.6095307Z [1m[92m    Checking[0m libloading v0.8.9
Features	Run cargo hack check --each-feature --no-dev-deps	2026-02-20T20:38:47.7034728Z [1m[92m   Compiling[0m cfg_aliases v0.2.1
Features	Run cargo hack check --each-feature --no-dev-deps	2026-02-20T20:38:47.7472160Z [1m[92m    Checking[0m zerovec v0.11.5
Features	Run cargo hack check --each-feature --no-dev-deps	2026-02-20T20:38:47.8681402Z [1m[92m    Checking[0m async-channel v2.5.0
Features	Run cargo hack check --each-feature --no-dev-deps	2026-02-20T20:38:48.0030407Z [1m[92m    Checking[0m arrayvec v0.7.6
Features	Run cargo hack check --each-feature --no-dev-deps	2026-02-20T20:38:48.1542323Z [1m[92m    Checking[0m atomic-waker v1.1.2
Features	Run cargo hack check --each-feature --no-dev-deps	2026-02-20T20:38:48.2036462Z [1m[92m    Checking[0m async-task v4.7.1
Features	Run cargo hack check --each-feature --no-dev-deps	2026-02-20T20:38:48.2119338Z [1m[92m    Checking[0m bytemuck v1.25.0
Features	Run cargo hack check --each-feature --no-dev-deps	2026-02-20T20:38:48.2185360Z [1m[92m    Checking[0m tinystr v0.8.2
Features	Run cargo hack check --each-feature --no-dev-deps	2026-02-20T20:38:48.3453285Z [1m[92m   Compiling[0m async-io v2.6.0
Features	Run cargo hack check --each-feature --no-dev-deps	2026-02-20T20:38:48.3641649Z [1m[92m    Checking[0m writeable v0.6.2
Features	Run cargo hack check --each-feature --no-dev-deps	2026-02-20T20:38:48.3890306Z [1m[92m    Checking[0m litemap v0.8.1
Features	Run cargo hack check --each-feature --no-dev-deps	2026-02-20T20:38:48.4713640Z [1m[92m    Checking[0m potential_utf v0.1.4
Features	Run cargo hack check --each-feature --no-dev-deps	2026-02-20T20:38:48.5154473Z [1m[92m    Checking[0m piper v0.2.4
Features	Run cargo hack check --each-feature --no-dev-deps	2026-02-20T20:38:48.5270908Z [1m[92m    Checking[0m icu_locale_core v2.1.1
Features	Run cargo hack check --each-feature --no-dev-deps	2026-02-20T20:38:48.5363011Z [1m[92m    Checking[0m zerotrie v0.2.3
Features	Run cargo hack check --each-feature --no-dev-deps	2026-02-20T20:38:48.6014397Z [1m[92m    Checking[0m polling v3.11.0
Features	Run cargo hack check --each-feature --no-dev-deps	2026-02-20T20:38:48.9219382Z [1m[92m   Compiling[0m equivalent v1.0.2
Features	Run cargo hack check --each-feature --no-dev-deps	2026-02-20T20:38:48.9678240Z [1m[92m   Compiling[0m hashbrown v0.16.1
Features	Run cargo hack check --each-feature --no-dev-deps	2026-02-20T20:38:49.0733226Z [1m[92m    Checking[0m icu_provider v2.1.1
Features	Run cargo hack check --each-feature --no-dev-deps	2026-02-20T20:38:49.5338196Z [1m[92m   Compiling[0m indexmap v2.13.0
Features	Run cargo hack check --each-feature --no-dev-deps	2026-02-20T20:38:49.6930172Z [1m[92m    Checking[0m blocking v1.6.2
Features	Run cargo hack check --each-feature --no-dev-deps	2026-02-20T20:38:49.8227354Z [1m[92m    Checking[0m icu_collections v2.1.1
Features	Run cargo hack check --each-feature --no-dev-deps	2026-02-20T20:38:50.0916255Z [1m[92m    Checking[0m percent-encoding v2.3.2
Features	Run cargo hack check --each-feature --no-dev-deps	2026-02-20T20:38:50.1953111Z [1m[92m    Checking[0m futures-sink v0.3.32
Features	Run cargo hack check --each-feature --no-dev-deps	2026-02-20T20:38:50.2022127Z [1m[92m   Compiling[0m toml_edit v0.23.10+spec-1.0.0
Features	Run cargo hack check --each-feature --no-dev-deps	2026-02-20T20:38:50.2481524Z [1m[92m    Checking[0m async-lock v3.4.2
Features	Run cargo hack check --each-feature --no-dev-deps	2026-02-20T20:38:50.4574210Z [1m[92m   Compiling[0m enumflags2_derive v0.7.12
Features	Run cargo hack check --each-feature --no-dev-deps	2026-02-20T20:38:50.6324583Z [1m[92m    Checking[0m icu_properties v2.1.2
Features	Run cargo hack check --each-feature --no-dev-deps	2026-02-20T20:38:50.9037368Z [1m[92m   Compiling[0m proc-macro-crate v3.4.0
Features	Run cargo hack check --each-feature --no-dev-deps	2026-02-20T20:38:51.2451113Z [1m[92m    Checking[0m icu_normalizer v2.1.1
Features	Run cargo hack check --each-feature --no-dev-deps	2026-02-20T20:38:51.3379980Z [1m[92m    Checking[0m half v2.7.1
Features	Run cargo hack check --each-feature --no-dev-deps	2026-02-20T20:38:51.5093732Z [1m[92m    Checking[0m form_urlencoded v1.2.2
Features	Run cargo hack check --each-feature --no-dev-deps	2026-02-20T20:38:51.5816387Z [1m[92m    Checking[0m crossbeam-epoch v0.9.18
Features	Run cargo hack check --each-feature --no-dev-deps	2026-02-20T20:38:51.6301199Z [1m[92m   Compiling[0m zvariant_utils v3.3.0
Features	Run cargo hack check --each-feature --no-dev-deps	2026-02-20T20:38:51.8181545Z [1m[92m    Checking[0m crossbeam-deque v0.8.6
Features	Run cargo hack check --each-feature --no-dev-deps	2026-02-20T20:38:51.8889654Z [1m[92m    Checking[0m idna_adapter v1.2.1
Features	Run cargo hack check --each-feature --no-dev-deps	2026-02-20T20:38:51.9445302Z [1m[92m    Checking[0m futures-channel v0.3.32
Features	Run cargo hack check --each-feature --no-dev-deps	2026-02-20T20:38:51.9518492Z [1m[92m    Checking[0m async-executor v1.14.0
Features	Run cargo hack check --each-feature --no-dev-deps	2026-02-20T20:38:51.9887485Z [1m[92m   Compiling[0m zvariant_derive v5.9.2
Features	Run cargo hack check --each-feature --no-dev-deps	2026-02-20T20:38:52.0955612Z [1m[92m   Compiling[0m rayon-core v1.13.0
Features	Run cargo hack check --each-feature --no-dev-deps	2026-02-20T20:38:52.1041725Z [1m[92m    Checking[0m unicode-width v0.2.2
Features	Run cargo hack check --each-feature --no-dev-deps	2026-02-20T20:38:52.2024116Z [1m[92m    Checking[0m either v1.15.0
Features	Run cargo hack check --each-feature --no-dev-deps	2026-02-20T20:38:52.2752888Z [1m[92m    Checking[0m utf8_iter v1.0.4
Features	Run cargo hack check --each-feature --no-dev-deps	2026-02-20T20:38:52.3541166Z [1m[92m    Checking[0m idna v1.1.0
Features	Run cargo hack check --each-feature --no-dev-deps	2026-02-20T20:38:52.3686963Z [1m[92m    Checking[0m futures-task v0.3.32
Features	Run cargo hack check --each-feature --no-dev-deps	2026-02-20T20:38:52.5513956Z [1m[92m    Checking[0m url v2.5.8
Features	Run cargo hack check --each-feature --no-dev-deps	2026-02-20T20:38:52.7850721Z [1m[92m   Compiling[0m enumflags2 v0.7.12
Features	Run cargo hack check --each-feature --no-dev-deps	2026-02-20T20:38:52.9120356Z [1m[92m   Compiling[0m futures-macro v0.3.32
Features	Run cargo hack check --each-feature --no-dev-deps	2026-02-20T20:38:52.9770258Z [1m[92m    Checking[0m simd-adler32 v0.3.8
Features	Run cargo hack check --each-feature --no-dev-deps	2026-02-20T20:38:53.2140880Z [1m[92m    Checking[0m bytes v1.11.1
Features	Run cargo hack check --each-feature --no-dev-deps	2026-02-20T20:38:53.5689241Z [1m[92m   Compiling[0m endi v1.1.1
Features	Run cargo hack check --each-feature --no-dev-deps	2026-02-20T20:38:53.6604465Z [1m[92m    Checking[0m futures-util v0.3.32
Features	Run cargo hack check --each-feature --no-dev-deps	2026-02-20T20:38:53.6758760Z [1m[92m   Compiling[0m zvariant v5.9.2
Features	Run cargo hack check --each-feature --no-dev-deps	2026-02-20T20:38:55.2323448Z [1m[92m    Checking[0m async-signal v0.2.13
Features	Run cargo hack check --each-feature --no-dev-deps	2026-02-20T20:38:55.5982997Z [1m[92m   Compiling[0m profiling-procmacros v1.0.17
Features	Run cargo hack check --each-feature --no-dev-deps	2026-02-20T20:38:55.8260810Z [1m[92m    Checking[0m profiling v1.0.17
Features	Run cargo hack check --each-feature --no-dev-deps	2026-02-20T20:38:55.9635140Z [1m[92m    Checking[0m async-process v2.5.0
Features	Run cargo hack check --each-feature --no-dev-deps	2026-02-20T20:38:56.0856725Z [1m[92m   Compiling[0m zbus_names v4.3.1
Features	Run cargo hack check --each-feature --no-dev-deps	2026-02-20T20:38:56.3993765Z [1m[92m    Checking[0m rayon v1.11.0
Features	Run cargo hack check --each-feature --no-dev-deps	2026-02-20T20:38:56.5775129Z [1m[92m    Checking[0m tracing-core v0.1.36
Features	Run cargo hack check --each-feature --no-dev-deps	2026-02-20T20:38:56.6692938Z [1m[92m   Compiling[0m tracing-attributes v0.1.31
Features	Run cargo hack check --each-feature --no-dev-deps	2026-02-20T20:38:56.9437141Z [1m[92m    Checking[0m adler2 v2.0.1
Features	Run cargo hack check --each-feature --no-dev-deps	2026-02-20T20:38:57.0024682Z [1m[92m    Checking[0m bitflags v1.3.2
Features	Run cargo hack check --each-feature --no-dev-deps	2026-02-20T20:38:57.0437595Z [1m[92m   Compiling[0m thiserror v1.0.69
Features	Run cargo hack check --each-feature --no-dev-deps	2026-02-20T20:38:57.2382982Z [1m[92m   Compiling[0m crc32fast v1.5.0
Features	Run cargo hack check --each-feature --no-dev-deps	2026-02-20T20:38:57.4068993Z [1m[92m    Checking[0m foldhash v0.2.0
Features	Run cargo hack check --each-feature --no-dev-deps	2026-02-20T20:38:57.4970881Z [1m[92m   Compiling[0m anyhow v1.0.102
Features	Run cargo hack check --each-feature --no-dev-deps	2026-02-20T20:38:57.6329230Z [1m[92m    Checking[0m allocator-api2 v0.2.21
Features	Run cargo hack check --each-feature --no-dev-deps	2026-02-20T20:38:57.7098405Z [1m[92m   Compiling[0m vcpkg v0.2.15
Features	Run cargo hack check --each-feature --no-dev-deps	2026-02-20T20:38:57.8233099Z [1m[92m    Checking[0m tracing v0.1.44
Features	Run cargo hack check --each-feature --no-dev-deps	2026-02-20T20:38:58.2472297Z [1m[92m    Checking[0m miniz_oxide v0.8.9
Features	Run cargo hack check --each-feature --no-dev-deps	2026-02-20T20:38:58.3115411Z [1m[92m   Compiling[0m libz-sys v1.1.23
Features	Run cargo hack check --each-feature --no-dev-deps	2026-02-20T20:38:58.3741133Z [1m[92m    Checking[0m uuid v1.21.0
Features	Run cargo hack check --each-feature --no-dev-deps	2026-02-20T20:38:58.4226087Z [1m[92m   Compiling[0m zbus_macros v5.13.2
Features	Run cargo hack check --each-feature --no-dev-deps	2026-02-20T20:38:58.5234793Z [1m[92m    Checking[0m async-broadcast v0.7.2
Features	Run cargo hack check --each-feature --no-dev-deps	2026-02-20T20:38:58.6387250Z [1m[92m    Checking[0m ordered-stream v0.2.0
Features	Run cargo hack check --each-feature --no-dev-deps	2026-02-20T20:38:58.6635254Z [1m[92m   Compiling[0m serde_repr v0.1.20
Features	Run cargo hack check --each-feature --no-dev-deps	2026-02-20T20:38:58.7252314Z [1m[92m   Compiling[0m async-trait v0.1.89
Features	Run cargo hack check --each-feature --no-dev-deps	2026-02-20T20:38:58.8726155Z [1m[92m   Compiling[0m thiserror-impl v1.0.69
Features	Run cargo hack check --each-feature --no-dev-deps	2026-02-20T20:38:58.9951376Z [1m[92m   Compiling[0m heck v0.5.0
Features	Run cargo hack check --each-feature --no-dev-deps	2026-02-20T20:38:59.1640571Z [1m[92m    Checking[0m scopeguard v1.2.0
Features	Run cargo hack check --each-feature --no-dev-deps	2026-02-20T20:38:59.2151950Z [1m[92m   Compiling[0m glob v0.3.3
Features	Run cargo hack check --each-feature --no-dev-deps	2026-02-20T20:38:59.5180453Z [1m[92m   Compiling[0m dunce v1.0.5
Features	Run cargo hack check --each-feature --no-dev-deps	2026-02-20T20:38:59.5261201Z [1m[92m   Compiling[0m paste v1.0.15
Features	Run cargo hack check --each-feature --no-dev-deps	2026-02-20T20:38:59.5712957Z [1m[92m    Checking[0m hex v0.4.3
Features	Run cargo hack check --each-feature --no-dev-deps	2026-02-20T20:38:59.7191814Z [1m[92m   Compiling[0m clang-sys v1.8.1
Features	Run cargo hack check --each-feature --no-dev-deps	2026-02-20T20:38:59.7610427Z [1m[92m    Checking[0m lock_api v0.4.14
Features	Run cargo hack check --each-feature --no-dev-deps	2026-02-20T20:39:00.4075938Z [1m[92m    Checking[0m num-integer v0.1.46
Features	Run cargo hack check --each-feature --no-dev-deps	2026-02-20T20:39:00.4184834Z [1m[92m    Checking[0m bit-vec v0.8.0
Features	Run cargo hack check --each-feature --no-dev-deps	2026-02-20T20:39:00.5585913Z [1m[92m    Checking[0m raw-window-handle v0.6.2
Features	Run cargo hack check --each-feature --no-dev-deps	2026-02-20T20:39:00.6045663Z [1m[92m   Compiling[0m parking_lot_core v0.9.12
Features	Run cargo hack check --each-feature --no-dev-deps	2026-02-20T20:39:00.7076276Z [1m[92m   Compiling[0m ash v0.38.0+1.3.281
Features	Run cargo hack check --each-feature --no-dev-deps	2026-02-20T20:39:00.7657713Z [1m[92m    Checking[0m num-bigint v0.4.6
Features	Run cargo hack check --each-feature --no-dev-deps	2026-02-20T20:39:00.8282399Z [1m[92m    Checking[0m bit-set v0.8.0
Features	Run cargo hack check --each-feature --no-dev-deps	2026-02-20T20:39:00.9796687Z [1m[92m    Checking[0m zbus v5.13.2
Features	Run cargo hack check --each-feature --no-dev-deps	2026-02-20T20:39:00.9875980Z [1m[92m    Checking[0m flate2 v1.1.9
Features	Run cargo hack check --each-feature --no-dev-deps	2026-02-20T20:39:01.5257498Z [1m[92m    Checking[0m futures-executor v0.3.32
Features	Run cargo hack check --each-feature --no-dev-deps	2026-02-20T20:39:01.6216749Z [1m[92m    Checking[0m codespan-reporting v0.12.0
Features	Run cargo hack check --each-feature --no-dev-deps	2026-02-20T20:39:01.7067895Z [1m[92m   Compiling[0m nasm-rs v0.3.2
Features	Run cargo hack check --each-feature --no-dev-deps	2026-02-20T20:39:01.7915969Z [1m[92m   Compiling[0m equator-macro v0.4.2
Features	Run cargo hack check --each-feature --no-dev-deps	2026-02-20T20:39:01.8349619Z [1m[92m   Compiling[0m libgit2-sys v0.18.3+1.9.2
Features	Run cargo hack check --each-feature --no-dev-deps	2026-02-20T20:39:02.0504741Z [1m[92m    Checking[0m spirv v0.3.0+sdk-1.3.268.0
Features	Run cargo hack check --each-feature --no-dev-deps	2026-02-20T20:39:02.0906486Z [1m[92m    Checking[0m foldhash v0.1.5
Features	Run cargo hack check --each-feature --no-dev-deps	2026-02-20T20:39:02.1736758Z [1m[92m   Compiling[0m khronos-egl v6.0.0
Features	Run cargo hack check --each-feature --no-dev-deps	2026-02-20T20:39:02.2765548Z [1m[92m    Checking[0m rustc-hash v1.1.0
Features	Run cargo hack check --each-feature --no-dev-deps	2026-02-20T20:39:02.3269061Z [1m[92m    Checking[0m hexf-parse v0.2.1
Features	Run cargo hack check --each-feature --no-dev-deps	2026-02-20T20:39:02.5792464Z [1m[92m    Checking[0m equator v0.4.2
Features	Run cargo hack check --each-feature --no-dev-deps	2026-02-20T20:39:02.7512550Z [1m[92m    Checking[0m hashbrown v0.15.5
Features	Run cargo hack check --each-feature --no-dev-deps	2026-02-20T20:39:03.1176062Z [1m[92m    Checking[0m num-rational v0.4.2
Features	Run cargo hack check --each-feature --no-dev-deps	2026-02-20T20:39:03.1335600Z [1m[92m    Checking[0m futures v0.3.32
Features	Run cargo hack check --each-feature --no-dev-deps	2026-02-20T20:39:03.5795480Z [1m[92m    Checking[0m gpu-descriptor-types v0.2.0
Features	Run cargo hack check --each-feature --no-dev-deps	2026-02-20T20:39:03.6871243Z [1m[92m   Compiling[0m minimal-lexical v0.2.1
Features	Run cargo hack check --each-feature --no-dev-deps	2026-02-20T20:39:04.0528937Z [1m[92m    Checking[0m utf8parse v0.2.2
Features	Run cargo hack check --each-feature --no-dev-deps	2026-02-20T20:39:04.1079048Z [1m[92m   Compiling[0m regex-syntax v0.8.9
Features	Run cargo hack check --each-feature --no-dev-deps	2026-02-20T20:39:04.8958023Z [1m[92m    Checking[0m anstyle-parse v0.2.7
Features	Run cargo hack check --each-feature --no-dev-deps	2026-02-20T20:39:04.9966620Z [1m[92m   Compiling[0m nom v7.1.3
Features	Run cargo hack check --each-feature --no-dev-deps	2026-02-20T20:39:06.4199366Z [1m[92m   Compiling[0m regex-automata v0.4.14
Features	Run cargo hack check --each-feature --no-dev-deps	2026-02-20T20:39:06.4830231Z [1m[92m    Checking[0m gpu-descriptor v0.3.2
Features	Run cargo hack check --each-feature --no-dev-deps	2026-02-20T20:39:06.5757496Z [1m[92m    Checking[0m parking_lot v0.12.5
Features	Run cargo hack check --each-feature --no-dev-deps	2026-02-20T20:39:07.5030956Z [1m[92m    Checking[0m aligned-vec v0.6.4
Features	Run cargo hack check --each-feature --no-dev-deps	2026-02-20T20:39:07.6340620Z [1m[92m    Checking[0m ordered-float v5.1.0
Features	Run cargo hack check --each-feature --no-dev-deps	2026-02-20T20:39:07.9782619Z [1m[92m    Checking[0m is_terminal_polyfill v1.70.2
Features	Run cargo hack check --each-feature --no-dev-deps	2026-02-20T20:39:08.0246991Z [1m[92m    Checking[0m renderdoc-sys v1.1.0
Features	Run cargo hack check --each-feature --no-dev-deps	2026-02-20T20:39:08.0830577Z [1m[92m    Checking[0m colorchoice v1.0.4
Features	Run cargo hack check --each-feature --no-dev-deps	2026-02-20T20:39:08.1336902Z [1m[92m    Checking[0m glow v0.16.0
Features	Run cargo hack check --each-feature --no-dev-deps	2026-02-20T20:39:08.3695232Z [1m[92m    Checking[0m weezl v0.1.12
Features	Run cargo hack check --each-feature --no-dev-deps	2026-02-20T20:39:08.5680918Z [1m[92m    Checking[0m itoa v1.0.17
Features	Run cargo hack check --each-feature --no-dev-deps	2026-02-20T20:39:08.6674542Z [1m[92m    Checking[0m anstyle-query v1.1.5
Features	Run cargo hack check --each-feature --no-dev-deps	2026-02-20T20:39:08.7164510Z [1m[92m    Checking[0m anstyle v1.0.13
Features	Run cargo hack check --each-feature --no-dev-deps	2026-02-20T20:39:08.8573397Z [1m[92m    Checking[0m anstream v0.6.21
Features	Run cargo hack check --each-feature --no-dev-deps	2026-02-20T20:39:09.0255545Z [1m[92m   Compiling[0m regex v1.12.3
Features	Run cargo hack check --each-feature --no-dev-deps	2026-02-20T20:39:09.3111981Z [1m[92m    Checking[0m v_frame v0.3.9
Features	Run cargo hack check --each-feature --no-dev-deps	2026-02-20T20:39:09.4302477Z [1m[92m   Compiling[0m cexpr v0.6.0
Features	Run cargo hack check --each-feature --no-dev-deps	2026-02-20T20:39:09.9939753Z [1m[92m    Checking[0m terminal_size v0.4.3
Features	Run cargo hack check --each-feature --no-dev-deps	2026-02-20T20:39:10.0610583Z [1m[92m    Checking[0m clap_lex v1.0.0
Features	Run cargo hack check --each-feature --no-dev-deps	2026-02-20T20:39:10.2125327Z [1m[92m    Checking[0m clap_builder v4.5.60
Features	Run cargo hack check --each-feature --no-dev-deps	2026-02-20T20:39:11.4405048Z [1m[92m   Compiling[0m clap_derive v4.5.55
Features	Run cargo hack check --each-feature --no-dev-deps	2026-02-20T20:39:12.4636576Z [1m[92m    Checking[0m fdeflate v0.3.7
Features	Run cargo hack check --each-feature --no-dev-deps	2026-02-20T20:39:12.6571606Z [1m[92m    Checking[0m itertools v0.14.0
Features	Run cargo hack check --each-feature --no-dev-deps	2026-02-20T20:39:13.0041621Z [1m[92m    Checking[0m dlib v0.5.2
Features	Run cargo hack check --each-feature --no-dev-deps	2026-02-20T20:39:13.0146142Z [1m[92m    Checking[0m core2 v0.4.0
Features	Run cargo hack check --each-feature --no-dev-deps	2026-02-20T20:39:13.0516107Z [1m[92m    Checking[0m as-slice v0.2.1
Features	Run cargo hack check --each-feature --no-dev-deps	2026-02-20T20:39:13.0590429Z [1m[92m   Compiling[0m num-derive v0.4.2
Features	Run cargo hack check --each-feature --no-dev-deps	2026-02-20T20:39:13.0965921Z [1m[92m    Checking[0m crossbeam-queue v0.3.12
Features	Run cargo hack check --each-feature --no-dev-deps	2026-02-20T20:39:13.1664983Z [1m[92m    Checking[0m crossbeam-channel v0.5.15
Features	Run cargo hack check --each-feature --no-dev-deps	2026-02-20T20:39:13.3928495Z [1m[92m   Compiling[0m version_check v0.9.5
Features	Run cargo hack check --each-feature --no-dev-deps	2026-02-20T20:39:13.6005030Z [1m[92m    Checking[0m color_quant v1.1.0
Features	Run cargo hack check --each-feature --no-dev-deps	2026-02-20T20:39:13.6813572Z [1m[92m   Compiling[0m av-scenechange v0.14.1
Features	Run cargo hack check --each-feature --no-dev-deps	2026-02-20T20:39:13.7005080Z [1m[92m   Compiling[0m signal-hook v0.3.18
Features	Run cargo hack check --each-feature --no-dev-deps	2026-02-20T20:39:13.7936169Z [1m[92m    Checking[0m crossbeam v0.8.4
Features	Run cargo hack check --each-feature --no-dev-deps	2026-02-20T20:39:13.8149955Z [1m[92m    Checking[0m aligned v0.4.3
Features	Run cargo hack check --each-feature --no-dev-deps	2026-02-20T20:39:13.8197260Z [1m[92m    Checking[0m bitstream-io v4.9.0
Features	Run cargo hack check --each-feature --no-dev-deps	2026-02-20T20:39:13.8277746Z [1m[92m    Checking[0m clap v4.5.60
Features	Run cargo hack check --each-feature --no-dev-deps	2026-02-20T20:39:13.8606897Z [1m[92m    Checking[0m zune-inflate v0.2.54
Features	Run cargo hack check --each-feature --no-dev-deps	2026-02-20T20:39:13.8735426Z [1m[92m    Checking[0m itertools v0.10.5
Features	Run cargo hack check --each-feature --no-dev-deps	2026-02-20T20:39:13.9988188Z [1m[92m    Checking[0m nom v8.0.0
Features	Run cargo hack check --each-feature --no-dev-deps	2026-02-20T20:39:14.2967403Z [1m[92m   Compiling[0m arg_enum_proc_macro v0.3.4
Features	Run cargo hack check --each-feature --no-dev-deps	2026-02-20T20:39:14.6658861Z [1m[92m    Checking[0m lab v0.11.0
Features	Run cargo hack check --each-feature --no-dev-deps	2026-02-20T20:39:14.7193469Z [1m[92m    Checking[0m bit_field v0.10.3
Features	Run cargo hack check --each-feature --no-dev-deps	2026-02-20T20:39:14.7398063Z [1m[92m    Checking[0m lebe v0.5.3
Features	Run cargo hack check --each-feature --no-dev-deps	2026-02-20T20:39:14.8142253Z [1m[92m    Checking[0m y4m v0.8.0
Features	Run cargo hack check --each-feature --no-dev-deps	2026-02-20T20:39:14.8612000Z [1m[92m   Compiling[0m pastey v0.1.1
Features	Run cargo hack check --each-feature --no-dev-deps	2026-02-20T20:39:14.9084686Z [1m[92m   Compiling[0m litrs v1.0.0
Features	Run cargo hack check --each-feature --no-dev-deps	2026-02-20T20:39:15.2877043Z [1m[92m   Compiling[0m document-features v0.2.12
Features	Run cargo hack check --each-feature --no-dev-deps	2026-02-20T20:39:15.5839042Z [1m[92m    Checking[0m exr v1.74.0
Features	Run cargo hack check --each-feature --no-dev-deps	2026-02-20T20:39:15.6860408Z [1m[92m    Checking[0m av-metrics v0.9.1
Features	Run cargo hack check --each-feature --no-dev-deps	2026-02-20T20:39:15.9329295Z [1m[92m    Checking[0m ivf v0.1.4
Features	Run cargo hack check --each-feature --no-dev-deps	2026-02-20T20:39:16.0005962Z [1m[92m    Checking[0m clap_complete v4.5.66
Features	Run cargo hack check --each-feature --no-dev-deps	2026-02-20T20:39:16.3339246Z [1m[92m    Checking[0m av1-grain v0.2.5
Features	Run cargo hack check --each-feature --no-dev-deps	2026-02-20T20:39:16.3538706Z [1m[92m    Checking[0m maybe-rayon v0.1.1
Features	Run cargo hack check --each-feature --no-dev-deps	2026-02-20T20:39:16.3927986Z [1m[92m    Checking[0m console v0.15.11
Features	Run cargo hack check --each-feature --no-dev-deps	2026-02-20T20:39:16.6213956Z [1m[92m    Checking[0m qoi v0.4.1
Features	Run cargo hack check --each-feature --no-dev-deps	2026-02-20T20:39:16.7002714Z [1m[92m    Checking[0m fern v0.7.1
Features	Run cargo hack check --each-feature --no-dev-deps	2026-02-20T20:39:16.7257735Z [1m[92m   Compiling[0m simd_helpers v0.1.0
Features	Run cargo hack check --each-feature --no-dev-deps	2026-02-20T20:39:16.8527377Z [1m[92m    Checking[0m scan_fmt v0.2.6
Features	Run cargo hack check --each-feature --no-dev-deps	2026-02-20T20:39:16.8982407Z [1m[92m    Checking[0m downcast-rs v1.2.1
Features	Run cargo hack check --each-feature --no-dev-deps	2026-02-20T20:39:16.9226551Z [1m[92m    Checking[0m new_debug_unreachable v1.0.6
Features	Run cargo hack check --each-feature --no-dev-deps	2026-02-20T20:39:16.9464727Z [1m[92m   Compiling[0m noop_proc_macro v0.3.0
Features	Run cargo hack check --each-feature --no-dev-deps	2026-02-20T20:39:16.9591851Z [1m[92m    Checking[0m scoped-tls v1.0.1
Features	Run cargo hack check --each-feature --no-dev-deps	2026-02-20T20:39:16.9993718Z [1m[92m    Checking[0m pin-utils v0.1.0
Features	Run cargo hack check --each-feature --no-dev-deps	2026-02-20T20:39:17.0366204Z [1m[92m   Compiling[0m naga v27.0.3
Features	Run cargo hack check --each-feature --no-dev-deps	2026-02-20T20:39:17.0726614Z [1m[92m    Checking[0m static_assertions v1.1.0
Features	Run cargo hack check --each-feature --no-dev-deps	2026-02-20T20:39:17.1120313Z [1m[92m    Checking[0m byteorder v1.5.0
Features	Run cargo hack check --each-feature --no-dev-deps	2026-02-20T20:39:17.2293767Z [1m[92m    Checking[0m quick-error v2.0.1
Features	Run cargo hack check --each-feature --no-dev-deps	2026-02-20T20:39:17.2746423Z [1m[92m   Compiling[0m getrandom v0.3.4
Features	Run cargo hack check --each-feature --no-dev-deps	2026-02-20T20:39:17.2967225Z [1m[92m    Checking[0m rgb v0.8.52
Features	Run cargo hack check --each-feature --no-dev-deps	2026-02-20T20:39:17.4777052Z [1m[92m   Compiling[0m wgpu-hal v27.0.4
Features	Run cargo hack check --each-feature --no-dev-deps	2026-02-20T20:39:17.5278233Z [1m[92m   Compiling[0m fax_derive v0.2.0
Features	Run cargo hack check --each-feature --no-dev-deps	2026-02-20T20:39:17.5467323Z [1m[92m   Compiling[0m cmake v0.1.57
Features	Run cargo hack check --each-feature --no-dev-deps	2026-02-20T20:39:17.6631326Z [1m[92m    Checking[0m gpu-alloc-types v0.3.0
Features	Run cargo hack check --each-feature --no-dev-deps	2026-02-20T20:39:17.7818150Z [1m[92m   Compiling[0m prettyplease v0.2.37
Features	Run cargo hack check --each-feature --no-dev-deps	2026-02-20T20:39:17.8525713Z [1m[92m   Compiling[0m typenum v1.19.0
Features	Run cargo hack check --each-feature --no-dev-deps	2026-02-20T20:39:17.9080892Z [1m[92m   Compiling[0m fs_extra v1.3.0
Features	Run cargo hack check --each-feature --no-dev-deps	2026-02-20T20:39:17.9175144Z [1m[92m    Checking[0m imgref v1.12.0
Features	Run cargo hack check --each-feature --no-dev-deps	2026-02-20T20:39:18.0436803Z [1m[92m   Compiling[0m rustix v0.38.44
Features	Run cargo hack check --each-feature --no-dev-deps	2026-02-20T20:39:18.0752045Z [1m[92m    Checking[0m zune-core v0.4.12
Features	Run cargo hack check --each-feature --no-dev-deps	2026-02-20T20:39:18.1228102Z [1m[92m   Compiling[0m aws-lc-sys v0.37.1
Features	Run cargo hack check --each-feature --no-dev-deps	2026-02-20T20:39:18.1947734Z [1m[92m    Checking[0m zune-jpeg v0.4.21
Features	Run cargo hack check --each-feature --no-dev-deps	2026-02-20T20:39:18.2916903Z [1m[92m    Checking[0m loop9 v0.1.5
Features	Run cargo hack check --each-feature --no-dev-deps	2026-02-20T20:39:18.3566450Z [1m[92m    Checking[0m fax v0.2.6
Features	Run cargo hack check --each-feature --no-dev-deps	2026-02-20T20:39:18.5526740Z [1m[92m    Checking[0m gpu-alloc v0.6.0
Features	Run cargo hack check --each-feature --no-dev-deps	2026-02-20T20:39:18.7689494Z [1m[92m   Compiling[0m generic-array v0.14.7
Features	Run cargo hack check --each-feature --no-dev-deps	2026-02-20T20:39:18.7896837Z [1m[92m    Checking[0m wgpu-types v27.0.1
Features	Run cargo hack check --each-feature --no-dev-deps	2026-02-20T20:39:18.8713585Z [1m[92m    Checking[0m avif-serialize v0.8.8
Features	Run cargo hack check --each-feature --no-dev-deps	2026-02-20T20:39:19.0613727Z [1m[92m   Compiling[0m naga v28.0.0
Features	Run cargo hack check --each-feature --no-dev-deps	2026-02-20T20:39:19.2486810Z [1m[92m    Checking[0m pxfm v0.1.27
Features	Run cargo hack check --each-feature --no-dev-deps	2026-02-20T20:39:19.8951192Z [1m[92m   Compiling[0m memoffset v0.7.1
Features	Run cargo hack check --each-feature --no-dev-deps	2026-02-20T20:39:19.9704466Z [1m[92m   Compiling[0m wasm-bindgen-shared v0.2.109
Features	Run cargo hack check --each-feature --no-dev-deps	2026-02-20T20:39:20.1273062Z [1m[92m    Checking[0m zune-core v0.5.1
Features	Run cargo hack check --each-feature --no-dev-deps	2026-02-20T20:39:20.2875983Z [1m[92m   Compiling[0m linux-raw-sys v0.4.15
Features	Run cargo hack check --each-feature --no-dev-deps	2026-02-20T20:39:20.5872445Z [1m[92m   Compiling[0m target-lexicon v0.13.3
Features	Run cargo hack check --each-feature --no-dev-deps	2026-02-20T20:39:20.9497156Z [1m[92m   Compiling[0m zmij v1.0.21
Features	Run cargo hack check --each-feature --no-dev-deps	2026-02-20T20:39:21.1057513Z [1m[92m    Checking[0m byteorder-lite v0.1.0
Features	Run cargo hack check --each-feature --no-dev-deps	2026-02-20T20:39:21.1510867Z [1m[92m    Checking[0m moxcms v0.7.11
Features	Run cargo hack check --each-feature --no-dev-deps	2026-02-20T20:39:21.3046592Z [1m[92m    Checking[0m image-webp v0.2.4
Features	Run cargo hack check --each-feature --no-dev-deps	2026-02-20T20:39:23.9380411Z [1m[92m    Checking[0m zune-jpeg v0.5.12
Features	Run cargo hack check --each-feature --no-dev-deps	2026-02-20T20:39:24.3966145Z [1m[92m    Checking[0m rand_core v0.9.5
Features	Run cargo hack check --each-feature --no-dev-deps	2026-02-20T20:39:24.5080768Z [1m[92m    Checking[0m tiff v0.10.3
Features	Run cargo hack check --each-feature --no-dev-deps	2026-02-20T20:39:25.4318254Z [1m[92m    Checking[0m gif v0.14.1
Features	Run cargo hack check --each-feature --no-dev-deps	2026-02-20T20:39:25.6076148Z [1m[92m    Checking[0m png v0.18.1
Features	Run cargo hack check --each-feature --no-dev-deps	2026-02-20T20:39:25.9740911Z [1m[92m   Compiling[0m mozjpeg-sys v2.2.3
Features	Run cargo hack check --each-feature --no-dev-deps	2026-02-20T20:39:26.0772211Z [1m[92m    Checking[0m ppv-lite86 v0.2.21
Features	Run cargo hack check --each-feature --no-dev-deps	2026-02-20T20:39:26.1395181Z [1m[92m   Compiling[0m wgpu-core v27.0.3
Features	Run cargo hack check --each-feature --no-dev-deps	2026-02-20T20:39:26.3079206Z [1m[92m   Compiling[0m wgpu-hal v28.0.0
Features	Run cargo hack check --each-feature --no-dev-deps	2026-02-20T20:39:26.3611150Z [1m[92m   Compiling[0m wayland-sys v0.30.1
Features	Run cargo hack check --each-feature --no-dev-deps	2026-02-20T20:39:26.4539435Z [1m[92m   Compiling[0m home v0.5.12
Features	Run cargo hack check --each-feature --no-dev-deps	2026-02-20T20:39:26.5129603Z [1m[92m    Checking[0m presser v0.3.1
Features	Run cargo hack check --each-feature --no-dev-deps	2026-02-20T20:39:26.5185790Z [1m[92m   Compiling[0m bindgen v0.65.1
Features	Run cargo hack check --each-feature --no-dev-deps	2026-02-20T20:39:26.5641631Z [1m[92m   Compiling[0m bindgen v0.70.1
Features	Run cargo hack check --each-feature --no-dev-deps	2026-02-20T20:39:26.6460785Z [1m[92m   Compiling[0m serde_json v1.0.149
Features	Run cargo hack check --each-feature --no-dev-deps	2026-02-20T20:39:26.7167443Z [1m[92m    Checking[0m zeroize v1.8.2
Features	Run cargo hack check --each-feature --no-dev-deps	2026-02-20T20:39:26.7670868Z [1m[92m   Compiling[0m io-lifetimes v1.0.11
Features	Run cargo hack check --each-feature --no-dev-deps	2026-02-20T20:39:26.8440881Z [1m[92m    Checking[0m gpu-allocator v0.28.0
Features	Run cargo hack check --each-feature --no-dev-deps	2026-02-20T20:39:26.9805706Z [1m[92m   Compiling[0m which v4.4.2
Features	Run cargo hack check --each-feature --no-dev-deps	2026-02-20T20:39:27.0070575Z [1m[92m    Checking[0m rand_chacha v0.9.0
Features	Run cargo hack check --each-feature --no-dev-deps	2026-02-20T20:39:27.1165034Z [1m[92m    Checking[0m wgpu-core-deps-windows-linux-android v27.0.0
Features	Run cargo hack check --each-feature --no-dev-deps	2026-02-20T20:39:33.0903319Z [1m[92m    Checking[0m http v1.4.0
Features	Run cargo hack check --each-feature --no-dev-deps	2026-02-20T20:39:33.5559019Z [1m[92m   Compiling[0m itertools v0.13.0
Features	Run cargo hack check --each-feature --no-dev-deps	2026-02-20T20:39:33.9583161Z [1m[92m    Checking[0m wgpu-types v28.0.0
Features	Run cargo hack check --each-feature --no-dev-deps	2026-02-20T20:39:34.3376263Z [1m[92m   Compiling[0m wgpu v27.0.1
Features	Run cargo hack check --each-feature --no-dev-deps	2026-02-20T20:39:34.6903073Z [1m[92m   Compiling[0m wayland-sys v0.31.8
Features	Run cargo hack check --each-feature --no-dev-deps	2026-02-20T20:39:34.8115177Z [1m[92m   Compiling[0m wayland-backend v0.1.2
Features	Run cargo hack check --each-feature --no-dev-deps	2026-02-20T20:39:34.9277238Z [1m[92m   Compiling[0m aws-lc-rs v1.16.0
Features	Run cargo hack check --each-feature --no-dev-deps	2026-02-20T20:39:35.0853092Z [1m[92m   Compiling[0m peeking_take_while v0.1.2
Features	Run cargo hack check --each-feature --no-dev-deps	2026-02-20T20:39:35.1478601Z [1m[92m   Compiling[0m lazy_static v1.5.0
Features	Run cargo hack check --each-feature --no-dev-deps	2026-02-20T20:39:35.1819619Z [1m[92m   Compiling[0m lazycell v1.3.0
Features	Run cargo hack check --each-feature --no-dev-deps	2026-02-20T20:39:35.1911834Z [1m[92m   Compiling[0m rustversion v1.0.22
Features	Run cargo hack check --each-feature --no-dev-deps	2026-02-20T20:39:35.2430503Z [1m[92m   Compiling[0m serde_spanned v1.0.4
Features	Run cargo hack check --each-feature --no-dev-deps	2026-02-20T20:39:35.3030160Z [1m[92m   Compiling[0m toml v0.9.12+spec-1.1.0
Features	Run cargo hack check --each-feature --no-dev-deps	2026-02-20T20:39:37.5111330Z [1m[91merror[0m: failed to run custom build command for `wayland-sys v0.31.8`
Features	Run cargo hack check --each-feature --no-dev-deps	2026-02-20T20:39:37.5111952Z 
Features	Run cargo hack check --each-feature --no-dev-deps	2026-02-20T20:39:37.5112088Z Caused by:
Features	Run cargo hack check --each-feature --no-dev-deps	2026-02-20T20:39:37.5118396Z   process didn't exit successfully: `/__w/waterkit/waterkit/target/debug/build/wayland-sys-310b58beb81a63bd/build-script-build` (exit status: 101)
Features	Run cargo hack check --each-feature --no-dev-deps	2026-02-20T20:39:37.5119510Z   --- stdout
Features	Run cargo hack check --each-feature --no-dev-deps	2026-02-20T20:39:37.5119966Z   cargo:rerun-if-env-changed=WAYLAND_CLIENT_NO_PKG_CONFIG
Features	Run cargo hack check --each-feature --no-dev-deps	2026-02-20T20:39:37.5120619Z   cargo:rerun-if-env-changed=PKG_CONFIG_x86_64-unknown-linux-gnu
Features	Run cargo hack check --each-feature --no-dev-deps	2026-02-20T20:39:37.5121462Z   cargo:rerun-if-env-changed=PKG_CONFIG_x86_64_unknown_linux_gnu
Features	Run cargo hack check --each-feature --no-dev-deps	2026-02-20T20:39:37.5122033Z   cargo:rerun-if-env-changed=HOST_PKG_CONFIG
Features	Run cargo hack check --each-feature --no-dev-deps	2026-02-20T20:39:37.5122499Z   cargo:rerun-if-env-changed=PKG_CONFIG
Features	Run cargo hack check --each-feature --no-dev-deps	2026-02-20T20:39:37.5123050Z   cargo:rerun-if-env-changed=WAYLAND_CLIENT_STATIC
Features	Run cargo hack check --each-feature --no-dev-deps	2026-02-20T20:39:37.5123602Z   cargo:rerun-if-env-changed=WAYLAND_CLIENT_DYNAMIC
Features	Run cargo hack check --each-feature --no-dev-deps	2026-02-20T20:39:37.5124366Z   cargo:rerun-if-env-changed=PKG_CONFIG_ALL_STATIC
Features	Run cargo hack check --each-feature --no-dev-deps	2026-02-20T20:39:37.5124880Z   cargo:rerun-if-env-changed=PKG_CONFIG_ALL_DYNAMIC
Features	Run cargo hack check --each-feature --no-dev-deps	2026-02-20T20:39:37.5125468Z   cargo:rerun-if-env-changed=PKG_CONFIG_PATH_x86_64-unknown-linux-gnu
Features	Run cargo hack check --each-feature --no-dev-deps	2026-02-20T20:39:37.5126588Z   cargo:rerun-if-env-changed=PKG_CONFIG_PATH_x86_64_unknown_linux_gnu
Features	Run cargo hack check --each-feature --no-dev-deps	2026-02-20T20:39:37.5127241Z   cargo:rerun-if-env-changed=HOST_PKG_CONFIG_PATH
Features	Run cargo hack check --each-feature --no-dev-deps	2026-02-20T20:39:37.5127761Z   cargo:rerun-if-env-changed=PKG_CONFIG_PATH
Features	Run cargo hack check --each-feature --no-dev-deps	2026-02-20T20:39:37.5128411Z   cargo:rerun-if-env-changed=PKG_CONFIG_LIBDIR_x86_64-unknown-linux-gnu
Features	Run cargo hack check --each-feature --no-dev-deps	2026-02-20T20:39:37.5129225Z   cargo:rerun-if-env-changed=PKG_CONFIG_LIBDIR_x86_64_unknown_linux_gnu
Features	Run cargo hack check --each-feature --no-dev-deps	2026-02-20T20:39:37.5129876Z   cargo:rerun-if-env-changed=HOST_PKG_CONFIG_LIBDIR
Features	Run cargo hack check --each-feature --no-dev-deps	2026-02-20T20:39:37.5130487Z   cargo:rerun-if-env-changed=PKG_CONFIG_LIBDIR
Features	Run cargo hack check --each-feature --no-dev-deps	2026-02-20T20:39:37.5131386Z   cargo:rerun-if-env-changed=PKG_CONFIG_SYSROOT_DIR_x86_64-unknown-linux-gnu
Features	Run cargo hack check --each-feature --no-dev-deps	2026-02-20T20:39:37.5132240Z   cargo:rerun-if-env-changed=PKG_CONFIG_SYSROOT_DIR_x86_64_unknown_linux_gnu
Features	Run cargo hack check --each-feature --no-dev-deps	2026-02-20T20:39:37.5146166Z   cargo:rerun-if-env-changed=HOST_PKG_CONFIG_SYSROOT_DIR
Features	Run cargo hack check --each-feature --no-dev-deps	2026-02-20T20:39:37.5146863Z   cargo:rerun-if-env-changed=PKG_CONFIG_SYSROOT_DIR
Features	Run cargo hack check --each-feature --no-dev-deps	2026-02-20T20:39:37.5147282Z 
Features	Run cargo hack check --each-feature --no-dev-deps	2026-02-20T20:39:37.5147407Z   --- stderr
Features	Run cargo hack check --each-feature --no-dev-deps	2026-02-20T20:39:37.5147584Z 
Features	Run cargo hack check --each-feature --no-dev-deps	2026-02-20T20:39:37.5148210Z   thread 'main' (5407) panicked at /github/home/.cargo/registry/src/index.crates.io-1949cf8c6b5b557f/wayland-sys-0.31.8/build.rs:10:47:
Features	Run cargo hack check --each-feature --no-dev-deps	2026-02-20T20:39:37.5155405Z   called `Result::unwrap()` on an `Err` value: 
Features	Run cargo hack check --each-feature --no-dev-deps	2026-02-20T20:39:37.5155930Z   pkg-config exited with status code 1
Features	Run cargo hack check --each-feature --no-dev-deps	2026-02-20T20:39:37.5156725Z   > PKG_CONFIG_ALLOW_SYSTEM_LIBS=1 PKG_CONFIG_ALLOW_SYSTEM_CFLAGS=1 pkg-config --libs --cflags wayland-client
Features	Run cargo hack check --each-feature --no-dev-deps	2026-02-20T20:39:37.5157394Z 
Features	Run cargo hack check --each-feature --no-dev-deps	2026-02-20T20:39:37.5157767Z   The system library `wayland-client` required by crate `wayland-sys` was not found.
Features	Run cargo hack check --each-feature --no-dev-deps	2026-02-20T20:39:37.5158941Z   The file `wayland-client.pc` needs to be installed and the PKG_CONFIG_PATH environment variable must contain its parent directory.
Features	Run cargo hack check --each-feature --no-dev-deps	2026-02-20T20:39:37.5159952Z   The PKG_CONFIG_PATH environment variable is not set.
Features	Run cargo hack check --each-feature --no-dev-deps	2026-02-20T20:39:37.5160335Z 
Features	Run cargo hack check --each-feature --no-dev-deps	2026-02-20T20:39:37.5160899Z   HINT: if you have installed the library, try setting PKG_CONFIG_PATH to the directory containing `wayland-client.pc`.
Features	Run cargo hack check --each-feature --no-dev-deps	2026-02-20T20:39:37.5161617Z 
Features	Run cargo hack check --each-feature --no-dev-deps	2026-02-20T20:39:37.5161956Z   note: run with `RUST_BACKTRACE=1` environment variable to display a backtrace
Features	Run cargo hack check --each-feature --no-dev-deps	2026-02-20T20:39:37.5162929Z [1m[33mwarning[0m: build failed, waiting for other jobs to finish...
Features	Run cargo hack check --each-feature --no-dev-deps	2026-02-20T20:39:51.5891517Z ##[endgroup]
Features	Run cargo hack check --each-feature --no-dev-deps	2026-02-20T20:39:51.5927888Z [0m[1m[31merror[0m[1m:[0m process didn't exit successfully: `/github/home/.rustup/toolchains/nightly-x86_64-unknown-linux-gnu/bin/cargo check --manifest-path Cargo.toml --all-features` (exit status: 101)
Features	Run cargo hack check --each-feature --no-dev-deps	2026-02-20T20:39:51.5975149Z ##[error]Process completed with exit code 1.
Features	Post Run actions/checkout@v4	﻿2026-02-20T20:39:51.6059475Z Post job cleanup.
Features	Post Run actions/checkout@v4	2026-02-20T20:39:51.6063447Z ##[command]/usr/bin/docker exec  f9f06d36ab0bd2330f625416906da88bd8a070a6d84224f9195d6d8ec00e5703 sh -c "cat /etc/*release | grep ^ID"
Features	Post Run actions/checkout@v4	2026-02-20T20:39:51.7957248Z [command]/usr/bin/git version
Features	Post Run actions/checkout@v4	2026-02-20T20:39:51.7997033Z git version 2.52.0
Features	Post Run actions/checkout@v4	2026-02-20T20:39:51.8045078Z Temporarily overriding HOME='/__w/_temp/7a588565-25d0-4227-be51-935091407823' before making global git config changes
Features	Post Run actions/checkout@v4	2026-02-20T20:39:51.8047293Z Adding repository directory to the temporary git global config as a safe directory
Features	Post Run actions/checkout@v4	2026-02-20T20:39:51.8051759Z [command]/usr/bin/git config --global --add safe.directory /__w/waterkit/waterkit
Features	Post Run actions/checkout@v4	2026-02-20T20:39:51.8090278Z [command]/usr/bin/git config --local --name-only --get-regexp core\.sshCommand
Features	Post Run actions/checkout@v4	2026-02-20T20:39:51.8122892Z [command]/usr/bin/git submodule foreach --recursive sh -c "git config --local --name-only --get-regexp 'core\.sshCommand' && git config --local --unset-all 'core.sshCommand' || :"
Features	Post Run actions/checkout@v4	2026-02-20T20:39:51.8344771Z [command]/usr/bin/git config --local --name-only --get-regexp http\.https\:\/\/github\.com\/\.extraheader
Features	Post Run actions/checkout@v4	2026-02-20T20:39:51.8365390Z http.https://github.com/.extraheader
Features	Post Run actions/checkout@v4	2026-02-20T20:39:51.8379608Z [command]/usr/bin/git config --local --unset-all http.https://github.com/.extraheader
Features	Post Run actions/checkout@v4	2026-02-20T20:39:51.8413591Z [command]/usr/bin/git submodule foreach --recursive sh -c "git config --local --name-only --get-regexp 'http\.https\:\/\/github\.com\/\.extraheader' && git config --local --unset-all 'http.https://github.com/.extraheader' || :"
Features	Post Run actions/checkout@v4	2026-02-20T20:39:51.8619424Z [command]/usr/bin/git config --local --name-only --get-regexp ^includeIf\.gitdir:
Features	Post Run actions/checkout@v4	2026-02-20T20:39:51.8649159Z [command]/usr/bin/git submodule foreach --recursive git config --local --show-origin --name-only --get-regexp remote.origin.url
Features	Stop containers	﻿2026-02-20T20:39:51.8972695Z Stop and remove container: 08978885167946ff87a7bd6e3081181e_ghcriocatthehackerubuntufulllatest_83e6c6
Features	Stop containers	2026-02-20T20:39:51.8977771Z ##[command]/usr/bin/docker rm --force f9f06d36ab0bd2330f625416906da88bd8a070a6d84224f9195d6d8ec00e5703
Features	Stop containers	2026-02-20T20:39:52.2780124Z f9f06d36ab0bd2330f625416906da88bd8a070a6d84224f9195d6d8ec00e5703
Features	Stop containers	2026-02-20T20:39:52.2809313Z Remove container network: github_network_a5cfa05a911744ab99719da30f3eb633
Features	Stop containers	2026-02-20T20:39:52.2813773Z ##[command]/usr/bin/docker network rm github_network_a5cfa05a911744ab99719da30f3eb633
Features	Stop containers	2026-02-20T20:39:52.4347502Z github_network_a5cfa05a911744ab99719da30f3eb633
Features	Complete job	﻿2026-02-20T20:39:52.4403739Z Cleaning up orphan processes
