Clippy (ubuntu-latest)	Set up job	﻿2026-02-20T20:29:31.9636591Z Current runner version: '2.331.0'
Clippy (ubuntu-latest)	Set up job	2026-02-20T20:29:31.9660309Z ##[group]Runner Image Provisioner
Clippy (ubuntu-latest)	Set up job	2026-02-20T20:29:31.9661153Z Hosted Compute Agent
Clippy (ubuntu-latest)	Set up job	2026-02-20T20:29:31.9661729Z Version: 20260123.484
Clippy (ubuntu-latest)	Set up job	2026-02-20T20:29:31.9662373Z Commit: 6bd6555ca37d84114959e1c76d2c01448ff61c5d
Clippy (ubuntu-latest)	Set up job	2026-02-20T20:29:31.9663250Z Build Date: 2026-01-23T19:41:17Z
Clippy (ubuntu-latest)	Set up job	2026-02-20T20:29:31.9663922Z Worker ID: {42fde7f9-cb01-48b6-a19b-b94818928bcd}
Clippy (ubuntu-latest)	Set up job	2026-02-20T20:29:31.9664558Z Azure Region: eastus
Clippy (ubuntu-latest)	Set up job	2026-02-20T20:29:31.9665124Z ##[endgroup]
Clippy (ubuntu-latest)	Set up job	2026-02-20T20:29:31.9666857Z ##[group]Operating System
Clippy (ubuntu-latest)	Set up job	2026-02-20T20:29:31.9667491Z Ubuntu
Clippy (ubuntu-latest)	Set up job	2026-02-20T20:29:31.9667900Z 24.04.3
Clippy (ubuntu-latest)	Set up job	2026-02-20T20:29:31.9668461Z LTS
Clippy (ubuntu-latest)	Set up job	2026-02-20T20:29:31.9668883Z ##[endgroup]
Clippy (ubuntu-latest)	Set up job	2026-02-20T20:29:31.9669356Z ##[group]Runner Image
Clippy (ubuntu-latest)	Set up job	2026-02-20T20:29:31.9669990Z Image: ubuntu-24.04
Clippy (ubuntu-latest)	Set up job	2026-02-20T20:29:31.9670455Z Version: 20260201.15.1
Clippy (ubuntu-latest)	Set up job	2026-02-20T20:29:31.9671470Z Included Software: https://github.com/actions/runner-images/blob/ubuntu24/20260201.15/images/ubuntu/Ubuntu2404-Readme.md
Clippy (ubuntu-latest)	Set up job	2026-02-20T20:29:31.9673336Z Image Release: https://github.com/actions/runner-images/releases/tag/ubuntu24%2F20260201.15
Clippy (ubuntu-latest)	Set up job	2026-02-20T20:29:31.9674340Z ##[endgroup]
Clippy (ubuntu-latest)	Set up job	2026-02-20T20:29:31.9675358Z ##[group]GITHUB_TOKEN Permissions
Clippy (ubuntu-latest)	Set up job	2026-02-20T20:29:31.9677408Z Checks: write
Clippy (ubuntu-latest)	Set up job	2026-02-20T20:29:31.9678152Z Contents: read
Clippy (ubuntu-latest)	Set up job	2026-02-20T20:29:31.9678633Z Metadata: read
Clippy (ubuntu-latest)	Set up job	2026-02-20T20:29:31.9679099Z ##[endgroup]
Clippy (ubuntu-latest)	Set up job	2026-02-20T20:29:31.9681140Z Secret source: Actions
Clippy (ubuntu-latest)	Set up job	2026-02-20T20:29:31.9682242Z Prepare workflow directory
Clippy (ubuntu-latest)	Set up job	2026-02-20T20:29:32.0100984Z Prepare all required actions
Clippy (ubuntu-latest)	Set up job	2026-02-20T20:29:32.0139046Z Getting action download info
Clippy (ubuntu-latest)	Set up job	2026-02-20T20:29:32.3491590Z Download action repository 'actions/checkout@v4' (SHA:34e114876b0b11c390a56381ad16ebd13914f8d5)
Clippy (ubuntu-latest)	Set up job	2026-02-20T20:29:32.4672480Z Download action repository 'dtolnay/rust-toolchain@nightly' (SHA:0f1b44df7e9cbb178d781a242338dfa5e243ad7f)
Clippy (ubuntu-latest)	Set up job	2026-02-20T20:29:32.6131717Z Download action repository 'Swatinem/rust-cache@v2' (SHA:779680da715d629ac1d338a641029a2f4372abb5)
Clippy (ubuntu-latest)	Set up job	2026-02-20T20:29:33.0119478Z Complete job name: Clippy (ubuntu-latest)
Clippy (ubuntu-latest)	Initialize containers	﻿2026-02-20T20:29:33.0639095Z ##[group]Checking docker version
Clippy (ubuntu-latest)	Initialize containers	2026-02-20T20:29:33.0653327Z ##[command]/usr/bin/docker version --format '{{.Server.APIVersion}}'
Clippy (ubuntu-latest)	Initialize containers	2026-02-20T20:29:33.1682454Z '1.48'
Clippy (ubuntu-latest)	Initialize containers	2026-02-20T20:29:33.1694884Z Docker daemon API version: '1.48'
Clippy (ubuntu-latest)	Initialize containers	2026-02-20T20:29:33.1695731Z ##[command]/usr/bin/docker version --format '{{.Client.APIVersion}}'
Clippy (ubuntu-latest)	Initialize containers	2026-02-20T20:29:33.1860519Z '1.48'
Clippy (ubuntu-latest)	Initialize containers	2026-02-20T20:29:33.1875153Z Docker client API version: '1.48'
Clippy (ubuntu-latest)	Initialize containers	2026-02-20T20:29:33.1881291Z ##[endgroup]
Clippy (ubuntu-latest)	Initialize containers	2026-02-20T20:29:33.1884800Z ##[group]Clean up resources from previous jobs
Clippy (ubuntu-latest)	Initialize containers	2026-02-20T20:29:33.1891353Z ##[command]/usr/bin/docker ps --all --quiet --no-trunc --filter "label=8b5a67"
Clippy (ubuntu-latest)	Initialize containers	2026-02-20T20:29:33.2038478Z ##[command]/usr/bin/docker network prune --force --filter "label=8b5a67"
Clippy (ubuntu-latest)	Initialize containers	2026-02-20T20:29:33.2170136Z ##[endgroup]
Clippy (ubuntu-latest)	Initialize containers	2026-02-20T20:29:33.2170709Z ##[group]Create local container network
Clippy (ubuntu-latest)	Initialize containers	2026-02-20T20:29:33.2180712Z ##[command]/usr/bin/docker network create --label 8b5a67 github_network_2c9039ec0aab4b5fa1894d63a286da27
Clippy (ubuntu-latest)	Initialize containers	2026-02-20T20:29:33.2686227Z c142e9f398e955950cf184fc2718a4a6b157d0095262d97f5af88ed96dc990da
Clippy (ubuntu-latest)	Initialize containers	2026-02-20T20:29:33.2705261Z ##[endgroup]
Clippy (ubuntu-latest)	Initialize containers	2026-02-20T20:29:33.2729345Z ##[group]Starting job container
Clippy (ubuntu-latest)	Initialize containers	2026-02-20T20:29:33.2750895Z ##[command]/usr/bin/docker --config /home/runner/work/_temp/.docker_8eeab9b5-9983-4df3-a1c1-7752ccda73bf login ghcr.io -u lexoliu --password-stdin
Clippy (ubuntu-latest)	Initialize containers	2026-02-20T20:29:33.4178422Z ##[command]/usr/bin/docker --config /home/runner/work/_temp/.docker_8eeab9b5-9983-4df3-a1c1-7752ccda73bf pull ghcr.io/catthehacker/ubuntu:full-latest
Clippy (ubuntu-latest)	Initialize containers	2026-02-20T20:29:33.6123955Z full-latest: Pulling from catthehacker/ubuntu
Clippy (ubuntu-latest)	Initialize containers	2026-02-20T20:29:33.6551244Z 9b806dfdaed9: Pulling fs layer
Clippy (ubuntu-latest)	Initialize containers	2026-02-20T20:29:33.6552437Z 1dde18305acb: Pulling fs layer
Clippy (ubuntu-latest)	Initialize containers	2026-02-20T20:29:33.6553384Z 6df4edeb4397: Pulling fs layer
Clippy (ubuntu-latest)	Initialize containers	2026-02-20T20:29:33.6554136Z 25f9251537f4: Pulling fs layer
Clippy (ubuntu-latest)	Initialize containers	2026-02-20T20:29:33.6555118Z cbdccf58eb85: Pulling fs layer
Clippy (ubuntu-latest)	Initialize containers	2026-02-20T20:29:33.6556054Z bde644ad596d: Pulling fs layer
Clippy (ubuntu-latest)	Initialize containers	2026-02-20T20:29:33.6557010Z 994221bc8b7c: Pulling fs layer
Clippy (ubuntu-latest)	Initialize containers	2026-02-20T20:29:33.6557533Z e904d24dad07: Pulling fs layer
Clippy (ubuntu-latest)	Initialize containers	2026-02-20T20:29:33.6558059Z eb1f0bb8861d: Pulling fs layer
Clippy (ubuntu-latest)	Initialize containers	2026-02-20T20:29:33.6558613Z 25f9251537f4: Waiting
Clippy (ubuntu-latest)	Initialize containers	2026-02-20T20:29:33.6559055Z 076b7ce4610e: Pulling fs layer
Clippy (ubuntu-latest)	Initialize containers	2026-02-20T20:29:33.6559564Z 52aa22a86b4b: Pulling fs layer
Clippy (ubuntu-latest)	Initialize containers	2026-02-20T20:29:33.6560063Z ffdee555c486: Pulling fs layer
Clippy (ubuntu-latest)	Initialize containers	2026-02-20T20:29:33.6560551Z 79d252bf7787: Pulling fs layer
Clippy (ubuntu-latest)	Initialize containers	2026-02-20T20:29:33.6561043Z a2c714f6e069: Pulling fs layer
Clippy (ubuntu-latest)	Initialize containers	2026-02-20T20:29:33.6561526Z cbdccf58eb85: Waiting
Clippy (ubuntu-latest)	Initialize containers	2026-02-20T20:29:33.6561969Z 9304117cb56e: Pulling fs layer
Clippy (ubuntu-latest)	Initialize containers	2026-02-20T20:29:33.6562450Z 52aa22a86b4b: Waiting
Clippy (ubuntu-latest)	Initialize containers	2026-02-20T20:29:33.6563276Z 076b7ce4610e: Waiting
Clippy (ubuntu-latest)	Initialize containers	2026-02-20T20:29:33.6563729Z bde644ad596d: Waiting
Clippy (ubuntu-latest)	Initialize containers	2026-02-20T20:29:33.6564168Z b9cfa9f6fbbc: Pulling fs layer
Clippy (ubuntu-latest)	Initialize containers	2026-02-20T20:29:33.6564652Z 79d252bf7787: Waiting
Clippy (ubuntu-latest)	Initialize containers	2026-02-20T20:29:33.6565092Z 172b577f6339: Pulling fs layer
Clippy (ubuntu-latest)	Initialize containers	2026-02-20T20:29:33.6565572Z ffdee555c486: Waiting
Clippy (ubuntu-latest)	Initialize containers	2026-02-20T20:29:33.6566047Z 64fdaaa7fb94: Pulling fs layer
Clippy (ubuntu-latest)	Initialize containers	2026-02-20T20:29:33.6566554Z 994221bc8b7c: Waiting
Clippy (ubuntu-latest)	Initialize containers	2026-02-20T20:29:33.6566981Z eb1f0bb8861d: Waiting
Clippy (ubuntu-latest)	Initialize containers	2026-02-20T20:29:33.6567406Z a2c714f6e069: Waiting
Clippy (ubuntu-latest)	Initialize containers	2026-02-20T20:29:33.6567830Z 9304117cb56e: Waiting
Clippy (ubuntu-latest)	Initialize containers	2026-02-20T20:29:33.6568257Z b9cfa9f6fbbc: Waiting
Clippy (ubuntu-latest)	Initialize containers	2026-02-20T20:29:33.6568675Z e904d24dad07: Waiting
Clippy (ubuntu-latest)	Initialize containers	2026-02-20T20:29:33.6569084Z 172b577f6339: Waiting
Clippy (ubuntu-latest)	Initialize containers	2026-02-20T20:29:40.7020333Z 6df4edeb4397: Verifying Checksum
Clippy (ubuntu-latest)	Initialize containers	2026-02-20T20:29:40.7022537Z 6df4edeb4397: Download complete
Clippy (ubuntu-latest)	Initialize containers	2026-02-20T20:29:41.2228743Z 1dde18305acb: Verifying Checksum
Clippy (ubuntu-latest)	Initialize containers	2026-02-20T20:29:41.2231191Z 1dde18305acb: Download complete
Clippy (ubuntu-latest)	Initialize containers	2026-02-20T20:29:45.2007737Z cbdccf58eb85: Verifying Checksum
Clippy (ubuntu-latest)	Initialize containers	2026-02-20T20:29:47.8651424Z cbdccf58eb85: Download complete
Clippy (ubuntu-latest)	Initialize containers	2026-02-20T20:29:47.8652223Z bde644ad596d: Verifying Checksum
Clippy (ubuntu-latest)	Initialize containers	2026-02-20T20:29:47.8653239Z bde644ad596d: Download complete
Clippy (ubuntu-latest)	Initialize containers	2026-02-20T20:29:48.0978104Z 25f9251537f4: Verifying Checksum
Clippy (ubuntu-latest)	Initialize containers	2026-02-20T20:29:48.0980227Z 25f9251537f4: Download complete
Clippy (ubuntu-latest)	Initialize containers	2026-02-20T20:29:49.2105687Z 994221bc8b7c: Verifying Checksum
Clippy (ubuntu-latest)	Initialize containers	2026-02-20T20:29:49.2107731Z 994221bc8b7c: Download complete
Clippy (ubuntu-latest)	Initialize containers	2026-02-20T20:29:49.2610645Z eb1f0bb8861d: Verifying Checksum
Clippy (ubuntu-latest)	Initialize containers	2026-02-20T20:29:49.2611378Z eb1f0bb8861d: Download complete
Clippy (ubuntu-latest)	Initialize containers	2026-02-20T20:29:50.0695600Z 076b7ce4610e: Verifying Checksum
Clippy (ubuntu-latest)	Initialize containers	2026-02-20T20:29:50.0696580Z 076b7ce4610e: Download complete
Clippy (ubuntu-latest)	Initialize containers	2026-02-20T20:29:51.0147705Z 9b806dfdaed9: Verifying Checksum
Clippy (ubuntu-latest)	Initialize containers	2026-02-20T20:29:51.0154155Z 9b806dfdaed9: Download complete
Clippy (ubuntu-latest)	Initialize containers	2026-02-20T20:29:51.7431638Z ffdee555c486: Verifying Checksum
Clippy (ubuntu-latest)	Initialize containers	2026-02-20T20:29:51.7432209Z ffdee555c486: Download complete
Clippy (ubuntu-latest)	Initialize containers	2026-02-20T20:29:52.2895117Z 79d252bf7787: Download complete
Clippy (ubuntu-latest)	Initialize containers	2026-02-20T20:29:53.9531392Z 52aa22a86b4b: Verifying Checksum
Clippy (ubuntu-latest)	Initialize containers	2026-02-20T20:29:53.9532032Z 52aa22a86b4b: Download complete
Clippy (ubuntu-latest)	Initialize containers	2026-02-20T20:29:54.5268689Z e904d24dad07: Verifying Checksum
Clippy (ubuntu-latest)	Initialize containers	2026-02-20T20:29:54.5272300Z e904d24dad07: Download complete
Clippy (ubuntu-latest)	Initialize containers	2026-02-20T20:29:56.1175567Z b9cfa9f6fbbc: Verifying Checksum
Clippy (ubuntu-latest)	Initialize containers	2026-02-20T20:29:56.1181814Z b9cfa9f6fbbc: Download complete
Clippy (ubuntu-latest)	Initialize containers	2026-02-20T20:29:59.0741031Z 9304117cb56e: Verifying Checksum
Clippy (ubuntu-latest)	Initialize containers	2026-02-20T20:29:59.0741632Z 9304117cb56e: Download complete
Clippy (ubuntu-latest)	Initialize containers	2026-02-20T20:30:00.6944332Z 64fdaaa7fb94: Verifying Checksum
Clippy (ubuntu-latest)	Initialize containers	2026-02-20T20:30:00.6957748Z 64fdaaa7fb94: Download complete
Clippy (ubuntu-latest)	Initialize containers	2026-02-20T20:30:09.2428637Z 172b577f6339: Verifying Checksum
Clippy (ubuntu-latest)	Initialize containers	2026-02-20T20:30:09.2429183Z 172b577f6339: Download complete
Clippy (ubuntu-latest)	Initialize containers	2026-02-20T20:30:15.5201901Z a2c714f6e069: Verifying Checksum
Clippy (ubuntu-latest)	Initialize containers	2026-02-20T20:30:15.5202457Z a2c714f6e069: Download complete
Clippy (ubuntu-latest)	Initialize containers	2026-02-20T20:31:19.6795655Z 9b806dfdaed9: Pull complete
Clippy (ubuntu-latest)	Initialize containers	2026-02-20T20:32:04.7858730Z 1dde18305acb: Pull complete
Clippy (ubuntu-latest)	Initialize containers	2026-02-20T20:32:42.5281719Z 6df4edeb4397: Pull complete
Clippy (ubuntu-latest)	Initialize containers	2026-02-20T20:33:18.8797444Z 25f9251537f4: Pull complete
Clippy (ubuntu-latest)	Initialize containers	2026-02-20T20:33:38.2305551Z cbdccf58eb85: Pull complete
Clippy (ubuntu-latest)	Initialize containers	2026-02-20T20:33:51.1370816Z bde644ad596d: Pull complete
Clippy (ubuntu-latest)	Initialize containers	2026-02-20T20:34:10.3308462Z 994221bc8b7c: Pull complete
Clippy (ubuntu-latest)	Initialize containers	2026-02-20T20:34:20.3221077Z e904d24dad07: Pull complete
Clippy (ubuntu-latest)	Initialize containers	2026-02-20T20:34:20.3361456Z eb1f0bb8861d: Pull complete
Clippy (ubuntu-latest)	Initialize containers	2026-02-20T20:34:21.7242661Z 076b7ce4610e: Pull complete
Clippy (ubuntu-latest)	Initialize containers	2026-02-20T20:34:33.6340149Z 52aa22a86b4b: Pull complete
Clippy (ubuntu-latest)	Initialize containers	2026-02-20T20:34:35.3248552Z ffdee555c486: Pull complete
Clippy (ubuntu-latest)	Initialize containers	2026-02-20T20:34:39.6245246Z 79d252bf7787: Pull complete
Clippy (ubuntu-latest)	Initialize containers	2026-02-20T20:36:32.4731248Z a2c714f6e069: Pull complete
Clippy (ubuntu-latest)	Initialize containers	2026-02-20T20:36:55.6280035Z 9304117cb56e: Pull complete
Clippy (ubuntu-latest)	Initialize containers	2026-02-20T20:37:03.0191012Z b9cfa9f6fbbc: Pull complete
Clippy (ubuntu-latest)	Initialize containers	2026-02-20T20:38:21.5825712Z 172b577f6339: Pull complete
Clippy (ubuntu-latest)	Initialize containers	2026-02-20T20:38:25.7479998Z 64fdaaa7fb94: Pull complete
Clippy (ubuntu-latest)	Initialize containers	2026-02-20T20:38:25.7531899Z Digest: sha256:9327301aea27f88258ad7f16ebf83eb772cc97ac831542ce90264b776833474d
Clippy (ubuntu-latest)	Initialize containers	2026-02-20T20:38:25.7546655Z Status: Downloaded newer image for ghcr.io/catthehacker/ubuntu:full-latest
Clippy (ubuntu-latest)	Initialize containers	2026-02-20T20:38:25.7564214Z ghcr.io/catthehacker/ubuntu:full-latest
Clippy (ubuntu-latest)	Initialize containers	2026-02-20T20:38:25.7651036Z ##[command]/usr/bin/docker create --name f000e73452a94ba9b73c1b8df128a851_ghcriocatthehackerubuntufulllatest_23cc1b --label 8b5a67 --workdir /__w/waterkit/waterkit --network github_network_2c9039ec0aab4b5fa1894d63a286da27  -e "HOME=/github/home" -e GITHUB_ACTIONS=true -e CI=true -v "/var/run/docker.sock":"/var/run/docker.sock" -v "/home/runner/work":"/__w" -v "/home/runner/actions-runner/cached/externals":"/__e":ro -v "/home/runner/work/_temp":"/__w/_temp" -v "/home/runner/work/_actions":"/__w/_actions" -v "/opt/hostedtoolcache":"/__t" -v "/home/runner/work/_temp/_github_home":"/github/home" -v "/home/runner/work/_temp/_github_workflow":"/github/workflow" --entrypoint "tail" ghcr.io/catthehacker/ubuntu:full-latest "-f" "/dev/null"
Clippy (ubuntu-latest)	Initialize containers	2026-02-20T20:38:25.7935285Z df0e815e380f508bd33e515214175e0a0a0579dd03947f001014ca59334b9764
Clippy (ubuntu-latest)	Initialize containers	2026-02-20T20:38:25.7958480Z ##[command]/usr/bin/docker start df0e815e380f508bd33e515214175e0a0a0579dd03947f001014ca59334b9764
Clippy (ubuntu-latest)	Initialize containers	2026-02-20T20:38:25.9751774Z df0e815e380f508bd33e515214175e0a0a0579dd03947f001014ca59334b9764
Clippy (ubuntu-latest)	Initialize containers	2026-02-20T20:38:25.9772067Z ##[command]/usr/bin/docker ps --all --filter id=df0e815e380f508bd33e515214175e0a0a0579dd03947f001014ca59334b9764 --filter status=running --no-trunc --format "{{.ID}} {{.Status}}"
Clippy (ubuntu-latest)	Initialize containers	2026-02-20T20:38:25.9895042Z df0e815e380f508bd33e515214175e0a0a0579dd03947f001014ca59334b9764 Up Less than a second
Clippy (ubuntu-latest)	Initialize containers	2026-02-20T20:38:25.9916610Z ##[command]/usr/bin/docker inspect --format "{{range .Config.Env}}{{println .}}{{end}}" df0e815e380f508bd33e515214175e0a0a0579dd03947f001014ca59334b9764
Clippy (ubuntu-latest)	Initialize containers	2026-02-20T20:38:26.0042363Z GITHUB_ACTIONS=true
Clippy (ubuntu-latest)	Initialize containers	2026-02-20T20:38:26.0042720Z CI=true
Clippy (ubuntu-latest)	Initialize containers	2026-02-20T20:38:26.0043310Z HOME=/github/home
Clippy (ubuntu-latest)	Initialize containers	2026-02-20T20:38:26.0044908Z PATH=/snap/bin:/home/runner/.local/bin:/opt/pipx_bin:/home/runner/.cargo/bin:/home/runner/.config/composer/vendor/bin:/usr/local/.ghcup/bin:/home/runner/.dotnet/tools:/usr/local/sbin:/usr/local/bin:/usr/sbin:/usr/bin:/sbin:/bin:/usr/games:/usr/local/games:/snap/bin
Clippy (ubuntu-latest)	Initialize containers	2026-02-20T20:38:26.0046679Z ImageVersion=20260119.4.1
Clippy (ubuntu-latest)	Initialize containers	2026-02-20T20:38:26.0047023Z ImageOS=ubuntu24
Clippy (ubuntu-latest)	Initialize containers	2026-02-20T20:38:26.0047310Z ACCEPT_EULA=Y
Clippy (ubuntu-latest)	Initialize containers	2026-02-20T20:38:26.0047615Z XDG_CONFIG_HOME=/home/runner/.config
Clippy (ubuntu-latest)	Initialize containers	2026-02-20T20:38:26.0048078Z AGENT_TOOLSDIRECTORY=/opt/hostedtoolcache
Clippy (ubuntu-latest)	Initialize containers	2026-02-20T20:38:26.0048527Z RUNNER_TOOL_CACHE=/opt/hostedtoolcache
Clippy (ubuntu-latest)	Initialize containers	2026-02-20T20:38:26.0049593Z PSModulePath=/root/.local/share/powershell/Modules:/usr/local/share/powershell/Modules:/opt/microsoft/powershell/7/Modules:/usr/share/az_12.5.0
Clippy (ubuntu-latest)	Initialize containers	2026-02-20T20:38:26.0050737Z ACTIONS_RUNNER_ACTION_ARCHIVE_CACHE=/opt/actionarchivecache
Clippy (ubuntu-latest)	Initialize containers	2026-02-20T20:38:26.0051291Z AZURE_EXTENSION_DIR=/opt/az/azcliextensions
Clippy (ubuntu-latest)	Initialize containers	2026-02-20T20:38:26.0051724Z SWIFT_PATH=/usr/share/swift/usr/bin
Clippy (ubuntu-latest)	Initialize containers	2026-02-20T20:38:26.0052127Z DOTNET_SKIP_FIRST_TIME_EXPERIENCE=1
Clippy (ubuntu-latest)	Initialize containers	2026-02-20T20:38:26.0052490Z DOTNET_NOLOGO=1
Clippy (ubuntu-latest)	Initialize containers	2026-02-20T20:38:26.0052792Z DOTNET_MULTILEVEL_LOOKUP=0
Clippy (ubuntu-latest)	Initialize containers	2026-02-20T20:38:26.0053347Z EDGEWEBDRIVER=/usr/local/share/edge_driver
Clippy (ubuntu-latest)	Initialize containers	2026-02-20T20:38:26.0053797Z GECKOWEBDRIVER=/usr/local/share/gecko_driver
Clippy (ubuntu-latest)	Initialize containers	2026-02-20T20:38:26.0054241Z CHROME_BIN=/usr/bin/google-chrome
Clippy (ubuntu-latest)	Initialize containers	2026-02-20T20:38:26.0054703Z CHROMEWEBDRIVER=/usr/local/share/chromedriver-linux64
Clippy (ubuntu-latest)	Initialize containers	2026-02-20T20:38:26.0055212Z BOOTSTRAP_HASKELL_NONINTERACTIVE=1
Clippy (ubuntu-latest)	Initialize containers	2026-02-20T20:38:26.0055953Z GHCUP_INSTALL_BASE_PREFIX=/usr/local
Clippy (ubuntu-latest)	Initialize containers	2026-02-20T20:38:26.0056433Z JAVA_HOME_8_X64=/usr/lib/jvm/temurin-8-jdk-amd64
Clippy (ubuntu-latest)	Initialize containers	2026-02-20T20:38:26.0056930Z JAVA_HOME_11_X64=/usr/lib/jvm/temurin-11-jdk-amd64
Clippy (ubuntu-latest)	Initialize containers	2026-02-20T20:38:26.0057366Z JAVA_HOME=/usr/lib/jvm/temurin-17-jdk-amd64
Clippy (ubuntu-latest)	Initialize containers	2026-02-20T20:38:26.0057788Z JAVA_HOME_17_X64=/usr/lib/jvm/temurin-17-jdk-amd64
Clippy (ubuntu-latest)	Initialize containers	2026-02-20T20:38:26.0058231Z JAVA_HOME_21_X64=/usr/lib/jvm/temurin-21-jdk-amd64
Clippy (ubuntu-latest)	Initialize containers	2026-02-20T20:38:26.0118816Z JAVA_HOME_25_X64=/usr/lib/jvm/temurin-25-jdk-amd64
Clippy (ubuntu-latest)	Initialize containers	2026-02-20T20:38:26.0120025Z ANT_HOME=/usr/share/ant
Clippy (ubuntu-latest)	Initialize containers	2026-02-20T20:38:26.0120381Z GRADLE_HOME=/usr/share/gradle-9.3.0
Clippy (ubuntu-latest)	Initialize containers	2026-02-20T20:38:26.0120757Z CONDA=/usr/share/miniconda
Clippy (ubuntu-latest)	Initialize containers	2026-02-20T20:38:26.0121114Z NVM_DIR=/home/runner/.nvm
Clippy (ubuntu-latest)	Initialize containers	2026-02-20T20:38:26.0121524Z SELENIUM_JAR_PATH=/usr/share/java/selenium-server.jar
Clippy (ubuntu-latest)	Initialize containers	2026-02-20T20:38:26.0122099Z VCPKG_INSTALLATION_ROOT=/usr/local/share/vcpkg
Clippy (ubuntu-latest)	Initialize containers	2026-02-20T20:38:26.0122645Z DEBIAN_FRONTEND=noninteractive
Clippy (ubuntu-latest)	Initialize containers	2026-02-20T20:38:26.0123296Z ANDROID_SDK_ROOT=/usr/local/lib/android/sdk
Clippy (ubuntu-latest)	Initialize containers	2026-02-20T20:38:26.0123765Z ANDROID_HOME=/usr/local/lib/android/sdk
Clippy (ubuntu-latest)	Initialize containers	2026-02-20T20:38:26.0124239Z ANDROID_NDK=/usr/local/lib/android/sdk/ndk/27.3.13750724
Clippy (ubuntu-latest)	Initialize containers	2026-02-20T20:38:26.0124821Z ANDROID_NDK_HOME=/usr/local/lib/android/sdk/ndk/27.3.13750724
Clippy (ubuntu-latest)	Initialize containers	2026-02-20T20:38:26.0125418Z ANDROID_NDK_ROOT=/usr/local/lib/android/sdk/ndk/27.3.13750724
Clippy (ubuntu-latest)	Initialize containers	2026-02-20T20:38:26.0126031Z ANDROID_NDK_LATEST_HOME=/usr/local/lib/android/sdk/ndk/29.0.14206865
Clippy (ubuntu-latest)	Initialize containers	2026-02-20T20:38:26.0126613Z PIPX_BIN_DIR=/opt/pipx_bin
Clippy (ubuntu-latest)	Initialize containers	2026-02-20T20:38:26.0126987Z PIPX_HOME=/opt/pipx
Clippy (ubuntu-latest)	Initialize containers	2026-02-20T20:38:26.0127357Z GOROOT_1_22_X64=/opt/hostedtoolcache/go/1.22.12/x64
Clippy (ubuntu-latest)	Initialize containers	2026-02-20T20:38:26.0127864Z GOROOT_1_23_X64=/opt/hostedtoolcache/go/1.23.12/x64
Clippy (ubuntu-latest)	Initialize containers	2026-02-20T20:38:26.0128377Z GOROOT_1_24_X64=/opt/hostedtoolcache/go/1.24.12/x64
Clippy (ubuntu-latest)	Initialize containers	2026-02-20T20:38:26.0128901Z GOROOT_1_25_X64=/opt/hostedtoolcache/go/1.25.6/x64
Clippy (ubuntu-latest)	Initialize containers	2026-02-20T20:38:26.0129389Z HOMEBREW_NO_AUTO_UPDATE=1
Clippy (ubuntu-latest)	Initialize containers	2026-02-20T20:38:26.0129770Z HOMEBREW_CLEANUP_PERIODIC_FULL_DAYS=3650
Clippy (ubuntu-latest)	Initialize containers	2026-02-20T20:38:26.0130231Z XDG_RUNTIME_DIR=/run/user/1001
Clippy (ubuntu-latest)	Initialize containers	2026-02-20T20:38:26.0130974Z POWERSHELL_DISTRIBUTION_CHANNEL=GitHub-Actions-ubuntu24
Clippy (ubuntu-latest)	Initialize containers	2026-02-20T20:38:26.0140669Z ##[endgroup]
Clippy (ubuntu-latest)	Initialize containers	2026-02-20T20:38:26.0150517Z ##[group]Waiting for all services to be ready
Clippy (ubuntu-latest)	Initialize containers	2026-02-20T20:38:26.0152035Z ##[endgroup]
Clippy (ubuntu-latest)	Run actions/checkout@v4	﻿2026-02-20T20:38:26.0410071Z ##[group]Run actions/checkout@v4
Clippy (ubuntu-latest)	Run actions/checkout@v4	2026-02-20T20:38:26.0410615Z with:
Clippy (ubuntu-latest)	Run actions/checkout@v4	2026-02-20T20:38:26.0410819Z   repository: water-rs/waterkit
Clippy (ubuntu-latest)	Run actions/checkout@v4	2026-02-20T20:38:26.0411219Z   token: ***
Clippy (ubuntu-latest)	Run actions/checkout@v4	2026-02-20T20:38:26.0411416Z   ssh-strict: true
Clippy (ubuntu-latest)	Run actions/checkout@v4	2026-02-20T20:38:26.0411603Z   ssh-user: git
Clippy (ubuntu-latest)	Run actions/checkout@v4	2026-02-20T20:38:26.0411801Z   persist-credentials: true
Clippy (ubuntu-latest)	Run actions/checkout@v4	2026-02-20T20:38:26.0412015Z   clean: true
Clippy (ubuntu-latest)	Run actions/checkout@v4	2026-02-20T20:38:26.0412215Z   sparse-checkout-cone-mode: true
Clippy (ubuntu-latest)	Run actions/checkout@v4	2026-02-20T20:38:26.0412451Z   fetch-depth: 1
Clippy (ubuntu-latest)	Run actions/checkout@v4	2026-02-20T20:38:26.0412633Z   fetch-tags: false
Clippy (ubuntu-latest)	Run actions/checkout@v4	2026-02-20T20:38:26.0412981Z   show-progress: true
Clippy (ubuntu-latest)	Run actions/checkout@v4	2026-02-20T20:38:26.0413181Z   lfs: false
Clippy (ubuntu-latest)	Run actions/checkout@v4	2026-02-20T20:38:26.0413349Z   submodules: false
Clippy (ubuntu-latest)	Run actions/checkout@v4	2026-02-20T20:38:26.0413566Z   set-safe-directory: true
Clippy (ubuntu-latest)	Run actions/checkout@v4	2026-02-20T20:38:26.0414004Z env:
Clippy (ubuntu-latest)	Run actions/checkout@v4	2026-02-20T20:38:26.0414175Z   CARGO_TERM_COLOR: always
Clippy (ubuntu-latest)	Run actions/checkout@v4	2026-02-20T20:38:26.0414382Z ##[endgroup]
Clippy (ubuntu-latest)	Run actions/checkout@v4	2026-02-20T20:38:26.0469597Z ##[command]/usr/bin/docker exec  df0e815e380f508bd33e515214175e0a0a0579dd03947f001014ca59334b9764 sh -c "cat /etc/*release | grep ^ID"
Clippy (ubuntu-latest)	Run actions/checkout@v4	2026-02-20T20:38:26.3879131Z Syncing repository: water-rs/waterkit
Clippy (ubuntu-latest)	Run actions/checkout@v4	2026-02-20T20:38:26.3880859Z ##[group]Getting Git version info
Clippy (ubuntu-latest)	Run actions/checkout@v4	2026-02-20T20:38:26.3881380Z Working directory is '/__w/waterkit/waterkit'
Clippy (ubuntu-latest)	Run actions/checkout@v4	2026-02-20T20:38:26.3881938Z [command]/usr/bin/git version
Clippy (ubuntu-latest)	Run actions/checkout@v4	2026-02-20T20:38:26.3964748Z git version 2.52.0
Clippy (ubuntu-latest)	Run actions/checkout@v4	2026-02-20T20:38:26.4008125Z ##[endgroup]
Clippy (ubuntu-latest)	Run actions/checkout@v4	2026-02-20T20:38:26.4023057Z Temporarily overriding HOME='/__w/_temp/d6826527-68b8-4951-aeb0-4b50cb758ad8' before making global git config changes
Clippy (ubuntu-latest)	Run actions/checkout@v4	2026-02-20T20:38:26.4030221Z Adding repository directory to the temporary git global config as a safe directory
Clippy (ubuntu-latest)	Run actions/checkout@v4	2026-02-20T20:38:26.4041131Z [command]/usr/bin/git config --global --add safe.directory /__w/waterkit/waterkit
Clippy (ubuntu-latest)	Run actions/checkout@v4	2026-02-20T20:38:26.4081813Z Deleting the contents of '/__w/waterkit/waterkit'
Clippy (ubuntu-latest)	Run actions/checkout@v4	2026-02-20T20:38:26.4087308Z ##[group]Initializing the repository
Clippy (ubuntu-latest)	Run actions/checkout@v4	2026-02-20T20:38:26.4091992Z [command]/usr/bin/git init /__w/waterkit/waterkit
Clippy (ubuntu-latest)	Run actions/checkout@v4	2026-02-20T20:38:26.4176817Z hint: Using 'master' as the name for the initial branch. This default branch name
Clippy (ubuntu-latest)	Run actions/checkout@v4	2026-02-20T20:38:26.4179108Z hint: will change to "main" in Git 3.0. To configure the initial branch name
Clippy (ubuntu-latest)	Run actions/checkout@v4	2026-02-20T20:38:26.4182386Z hint: to use in all of your new repositories, which will suppress this warning,
Clippy (ubuntu-latest)	Run actions/checkout@v4	2026-02-20T20:38:26.4183361Z hint: call:
Clippy (ubuntu-latest)	Run actions/checkout@v4	2026-02-20T20:38:26.4183726Z hint:
Clippy (ubuntu-latest)	Run actions/checkout@v4	2026-02-20T20:38:26.4184234Z hint: 	git config --global init.defaultBranch <name>
Clippy (ubuntu-latest)	Run actions/checkout@v4	2026-02-20T20:38:26.4184774Z hint:
Clippy (ubuntu-latest)	Run actions/checkout@v4	2026-02-20T20:38:26.4185467Z hint: Names commonly chosen instead of 'master' are 'main', 'trunk' and
Clippy (ubuntu-latest)	Run actions/checkout@v4	2026-02-20T20:38:26.4186396Z hint: 'development'. The just-created branch can be renamed via this command:
Clippy (ubuntu-latest)	Run actions/checkout@v4	2026-02-20T20:38:26.4187072Z hint:
Clippy (ubuntu-latest)	Run actions/checkout@v4	2026-02-20T20:38:26.4187422Z hint: 	git branch -m <name>
Clippy (ubuntu-latest)	Run actions/checkout@v4	2026-02-20T20:38:26.4187802Z hint:
Clippy (ubuntu-latest)	Run actions/checkout@v4	2026-02-20T20:38:26.4188332Z hint: Disable this message with "git config set advice.defaultBranchName false"
Clippy (ubuntu-latest)	Run actions/checkout@v4	2026-02-20T20:38:26.4189169Z Initialized empty Git repository in /__w/waterkit/waterkit/.git/
Clippy (ubuntu-latest)	Run actions/checkout@v4	2026-02-20T20:38:26.4199338Z [command]/usr/bin/git remote add origin https://github.com/water-rs/waterkit
Clippy (ubuntu-latest)	Run actions/checkout@v4	2026-02-20T20:38:26.4232351Z ##[endgroup]
Clippy (ubuntu-latest)	Run actions/checkout@v4	2026-02-20T20:38:26.4233231Z ##[group]Disabling automatic garbage collection
Clippy (ubuntu-latest)	Run actions/checkout@v4	2026-02-20T20:38:26.4239095Z [command]/usr/bin/git config --local gc.auto 0
Clippy (ubuntu-latest)	Run actions/checkout@v4	2026-02-20T20:38:26.4268353Z ##[endgroup]
Clippy (ubuntu-latest)	Run actions/checkout@v4	2026-02-20T20:38:26.4268810Z ##[group]Setting up auth
Clippy (ubuntu-latest)	Run actions/checkout@v4	2026-02-20T20:38:26.4276004Z [command]/usr/bin/git config --local --name-only --get-regexp core\.sshCommand
Clippy (ubuntu-latest)	Run actions/checkout@v4	2026-02-20T20:38:26.4306350Z [command]/usr/bin/git submodule foreach --recursive sh -c "git config --local --name-only --get-regexp 'core\.sshCommand' && git config --local --unset-all 'core.sshCommand' || :"
Clippy (ubuntu-latest)	Run actions/checkout@v4	2026-02-20T20:38:26.4637866Z [command]/usr/bin/git config --local --name-only --get-regexp http\.https\:\/\/github\.com\/\.extraheader
Clippy (ubuntu-latest)	Run actions/checkout@v4	2026-02-20T20:38:26.4669980Z [command]/usr/bin/git submodule foreach --recursive sh -c "git config --local --name-only --get-regexp 'http\.https\:\/\/github\.com\/\.extraheader' && git config --local --unset-all 'http.https://github.com/.extraheader' || :"
Clippy (ubuntu-latest)	Run actions/checkout@v4	2026-02-20T20:38:26.4886875Z [command]/usr/bin/git config --local --name-only --get-regexp ^includeIf\.gitdir:
Clippy (ubuntu-latest)	Run actions/checkout@v4	2026-02-20T20:38:26.4921004Z [command]/usr/bin/git submodule foreach --recursive git config --local --show-origin --name-only --get-regexp remote.origin.url
Clippy (ubuntu-latest)	Run actions/checkout@v4	2026-02-20T20:38:26.5134635Z [command]/usr/bin/git config --local http.https://github.com/.extraheader AUTHORIZATION: basic ***
Clippy (ubuntu-latest)	Run actions/checkout@v4	2026-02-20T20:38:26.5174497Z ##[endgroup]
Clippy (ubuntu-latest)	Run actions/checkout@v4	2026-02-20T20:38:26.5175104Z ##[group]Fetching the repository
Clippy (ubuntu-latest)	Run actions/checkout@v4	2026-02-20T20:38:26.5184570Z [command]/usr/bin/git -c protocol.version=2 fetch --no-tags --prune --no-recurse-submodules --depth=1 origin +98271b9a2fa3ca74f4337ffd01707b3bcb50a4d7:refs/remotes/origin/dev
Clippy (ubuntu-latest)	Run actions/checkout@v4	2026-02-20T20:38:27.4654122Z From https://github.com/water-rs/waterkit
Clippy (ubuntu-latest)	Run actions/checkout@v4	2026-02-20T20:38:27.4654781Z  * [new ref]         98271b9a2fa3ca74f4337ffd01707b3bcb50a4d7 -> origin/dev
Clippy (ubuntu-latest)	Run actions/checkout@v4	2026-02-20T20:38:27.4687295Z ##[endgroup]
Clippy (ubuntu-latest)	Run actions/checkout@v4	2026-02-20T20:38:27.4687877Z ##[group]Determining the checkout info
Clippy (ubuntu-latest)	Run actions/checkout@v4	2026-02-20T20:38:27.4690382Z ##[endgroup]
Clippy (ubuntu-latest)	Run actions/checkout@v4	2026-02-20T20:38:27.4696437Z [command]/usr/bin/git sparse-checkout disable
Clippy (ubuntu-latest)	Run actions/checkout@v4	2026-02-20T20:38:27.4737998Z [command]/usr/bin/git config --local --unset-all extensions.worktreeConfig
Clippy (ubuntu-latest)	Run actions/checkout@v4	2026-02-20T20:38:27.4763266Z ##[group]Checking out the ref
Clippy (ubuntu-latest)	Run actions/checkout@v4	2026-02-20T20:38:27.4768054Z [command]/usr/bin/git checkout --progress --force -B dev refs/remotes/origin/dev
Clippy (ubuntu-latest)	Run actions/checkout@v4	2026-02-20T20:38:27.5978159Z Switched to a new branch 'dev'
Clippy (ubuntu-latest)	Run actions/checkout@v4	2026-02-20T20:38:27.5979086Z branch 'dev' set up to track 'origin/dev'.
Clippy (ubuntu-latest)	Run actions/checkout@v4	2026-02-20T20:38:27.6002192Z ##[endgroup]
Clippy (ubuntu-latest)	Run actions/checkout@v4	2026-02-20T20:38:27.6041889Z [command]/usr/bin/git log -1 --format=%H
Clippy (ubuntu-latest)	Run actions/checkout@v4	2026-02-20T20:38:27.6065747Z 98271b9a2fa3ca74f4337ffd01707b3bcb50a4d7
Clippy (ubuntu-latest)	Run dtolnay/rust-toolchain@nightly	﻿2026-02-20T20:38:27.6399784Z ##[group]Run dtolnay/rust-toolchain@nightly
Clippy (ubuntu-latest)	Run dtolnay/rust-toolchain@nightly	2026-02-20T20:38:27.6400089Z with:
Clippy (ubuntu-latest)	Run dtolnay/rust-toolchain@nightly	2026-02-20T20:38:27.6400264Z   components: clippy
Clippy (ubuntu-latest)	Run dtolnay/rust-toolchain@nightly	2026-02-20T20:38:27.6400454Z   toolchain: nightly
Clippy (ubuntu-latest)	Run dtolnay/rust-toolchain@nightly	2026-02-20T20:38:27.6400650Z env:
Clippy (ubuntu-latest)	Run dtolnay/rust-toolchain@nightly	2026-02-20T20:38:27.6400816Z   CARGO_TERM_COLOR: always
Clippy (ubuntu-latest)	Run dtolnay/rust-toolchain@nightly	2026-02-20T20:38:27.6401018Z ##[endgroup]
Clippy (ubuntu-latest)	Run dtolnay/rust-toolchain@nightly	2026-02-20T20:38:27.6503212Z ##[group]Run : parse toolchain version
Clippy (ubuntu-latest)	Run dtolnay/rust-toolchain@nightly	2026-02-20T20:38:27.6503586Z [36;1m: parse toolchain version[0m
Clippy (ubuntu-latest)	Run dtolnay/rust-toolchain@nightly	2026-02-20T20:38:27.6503855Z [36;1mif [[ -z $toolchain ]]; then[0m
Clippy (ubuntu-latest)	Run dtolnay/rust-toolchain@nightly	2026-02-20T20:38:27.6504361Z [36;1m  # GitHub does not enforce `required: true` inputs itself. https://github.com/actions/runner/issues/1070[0m
Clippy (ubuntu-latest)	Run dtolnay/rust-toolchain@nightly	2026-02-20T20:38:27.6504910Z [36;1m  echo "'toolchain' is a required input" >&2[0m
Clippy (ubuntu-latest)	Run dtolnay/rust-toolchain@nightly	2026-02-20T20:38:27.6505185Z [36;1m  exit 1[0m
Clippy (ubuntu-latest)	Run dtolnay/rust-toolchain@nightly	2026-02-20T20:38:27.6505487Z [36;1melif [[ $toolchain =~ ^stable' '[0-9]+' '(year|month|week|day)s?' 'ago$ ]]; then[0m
Clippy (ubuntu-latest)	Run dtolnay/rust-toolchain@nightly	2026-02-20T20:38:27.6505878Z [36;1m  if [[ Linux == macOS ]]; then[0m
Clippy (ubuntu-latest)	Run dtolnay/rust-toolchain@nightly	2026-02-20T20:38:27.6506398Z [36;1m    echo "toolchain=1.$((($(date -v-$(sed 's/stable \([0-9]*\) \(.\).*/\1\2/' <<< $toolchain) +%s)/60/60/24-16569)/7/6))" >> $GITHUB_OUTPUT[0m
Clippy (ubuntu-latest)	Run dtolnay/rust-toolchain@nightly	2026-02-20T20:38:27.6506942Z [36;1m  else[0m
Clippy (ubuntu-latest)	Run dtolnay/rust-toolchain@nightly	2026-02-20T20:38:27.6507333Z [36;1m    echo "toolchain=1.$((($(date --date "${toolchain#stable }" +%s)/60/60/24-16569)/7/6))" >> $GITHUB_OUTPUT[0m
Clippy (ubuntu-latest)	Run dtolnay/rust-toolchain@nightly	2026-02-20T20:38:27.6507774Z [36;1m  fi[0m
Clippy (ubuntu-latest)	Run dtolnay/rust-toolchain@nightly	2026-02-20T20:38:27.6508041Z [36;1melif [[ $toolchain =~ ^stable' 'minus' '[0-9]+' 'releases?$ ]]; then[0m
Clippy (ubuntu-latest)	Run dtolnay/rust-toolchain@nightly	2026-02-20T20:38:27.6508545Z [36;1m  echo "toolchain=1.$((($(date +%s)/60/60/24-16569)/7/6-${toolchain//[^0-9]/}))" >> $GITHUB_OUTPUT[0m
Clippy (ubuntu-latest)	Run dtolnay/rust-toolchain@nightly	2026-02-20T20:38:27.6508980Z [36;1melif [[ $toolchain =~ ^1\.[0-9]+$ ]]; then[0m
Clippy (ubuntu-latest)	Run dtolnay/rust-toolchain@nightly	2026-02-20T20:38:27.6509494Z [36;1m  echo "toolchain=1.$((i=${toolchain#1.}, c=($(date +%s)/60/60/24-16569)/7/6, i+9*i*(10*i<=c)+90*i*(100*i<=c)))" >> $GITHUB_OUTPUT[0m
Clippy (ubuntu-latest)	Run dtolnay/rust-toolchain@nightly	2026-02-20T20:38:27.6509974Z [36;1melse[0m
Clippy (ubuntu-latest)	Run dtolnay/rust-toolchain@nightly	2026-02-20T20:38:27.6510194Z [36;1m  echo "toolchain=$toolchain" >> $GITHUB_OUTPUT[0m
Clippy (ubuntu-latest)	Run dtolnay/rust-toolchain@nightly	2026-02-20T20:38:27.6510476Z [36;1mfi[0m
Clippy (ubuntu-latest)	Run dtolnay/rust-toolchain@nightly	2026-02-20T20:38:27.6514533Z shell: bash --noprofile --norc -e -o pipefail {0}
Clippy (ubuntu-latest)	Run dtolnay/rust-toolchain@nightly	2026-02-20T20:38:27.6514844Z env:
Clippy (ubuntu-latest)	Run dtolnay/rust-toolchain@nightly	2026-02-20T20:38:27.6515011Z   CARGO_TERM_COLOR: always
Clippy (ubuntu-latest)	Run dtolnay/rust-toolchain@nightly	2026-02-20T20:38:27.6515221Z   toolchain: nightly
Clippy (ubuntu-latest)	Run dtolnay/rust-toolchain@nightly	2026-02-20T20:38:27.6515406Z ##[endgroup]
Clippy (ubuntu-latest)	Run dtolnay/rust-toolchain@nightly	2026-02-20T20:38:27.7296930Z ##[group]Run : construct rustup command line
Clippy (ubuntu-latest)	Run dtolnay/rust-toolchain@nightly	2026-02-20T20:38:27.7297280Z [36;1m: construct rustup command line[0m
Clippy (ubuntu-latest)	Run dtolnay/rust-toolchain@nightly	2026-02-20T20:38:27.7297725Z [36;1mecho "targets=$(for t in ${targets//,/ }; do echo -n ' --target' $t; done)" >> $GITHUB_OUTPUT[0m
Clippy (ubuntu-latest)	Run dtolnay/rust-toolchain@nightly	2026-02-20T20:38:27.7298337Z [36;1mecho "components=$(for c in ${components//,/ }; do echo -n ' --component' $c; done)" >> $GITHUB_OUTPUT[0m
Clippy (ubuntu-latest)	Run dtolnay/rust-toolchain@nightly	2026-02-20T20:38:27.7298857Z [36;1mecho "downgrade= --allow-downgrade" >> $GITHUB_OUTPUT[0m
Clippy (ubuntu-latest)	Run dtolnay/rust-toolchain@nightly	2026-02-20T20:38:27.7299317Z shell: bash --noprofile --norc -e -o pipefail {0}
Clippy (ubuntu-latest)	Run dtolnay/rust-toolchain@nightly	2026-02-20T20:38:27.7299585Z env:
Clippy (ubuntu-latest)	Run dtolnay/rust-toolchain@nightly	2026-02-20T20:38:27.7299758Z   CARGO_TERM_COLOR: always
Clippy (ubuntu-latest)	Run dtolnay/rust-toolchain@nightly	2026-02-20T20:38:27.7299971Z   targets: 
Clippy (ubuntu-latest)	Run dtolnay/rust-toolchain@nightly	2026-02-20T20:38:27.7300150Z   components: clippy
Clippy (ubuntu-latest)	Run dtolnay/rust-toolchain@nightly	2026-02-20T20:38:27.7300335Z ##[endgroup]
Clippy (ubuntu-latest)	Run dtolnay/rust-toolchain@nightly	2026-02-20T20:38:27.7870257Z ##[group]Run : set $CARGO_HOME
Clippy (ubuntu-latest)	Run dtolnay/rust-toolchain@nightly	2026-02-20T20:38:27.7870521Z [36;1m: set $CARGO_HOME[0m
Clippy (ubuntu-latest)	Run dtolnay/rust-toolchain@nightly	2026-02-20T20:38:27.7870820Z [36;1mecho CARGO_HOME=${CARGO_HOME:-"$HOME/.cargo"} >> $GITHUB_ENV[0m
Clippy (ubuntu-latest)	Run dtolnay/rust-toolchain@nightly	2026-02-20T20:38:27.7871317Z shell: bash --noprofile --norc -e -o pipefail {0}
Clippy (ubuntu-latest)	Run dtolnay/rust-toolchain@nightly	2026-02-20T20:38:27.7871595Z env:
Clippy (ubuntu-latest)	Run dtolnay/rust-toolchain@nightly	2026-02-20T20:38:27.7871759Z   CARGO_TERM_COLOR: always
Clippy (ubuntu-latest)	Run dtolnay/rust-toolchain@nightly	2026-02-20T20:38:27.7871961Z ##[endgroup]
Clippy (ubuntu-latest)	Run dtolnay/rust-toolchain@nightly	2026-02-20T20:38:27.8454042Z ##[group]Run : install rustup if needed
Clippy (ubuntu-latest)	Run dtolnay/rust-toolchain@nightly	2026-02-20T20:38:27.8454357Z [36;1m: install rustup if needed[0m
Clippy (ubuntu-latest)	Run dtolnay/rust-toolchain@nightly	2026-02-20T20:38:27.8454628Z [36;1mif ! command -v rustup &>/dev/null; then[0m
Clippy (ubuntu-latest)	Run dtolnay/rust-toolchain@nightly	2026-02-20T20:38:27.8455362Z [36;1m  curl --proto '=https' --tlsv1.2 --retry 10 --retry-connrefused --location --silent --show-error --fail https://sh.rustup.rs | sh -s -- --default-toolchain none -y[0m
Clippy (ubuntu-latest)	Run dtolnay/rust-toolchain@nightly	2026-02-20T20:38:27.8456072Z [36;1m  echo "$CARGO_HOME/bin" >> $GITHUB_PATH[0m
Clippy (ubuntu-latest)	Run dtolnay/rust-toolchain@nightly	2026-02-20T20:38:27.8456682Z [36;1mfi[0m
Clippy (ubuntu-latest)	Run dtolnay/rust-toolchain@nightly	2026-02-20T20:38:27.8457027Z shell: bash --noprofile --norc -e -o pipefail {0}
Clippy (ubuntu-latest)	Run dtolnay/rust-toolchain@nightly	2026-02-20T20:38:27.8457303Z env:
Clippy (ubuntu-latest)	Run dtolnay/rust-toolchain@nightly	2026-02-20T20:38:27.8457471Z   CARGO_TERM_COLOR: always
Clippy (ubuntu-latest)	Run dtolnay/rust-toolchain@nightly	2026-02-20T20:38:27.8457684Z   CARGO_HOME: /github/home/.cargo
Clippy (ubuntu-latest)	Run dtolnay/rust-toolchain@nightly	2026-02-20T20:38:27.8457906Z ##[endgroup]
Clippy (ubuntu-latest)	Run dtolnay/rust-toolchain@nightly	2026-02-20T20:38:27.9033402Z ##[group]Run rustup toolchain install nightly --component clippy --profile minimal --allow-downgrade --no-self-update
Clippy (ubuntu-latest)	Run dtolnay/rust-toolchain@nightly	2026-02-20T20:38:27.9034237Z [36;1mrustup toolchain install nightly --component clippy --profile minimal --allow-downgrade --no-self-update[0m
Clippy (ubuntu-latest)	Run dtolnay/rust-toolchain@nightly	2026-02-20T20:38:27.9034893Z shell: bash --noprofile --norc -e -o pipefail {0}
Clippy (ubuntu-latest)	Run dtolnay/rust-toolchain@nightly	2026-02-20T20:38:27.9035167Z env:
Clippy (ubuntu-latest)	Run dtolnay/rust-toolchain@nightly	2026-02-20T20:38:27.9035334Z   CARGO_TERM_COLOR: always
Clippy (ubuntu-latest)	Run dtolnay/rust-toolchain@nightly	2026-02-20T20:38:27.9035553Z   CARGO_HOME: /github/home/.cargo
Clippy (ubuntu-latest)	Run dtolnay/rust-toolchain@nightly	2026-02-20T20:38:27.9035784Z   RUSTUP_PERMIT_COPY_RENAME: 1
Clippy (ubuntu-latest)	Run dtolnay/rust-toolchain@nightly	2026-02-20T20:38:27.9035998Z ##[endgroup]
Clippy (ubuntu-latest)	Run dtolnay/rust-toolchain@nightly	2026-02-20T20:38:27.9643942Z info: syncing channel updates for 'nightly-x86_64-unknown-linux-gnu'
Clippy (ubuntu-latest)	Run dtolnay/rust-toolchain@nightly	2026-02-20T20:38:28.0854209Z info: latest update on 2026-02-20, rust version 1.95.0-nightly (7f99507f5 2026-02-19)
Clippy (ubuntu-latest)	Run dtolnay/rust-toolchain@nightly	2026-02-20T20:38:28.0855055Z info: downloading component 'cargo'
Clippy (ubuntu-latest)	Run dtolnay/rust-toolchain@nightly	2026-02-20T20:38:28.2001820Z info: downloading component 'clippy'
Clippy (ubuntu-latest)	Run dtolnay/rust-toolchain@nightly	2026-02-20T20:38:28.2771814Z info: downloading component 'rust-std'
Clippy (ubuntu-latest)	Run dtolnay/rust-toolchain@nightly	2026-02-20T20:38:28.5132983Z info: downloading component 'rustc'
Clippy (ubuntu-latest)	Run dtolnay/rust-toolchain@nightly	2026-02-20T20:38:29.5265764Z info: installing component 'cargo'
Clippy (ubuntu-latest)	Run dtolnay/rust-toolchain@nightly	2026-02-20T20:38:30.2374849Z info: installing component 'clippy'
Clippy (ubuntu-latest)	Run dtolnay/rust-toolchain@nightly	2026-02-20T20:38:30.6171228Z info: installing component 'rust-std'
Clippy (ubuntu-latest)	Run dtolnay/rust-toolchain@nightly	2026-02-20T20:38:32.5086886Z info: installing component 'rustc'
Clippy (ubuntu-latest)	Run dtolnay/rust-toolchain@nightly	2026-02-20T20:38:37.2498255Z 
Clippy (ubuntu-latest)	Run dtolnay/rust-toolchain@nightly	2026-02-20T20:38:37.2591684Z   nightly-x86_64-unknown-linux-gnu installed - rustc 1.95.0-nightly (7f99507f5 2026-02-19)
Clippy (ubuntu-latest)	Run dtolnay/rust-toolchain@nightly	2026-02-20T20:38:37.2592450Z 
Clippy (ubuntu-latest)	Run dtolnay/rust-toolchain@nightly	2026-02-20T20:38:37.2597744Z info: default toolchain set to 'nightly-x86_64-unknown-linux-gnu'
Clippy (ubuntu-latest)	Run dtolnay/rust-toolchain@nightly	2026-02-20T20:38:37.2673246Z ##[group]Run rustup default nightly
Clippy (ubuntu-latest)	Run dtolnay/rust-toolchain@nightly	2026-02-20T20:38:37.2673618Z [36;1mrustup default nightly[0m
Clippy (ubuntu-latest)	Run dtolnay/rust-toolchain@nightly	2026-02-20T20:38:37.2674022Z shell: bash --noprofile --norc -e -o pipefail {0}
Clippy (ubuntu-latest)	Run dtolnay/rust-toolchain@nightly	2026-02-20T20:38:37.2674297Z env:
Clippy (ubuntu-latest)	Run dtolnay/rust-toolchain@nightly	2026-02-20T20:38:37.2674462Z   CARGO_TERM_COLOR: always
Clippy (ubuntu-latest)	Run dtolnay/rust-toolchain@nightly	2026-02-20T20:38:37.2674684Z   CARGO_HOME: /github/home/.cargo
Clippy (ubuntu-latest)	Run dtolnay/rust-toolchain@nightly	2026-02-20T20:38:37.2674904Z ##[endgroup]
Clippy (ubuntu-latest)	Run dtolnay/rust-toolchain@nightly	2026-02-20T20:38:37.3245233Z info: using existing install for 'nightly-x86_64-unknown-linux-gnu'
Clippy (ubuntu-latest)	Run dtolnay/rust-toolchain@nightly	2026-02-20T20:38:37.3540411Z info: default toolchain set to 'nightly-x86_64-unknown-linux-gnu'
Clippy (ubuntu-latest)	Run dtolnay/rust-toolchain@nightly	2026-02-20T20:38:37.3540918Z 
Clippy (ubuntu-latest)	Run dtolnay/rust-toolchain@nightly	2026-02-20T20:38:37.3631245Z   nightly-x86_64-unknown-linux-gnu unchanged - rustc 1.95.0-nightly (7f99507f5 2026-02-19)
Clippy (ubuntu-latest)	Run dtolnay/rust-toolchain@nightly	2026-02-20T20:38:37.3631897Z 
Clippy (ubuntu-latest)	Run dtolnay/rust-toolchain@nightly	2026-02-20T20:38:37.3699566Z ##[group]Run : create cachekey
Clippy (ubuntu-latest)	Run dtolnay/rust-toolchain@nightly	2026-02-20T20:38:37.3699831Z [36;1m: create cachekey[0m
Clippy (ubuntu-latest)	Run dtolnay/rust-toolchain@nightly	2026-02-20T20:38:37.3700318Z [36;1mDATE=$(rustc +nightly --version --verbose | sed -ne 's/^commit-date: \(20[0-9][0-9]\)-\([01][0-9]\)-\([0-3][0-9]\)$/\1\2\3/p')[0m
Clippy (ubuntu-latest)	Run dtolnay/rust-toolchain@nightly	2026-02-20T20:38:37.3700969Z [36;1mHASH=$(rustc +nightly --version --verbose | sed -ne 's/^commit-hash: //p')[0m
Clippy (ubuntu-latest)	Run dtolnay/rust-toolchain@nightly	2026-02-20T20:38:37.3701452Z [36;1mecho "cachekey=$(echo $DATE$HASH | head -c12)" >> $GITHUB_OUTPUT[0m
Clippy (ubuntu-latest)	Run dtolnay/rust-toolchain@nightly	2026-02-20T20:38:37.3701959Z shell: bash --noprofile --norc -e -o pipefail {0}
Clippy (ubuntu-latest)	Run dtolnay/rust-toolchain@nightly	2026-02-20T20:38:37.3702229Z env:
Clippy (ubuntu-latest)	Run dtolnay/rust-toolchain@nightly	2026-02-20T20:38:37.3702392Z   CARGO_TERM_COLOR: always
Clippy (ubuntu-latest)	Run dtolnay/rust-toolchain@nightly	2026-02-20T20:38:37.3702611Z   CARGO_HOME: /github/home/.cargo
Clippy (ubuntu-latest)	Run dtolnay/rust-toolchain@nightly	2026-02-20T20:38:37.3703191Z ##[endgroup]
Clippy (ubuntu-latest)	Run dtolnay/rust-toolchain@nightly	2026-02-20T20:38:37.4586046Z ##[group]Run : disable incremental compilation
Clippy (ubuntu-latest)	Run dtolnay/rust-toolchain@nightly	2026-02-20T20:38:37.4586393Z [36;1m: disable incremental compilation[0m
Clippy (ubuntu-latest)	Run dtolnay/rust-toolchain@nightly	2026-02-20T20:38:37.4586692Z [36;1mif [ -z "${CARGO_INCREMENTAL+set}" ]; then[0m
Clippy (ubuntu-latest)	Run dtolnay/rust-toolchain@nightly	2026-02-20T20:38:37.4587004Z [36;1m  echo CARGO_INCREMENTAL=0 >> $GITHUB_ENV[0m
Clippy (ubuntu-latest)	Run dtolnay/rust-toolchain@nightly	2026-02-20T20:38:37.4587268Z [36;1mfi[0m
Clippy (ubuntu-latest)	Run dtolnay/rust-toolchain@nightly	2026-02-20T20:38:37.4587588Z shell: bash --noprofile --norc -e -o pipefail {0}
Clippy (ubuntu-latest)	Run dtolnay/rust-toolchain@nightly	2026-02-20T20:38:37.4587861Z env:
Clippy (ubuntu-latest)	Run dtolnay/rust-toolchain@nightly	2026-02-20T20:38:37.4588024Z   CARGO_TERM_COLOR: always
Clippy (ubuntu-latest)	Run dtolnay/rust-toolchain@nightly	2026-02-20T20:38:37.4588423Z   CARGO_HOME: /github/home/.cargo
Clippy (ubuntu-latest)	Run dtolnay/rust-toolchain@nightly	2026-02-20T20:38:37.4588793Z ##[endgroup]
Clippy (ubuntu-latest)	Run dtolnay/rust-toolchain@nightly	2026-02-20T20:38:37.5183886Z ##[group]Run : enable colors in Cargo output
Clippy (ubuntu-latest)	Run dtolnay/rust-toolchain@nightly	2026-02-20T20:38:37.5184247Z [36;1m: enable colors in Cargo output[0m
Clippy (ubuntu-latest)	Run dtolnay/rust-toolchain@nightly	2026-02-20T20:38:37.5184542Z [36;1mif [ -z "${CARGO_TERM_COLOR+set}" ]; then[0m
Clippy (ubuntu-latest)	Run dtolnay/rust-toolchain@nightly	2026-02-20T20:38:37.5184851Z [36;1m  echo CARGO_TERM_COLOR=always >> $GITHUB_ENV[0m
Clippy (ubuntu-latest)	Run dtolnay/rust-toolchain@nightly	2026-02-20T20:38:37.5185118Z [36;1mfi[0m
Clippy (ubuntu-latest)	Run dtolnay/rust-toolchain@nightly	2026-02-20T20:38:37.5185609Z shell: bash --noprofile --norc -e -o pipefail {0}
Clippy (ubuntu-latest)	Run dtolnay/rust-toolchain@nightly	2026-02-20T20:38:37.5185876Z env:
Clippy (ubuntu-latest)	Run dtolnay/rust-toolchain@nightly	2026-02-20T20:38:37.5186045Z   CARGO_TERM_COLOR: always
Clippy (ubuntu-latest)	Run dtolnay/rust-toolchain@nightly	2026-02-20T20:38:37.5186254Z   CARGO_HOME: /github/home/.cargo
Clippy (ubuntu-latest)	Run dtolnay/rust-toolchain@nightly	2026-02-20T20:38:37.5186481Z   CARGO_INCREMENTAL: 0
Clippy (ubuntu-latest)	Run dtolnay/rust-toolchain@nightly	2026-02-20T20:38:37.5186667Z ##[endgroup]
Clippy (ubuntu-latest)	Run dtolnay/rust-toolchain@nightly	2026-02-20T20:38:37.5749384Z ##[group]Run : enable Cargo sparse registry
Clippy (ubuntu-latest)	Run dtolnay/rust-toolchain@nightly	2026-02-20T20:38:37.5749946Z [36;1m: enable Cargo sparse registry[0m
Clippy (ubuntu-latest)	Run dtolnay/rust-toolchain@nightly	2026-02-20T20:38:37.5750552Z [36;1m# implemented in 1.66, stabilized in 1.68, made default in 1.70[0m
Clippy (ubuntu-latest)	Run dtolnay/rust-toolchain@nightly	2026-02-20T20:38:37.5751771Z [36;1mif [ -z "${CARGO_REGISTRIES_CRATES_IO_PROTOCOL+set}" -o -f "/home/runner/work/_temp"/.implicit_cargo_registries_crates_io_protocol ]; then[0m
Clippy (ubuntu-latest)	Run dtolnay/rust-toolchain@nightly	2026-02-20T20:38:37.5753543Z [36;1m  if rustc +nightly --version --verbose | grep -q '^release: 1\.6[89]\.'; then[0m
Clippy (ubuntu-latest)	Run dtolnay/rust-toolchain@nightly	2026-02-20T20:38:37.5754562Z [36;1m    touch "/home/runner/work/_temp"/.implicit_cargo_registries_crates_io_protocol || true[0m
Clippy (ubuntu-latest)	Run dtolnay/rust-toolchain@nightly	2026-02-20T20:38:37.5755484Z [36;1m    echo CARGO_REGISTRIES_CRATES_IO_PROTOCOL=sparse >> $GITHUB_ENV[0m
Clippy (ubuntu-latest)	Run dtolnay/rust-toolchain@nightly	2026-02-20T20:38:37.5756375Z [36;1m  elif rustc +nightly --version --verbose | grep -q '^release: 1\.6[67]\.'; then[0m
Clippy (ubuntu-latest)	Run dtolnay/rust-toolchain@nightly	2026-02-20T20:38:37.5757366Z [36;1m    touch "/home/runner/work/_temp"/.implicit_cargo_registries_crates_io_protocol || true[0m
Clippy (ubuntu-latest)	Run dtolnay/rust-toolchain@nightly	2026-02-20T20:38:37.5758275Z [36;1m    echo CARGO_REGISTRIES_CRATES_IO_PROTOCOL=git >> $GITHUB_ENV[0m
Clippy (ubuntu-latest)	Run dtolnay/rust-toolchain@nightly	2026-02-20T20:38:37.5758861Z [36;1m  fi[0m
Clippy (ubuntu-latest)	Run dtolnay/rust-toolchain@nightly	2026-02-20T20:38:37.5759148Z [36;1mfi[0m
Clippy (ubuntu-latest)	Run dtolnay/rust-toolchain@nightly	2026-02-20T20:38:37.5759672Z shell: bash --noprofile --norc -e -o pipefail {0}
Clippy (ubuntu-latest)	Run dtolnay/rust-toolchain@nightly	2026-02-20T20:38:37.5760177Z env:
Clippy (ubuntu-latest)	Run dtolnay/rust-toolchain@nightly	2026-02-20T20:38:37.5760485Z   CARGO_TERM_COLOR: always
Clippy (ubuntu-latest)	Run dtolnay/rust-toolchain@nightly	2026-02-20T20:38:37.5760871Z   CARGO_HOME: /github/home/.cargo
Clippy (ubuntu-latest)	Run dtolnay/rust-toolchain@nightly	2026-02-20T20:38:37.5761279Z   CARGO_INCREMENTAL: 0
Clippy (ubuntu-latest)	Run dtolnay/rust-toolchain@nightly	2026-02-20T20:38:37.5761617Z ##[endgroup]
Clippy (ubuntu-latest)	Run dtolnay/rust-toolchain@nightly	2026-02-20T20:38:37.6715924Z ##[group]Run : work around spurious network errors in curl 8.0
Clippy (ubuntu-latest)	Run dtolnay/rust-toolchain@nightly	2026-02-20T20:38:37.6716350Z [36;1m: work around spurious network errors in curl 8.0[0m
Clippy (ubuntu-latest)	Run dtolnay/rust-toolchain@nightly	2026-02-20T20:38:37.6716920Z [36;1m# https://rust-lang.zulipchat.com/#narrow/stream/246057-t-cargo/topic/timeout.20investigation[0m
Clippy (ubuntu-latest)	Run dtolnay/rust-toolchain@nightly	2026-02-20T20:38:37.6717531Z [36;1mif rustc +nightly --version --verbose | grep -q '^release: 1\.7[01]\.'; then[0m
Clippy (ubuntu-latest)	Run dtolnay/rust-toolchain@nightly	2026-02-20T20:38:37.6717974Z [36;1m  echo CARGO_HTTP_MULTIPLEXING=false >> $GITHUB_ENV[0m
Clippy (ubuntu-latest)	Run dtolnay/rust-toolchain@nightly	2026-02-20T20:38:37.6718266Z [36;1mfi[0m
Clippy (ubuntu-latest)	Run dtolnay/rust-toolchain@nightly	2026-02-20T20:38:37.6718581Z shell: bash --noprofile --norc -e -o pipefail {0}
Clippy (ubuntu-latest)	Run dtolnay/rust-toolchain@nightly	2026-02-20T20:38:37.6718851Z env:
Clippy (ubuntu-latest)	Run dtolnay/rust-toolchain@nightly	2026-02-20T20:38:37.6719015Z   CARGO_TERM_COLOR: always
Clippy (ubuntu-latest)	Run dtolnay/rust-toolchain@nightly	2026-02-20T20:38:37.6719246Z   CARGO_HOME: /github/home/.cargo
Clippy (ubuntu-latest)	Run dtolnay/rust-toolchain@nightly	2026-02-20T20:38:37.6719481Z   CARGO_INCREMENTAL: 0
Clippy (ubuntu-latest)	Run dtolnay/rust-toolchain@nightly	2026-02-20T20:38:37.6719665Z ##[endgroup]
Clippy (ubuntu-latest)	Run dtolnay/rust-toolchain@nightly	2026-02-20T20:38:37.7473929Z ##[group]Run rustc +nightly --version --verbose
Clippy (ubuntu-latest)	Run dtolnay/rust-toolchain@nightly	2026-02-20T20:38:37.7474381Z [36;1mrustc +nightly --version --verbose[0m
Clippy (ubuntu-latest)	Run dtolnay/rust-toolchain@nightly	2026-02-20T20:38:37.7474761Z shell: bash --noprofile --norc -e -o pipefail {0}
Clippy (ubuntu-latest)	Run dtolnay/rust-toolchain@nightly	2026-02-20T20:38:37.7475030Z env:
Clippy (ubuntu-latest)	Run dtolnay/rust-toolchain@nightly	2026-02-20T20:38:37.7475200Z   CARGO_TERM_COLOR: always
Clippy (ubuntu-latest)	Run dtolnay/rust-toolchain@nightly	2026-02-20T20:38:37.7475411Z   CARGO_HOME: /github/home/.cargo
Clippy (ubuntu-latest)	Run dtolnay/rust-toolchain@nightly	2026-02-20T20:38:37.7475636Z   CARGO_INCREMENTAL: 0
Clippy (ubuntu-latest)	Run dtolnay/rust-toolchain@nightly	2026-02-20T20:38:37.7475821Z ##[endgroup]
Clippy (ubuntu-latest)	Run dtolnay/rust-toolchain@nightly	2026-02-20T20:38:37.8110750Z rustc 1.95.0-nightly (7f99507f5 2026-02-19)
Clippy (ubuntu-latest)	Run dtolnay/rust-toolchain@nightly	2026-02-20T20:38:37.8111334Z binary: rustc
Clippy (ubuntu-latest)	Run dtolnay/rust-toolchain@nightly	2026-02-20T20:38:37.8114104Z commit-hash: 7f99507f57e6c4aa0dce3daf6a13cca8cd4dd312
Clippy (ubuntu-latest)	Run dtolnay/rust-toolchain@nightly	2026-02-20T20:38:37.8114673Z commit-date: 2026-02-19
Clippy (ubuntu-latest)	Run dtolnay/rust-toolchain@nightly	2026-02-20T20:38:37.8115057Z host: x86_64-unknown-linux-gnu
Clippy (ubuntu-latest)	Run dtolnay/rust-toolchain@nightly	2026-02-20T20:38:37.8115447Z release: 1.95.0-nightly
Clippy (ubuntu-latest)	Run dtolnay/rust-toolchain@nightly	2026-02-20T20:38:37.8115809Z LLVM version: 22.1.0
Clippy (ubuntu-latest)	Run Swatinem/rust-cache@v2	﻿2026-02-20T20:38:37.8235647Z ##[group]Run Swatinem/rust-cache@v2
Clippy (ubuntu-latest)	Run Swatinem/rust-cache@v2	2026-02-20T20:38:37.8235903Z with:
Clippy (ubuntu-latest)	Run Swatinem/rust-cache@v2	2026-02-20T20:38:37.8236091Z   shared-key: clippy-ubuntu-latest
Clippy (ubuntu-latest)	Run Swatinem/rust-cache@v2	2026-02-20T20:38:37.8236336Z   prefix-key: v0-rust
Clippy (ubuntu-latest)	Run Swatinem/rust-cache@v2	2026-02-20T20:38:37.8236529Z   add-job-id-key: true
Clippy (ubuntu-latest)	Run Swatinem/rust-cache@v2	2026-02-20T20:38:37.8236745Z   add-rust-environment-hash-key: true
Clippy (ubuntu-latest)	Run Swatinem/rust-cache@v2	2026-02-20T20:38:37.8236987Z   cache-targets: true
Clippy (ubuntu-latest)	Run Swatinem/rust-cache@v2	2026-02-20T20:38:37.8237179Z   cache-all-crates: false
Clippy (ubuntu-latest)	Run Swatinem/rust-cache@v2	2026-02-20T20:38:37.8237395Z   cache-workspace-crates: false
Clippy (ubuntu-latest)	Run Swatinem/rust-cache@v2	2026-02-20T20:38:37.8237612Z   save-if: true
Clippy (ubuntu-latest)	Run Swatinem/rust-cache@v2	2026-02-20T20:38:37.8237787Z   cache-provider: github
Clippy (ubuntu-latest)	Run Swatinem/rust-cache@v2	2026-02-20T20:38:37.8237982Z   cache-bin: true
Clippy (ubuntu-latest)	Run Swatinem/rust-cache@v2	2026-02-20T20:38:37.8238154Z   lookup-only: false
Clippy (ubuntu-latest)	Run Swatinem/rust-cache@v2	2026-02-20T20:38:37.8238329Z env:
Clippy (ubuntu-latest)	Run Swatinem/rust-cache@v2	2026-02-20T20:38:37.8238488Z   CARGO_TERM_COLOR: always
Clippy (ubuntu-latest)	Run Swatinem/rust-cache@v2	2026-02-20T20:38:37.8238695Z   CARGO_HOME: /github/home/.cargo
Clippy (ubuntu-latest)	Run Swatinem/rust-cache@v2	2026-02-20T20:38:37.8238919Z   CARGO_INCREMENTAL: 0
Clippy (ubuntu-latest)	Run Swatinem/rust-cache@v2	2026-02-20T20:38:37.8239102Z ##[endgroup]
Clippy (ubuntu-latest)	Run Swatinem/rust-cache@v2	2026-02-20T20:38:37.8243102Z ##[command]/usr/bin/docker exec  df0e815e380f508bd33e515214175e0a0a0579dd03947f001014ca59334b9764 sh -c "cat /etc/*release | grep ^ID"
Clippy (ubuntu-latest)	Run Swatinem/rust-cache@v2	2026-02-20T20:38:38.4383673Z ##[group]Cache Configuration
Clippy (ubuntu-latest)	Run Swatinem/rust-cache@v2	2026-02-20T20:38:38.4384198Z Cache Provider:
Clippy (ubuntu-latest)	Run Swatinem/rust-cache@v2	2026-02-20T20:38:38.4384505Z     github
Clippy (ubuntu-latest)	Run Swatinem/rust-cache@v2	2026-02-20T20:38:38.4384821Z Workspaces:
Clippy (ubuntu-latest)	Run Swatinem/rust-cache@v2	2026-02-20T20:38:38.4385637Z     /__w/waterkit/waterkit
Clippy (ubuntu-latest)	Run Swatinem/rust-cache@v2	2026-02-20T20:38:38.4386250Z Cache Paths:
Clippy (ubuntu-latest)	Run Swatinem/rust-cache@v2	2026-02-20T20:38:38.4386562Z     /github/home/.cargo/bin
Clippy (ubuntu-latest)	Run Swatinem/rust-cache@v2	2026-02-20T20:38:38.4386943Z     /github/home/.cargo/.crates.toml
Clippy (ubuntu-latest)	Run Swatinem/rust-cache@v2	2026-02-20T20:38:38.4387379Z     /github/home/.cargo/.crates2.json
Clippy (ubuntu-latest)	Run Swatinem/rust-cache@v2	2026-02-20T20:38:38.4387824Z     /github/home/.cargo/registry
Clippy (ubuntu-latest)	Run Swatinem/rust-cache@v2	2026-02-20T20:38:38.4388226Z     /github/home/.cargo/git
Clippy (ubuntu-latest)	Run Swatinem/rust-cache@v2	2026-02-20T20:38:38.4388594Z     /__w/waterkit/waterkit/target
Clippy (ubuntu-latest)	Run Swatinem/rust-cache@v2	2026-02-20T20:38:38.4388988Z Restore Key:
Clippy (ubuntu-latest)	Run Swatinem/rust-cache@v2	2026-02-20T20:38:38.4389393Z     v0-rust-clippy-ubuntu-latest-Linux-x64-445d2973
Clippy (ubuntu-latest)	Run Swatinem/rust-cache@v2	2026-02-20T20:38:38.4389895Z Cache Key:
Clippy (ubuntu-latest)	Run Swatinem/rust-cache@v2	2026-02-20T20:38:38.4390280Z     v0-rust-clippy-ubuntu-latest-Linux-x64-445d2973-892e6ec8
Clippy (ubuntu-latest)	Run Swatinem/rust-cache@v2	2026-02-20T20:38:38.4390809Z .. Prefix:
Clippy (ubuntu-latest)	Run Swatinem/rust-cache@v2	2026-02-20T20:38:38.4391182Z   - v0-rust-clippy-ubuntu-latest-Linux-x64
Clippy (ubuntu-latest)	Run Swatinem/rust-cache@v2	2026-02-20T20:38:38.4391615Z .. Environment considered:
Clippy (ubuntu-latest)	Run Swatinem/rust-cache@v2	2026-02-20T20:38:38.4392254Z   - Rust Version: 1.95.0-nightly x86_64-unknown-linux-gnu (7f99507f57e6c4aa0dce3daf6a13cca8cd4dd312)
Clippy (ubuntu-latest)	Run Swatinem/rust-cache@v2	2026-02-20T20:38:38.4393123Z   - CARGO_HOME
Clippy (ubuntu-latest)	Run Swatinem/rust-cache@v2	2026-02-20T20:38:38.4393449Z   - CARGO_INCREMENTAL
Clippy (ubuntu-latest)	Run Swatinem/rust-cache@v2	2026-02-20T20:38:38.4393795Z   - CARGO_TERM_COLOR
Clippy (ubuntu-latest)	Run Swatinem/rust-cache@v2	2026-02-20T20:38:38.4394136Z .. Lockfiles considered:
Clippy (ubuntu-latest)	Run Swatinem/rust-cache@v2	2026-02-20T20:38:38.4394539Z   - /__w/waterkit/waterkit/audio/Cargo.toml
Clippy (ubuntu-latest)	Run Swatinem/rust-cache@v2	2026-02-20T20:38:38.4395027Z   - /__w/waterkit/waterkit/background/Cargo.toml
Clippy (ubuntu-latest)	Run Swatinem/rust-cache@v2	2026-02-20T20:38:38.4395411Z   - /__w/waterkit/waterkit/biometric/Cargo.toml
Clippy (ubuntu-latest)	Run Swatinem/rust-cache@v2	2026-02-20T20:38:38.4395720Z   - /__w/waterkit/waterkit/bluetooth/Cargo.toml
Clippy (ubuntu-latest)	Run Swatinem/rust-cache@v2	2026-02-20T20:38:38.4396003Z   - /__w/waterkit/waterkit/calendar/Cargo.toml
Clippy (ubuntu-latest)	Run Swatinem/rust-cache@v2	2026-02-20T20:38:38.4396280Z   - /__w/waterkit/waterkit/camera/Cargo.toml
Clippy (ubuntu-latest)	Run Swatinem/rust-cache@v2	2026-02-20T20:38:38.4396540Z   - /__w/waterkit/waterkit/Cargo.toml
Clippy (ubuntu-latest)	Run Swatinem/rust-cache@v2	2026-02-20T20:38:38.4396810Z   - /__w/waterkit/waterkit/clipboard/Cargo.toml
Clippy (ubuntu-latest)	Run Swatinem/rust-cache@v2	2026-02-20T20:38:38.4397088Z   - /__w/waterkit/waterkit/codec/Cargo.toml
Clippy (ubuntu-latest)	Run Swatinem/rust-cache@v2	2026-02-20T20:38:38.4397353Z   - /__w/waterkit/waterkit/contacts/Cargo.toml
Clippy (ubuntu-latest)	Run Swatinem/rust-cache@v2	2026-02-20T20:38:38.4397618Z   - /__w/waterkit/waterkit/deeplink/Cargo.toml
Clippy (ubuntu-latest)	Run Swatinem/rust-cache@v2	2026-02-20T20:38:38.4397886Z   - /__w/waterkit/waterkit/dialog/Cargo.toml
Clippy (ubuntu-latest)	Run Swatinem/rust-cache@v2	2026-02-20T20:38:38.4398137Z   - /__w/waterkit/waterkit/fs/Cargo.toml
Clippy (ubuntu-latest)	Run Swatinem/rust-cache@v2	2026-02-20T20:38:38.4398395Z   - /__w/waterkit/waterkit/haptic/Cargo.toml
Clippy (ubuntu-latest)	Run Swatinem/rust-cache@v2	2026-02-20T20:38:38.4398649Z   - /__w/waterkit/waterkit/health/Cargo.toml
Clippy (ubuntu-latest)	Run Swatinem/rust-cache@v2	2026-02-20T20:38:38.4398995Z   - /__w/waterkit/waterkit/location/Cargo.toml
Clippy (ubuntu-latest)	Run Swatinem/rust-cache@v2	2026-02-20T20:38:38.4399395Z   - /__w/waterkit/waterkit/nfc/Cargo.toml
Clippy (ubuntu-latest)	Run Swatinem/rust-cache@v2	2026-02-20T20:38:38.4399890Z   - /__w/waterkit/waterkit/notification/Cargo.toml
Clippy (ubuntu-latest)	Run Swatinem/rust-cache@v2	2026-02-20T20:38:38.4400412Z   - /__w/waterkit/waterkit/passkey/Cargo.toml
Clippy (ubuntu-latest)	Run Swatinem/rust-cache@v2	2026-02-20T20:38:38.4400899Z   - /__w/waterkit/waterkit/permission/Cargo.toml
Clippy (ubuntu-latest)	Run Swatinem/rust-cache@v2	2026-02-20T20:38:38.4401312Z   - /__w/waterkit/waterkit/screen/Cargo.toml
Clippy (ubuntu-latest)	Run Swatinem/rust-cache@v2	2026-02-20T20:38:38.4401903Z   - /__w/waterkit/waterkit/secret/Cargo.toml
Clippy (ubuntu-latest)	Run Swatinem/rust-cache@v2	2026-02-20T20:38:38.4402375Z   - /__w/waterkit/waterkit/sensor/Cargo.toml
Clippy (ubuntu-latest)	Run Swatinem/rust-cache@v2	2026-02-20T20:38:38.4402635Z   - /__w/waterkit/waterkit/share/Cargo.toml
Clippy (ubuntu-latest)	Run Swatinem/rust-cache@v2	2026-02-20T20:38:38.4403164Z   - /__w/waterkit/waterkit/speech/Cargo.toml
Clippy (ubuntu-latest)	Run Swatinem/rust-cache@v2	2026-02-20T20:38:38.4403456Z   - /__w/waterkit/waterkit/system/Cargo.toml
Clippy (ubuntu-latest)	Run Swatinem/rust-cache@v2	2026-02-20T20:38:38.4403948Z   - /__w/waterkit/waterkit/tests/android/rust/Cargo.toml
Clippy (ubuntu-latest)	Run Swatinem/rust-cache@v2	2026-02-20T20:38:38.4404278Z   - /__w/waterkit/waterkit/tests/ios/rust/Cargo.toml
Clippy (ubuntu-latest)	Run Swatinem/rust-cache@v2	2026-02-20T20:38:38.4404678Z   - /__w/waterkit/waterkit/tests/linux/rust/Cargo.toml
Clippy (ubuntu-latest)	Run Swatinem/rust-cache@v2	2026-02-20T20:38:38.4405114Z   - /__w/waterkit/waterkit/tests/macos/audio/Cargo.toml
Clippy (ubuntu-latest)	Run Swatinem/rust-cache@v2	2026-02-20T20:38:38.4405471Z   - /__w/waterkit/waterkit/tests/macos/biometric/Cargo.toml
Clippy (ubuntu-latest)	Run Swatinem/rust-cache@v2	2026-02-20T20:38:38.4405965Z   - /__w/waterkit/waterkit/tests/macos/camera/Cargo.toml
Clippy (ubuntu-latest)	Run Swatinem/rust-cache@v2	2026-02-20T20:38:38.4406287Z   - /__w/waterkit/waterkit/tests/macos/codec/Cargo.toml
Clippy (ubuntu-latest)	Run Swatinem/rust-cache@v2	2026-02-20T20:38:38.4406602Z   - /__w/waterkit/waterkit/tests/macos/dialog/Cargo.toml
Clippy (ubuntu-latest)	Run Swatinem/rust-cache@v2	2026-02-20T20:38:38.4406938Z   - /__w/waterkit/waterkit/tests/macos/location/Cargo.toml
Clippy (ubuntu-latest)	Run Swatinem/rust-cache@v2	2026-02-20T20:38:38.4407383Z   - /__w/waterkit/waterkit/tests/macos/notification/Cargo.toml
Clippy (ubuntu-latest)	Run Swatinem/rust-cache@v2	2026-02-20T20:38:38.4407838Z   - /__w/waterkit/waterkit/tests/macos/passkey/Cargo.toml
Clippy (ubuntu-latest)	Run Swatinem/rust-cache@v2	2026-02-20T20:38:38.4408258Z   - /__w/waterkit/waterkit/tests/macos/sensor/Cargo.toml
Clippy (ubuntu-latest)	Run Swatinem/rust-cache@v2	2026-02-20T20:38:38.4408658Z   - /__w/waterkit/waterkit/tests/macos/video/Cargo.toml
Clippy (ubuntu-latest)	Run Swatinem/rust-cache@v2	2026-02-20T20:38:38.4409110Z   - /__w/waterkit/waterkit/tests/shared/dialog-demo/Cargo.toml
Clippy (ubuntu-latest)	Run Swatinem/rust-cache@v2	2026-02-20T20:38:38.4409517Z   - /__w/waterkit/waterkit/tests/windows/rust/Cargo.toml
Clippy (ubuntu-latest)	Run Swatinem/rust-cache@v2	2026-02-20T20:38:38.4409839Z   - /__w/waterkit/waterkit/tools/waterkit-test/Cargo.toml
Clippy (ubuntu-latest)	Run Swatinem/rust-cache@v2	2026-02-20T20:38:38.4410137Z   - /__w/waterkit/waterkit/video/Cargo.toml
Clippy (ubuntu-latest)	Run Swatinem/rust-cache@v2	2026-02-20T20:38:38.4410427Z   - /__w/waterkit/waterkit/waterkit-build/Cargo.toml
Clippy (ubuntu-latest)	Run Swatinem/rust-cache@v2	2026-02-20T20:38:38.4410878Z ##[endgroup]
Clippy (ubuntu-latest)	Run Swatinem/rust-cache@v2	2026-02-20T20:38:38.4410985Z 
Clippy (ubuntu-latest)	Run Swatinem/rust-cache@v2	2026-02-20T20:38:38.4411063Z ... Restoring cache ...
Clippy (ubuntu-latest)	Run Swatinem/rust-cache@v2	2026-02-20T20:38:38.5202451Z No cache found.
Clippy (ubuntu-latest)	Run cargo clippy --all-targets --all-features -- -D warnings	﻿2026-02-20T20:38:38.5351824Z ##[group]Run cargo clippy --all-targets --all-features -- -D warnings
Clippy (ubuntu-latest)	Run cargo clippy --all-targets --all-features -- -D warnings	2026-02-20T20:38:38.5352706Z [36;1mcargo clippy --all-targets --all-features -- -D warnings[0m
Clippy (ubuntu-latest)	Run cargo clippy --all-targets --all-features -- -D warnings	2026-02-20T20:38:38.5355433Z shell: sh -e {0}
Clippy (ubuntu-latest)	Run cargo clippy --all-targets --all-features -- -D warnings	2026-02-20T20:38:38.5355760Z env:
Clippy (ubuntu-latest)	Run cargo clippy --all-targets --all-features -- -D warnings	2026-02-20T20:38:38.5356038Z   CARGO_TERM_COLOR: always
Clippy (ubuntu-latest)	Run cargo clippy --all-targets --all-features -- -D warnings	2026-02-20T20:38:38.5356410Z   CARGO_HOME: /github/home/.cargo
Clippy (ubuntu-latest)	Run cargo clippy --all-targets --all-features -- -D warnings	2026-02-20T20:38:38.5356797Z   CARGO_INCREMENTAL: 0
Clippy (ubuntu-latest)	Run cargo clippy --all-targets --all-features -- -D warnings	2026-02-20T20:38:38.5357141Z   CACHE_ON_FAILURE: false
Clippy (ubuntu-latest)	Run cargo clippy --all-targets --all-features -- -D warnings	2026-02-20T20:38:38.5357473Z ##[endgroup]
Clippy (ubuntu-latest)	Run cargo clippy --all-targets --all-features -- -D warnings	2026-02-20T20:38:38.7231154Z [1m[92m    Updating[0m crates.io index
Clippy (ubuntu-latest)	Run cargo clippy --all-targets --all-features -- -D warnings	2026-02-20T20:38:40.7294579Z [1m[92m     Locking[0m 779 packages to latest compatible versions
Clippy (ubuntu-latest)	Run cargo clippy --all-targets --all-features -- -D warnings	2026-02-20T20:38:40.7445725Z [1m[92m      Adding[0m cpal v0.15.3 [1m[33m(available: v0.17.3)[0m
Clippy (ubuntu-latest)	Run cargo clippy --all-targets --all-features -- -D warnings	2026-02-20T20:38:40.7470584Z [1m[92m      Adding[0m ffmpeg-next v7.1.0 [1m[33m(available: v8.0.0)[0m
Clippy (ubuntu-latest)	Run cargo clippy --all-targets --all-features -- -D warnings	2026-02-20T20:38:40.7483883Z [1m[92m      Adding[0m generic-array v0.14.7 [1m[33m(available: v0.14.9)[0m
Clippy (ubuntu-latest)	Run cargo clippy --all-targets --all-features -- -D warnings	2026-02-20T20:38:40.7566126Z [1m[92m      Adding[0m jni v0.21.1 [1m[33m(available: v0.22.1)[0m
Clippy (ubuntu-latest)	Run cargo clippy --all-targets --all-features -- -D warnings	2026-02-20T20:38:40.7595773Z [1m[92m      Adding[0m lofty v0.21.1 [1m[33m(available: v0.23.2)[0m
Clippy (ubuntu-latest)	Run cargo clippy --all-targets --all-features -- -D warnings	2026-02-20T20:38:40.7710341Z [1m[92m      Adding[0m rfd v0.16.0 [1m[33m(available: v0.17.2)[0m
Clippy (ubuntu-latest)	Run cargo clippy --all-targets --all-features -- -D warnings	2026-02-20T20:38:40.7722142Z [1m[92m      Adding[0m rodio v0.19.0 [1m[33m(available: v0.22.0)[0m
Clippy (ubuntu-latest)	Run cargo clippy --all-targets --all-features -- -D warnings	2026-02-20T20:38:40.7926305Z [1m[92m      Adding[0m sysinfo v0.37.2 [1m[33m(available: v0.38.2)[0m
Clippy (ubuntu-latest)	Run cargo clippy --all-targets --all-features -- -D warnings	2026-02-20T20:38:40.7933881Z [1m[92m      Adding[0m target-lexicon v0.13.3 [1m[33m(available: v0.13.5)[0m
Clippy (ubuntu-latest)	Run cargo clippy --all-targets --all-features -- -D warnings	2026-02-20T20:38:40.7977926Z [1m[92m      Adding[0m toml v0.8.23 [1m[33m(available: v1.0.3+spec-1.1.0)[0m
Clippy (ubuntu-latest)	Run cargo clippy --all-targets --all-features -- -D warnings	2026-02-20T20:38:40.7990971Z [1m[92m      Adding[0m toml_edit v0.23.10+spec-1.0.0 [1m[33m(available: v0.25.3+spec-1.1.0)[0m
Clippy (ubuntu-latest)	Run cargo clippy --all-targets --all-features -- -D warnings	2026-02-20T20:38:40.8699900Z [1m[92m Downloading[0m crates ...
Clippy (ubuntu-latest)	Run cargo clippy --all-targets --all-features -- -D warnings	2026-02-20T20:38:41.0109403Z [1m[92m  Downloaded[0m async-broadcast v0.7.2
Clippy (ubuntu-latest)	Run cargo clippy --all-targets --all-features -- -D warnings	2026-02-20T20:38:41.0151356Z [1m[92m  Downloaded[0m async-net v2.0.0
Clippy (ubuntu-latest)	Run cargo clippy --all-targets --all-features -- -D warnings	2026-02-20T20:38:41.0186328Z [1m[92m  Downloaded[0m aligned v0.4.3
Clippy (ubuntu-latest)	Run cargo clippy --all-targets --all-features -- -D warnings	2026-02-20T20:38:41.0256216Z [1m[92m  Downloaded[0m enumflags2_derive v0.7.12
Clippy (ubuntu-latest)	Run cargo clippy --all-targets --all-features -- -D warnings	2026-02-20T20:38:41.0298212Z [1m[92m  Downloaded[0m equator-macro v0.4.2
Clippy (ubuntu-latest)	Run cargo clippy --all-targets --all-features -- -D warnings	2026-02-20T20:38:41.0342458Z [1m[92m  Downloaded[0m fs_extra v1.3.0
Clippy (ubuntu-latest)	Run cargo clippy --all-targets --all-features -- -D warnings	2026-02-20T20:38:41.0398207Z [1m[92m  Downloaded[0m futures-executor v0.3.32
Clippy (ubuntu-latest)	Run cargo clippy --all-targets --all-features -- -D warnings	2026-02-20T20:38:41.0466652Z [1m[92m  Downloaded[0m futures-macro v0.3.32
Clippy (ubuntu-latest)	Run cargo clippy --all-targets --all-features -- -D warnings	2026-02-20T20:38:41.0512734Z [1m[92m  Downloaded[0m futures-io v0.3.32
Clippy (ubuntu-latest)	Run cargo clippy --all-targets --all-features -- -D warnings	2026-02-20T20:38:41.0567483Z [1m[92m  Downloaded[0m http-body v1.0.1
Clippy (ubuntu-latest)	Run cargo clippy --all-targets --all-features -- -D warnings	2026-02-20T20:38:41.0616719Z [1m[92m  Downloaded[0m icu_properties v2.1.2
Clippy (ubuntu-latest)	Run cargo clippy --all-targets --all-features -- -D warnings	2026-02-20T20:38:41.0675576Z [1m[92m  Downloaded[0m ipnet v2.11.0
Clippy (ubuntu-latest)	Run cargo clippy --all-targets --all-features -- -D warnings	2026-02-20T20:38:41.0725904Z [1m[92m  Downloaded[0m is_terminal_polyfill v1.70.2
Clippy (ubuntu-latest)	Run cargo clippy --all-targets --all-features -- -D warnings	2026-02-20T20:38:41.0765338Z [1m[92m  Downloaded[0m lazycell v1.3.0
Clippy (ubuntu-latest)	Run cargo clippy --all-targets --all-features -- -D warnings	2026-02-20T20:38:41.0800417Z [1m[92m  Downloaded[0m libwayshot v0.2.0
Clippy (ubuntu-latest)	Run cargo clippy --all-targets --all-features -- -D warnings	2026-02-20T20:38:41.0854065Z [1m[92m  Downloaded[0m new_debug_unreachable v1.0.6
Clippy (ubuntu-latest)	Run cargo clippy --all-targets --all-features -- -D warnings	2026-02-20T20:38:41.0914800Z [1m[92m  Downloaded[0m mime v0.3.17
Clippy (ubuntu-latest)	Run cargo clippy --all-targets --all-features -- -D warnings	2026-02-20T20:38:41.0980482Z [1m[92m  Downloaded[0m kv-log-macro v1.0.7
Clippy (ubuntu-latest)	Run cargo clippy --all-targets --all-features -- -D warnings	2026-02-20T20:38:41.1039684Z [1m[92m  Downloaded[0m num_cpus v1.17.0
Clippy (ubuntu-latest)	Run cargo clippy --all-targets --all-features -- -D warnings	2026-02-20T20:38:41.1181043Z [1m[92m  Downloaded[0m quick-error v2.0.1
Clippy (ubuntu-latest)	Run cargo clippy --all-targets --all-features -- -D warnings	2026-02-20T20:38:41.1256894Z [1m[92m  Downloaded[0m raw-window-handle v0.6.2
Clippy (ubuntu-latest)	Run cargo clippy --all-targets --all-features -- -D warnings	2026-02-20T20:38:41.1305868Z [1m[92m  Downloaded[0m swift-bridge-build v0.1.59
Clippy (ubuntu-latest)	Run cargo clippy --all-targets --all-features -- -D warnings	2026-02-20T20:38:41.1336668Z [1m[92m  Downloaded[0m terminal_size v0.4.3
Clippy (ubuntu-latest)	Run cargo clippy --all-targets --all-features -- -D warnings	2026-02-20T20:38:41.1380345Z [1m[92m  Downloaded[0m thiserror v2.0.18
Clippy (ubuntu-latest)	Run cargo clippy --all-targets --all-features -- -D warnings	2026-02-20T20:38:41.1547236Z [1m[92m  Downloaded[0m untrusted v0.9.0
Clippy (ubuntu-latest)	Run cargo clippy --all-targets --all-features -- -D warnings	2026-02-20T20:38:41.1626327Z [1m[92m  Downloaded[0m try-lock v0.2.5
Clippy (ubuntu-latest)	Run cargo clippy --all-targets --all-features -- -D warnings	2026-02-20T20:38:41.1692568Z [1m[92m  Downloaded[0m symphonia-metadata v0.5.5
Clippy (ubuntu-latest)	Run cargo clippy --all-targets --all-features -- -D warnings	2026-02-20T20:38:41.1754651Z [1m[92m  Downloaded[0m serde_json v1.0.149
Clippy (ubuntu-latest)	Run cargo clippy --all-targets --all-features -- -D warnings	2026-02-20T20:38:41.1910712Z [1m[92m  Downloaded[0m yoke v0.8.1
Clippy (ubuntu-latest)	Run cargo clippy --all-targets --all-features -- -D warnings	2026-02-20T20:38:41.1975634Z [1m[92m  Downloaded[0m which v4.4.2
Clippy (ubuntu-latest)	Run cargo clippy --all-targets --all-features -- -D warnings	2026-02-20T20:38:41.2041462Z [1m[92m  Downloaded[0m zune-core v0.5.1
Clippy (ubuntu-latest)	Run cargo clippy --all-targets --all-features -- -D warnings	2026-02-20T20:38:41.2108429Z [1m[92m  Downloaded[0m zune-jpeg v0.4.21
Clippy (ubuntu-latest)	Run cargo clippy --all-targets --all-features -- -D warnings	2026-02-20T20:38:41.2176135Z [1m[92m  Downloaded[0m zvariant_utils v3.3.0
Clippy (ubuntu-latest)	Run cargo clippy --all-targets --all-features -- -D warnings	2026-02-20T20:38:41.2234299Z [1m[92m  Downloaded[0m zerovec-derive v0.11.2
Clippy (ubuntu-latest)	Run cargo clippy --all-targets --all-features -- -D warnings	2026-02-20T20:38:41.2273545Z [1m[92m  Downloaded[0m v4l v0.14.0
Clippy (ubuntu-latest)	Run cargo clippy --all-targets --all-features -- -D warnings	2026-02-20T20:38:41.2351127Z [1m[92m  Downloaded[0m value-bag v1.12.0
Clippy (ubuntu-latest)	Run cargo clippy --all-targets --all-features -- -D warnings	2026-02-20T20:38:41.2415790Z [1m[92m  Downloaded[0m zerotrie v0.2.3
Clippy (ubuntu-latest)	Run cargo clippy --all-targets --all-features -- -D warnings	2026-02-20T20:38:41.2471768Z [1m[92m  Downloaded[0m wgpu-types v27.0.1
Clippy (ubuntu-latest)	Run cargo clippy --all-targets --all-features -- -D warnings	2026-02-20T20:38:41.2520305Z [1m[92m  Downloaded[0m zune-jpeg v0.5.12
Clippy (ubuntu-latest)	Run cargo clippy --all-targets --all-features -- -D warnings	2026-02-20T20:38:41.2592003Z [1m[92m  Downloaded[0m y4m v0.8.0
Clippy (ubuntu-latest)	Run cargo clippy --all-targets --all-features -- -D warnings	2026-02-20T20:38:41.2615012Z [1m[92m  Downloaded[0m zerofrom v0.1.6
Clippy (ubuntu-latest)	Run cargo clippy --all-targets --all-features -- -D warnings	2026-02-20T20:38:41.2638609Z [1m[92m  Downloaded[0m jiff v0.2.20
Clippy (ubuntu-latest)	Run cargo clippy --all-targets --all-features -- -D warnings	2026-02-20T20:38:41.2840074Z [1m[92m  Downloaded[0m zbus_names v4.3.1
Clippy (ubuntu-latest)	Run cargo clippy --all-targets --all-features -- -D warnings	2026-02-20T20:38:41.2867138Z [1m[92m  Downloaded[0m zvariant_derive v5.9.2
Clippy (ubuntu-latest)	Run cargo clippy --all-targets --all-features -- -D warnings	2026-02-20T20:38:41.2893169Z [1m[92m  Downloaded[0m unicode-width v0.2.2
Clippy (ubuntu-latest)	Run cargo clippy --all-targets --all-features -- -D warnings	2026-02-20T20:38:41.2959963Z [1m[92m  Downloaded[0m zbus v5.13.2
Clippy (ubuntu-latest)	Run cargo clippy --all-targets --all-features -- -D warnings	2026-02-20T20:38:41.3077026Z [1m[92m  Downloaded[0m zvariant v5.9.2
Clippy (ubuntu-latest)	Run cargo clippy --all-targets --all-features -- -D warnings	2026-02-20T20:38:41.3165144Z [1m[92m  Downloaded[0m zerocopy-derive v0.8.39
Clippy (ubuntu-latest)	Run cargo clippy --all-targets --all-features -- -D warnings	2026-02-20T20:38:41.3286785Z [1m[92m  Downloaded[0m libc v0.2.182
Clippy (ubuntu-latest)	Run cargo clippy --all-targets --all-features -- -D warnings	2026-02-20T20:38:41.3759014Z [1m[92m  Downloaded[0m rustls v0.23.36
Clippy (ubuntu-latest)	Run cargo clippy --all-targets --all-features -- -D warnings	2026-02-20T20:38:41.3901521Z [1m[92m  Downloaded[0m naga v28.0.0
Clippy (ubuntu-latest)	Run cargo clippy --all-targets --all-features -- -D warnings	2026-02-20T20:38:41.4131831Z [1m[92m  Downloaded[0m naga v27.0.3
Clippy (ubuntu-latest)	Run cargo clippy --all-targets --all-features -- -D warnings	2026-02-20T20:38:41.4355647Z [1m[92m  Downloaded[0m mozjpeg-sys v2.2.3
Clippy (ubuntu-latest)	Run cargo clippy --all-targets --all-features -- -D warnings	2026-02-20T20:38:41.4676976Z [1m[92m  Downloaded[0m zerocopy v0.8.39
Clippy (ubuntu-latest)	Run cargo clippy --all-targets --all-features -- -D warnings	2026-02-20T20:38:41.4964753Z [1m[92m  Downloaded[0m wgpu v28.0.0
Clippy (ubuntu-latest)	Run cargo clippy --all-targets --all-features -- -D warnings	2026-02-20T20:38:41.5148763Z [1m[92m  Downloaded[0m x11rb v0.13.2
Clippy (ubuntu-latest)	Run cargo clippy --all-targets --all-features -- -D warnings	2026-02-20T20:38:41.5254080Z [1m[92m  Downloaded[0m x11rb-protocol v0.13.2
Clippy (ubuntu-latest)	Run cargo clippy --all-targets --all-features -- -D warnings	2026-02-20T20:38:41.5399987Z [1m[92m  Downloaded[0m regex-automata v0.4.14
Clippy (ubuntu-latest)	Run cargo clippy --all-targets --all-features -- -D warnings	2026-02-20T20:38:41.5564865Z [1m[92m  Downloaded[0m zbus_macros v5.13.2
Clippy (ubuntu-latest)	Run cargo clippy --all-targets --all-features -- -D warnings	2026-02-20T20:38:41.5591783Z [1m[92m  Downloaded[0m weezl v0.1.12
Clippy (ubuntu-latest)	Run cargo clippy --all-targets --all-features -- -D warnings	2026-02-20T20:38:41.5630729Z [1m[92m  Downloaded[0m wayland-scanner v0.31.8
Clippy (ubuntu-latest)	Run cargo clippy --all-targets --all-features -- -D warnings	2026-02-20T20:38:41.5665824Z [1m[92m  Downloaded[0m wgpu-hal v27.0.4
Clippy (ubuntu-latest)	Run cargo clippy --all-targets --all-features -- -D warnings	2026-02-20T20:38:41.5788452Z [1m[92m  Downloaded[0m wgpu-core-deps-windows-linux-android v27.0.0
Clippy (ubuntu-latest)	Run cargo clippy --all-targets --all-features -- -D warnings	2026-02-20T20:38:41.5803161Z [1m[92m  Downloaded[0m tungstenite v0.28.0
Clippy (ubuntu-latest)	Run cargo clippy --all-targets --all-features -- -D warnings	2026-02-20T20:38:41.5851436Z [1m[92m  Downloaded[0m toml_edit v0.22.27
Clippy (ubuntu-latest)	Run cargo clippy --all-targets --all-features -- -D warnings	2026-02-20T20:38:41.5906188Z [1m[92m  Downloaded[0m wayland-backend v0.3.12
Clippy (ubuntu-latest)	Run cargo clippy --all-targets --all-features -- -D warnings	2026-02-20T20:38:41.5960437Z [1m[92m  Downloaded[0m libdbus-sys v0.2.7
Clippy (ubuntu-latest)	Run cargo clippy --all-targets --all-features -- -D warnings	2026-02-20T20:38:41.6319083Z [1m[92m  Downloaded[0m wayland-client v0.30.2
Clippy (ubuntu-latest)	Run cargo clippy --all-targets --all-features -- -D warnings	2026-02-20T20:38:41.6345646Z [1m[92m  Downloaded[0m vcpkg v0.2.15
Clippy (ubuntu-latest)	Run cargo clippy --all-targets --all-features -- -D warnings	2026-02-20T20:38:41.7024926Z [1m[92m  Downloaded[0m wgpu-core v28.0.0
Clippy (ubuntu-latest)	Run cargo clippy --all-targets --all-features -- -D warnings	2026-02-20T20:38:41.7133447Z [1m[92m  Downloaded[0m xcb v1.7.0
Clippy (ubuntu-latest)	Run cargo clippy --all-targets --all-features -- -D warnings	2026-02-20T20:38:41.7234067Z [1m[92m  Downloaded[0m tracing-core v0.1.36
Clippy (ubuntu-latest)	Run cargo clippy --all-targets --all-features -- -D warnings	2026-02-20T20:38:41.7269386Z [1m[92m  Downloaded[0m tokio v1.49.0
Clippy (ubuntu-latest)	Run cargo clippy --all-targets --all-features -- -D warnings	2026-02-20T20:38:41.7791000Z [1m[92m  Downloaded[0m toml_parser v1.0.9+spec-1.1.0
Clippy (ubuntu-latest)	Run cargo clippy --all-targets --all-features -- -D warnings	2026-02-20T20:38:41.7825580Z [1m[92m  Downloaded[0m winnow v0.7.14
Clippy (ubuntu-latest)	Run cargo clippy --all-targets --all-features -- -D warnings	2026-02-20T20:38:41.7942305Z [1m[92m  Downloaded[0m webpki-roots v1.0.6
Clippy (ubuntu-latest)	Run cargo clippy --all-targets --all-features -- -D warnings	2026-02-20T20:38:41.7980322Z [1m[92m  Downloaded[0m wasm-bindgen-shared v0.2.109
Clippy (ubuntu-latest)	Run cargo clippy --all-targets --all-features -- -D warnings	2026-02-20T20:38:41.8001620Z [1m[92m  Downloaded[0m zenwave v0.3.0
Clippy (ubuntu-latest)	Run cargo clippy --all-targets --all-features -- -D warnings	2026-02-20T20:38:41.8061222Z [1m[92m  Downloaded[0m wgpu-hal v28.0.0
Clippy (ubuntu-latest)	Run cargo clippy --all-targets --all-features -- -D warnings	2026-02-20T20:38:41.8183533Z [1m[92m  Downloaded[0m toml_writer v1.0.6+spec-1.1.0
Clippy (ubuntu-latest)	Run cargo clippy --all-targets --all-features -- -D warnings	2026-02-20T20:38:41.8203838Z [1m[92m  Downloaded[0m wayland-protocols v0.32.10
Clippy (ubuntu-latest)	Run cargo clippy --all-targets --all-features -- -D warnings	2026-02-20T20:38:41.8308535Z [1m[92m  Downloaded[0m quick-xml v0.38.4
Clippy (ubuntu-latest)	Run cargo clippy --all-targets --all-features -- -D warnings	2026-02-20T20:38:41.8375542Z [1m[92m  Downloaded[0m linux-raw-sys v0.4.15
Clippy (ubuntu-latest)	Run cargo clippy --all-targets --all-features -- -D warnings	2026-02-20T20:38:41.8897879Z [1m[92m  Downloaded[0m rav1e v0.8.1
Clippy (ubuntu-latest)	Run cargo clippy --all-targets --all-features -- -D warnings	2026-02-20T20:38:41.9275151Z [1m[92m  Downloaded[0m zerovec v0.11.5
Clippy (ubuntu-latest)	Run cargo clippy --all-targets --all-features -- -D warnings	2026-02-20T20:38:41.9340083Z [1m[92m  Downloaded[0m quick-xml v0.30.0
Clippy (ubuntu-latest)	Run cargo clippy --all-targets --all-features -- -D warnings	2026-02-20T20:38:41.9397754Z [1m[92m  Downloaded[0m uuid v1.21.0
Clippy (ubuntu-latest)	Run cargo clippy --all-targets --all-features -- -D warnings	2026-02-20T20:38:41.9433786Z [1m[92m  Downloaded[0m utf-8 v0.7.6
Clippy (ubuntu-latest)	Run cargo clippy --all-targets --all-features -- -D warnings	2026-02-20T20:38:41.9454159Z [1m[92m  Downloaded[0m syn v2.0.117
Clippy (ubuntu-latest)	Run cargo clippy --all-targets --all-features -- -D warnings	2026-02-20T20:38:41.9578713Z [1m[92m  Downloaded[0m yoke-derive v0.8.1
Clippy (ubuntu-latest)	Run cargo clippy --all-targets --all-features -- -D warnings	2026-02-20T20:38:41.9591788Z [1m[92m  Downloaded[0m wgpu-core v27.0.3
Clippy (ubuntu-latest)	Run cargo clippy --all-targets --all-features -- -D warnings	2026-02-20T20:38:41.9698963Z [1m[92m  Downloaded[0m wgpu-types v28.0.0
Clippy (ubuntu-latest)	Run cargo clippy --all-targets --all-features -- -D warnings	2026-02-20T20:38:41.9740136Z [1m[92m  Downloaded[0m url v2.5.8
Clippy (ubuntu-latest)	Run cargo clippy --all-targets --all-features -- -D warnings	2026-02-20T20:38:41.9771784Z [1m[92m  Downloaded[0m tinyvec_macros v0.1.1
Clippy (ubuntu-latest)	Run cargo clippy --all-targets --all-features -- -D warnings	2026-02-20T20:38:41.9784738Z [1m[92m  Downloaded[0m tiff v0.10.3
Clippy (ubuntu-latest)	Run cargo clippy --all-targets --all-features -- -D warnings	2026-02-20T20:38:41.9915361Z [1m[92m  Downloaded[0m shlex v1.3.0
Clippy (ubuntu-latest)	Run cargo clippy --all-targets --all-features -- -D warnings	2026-02-20T20:38:41.9931513Z [1m[92m  Downloaded[0m tiff v0.9.1
Clippy (ubuntu-latest)	Run cargo clippy --all-targets --all-features -- -D warnings	2026-02-20T20:38:42.0053370Z [1m[92m  Downloaded[0m pxfm v0.1.27
Clippy (ubuntu-latest)	Run cargo clippy --all-targets --all-features -- -D warnings	2026-02-20T20:38:42.0348816Z [1m[92m  Downloaded[0m wgpu v27.0.1
Clippy (ubuntu-latest)	Run cargo clippy --all-targets --all-features -- -D warnings	2026-02-20T20:38:42.0517895Z [1m[92m  Downloaded[0m wayland-protocols v0.30.1
Clippy (ubuntu-latest)	Run cargo clippy --all-targets --all-features -- -D warnings	2026-02-20T20:38:42.0633932Z [1m[92m  Downloaded[0m wasm-bindgen-macro v0.2.109
Clippy (ubuntu-latest)	Run cargo clippy --all-targets --all-features -- -D warnings	2026-02-20T20:38:42.0646335Z [1m[92m  Downloaded[0m unicode-ident v1.0.24
Clippy (ubuntu-latest)	Run cargo clippy --all-targets --all-features -- -D warnings	2026-02-20T20:38:42.0683891Z [1m[92m  Downloaded[0m swift-bridge-ir v0.1.59
Clippy (ubuntu-latest)	Run cargo clippy --all-targets --all-features -- -D warnings	2026-02-20T20:38:42.0774950Z [1m[92m  Downloaded[0m serde_core v1.0.228
Clippy (ubuntu-latest)	Run cargo clippy --all-targets --all-features -- -D warnings	2026-02-20T20:38:42.0808436Z [1m[92m  Downloaded[0m libgit2-sys v0.18.3+1.9.2
Clippy (ubuntu-latest)	Run cargo clippy --all-targets --all-features -- -D warnings	2026-02-20T20:38:42.1521277Z [1m[92m  Downloaded[0m rustix v1.1.3
Clippy (ubuntu-latest)	Run cargo clippy --all-targets --all-features -- -D warnings	2026-02-20T20:38:42.1849614Z [1m[92m  Downloaded[0m rayon-core v1.13.0
Clippy (ubuntu-latest)	Run cargo clippy --all-targets --all-features -- -D warnings	2026-02-20T20:38:42.1896187Z [1m[92m  Downloaded[0m zune-inflate v0.2.54
Clippy (ubuntu-latest)	Run cargo clippy --all-targets --all-features -- -D warnings	2026-02-20T20:38:42.1917693Z [1m[92m  Downloaded[0m zeroize v1.8.2
Clippy (ubuntu-latest)	Run cargo clippy --all-targets --all-features -- -D warnings	2026-02-20T20:38:42.1934281Z [1m[92m  Downloaded[0m wayland-sys v0.30.1
Clippy (ubuntu-latest)	Run cargo clippy --all-targets --all-features -- -D warnings	2026-02-20T20:38:42.1950008Z [1m[92m  Downloaded[0m wayland-scanner v0.30.1
Clippy (ubuntu-latest)	Run cargo clippy --all-targets --all-features -- -D warnings	2026-02-20T20:38:42.1980677Z [1m[92m  Downloaded[0m ring v0.17.14
Clippy (ubuntu-latest)	Run cargo clippy --all-targets --all-features -- -D warnings	2026-02-20T20:38:42.2468561Z [1m[92m  Downloaded[0m wayland-protocols-wlr v0.1.0
Clippy (ubuntu-latest)	Run cargo clippy --all-targets --all-features -- -D warnings	2026-02-20T20:38:42.2494493Z [1m[92m  Downloaded[0m wayland-backend v0.1.2
Clippy (ubuntu-latest)	Run cargo clippy --all-targets --all-features -- -D warnings	2026-02-20T20:38:42.2538595Z [1m[92m  Downloaded[0m wasm-bindgen v0.2.109
Clippy (ubuntu-latest)	Run cargo clippy --all-targets --all-features -- -D warnings	2026-02-20T20:38:42.2571235Z [1m[92m  Downloaded[0m version_check v0.9.5
Clippy (ubuntu-latest)	Run cargo clippy --all-targets --all-features -- -D warnings	2026-02-20T20:38:42.2587758Z [1m[92m  Downloaded[0m typenum v1.19.0
Clippy (ubuntu-latest)	Run cargo clippy --all-targets --all-features -- -D warnings	2026-02-20T20:38:42.2623551Z [1m[92m  Downloaded[0m time-core v0.1.8
Clippy (ubuntu-latest)	Run cargo clippy --all-targets --all-features -- -D warnings	2026-02-20T20:38:42.2637135Z [1m[92m  Downloaded[0m thiserror-impl v2.0.18
Clippy (ubuntu-latest)	Run cargo clippy --all-targets --all-features -- -D warnings	2026-02-20T20:38:42.2655062Z [1m[92m  Downloaded[0m rustversion v1.0.22
Clippy (ubuntu-latest)	Run cargo clippy --all-targets --all-features -- -D warnings	2026-02-20T20:38:42.2689687Z [1m[92m  Downloaded[0m rustix v0.38.44
Clippy (ubuntu-latest)	Run cargo clippy --all-targets --all-features -- -D warnings	2026-02-20T20:38:42.3003784Z [1m[92m  Downloaded[0m rgb v0.8.52
Clippy (ubuntu-latest)	Run cargo clippy --all-targets --all-features -- -D warnings	2026-02-20T20:38:42.3034706Z [1m[92m  Downloaded[0m regex-syntax v0.8.9
Clippy (ubuntu-latest)	Run cargo clippy --all-targets --all-features -- -D warnings	2026-02-20T20:38:42.3110829Z [1m[92m  Downloaded[0m zune-core v0.4.12
Clippy (ubuntu-latest)	Run cargo clippy --all-targets --all-features -- -D warnings	2026-02-20T20:38:42.3131054Z [1m[92m  Downloaded[0m zmij v1.0.21
Clippy (ubuntu-latest)	Run cargo clippy --all-targets --all-features -- -D warnings	2026-02-20T20:38:42.3154156Z [1m[92m  Downloaded[0m zerofrom-derive v0.1.6
Clippy (ubuntu-latest)	Run cargo clippy --all-targets --all-features -- -D warnings	2026-02-20T20:38:42.3166212Z [1m[92m  Downloaded[0m writeable v0.6.2
Clippy (ubuntu-latest)	Run cargo clippy --all-targets --all-features -- -D warnings	2026-02-20T20:38:42.3188583Z [1m[92m  Downloaded[0m wasm-bindgen-macro-support v0.2.109
Clippy (ubuntu-latest)	Run cargo clippy --all-targets --all-features -- -D warnings	2026-02-20T20:38:42.3210508Z [1m[92m  Downloaded[0m v_frame v0.3.9
Clippy (ubuntu-latest)	Run cargo clippy --all-targets --all-features -- -D warnings	2026-02-20T20:38:42.3231602Z [1m[92m  Downloaded[0m utf8parse v0.2.2
Clippy (ubuntu-latest)	Run cargo clippy --all-targets --all-features -- -D warnings	2026-02-20T20:38:42.3244870Z [1m[92m  Downloaded[0m utf8_iter v1.0.4
Clippy (ubuntu-latest)	Run cargo clippy --all-targets --all-features -- -D warnings	2026-02-20T20:38:42.3257632Z [1m[92m  Downloaded[0m tinyvec v1.10.0
Clippy (ubuntu-latest)	Run cargo clippy --all-targets --all-features -- -D warnings	2026-02-20T20:38:42.3288312Z [1m[92m  Downloaded[0m thiserror-impl v1.0.69
Clippy (ubuntu-latest)	Run cargo clippy --all-targets --all-features -- -D warnings	2026-02-20T20:38:42.3304872Z [1m[92m  Downloaded[0m system-deps v7.0.7
Clippy (ubuntu-latest)	Run cargo clippy --all-targets --all-features -- -D warnings	2026-02-20T20:38:42.3332574Z [1m[92m  Downloaded[0m scan_fmt v0.2.6
Clippy (ubuntu-latest)	Run cargo clippy --all-targets --all-features -- -D warnings	2026-02-20T20:38:42.3345314Z [1m[92m  Downloaded[0m rustls-native-certs v0.8.3
Clippy (ubuntu-latest)	Run cargo clippy --all-targets --all-features -- -D warnings	2026-02-20T20:38:42.3376926Z [1m[92m  Downloaded[0m wgpu-core-deps-windows-linux-android v28.0.0
Clippy (ubuntu-latest)	Run cargo clippy --all-targets --all-features -- -D warnings	2026-02-20T20:38:42.3388117Z [1m[92m  Downloaded[0m wayland-sys v0.31.8
Clippy (ubuntu-latest)	Run cargo clippy --all-targets --all-features -- -D warnings	2026-02-20T20:38:42.3403342Z [1m[92m  Downloaded[0m wayland-client v0.31.12
Clippy (ubuntu-latest)	Run cargo clippy --all-targets --all-features -- -D warnings	2026-02-20T20:38:42.3427120Z [1m[92m  Downloaded[0m version-compare v0.2.1
Clippy (ubuntu-latest)	Run cargo clippy --all-targets --all-features -- -D warnings	2026-02-20T20:38:42.3445124Z [1m[92m  Downloaded[0m v4l2-sys-mit v0.3.0
Clippy (ubuntu-latest)	Run cargo clippy --all-targets --all-features -- -D warnings	2026-02-20T20:38:42.3454775Z [1m[92m  Downloaded[0m urlencoding v2.1.3
Clippy (ubuntu-latest)	Run cargo clippy --all-targets --all-features -- -D warnings	2026-02-20T20:38:42.3467148Z [1m[92m  Downloaded[0m tokio-macros v2.6.0
Clippy (ubuntu-latest)	Run cargo clippy --all-targets --all-features -- -D warnings	2026-02-20T20:38:42.3480545Z [1m[92m  Downloaded[0m tinystr v0.8.2
Clippy (ubuntu-latest)	Run cargo clippy --all-targets --all-features -- -D warnings	2026-02-20T20:38:42.3504674Z [1m[92m  Downloaded[0m time-macros v0.2.27
Clippy (ubuntu-latest)	Run cargo clippy --all-targets --all-features -- -D warnings	2026-02-20T20:38:42.3532098Z [1m[92m  Downloaded[0m smol v2.0.2
Clippy (ubuntu-latest)	Run cargo clippy --all-targets --all-features -- -D warnings	2026-02-20T20:38:42.3579032Z [1m[92m  Downloaded[0m linux-raw-sys v0.11.0
Clippy (ubuntu-latest)	Run cargo clippy --all-targets --all-features -- -D warnings	2026-02-20T20:38:42.4184222Z [1m[92m  Downloaded[0m slab v0.4.12
Clippy (ubuntu-latest)	Run cargo clippy --all-targets --all-features -- -D warnings	2026-02-20T20:38:42.4199635Z [1m[92m  Downloaded[0m sha1 v0.10.6
Clippy (ubuntu-latest)	Run cargo clippy --all-targets --all-features -- -D warnings	2026-02-20T20:38:42.4219485Z [1m[92m  Downloaded[0m serde_spanned v0.6.9
Clippy (ubuntu-latest)	Run cargo clippy --all-targets --all-features -- -D warnings	2026-02-20T20:38:42.4232378Z [1m[92m  Downloaded[0m renderdoc-sys v1.1.0
Clippy (ubuntu-latest)	Run cargo clippy --all-targets --all-features -- -D warnings	2026-02-20T20:38:42.4244028Z [1m[92m  Downloaded[0m libz-sys v1.1.23
Clippy (ubuntu-latest)	Run cargo clippy --all-targets --all-features -- -D warnings	2026-02-20T20:38:42.4489170Z [1m[92m  Downloaded[0m want v0.3.1
Clippy (ubuntu-latest)	Run cargo clippy --all-targets --all-features -- -D warnings	2026-02-20T20:38:42.4501311Z [1m[92m  Downloaded[0m tracing v0.1.44
Clippy (ubuntu-latest)	Run cargo clippy --all-targets --all-features -- -D warnings	2026-02-20T20:38:42.4686950Z [1m[92m  Downloaded[0m toml_edit v0.23.10+spec-1.0.0
Clippy (ubuntu-latest)	Run cargo clippy --all-targets --all-features -- -D warnings	2026-02-20T20:38:42.4733245Z [1m[92m  Downloaded[0m time v0.3.47
Clippy (ubuntu-latest)	Run cargo clippy --all-targets --all-features -- -D warnings	2026-02-20T20:38:42.4890949Z [1m[92m  Downloaded[0m sysinfo v0.37.2
Clippy (ubuntu-latest)	Run cargo clippy --all-targets --all-features -- -D warnings	2026-02-20T20:38:42.5023095Z [1m[92m  Downloaded[0m synstructure v0.13.2
Clippy (ubuntu-latest)	Run cargo clippy --all-targets --all-features -- -D warnings	2026-02-20T20:38:42.5035843Z [1m[92m  Downloaded[0m syn v1.0.109
Clippy (ubuntu-latest)	Run cargo clippy --all-targets --all-features -- -D warnings	2026-02-20T20:38:42.5145775Z [1m[92m  Downloaded[0m spin v0.9.8
Clippy (ubuntu-latest)	Run cargo clippy --all-targets --all-features -- -D warnings	2026-02-20T20:38:42.5174838Z [1m[92m  Downloaded[0m jpeg-decoder v0.3.2
Clippy (ubuntu-latest)	Run cargo clippy --all-targets --all-features -- -D warnings	2026-02-20T20:38:42.5243798Z [1m[92m  Downloaded[0m encoding_rs v0.8.35
Clippy (ubuntu-latest)	Run cargo clippy --all-targets --all-features -- -D warnings	2026-02-20T20:38:42.5460504Z [1m[92m  Downloaded[0m av-scenechange v0.14.1
Clippy (ubuntu-latest)	Run cargo clippy --all-targets --all-features -- -D warnings	2026-02-20T20:38:42.5587703Z [1m[92m  Downloaded[0m ash v0.38.0+1.3.281
Clippy (ubuntu-latest)	Run cargo clippy --all-targets --all-features -- -D warnings	2026-02-20T20:38:42.5767144Z [1m[92m  Downloaded[0m regex v1.12.3
Clippy (ubuntu-latest)	Run cargo clippy --all-targets --all-features -- -D warnings	2026-02-20T20:38:42.5829047Z [1m[92m  Downloaded[0m profiling v1.0.17
Clippy (ubuntu-latest)	Run cargo clippy --all-targets --all-features -- -D warnings	2026-02-20T20:38:42.5844577Z [1m[92m  Downloaded[0m proc-macro-crate v3.4.0
Clippy (ubuntu-latest)	Run cargo clippy --all-targets --all-features -- -D warnings	2026-02-20T20:38:42.5861476Z [1m[92m  Downloaded[0m symphonia-core v0.5.5
Clippy (ubuntu-latest)	Run cargo clippy --all-targets --all-features -- -D warnings	2026-02-20T20:38:42.5901436Z [1m[92m  Downloaded[0m serde v1.0.228
Clippy (ubuntu-latest)	Run cargo clippy --all-targets --all-features -- -D warnings	2026-02-20T20:38:42.5942391Z [1m[92m  Downloaded[0m ravif v0.12.0
Clippy (ubuntu-latest)	Run cargo clippy --all-targets --all-features -- -D warnings	2026-02-20T20:38:42.5956760Z [1m[92m  Downloaded[0m qoi v0.4.1
Clippy (ubuntu-latest)	Run cargo clippy --all-targets --all-features -- -D warnings	2026-02-20T20:38:42.5991066Z [1m[92m  Downloaded[0m lofty v0.21.1
Clippy (ubuntu-latest)	Run cargo clippy --all-targets --all-features -- -D warnings	2026-02-20T20:38:42.6147595Z [1m[92m  Downloaded[0m trait-variant v0.1.2
Clippy (ubuntu-latest)	Run cargo clippy --all-targets --all-features -- -D warnings	2026-02-20T20:38:42.6159469Z [1m[92m  Downloaded[0m tracing-attributes v0.1.31
Clippy (ubuntu-latest)	Run cargo clippy --all-targets --all-features -- -D warnings	2026-02-20T20:38:42.6194412Z [1m[92m  Downloaded[0m tower-service v0.3.3
Clippy (ubuntu-latest)	Run cargo clippy --all-targets --all-features -- -D warnings	2026-02-20T20:38:42.6204200Z [1m[92m  Downloaded[0m toml_write v0.1.2
Clippy (ubuntu-latest)	Run cargo clippy --all-targets --all-features -- -D warnings	2026-02-20T20:38:42.6219663Z [1m[92m  Downloaded[0m toml_datetime v0.7.5+spec-1.1.0
Clippy (ubuntu-latest)	Run cargo clippy --all-targets --all-features -- -D warnings	2026-02-20T20:38:42.6235101Z [1m[92m  Downloaded[0m toml_datetime v0.6.11
Clippy (ubuntu-latest)	Run cargo clippy --all-targets --all-features -- -D warnings	2026-02-20T20:38:42.6248078Z [1m[92m  Downloaded[0m toml v0.9.12+spec-1.1.0
Clippy (ubuntu-latest)	Run cargo clippy --all-targets --all-features -- -D warnings	2026-02-20T20:38:42.6296111Z [1m[92m  Downloaded[0m toml v0.8.23
Clippy (ubuntu-latest)	Run cargo clippy --all-targets --all-features -- -D warnings	2026-02-20T20:38:42.6324189Z [1m[92m  Downloaded[0m tempfile v3.25.0
Clippy (ubuntu-latest)	Run cargo clippy --all-targets --all-features -- -D warnings	2026-02-20T20:38:42.6354515Z [1m[92m  Downloaded[0m static_assertions v1.1.0
Clippy (ubuntu-latest)	Run cargo clippy --all-targets --all-features -- -D warnings	2026-02-20T20:38:42.6372417Z [1m[92m  Downloaded[0m smallvec v1.15.1
Clippy (ubuntu-latest)	Run cargo clippy --all-targets --all-features -- -D warnings	2026-02-20T20:38:42.6397379Z [1m[92m  Downloaded[0m signal-hook v0.3.18
Clippy (ubuntu-latest)	Run cargo clippy --all-targets --all-features -- -D warnings	2026-02-20T20:38:42.6433831Z [1m[92m  Downloaded[0m serde_urlencoded v0.7.1
Clippy (ubuntu-latest)	Run cargo clippy --all-targets --all-features -- -D warnings	2026-02-20T20:38:42.6454198Z [1m[92m  Downloaded[0m serde_repr v0.1.20
Clippy (ubuntu-latest)	Run cargo clippy --all-targets --all-features -- -D warnings	2026-02-20T20:38:42.6479054Z [1m[92m  Downloaded[0m serde_derive v1.0.228
Clippy (ubuntu-latest)	Run cargo clippy --all-targets --all-features -- -D warnings	2026-02-20T20:38:42.6515303Z [1m[92m  Downloaded[0m screenshots v0.8.10
Clippy (ubuntu-latest)	Run cargo clippy --all-targets --all-features -- -D warnings	2026-02-20T20:38:42.6539626Z [1m[92m  Downloaded[0m ryu v1.0.23
Clippy (ubuntu-latest)	Run cargo clippy --all-targets --all-features -- -D warnings	2026-02-20T20:38:42.6579586Z [1m[92m  Downloaded[0m rodio v0.19.0
Clippy (ubuntu-latest)	Run cargo clippy --all-targets --all-features -- -D warnings	2026-02-20T20:38:42.6643686Z [1m[92m  Downloaded[0m rfd v0.16.0
Clippy (ubuntu-latest)	Run cargo clippy --all-targets --all-features -- -D warnings	2026-02-20T20:38:42.6702317Z [1m[92m  Downloaded[0m rayon v1.11.0
Clippy (ubuntu-latest)	Run cargo clippy --all-targets --all-features -- -D warnings	2026-02-20T20:38:42.6813964Z [1m[92m  Downloaded[0m rand_chacha v0.9.0
Clippy (ubuntu-latest)	Run cargo clippy --all-targets --all-features -- -D warnings	2026-02-20T20:38:42.6828616Z [1m[92m  Downloaded[0m rand v0.9.2
Clippy (ubuntu-latest)	Run cargo clippy --all-targets --all-features -- -D warnings	2026-02-20T20:38:42.6873330Z [1m[92m  Downloaded[0m quick-xml v0.28.2
Clippy (ubuntu-latest)	Run cargo clippy --all-targets --all-features -- -D warnings	2026-02-20T20:38:42.6927873Z [1m[92m  Downloaded[0m ppv-lite86 v0.2.21
Clippy (ubuntu-latest)	Run cargo clippy --all-targets --all-features -- -D warnings	2026-02-20T20:38:42.6943919Z [1m[92m  Downloaded[0m polling v3.11.0
Clippy (ubuntu-latest)	Run cargo clippy --all-targets --all-features -- -D warnings	2026-02-20T20:38:42.6979835Z [1m[92m  Downloaded[0m parking_lot v0.12.5
Clippy (ubuntu-latest)	Run cargo clippy --all-targets --all-features -- -D warnings	2026-02-20T20:38:42.7009952Z [1m[92m  Downloaded[0m ordered-float v5.1.0
Clippy (ubuntu-latest)	Run cargo clippy --all-targets --all-features -- -D warnings	2026-02-20T20:38:42.7028854Z [1m[92m  Downloaded[0m nix v0.26.4
Clippy (ubuntu-latest)	Run cargo clippy --all-targets --all-features -- -D warnings	2026-02-20T20:38:42.7144965Z [1m[92m  Downloaded[0m netlink-packet-route v0.25.1
Clippy (ubuntu-latest)	Run cargo clippy --all-targets --all-features -- -D warnings	2026-02-20T20:38:42.7358550Z [1m[92m  Downloaded[0m image v0.25.9
Clippy (ubuntu-latest)	Run cargo clippy --all-targets --all-features -- -D warnings	2026-02-20T20:38:42.7466791Z [1m[92m  Downloaded[0m fern v0.7.1
Clippy (ubuntu-latest)	Run cargo clippy --all-targets --all-features -- -D warnings	2026-02-20T20:38:42.7515568Z [1m[92m  Downloaded[0m aws-lc-rs v1.16.0
Clippy (ubuntu-latest)	Run cargo clippy --all-targets --all-features -- -D warnings	2026-02-20T20:38:42.7639347Z [1m[92m  Downloaded[0m target-lexicon v0.13.3
Clippy (ubuntu-latest)	Run cargo clippy --all-targets --all-features -- -D warnings	2026-02-20T20:38:42.7665545Z [1m[92m  Downloaded[0m symphonia-bundle-mp3 v0.5.5
Clippy (ubuntu-latest)	Run cargo clippy --all-targets --all-features -- -D warnings	2026-02-20T20:38:42.7692594Z [1m[92m  Downloaded[0m simd_helpers v0.1.0
Clippy (ubuntu-latest)	Run cargo clippy --all-targets --all-features -- -D warnings	2026-02-20T20:38:42.7702513Z [1m[92m  Downloaded[0m simd-adler32 v0.3.8
Clippy (ubuntu-latest)	Run cargo clippy --all-targets --all-features -- -D warnings	2026-02-20T20:38:42.7725051Z [1m[92m  Downloaded[0m signal-hook-registry v1.4.8
Clippy (ubuntu-latest)	Run cargo clippy --all-targets --all-features -- -D warnings	2026-02-20T20:38:42.7739092Z [1m[92m  Downloaded[0m serde_spanned v1.0.4
Clippy (ubuntu-latest)	Run cargo clippy --all-targets --all-features -- -D warnings	2026-02-20T20:38:42.7753152Z [1m[92m  Downloaded[0m parking_lot_core v0.9.12
Clippy (ubuntu-latest)	Run cargo clippy --all-targets --all-features -- -D warnings	2026-02-20T20:38:42.7778029Z [1m[92m  Downloaded[0m ordered-stream v0.2.0
Clippy (ubuntu-latest)	Run cargo clippy --all-targets --all-features -- -D warnings	2026-02-20T20:38:42.7792084Z [1m[92m  Downloaded[0m num-rational v0.4.2
Clippy (ubuntu-latest)	Run cargo clippy --all-targets --all-features -- -D warnings	2026-02-20T20:38:42.7806944Z [1m[92m  Downloaded[0m num-bigint v0.4.6
Clippy (ubuntu-latest)	Run cargo clippy --all-targets --all-features -- -D warnings	2026-02-20T20:38:42.7862629Z [1m[92m  Downloaded[0m nom v8.0.0
Clippy (ubuntu-latest)	Run cargo clippy --all-targets --all-features -- -D warnings	2026-02-20T20:38:42.7924817Z [1m[92m  Downloaded[0m image v0.24.9
Clippy (ubuntu-latest)	Run cargo clippy --all-targets --all-features -- -D warnings	2026-02-20T20:38:42.8659057Z [1m[92m  Downloaded[0m glow v0.16.0
Clippy (ubuntu-latest)	Run cargo clippy --all-targets --all-features -- -D warnings	2026-02-20T20:38:42.8707005Z [1m[92m  Downloaded[0m futures-util v0.3.32
Clippy (ubuntu-latest)	Run cargo clippy --all-targets --all-features -- -D warnings	2026-02-20T20:38:42.8865948Z [1m[92m  Downloaded[0m exr v1.74.0
Clippy (ubuntu-latest)	Run cargo clippy --all-targets --all-features -- -D warnings	2026-02-20T20:38:42.8969550Z [1m[92m  Downloaded[0m bindgen v0.65.1
Clippy (ubuntu-latest)	Run cargo clippy --all-targets --all-features -- -D warnings	2026-02-20T20:38:42.9041192Z [1m[92m  Downloaded[0m thiserror v1.0.69
Clippy (ubuntu-latest)	Run cargo clippy --all-targets --all-features -- -D warnings	2026-02-20T20:38:42.9109648Z [1m[92m  Downloaded[0m termcolor v1.4.1
Clippy (ubuntu-latest)	Run cargo clippy --all-targets --all-features -- -D warnings	2026-02-20T20:38:42.9125445Z [1m[92m  Downloaded[0m scopeguard v1.2.0
Clippy (ubuntu-latest)	Run cargo clippy --all-targets --all-features -- -D warnings	2026-02-20T20:38:42.9140443Z [1m[92m  Downloaded[0m scoped-tls v1.0.1
Clippy (ubuntu-latest)	Run cargo clippy --all-targets --all-features -- -D warnings	2026-02-20T20:38:42.9152583Z [1m[92m  Downloaded[0m rustc-hash v1.1.0
Clippy (ubuntu-latest)	Run cargo clippy --all-targets --all-features -- -D warnings	2026-02-20T20:38:42.9164370Z [1m[92m  Downloaded[0m png v0.18.1
Clippy (ubuntu-latest)	Run cargo clippy --all-targets --all-features -- -D warnings	2026-02-20T20:38:42.9212321Z [1m[92m  Downloaded[0m pin-utils v0.1.0
Clippy (ubuntu-latest)	Run cargo clippy --all-targets --all-features -- -D warnings	2026-02-20T20:38:42.9227456Z [1m[92m  Downloaded[0m openssl-probe v0.2.1
Clippy (ubuntu-latest)	Run cargo clippy --all-targets --all-features -- -D warnings	2026-02-20T20:38:42.9241944Z [1m[92m  Downloaded[0m nokhwa-core v0.1.8
Clippy (ubuntu-latest)	Run cargo clippy --all-targets --all-features -- -D warnings	2026-02-20T20:38:42.9257595Z [1m[92m  Downloaded[0m bindgen v0.70.1
Clippy (ubuntu-latest)	Run cargo clippy --all-targets --all-features -- -D warnings	2026-02-20T20:38:42.9329672Z [1m[92m  Downloaded[0m symphonia v0.5.5
Clippy (ubuntu-latest)	Run cargo clippy --all-targets --all-features -- -D warnings	2026-02-20T20:38:42.9343964Z [1m[92m  Downloaded[0m rustls-webpki v0.103.9
Clippy (ubuntu-latest)	Run cargo clippy --all-targets --all-features -- -D warnings	2026-02-20T20:38:42.9381065Z [1m[92m  Downloaded[0m subtle v2.6.1
Clippy (ubuntu-latest)	Run cargo clippy --all-targets --all-features -- -D warnings	2026-02-20T20:38:42.9395304Z [1m[92m  Downloaded[0m stable_deref_trait v1.2.1
Clippy (ubuntu-latest)	Run cargo clippy --all-targets --all-features -- -D warnings	2026-02-20T20:38:42.9405873Z [1m[92m  Downloaded[0m spirv v0.3.0+sdk-1.3.268.0
Clippy (ubuntu-latest)	Run cargo clippy --all-targets --all-features -- -D warnings	2026-02-20T20:38:42.9418738Z [1m[92m  Downloaded[0m rustls-pki-types v1.14.0
Clippy (ubuntu-latest)	Run cargo clippy --all-targets --all-features -- -D warnings	2026-02-20T20:38:42.9448930Z [1m[92m  Downloaded[0m profiling-procmacros v1.0.17
Clippy (ubuntu-latest)	Run cargo clippy --all-targets --all-features -- -D warnings	2026-02-20T20:38:42.9458004Z [1m[92m  Downloaded[0m prettyplease v0.2.37
Clippy (ubuntu-latest)	Run cargo clippy --all-targets --all-features -- -D warnings	2026-02-20T20:38:42.9499842Z [1m[92m  Downloaded[0m png v0.17.16
Clippy (ubuntu-latest)	Run cargo clippy --all-targets --all-features -- -D warnings	2026-02-20T20:38:42.9543956Z [1m[92m  Downloaded[0m pathdiff v0.2.3
Clippy (ubuntu-latest)	Run cargo clippy --all-targets --all-features -- -D warnings	2026-02-20T20:38:42.9555826Z [1m[92m  Downloaded[0m nom v7.1.3
Clippy (ubuntu-latest)	Run cargo clippy --all-targets --all-features -- -D warnings	2026-02-20T20:38:42.9615674Z [1m[92m  Downloaded[0m nokhwa-bindings-macos v0.2.3
Clippy (ubuntu-latest)	Run cargo clippy --all-targets --all-features -- -D warnings	2026-02-20T20:38:42.9627920Z [1m[92m  Downloaded[0m nokhwa-bindings-linux v0.1.3
Clippy (ubuntu-latest)	Run cargo clippy --all-targets --all-features -- -D warnings	2026-02-20T20:38:42.9638057Z [1m[92m  Downloaded[0m netlink-packet-core v0.8.1
Clippy (ubuntu-latest)	Run cargo clippy --all-targets --all-features -- -D warnings	2026-02-20T20:38:42.9665420Z [1m[92m  Downloaded[0m moxcms v0.7.11
Clippy (ubuntu-latest)	Run cargo clippy --all-targets --all-features -- -D warnings	2026-02-20T20:38:42.9786367Z [1m[92m  Downloaded[0m libm v0.2.16
Clippy (ubuntu-latest)	Run cargo clippy --all-targets --all-features -- -D warnings	2026-02-20T20:38:42.9918033Z [1m[92m  Downloaded[0m itertools v0.14.0
Clippy (ubuntu-latest)	Run cargo clippy --all-targets --all-features -- -D warnings	2026-02-20T20:38:42.9999273Z [1m[92m  Downloaded[0m itertools v0.13.0
Clippy (ubuntu-latest)	Run cargo clippy --all-targets --all-features -- -D warnings	2026-02-20T20:38:43.0079568Z [1m[92m  Downloaded[0m hyper v1.8.1
Clippy (ubuntu-latest)	Run cargo clippy --all-targets --all-features -- -D warnings	2026-02-20T20:38:43.0157045Z [1m[92m  Downloaded[0m hashbrown v0.16.1
Clippy (ubuntu-latest)	Run cargo clippy --all-targets --all-features -- -D warnings	2026-02-20T20:38:43.0216377Z [1m[92m  Downloaded[0m clap_builder v4.5.60
Clippy (ubuntu-latest)	Run cargo clippy --all-targets --all-features -- -D warnings	2026-02-20T20:38:43.0290421Z [1m[92m  Downloaded[0m rand_core v0.9.5
Clippy (ubuntu-latest)	Run cargo clippy --all-targets --all-features -- -D warnings	2026-02-20T20:38:43.0306315Z [1m[92m  Downloaded[0m quote v1.0.44
Clippy (ubuntu-latest)	Run cargo clippy --all-targets --all-features -- -D warnings	2026-02-20T20:38:43.0339808Z [1m[92m  Downloaded[0m proc-macro2 v1.0.106
Clippy (ubuntu-latest)	Run cargo clippy --all-targets --all-features -- -D warnings	2026-02-20T20:38:43.0374742Z [1m[92m  Downloaded[0m presser v0.3.1
Clippy (ubuntu-latest)	Run cargo clippy --all-targets --all-features -- -D warnings	2026-02-20T20:38:43.0395412Z [1m[92m  Downloaded[0m powerfmt v0.2.0
Clippy (ubuntu-latest)	Run cargo clippy --all-targets --all-features -- -D warnings	2026-02-20T20:38:43.0408616Z [1m[92m  Downloaded[0m pkg-config v0.3.32
Clippy (ubuntu-latest)	Run cargo clippy --all-targets --all-features -- -D warnings	2026-02-20T20:38:43.0427860Z [1m[92m  Downloaded[0m piper v0.2.4
Clippy (ubuntu-latest)	Run cargo clippy --all-targets --all-features -- -D warnings	2026-02-20T20:38:43.0446123Z [1m[92m  Downloaded[0m pin-project-lite v0.2.16
Clippy (ubuntu-latest)	Run cargo clippy --all-targets --all-features -- -D warnings	2026-02-20T20:38:43.0516325Z [1m[92m  Downloaded[0m open v5.3.3
Clippy (ubuntu-latest)	Run cargo clippy --all-targets --all-features -- -D warnings	2026-02-20T20:38:43.0533615Z [1m[92m  Downloaded[0m num-traits v0.2.19
Clippy (ubuntu-latest)	Run cargo clippy --all-targets --all-features -- -D warnings	2026-02-20T20:38:43.0565066Z [1m[92m  Downloaded[0m num-integer v0.1.46
Clippy (ubuntu-latest)	Run cargo clippy --all-targets --all-features -- -D warnings	2026-02-20T20:38:43.0585337Z [1m[92m  Downloaded[0m notify-rust v4.12.0
Clippy (ubuntu-latest)	Run cargo clippy --all-targets --all-features -- -D warnings	2026-02-20T20:38:43.0619803Z [1m[92m  Downloaded[0m nokhwa v0.10.10
Clippy (ubuntu-latest)	Run cargo clippy --all-targets --all-features -- -D warnings	2026-02-20T20:38:43.0665712Z [1m[92m  Downloaded[0m netlink-sys v0.8.8
Clippy (ubuntu-latest)	Run cargo clippy --all-targets --all-features -- -D warnings	2026-02-20T20:38:43.0691159Z [1m[92m  Downloaded[0m nanorand v0.7.0
Clippy (ubuntu-latest)	Run cargo clippy --all-targets --all-features -- -D warnings	2026-02-20T20:38:43.0721881Z [1m[92m  Downloaded[0m mpris-server v0.9.0
Clippy (ubuntu-latest)	Run cargo clippy --all-targets --all-features -- -D warnings	2026-02-20T20:38:43.0753023Z [1m[92m  Downloaded[0m mp4 v0.14.0
Clippy (ubuntu-latest)	Run cargo clippy --all-targets --all-features -- -D warnings	2026-02-20T20:38:43.0801226Z [1m[92m  Downloaded[0m miniz_oxide v0.8.9
Clippy (ubuntu-latest)	Run cargo clippy --all-targets --all-features -- -D warnings	2026-02-20T20:38:43.0831834Z [1m[92m  Downloaded[0m minimal-lexical v0.2.1
Clippy (ubuntu-latest)	Run cargo clippy --all-targets --all-features -- -D warnings	2026-02-20T20:38:43.0888079Z [1m[92m  Downloaded[0m memoffset v0.7.1
Clippy (ubuntu-latest)	Run cargo clippy --all-targets --all-features -- -D warnings	2026-02-20T20:38:43.0902432Z [1m[92m  Downloaded[0m memchr v2.8.0
Clippy (ubuntu-latest)	Run cargo clippy --all-targets --all-features -- -D warnings	2026-02-20T20:38:43.0967379Z [1m[92m  Downloaded[0m mac-addr v0.3.0
Clippy (ubuntu-latest)	Run cargo clippy --all-targets --all-features -- -D warnings	2026-02-20T20:38:43.0988131Z [1m[92m  Downloaded[0m loop9 v0.1.5
Clippy (ubuntu-latest)	Run cargo clippy --all-targets --all-features -- -D warnings	2026-02-20T20:38:43.0997733Z [1m[92m  Downloaded[0m log v0.4.29
Clippy (ubuntu-latest)	Run cargo clippy --all-targets --all-features -- -D warnings	2026-02-20T20:38:43.1027319Z [1m[92m  Downloaded[0m litemap v0.8.1
Clippy (ubuntu-latest)	Run cargo clippy --all-targets --all-features -- -D warnings	2026-02-20T20:38:43.1053942Z [1m[92m  Downloaded[0m keyring v3.6.3
Clippy (ubuntu-latest)	Run cargo clippy --all-targets --all-features -- -D warnings	2026-02-20T20:38:43.1085057Z [1m[92m  Downloaded[0m js-sys v0.3.86
Clippy (ubuntu-latest)	Run cargo clippy --all-targets --all-features -- -D warnings	2026-02-20T20:38:43.1109884Z [1m[92m  Downloaded[0m jiff-static v0.2.20
Clippy (ubuntu-latest)	Run cargo clippy --all-targets --all-features -- -D warnings	2026-02-20T20:38:43.1139872Z [1m[92m  Downloaded[0m itertools v0.10.5
Clippy (ubuntu-latest)	Run cargo clippy --all-targets --all-features -- -D warnings	2026-02-20T20:38:43.1213111Z [1m[92m  Downloaded[0m indexmap v2.13.0
Clippy (ubuntu-latest)	Run cargo clippy --all-targets --all-features -- -D warnings	2026-02-20T20:38:43.1264425Z [1m[92m  Downloaded[0m idna v1.1.0
Clippy (ubuntu-latest)	Run cargo clippy --all-targets --all-features -- -D warnings	2026-02-20T20:38:43.1303376Z [1m[92m  Downloaded[0m http v1.4.0
Clippy (ubuntu-latest)	Run cargo clippy --all-targets --all-features -- -D warnings	2026-02-20T20:38:43.1345229Z [1m[92m  Downloaded[0m hound v3.5.1
Clippy (ubuntu-latest)	Run cargo clippy --all-targets --all-features -- -D warnings	2026-02-20T20:38:43.1380749Z [1m[92m  Downloaded[0m git2 v0.20.4
Clippy (ubuntu-latest)	Run cargo clippy --all-targets --all-features -- -D warnings	2026-02-20T20:38:43.1474739Z [1m[92m  Downloaded[0m getrandom v0.4.1
Clippy (ubuntu-latest)	Run cargo clippy --all-targets --all-features -- -D warnings	2026-02-20T20:38:43.1518777Z [1m[92m  Downloaded[0m dbus v0.9.10
Clippy (ubuntu-latest)	Run cargo clippy --all-targets --all-features -- -D warnings	2026-02-20T20:38:43.1568152Z [1m[92m  Downloaded[0m crossbeam-channel v0.5.15
Clippy (ubuntu-latest)	Run cargo clippy --all-targets --all-features -- -D warnings	2026-02-20T20:38:43.1614411Z [1m[92m  Downloaded[0m cpal v0.15.3
Clippy (ubuntu-latest)	Run cargo clippy --all-targets --all-features -- -D warnings	2026-02-20T20:38:43.1676688Z [1m[92m  Downloaded[0m claxon v0.4.3
Clippy (ubuntu-latest)	Run cargo clippy --all-targets --all-features -- -D warnings	2026-02-20T20:38:43.1738138Z [1m[92m  Downloaded[0m cc v1.2.56
Clippy (ubuntu-latest)	Run cargo clippy --all-targets --all-features -- -D warnings	2026-02-20T20:38:43.1773372Z [1m[92m  Downloaded[0m bytes v1.11.1
Clippy (ubuntu-latest)	Run cargo clippy --all-targets --all-features -- -D warnings	2026-02-20T20:38:43.1823163Z [1m[92m  Downloaded[0m bumpalo v3.20.2
Clippy (ubuntu-latest)	Run cargo clippy --all-targets --all-features -- -D warnings	2026-02-20T20:38:43.1852653Z [1m[92m  Downloaded[0m ashpd v0.11.1
Clippy (ubuntu-latest)	Run cargo clippy --all-targets --all-features -- -D warnings	2026-02-20T20:38:43.1937020Z [1m[92m  Downloaded[0m potential_utf v0.1.4
Clippy (ubuntu-latest)	Run cargo clippy --all-targets --all-features -- -D warnings	2026-02-20T20:38:43.1948715Z [1m[92m  Downloaded[0m pollster v0.4.0
Clippy (ubuntu-latest)	Run cargo clippy --all-targets --all-features -- -D warnings	2026-02-20T20:38:43.1964520Z [1m[92m  Downloaded[0m percent-encoding v2.3.2
Clippy (ubuntu-latest)	Run cargo clippy --all-targets --all-features -- -D warnings	2026-02-20T20:38:43.1975514Z [1m[92m  Downloaded[0m peeking_take_while v0.1.2
Clippy (ubuntu-latest)	Run cargo clippy --all-targets --all-features -- -D warnings	2026-02-20T20:38:43.1984379Z [1m[92m  Downloaded[0m pastey v0.1.1
Clippy (ubuntu-latest)	Run cargo clippy --all-targets --all-features -- -D warnings	2026-02-20T20:38:43.2005350Z [1m[92m  Downloaded[0m paste v1.0.15
Clippy (ubuntu-latest)	Run cargo clippy --all-targets --all-features -- -D warnings	2026-02-20T20:38:43.2043902Z [1m[92m  Downloaded[0m parking v2.2.1
Clippy (ubuntu-latest)	Run cargo clippy --all-targets --all-features -- -D warnings	2026-02-20T20:38:43.2057473Z [1m[92m  Downloaded[0m option-ext v0.2.0
Clippy (ubuntu-latest)	Run cargo clippy --all-targets --all-features -- -D warnings	2026-02-20T20:38:43.2068292Z [1m[92m  Downloaded[0m once_cell v1.21.3
Clippy (ubuntu-latest)	Run cargo clippy --all-targets --all-features -- -D warnings	2026-02-20T20:38:43.2100146Z [1m[92m  Downloaded[0m ogg_pager v0.6.1
Clippy (ubuntu-latest)	Run cargo clippy --all-targets --all-features -- -D warnings	2026-02-20T20:38:43.2111570Z [1m[92m  Downloaded[0m ogg v0.8.0
Clippy (ubuntu-latest)	Run cargo clippy --all-targets --all-features -- -D warnings	2026-02-20T20:38:43.2133764Z [1m[92m  Downloaded[0m num-conv v0.2.0
Clippy (ubuntu-latest)	Run cargo clippy --all-targets --all-features -- -D warnings	2026-02-20T20:38:43.2144721Z [1m[92m  Downloaded[0m noop_proc_macro v0.3.0
Clippy (ubuntu-latest)	Run cargo clippy --all-targets --all-features -- -D warnings	2026-02-20T20:38:43.2155633Z [1m[92m  Downloaded[0m netdev v0.40.0
Clippy (ubuntu-latest)	Run cargo clippy --all-targets --all-features -- -D warnings	2026-02-20T20:38:43.2230004Z [1m[92m  Downloaded[0m memmap2 v0.7.1
Clippy (ubuntu-latest)	Run cargo clippy --all-targets --all-features -- -D warnings	2026-02-20T20:38:43.2252502Z [1m[92m  Downloaded[0m lofty_attr v0.11.1
Clippy (ubuntu-latest)	Run cargo clippy --all-targets --all-features -- -D warnings	2026-02-20T20:38:43.2265817Z [1m[92m  Downloaded[0m litrs v1.0.0
Clippy (ubuntu-latest)	Run cargo clippy --all-targets --all-features -- -D warnings	2026-02-20T20:38:43.2301658Z [1m[92m  Downloaded[0m lewton v0.10.2
Clippy (ubuntu-latest)	Run cargo clippy --all-targets --all-features -- -D warnings	2026-02-20T20:38:43.2331890Z [1m[92m  Downloaded[0m icu_properties_data v2.1.2
Clippy (ubuntu-latest)	Run cargo clippy --all-targets --all-features -- -D warnings	2026-02-20T20:38:43.2451216Z [1m[92m  Downloaded[0m icu_locale_core v2.1.1
Clippy (ubuntu-latest)	Run cargo clippy --all-targets --all-features -- -D warnings	2026-02-20T20:38:43.2534584Z [1m[92m  Downloaded[0m cookie v0.18.1
Clippy (ubuntu-latest)	Run cargo clippy --all-targets --all-features -- -D warnings	2026-02-20T20:38:43.2563148Z [1m[92m  Downloaded[0m codespan-reporting v0.12.0
Clippy (ubuntu-latest)	Run cargo clippy --all-targets --all-features -- -D warnings	2026-02-20T20:38:43.2652279Z [1m[92m  Downloaded[0m clap_complete v4.5.66
Clippy (ubuntu-latest)	Run cargo clippy --all-targets --all-features -- -D warnings	2026-02-20T20:38:43.2686887Z [1m[92m  Downloaded[0m cfg-expr v0.20.6
Clippy (ubuntu-latest)	Run cargo clippy --all-targets --all-features -- -D warnings	2026-02-20T20:38:43.2722766Z [1m[92m  Downloaded[0m bitstream-io v4.9.0
Clippy (ubuntu-latest)	Run cargo clippy --all-targets --all-features -- -D warnings	2026-02-20T20:38:43.2757994Z [1m[92m  Downloaded[0m async-lock v3.4.2
Clippy (ubuntu-latest)	Run cargo clippy --all-targets --all-features -- -D warnings	2026-02-20T20:38:43.2783409Z [1m[92m  Downloaded[0m async-io v2.6.0
Clippy (ubuntu-latest)	Run cargo clippy --all-targets --all-features -- -D warnings	2026-02-20T20:38:43.2817316Z [1m[92m  Downloaded[0m num-derive v0.4.2
Clippy (ubuntu-latest)	Run cargo clippy --all-targets --all-features -- -D warnings	2026-02-20T20:38:43.2838106Z [1m[92m  Downloaded[0m nokhwa-bindings-windows v0.4.5
Clippy (ubuntu-latest)	Run cargo clippy --all-targets --all-features -- -D warnings	2026-02-20T20:38:43.2848819Z [1m[92m  Downloaded[0m nasm-rs v0.3.2
Clippy (ubuntu-latest)	Run cargo clippy --all-targets --all-features -- -D warnings	2026-02-20T20:38:43.2860065Z [1m[92m  Downloaded[0m mozjpeg v0.10.13
Clippy (ubuntu-latest)	Run cargo clippy --all-targets --all-features -- -D warnings	2026-02-20T20:38:43.2878233Z [1m[92m  Downloaded[0m maybe-rayon v0.1.1
Clippy (ubuntu-latest)	Run cargo clippy --all-targets --all-features -- -D warnings	2026-02-20T20:38:43.2888850Z [1m[92m  Downloaded[0m lock_api v0.4.14
Clippy (ubuntu-latest)	Run cargo clippy --all-targets --all-features -- -D warnings	2026-02-20T20:38:43.2903446Z [1m[92m  Downloaded[0m libloading v0.8.9
Clippy (ubuntu-latest)	Run cargo clippy --all-targets --all-features -- -D warnings	2026-02-20T20:38:43.2931211Z [1m[92m  Downloaded[0m icu_collections v2.1.1
Clippy (ubuntu-latest)	Run cargo clippy --all-targets --all-features -- -D warnings	2026-02-20T20:38:43.3004210Z [1m[92m  Downloaded[0m getrandom v0.3.4
Clippy (ubuntu-latest)	Run cargo clippy --all-targets --all-features -- -D warnings	2026-02-20T20:38:43.3044680Z [1m[92m  Downloaded[0m bytemuck v1.25.0
Clippy (ubuntu-latest)	Run cargo clippy --all-targets --all-features -- -D warnings	2026-02-20T20:38:43.3083667Z [1m[92m  Downloaded[0m async-process v2.5.0
Clippy (ubuntu-latest)	Run cargo clippy --all-targets --all-features -- -D warnings	2026-02-20T20:38:43.3103581Z [1m[92m  Downloaded[0m async-executor v1.14.0
Clippy (ubuntu-latest)	Run cargo clippy --all-targets --all-features -- -D warnings	2026-02-20T20:38:43.3125731Z [1m[92m  Downloaded[0m khronos-egl v6.0.0
Clippy (ubuntu-latest)	Run cargo clippy --all-targets --all-features -- -D warnings	2026-02-20T20:38:43.3147931Z [1m[92m  Downloaded[0m jobserver v0.1.34
Clippy (ubuntu-latest)	Run cargo clippy --all-targets --all-features -- -D warnings	2026-02-20T20:38:43.3172550Z [1m[92m  Downloaded[0m indenter v0.3.4
Clippy (ubuntu-latest)	Run cargo clippy --all-targets --all-features -- -D warnings	2026-02-20T20:38:43.3187492Z [1m[92m  Downloaded[0m imgref v1.12.0
Clippy (ubuntu-latest)	Run cargo clippy --all-targets --all-features -- -D warnings	2026-02-20T20:38:43.3206943Z [1m[92m  Downloaded[0m icu_normalizer v2.1.1
Clippy (ubuntu-latest)	Run cargo clippy --all-targets --all-features -- -D warnings	2026-02-20T20:38:43.3248657Z [1m[92m  Downloaded[0m http-kit v0.4.2
Clippy (ubuntu-latest)	Run cargo clippy --all-targets --all-features -- -D warnings	2026-02-20T20:38:43.3274303Z [1m[92m  Downloaded[0m hashbrown v0.15.5
Clippy (ubuntu-latest)	Run cargo clippy --all-targets --all-features -- -D warnings	2026-02-20T20:38:43.3330951Z [1m[92m  Downloaded[0m gpu-descriptor v0.3.2
Clippy (ubuntu-latest)	Run cargo clippy --all-targets --all-features -- -D warnings	2026-02-20T20:38:43.3340758Z [1m[92m  Downloaded[0m gpu-allocator v0.28.0
Clippy (ubuntu-latest)	Run cargo clippy --all-targets --all-features -- -D warnings	2026-02-20T20:38:43.3375156Z [1m[92m  Downloaded[0m glob v0.3.3
Clippy (ubuntu-latest)	Run cargo clippy --all-targets --all-features -- -D warnings	2026-02-20T20:38:43.3394038Z [1m[92m  Downloaded[0m fastrand v2.3.0
Clippy (ubuntu-latest)	Run cargo clippy --all-targets --all-features -- -D warnings	2026-02-20T20:38:43.3409076Z [1m[92m  Downloaded[0m digest v0.10.7
Clippy (ubuntu-latest)	Run cargo clippy --all-targets --all-features -- -D warnings	2026-02-20T20:38:43.3431032Z [1m[92m  Downloaded[0m dav1d v0.11.1
Clippy (ubuntu-latest)	Run cargo clippy --all-targets --all-features -- -D warnings	2026-02-20T20:38:43.3446395Z [1m[92m  Downloaded[0m crossbeam-utils v0.8.21
Clippy (ubuntu-latest)	Run cargo clippy --all-targets --all-features -- -D warnings	2026-02-20T20:38:43.3478006Z [1m[92m  Downloaded[0m crossbeam-epoch v0.9.18
Clippy (ubuntu-latest)	Run cargo clippy --all-targets --all-features -- -D warnings	2026-02-20T20:38:43.3506905Z [1m[92m  Downloaded[0m crossbeam-deque v0.8.6
Clippy (ubuntu-latest)	Run cargo clippy --all-targets --all-features -- -D warnings	2026-02-20T20:38:43.3523496Z [1m[92m  Downloaded[0m crc32fast v1.5.0
Clippy (ubuntu-latest)	Run cargo clippy --all-targets --all-features -- -D warnings	2026-02-20T20:38:43.3545395Z [1m[92m  Downloaded[0m core2 v0.4.0
Clippy (ubuntu-latest)	Run cargo clippy --all-targets --all-features -- -D warnings	2026-02-20T20:38:43.3582377Z [1m[92m  Downloaded[0m console v0.15.11
Clippy (ubuntu-latest)	Run cargo clippy --all-targets --all-features -- -D warnings	2026-02-20T20:38:43.3608713Z [1m[92m  Downloaded[0m clap_derive v4.5.55
Clippy (ubuntu-latest)	Run cargo clippy --all-targets --all-features -- -D warnings	2026-02-20T20:38:43.3634228Z [1m[92m  Downloaded[0m clap v4.5.60
Clippy (ubuntu-latest)	Run cargo clippy --all-targets --all-features -- -D warnings	2026-02-20T20:38:43.3748017Z [1m[92m  Downloaded[0m clang-sys v1.8.1
Clippy (ubuntu-latest)	Run cargo clippy --all-targets --all-features -- -D warnings	2026-02-20T20:38:43.3774971Z [1m[92m  Downloaded[0m cexpr v0.6.0
Clippy (ubuntu-latest)	Run cargo clippy --all-targets --all-features -- -D warnings	2026-02-20T20:38:43.3797269Z [1m[92m  Downloaded[0m built v0.8.0
Clippy (ubuntu-latest)	Run cargo clippy --all-targets --all-features -- -D warnings	2026-02-20T20:38:43.3819312Z [1m[92m  Downloaded[0m bitflags v2.11.0
Clippy (ubuntu-latest)	Run cargo clippy --all-targets --all-features -- -D warnings	2026-02-20T20:38:43.3870759Z [1m[92m  Downloaded[0m av-metrics v0.9.1
Clippy (ubuntu-latest)	Run cargo clippy --all-targets --all-features -- -D warnings	2026-02-20T20:38:43.3891351Z [1m[92m  Downloaded[0m atomic-waker v1.1.2
Clippy (ubuntu-latest)	Run cargo clippy --all-targets --all-features -- -D warnings	2026-02-20T20:38:43.3905734Z [1m[92m  Downloaded[0m async-tungstenite v0.32.1
Clippy (ubuntu-latest)	Run cargo clippy --all-targets --all-features -- -D warnings	2026-02-20T20:38:43.3942337Z [1m[92m  Downloaded[0m async-task v4.7.1
Clippy (ubuntu-latest)	Run cargo clippy --all-targets --all-features -- -D warnings	2026-02-20T20:38:43.3973440Z [1m[92m  Downloaded[0m async-fs v2.2.0
Clippy (ubuntu-latest)	Run cargo clippy --all-targets --all-features -- -D warnings	2026-02-20T20:38:43.3985483Z [1m[92m  Downloaded[0m lazy_static v1.5.0
Clippy (ubuntu-latest)	Run cargo clippy --all-targets --all-features -- -D warnings	2026-02-20T20:38:43.4007549Z [1m[92m  Downloaded[0m lab v0.11.0
Clippy (ubuntu-latest)	Run cargo clippy --all-targets --all-features -- -D warnings	2026-02-20T20:38:43.4023896Z [1m[92m  Downloaded[0m ivf v0.1.4
Clippy (ubuntu-latest)	Run cargo clippy --all-targets --all-features -- -D warnings	2026-02-20T20:38:43.4032952Z [1m[92m  Downloaded[0m itoa v1.0.17
Clippy (ubuntu-latest)	Run cargo clippy --all-targets --all-features -- -D warnings	2026-02-20T20:38:43.4050634Z [1m[92m  Downloaded[0m half v2.7.1
Clippy (ubuntu-latest)	Run cargo clippy --all-targets --all-features -- -D warnings	2026-02-20T20:38:43.4082476Z [1m[92m  Downloaded[0m generic-array v0.14.7
Clippy (ubuntu-latest)	Run cargo clippy --all-targets --all-features -- -D warnings	2026-02-20T20:38:43.4098923Z [1m[92m  Downloaded[0m data-encoding v2.10.0
Clippy (ubuntu-latest)	Run cargo clippy --all-targets --all-features -- -D warnings	2026-02-20T20:38:43.4110805Z [1m[92m  Downloaded[0m dasp_sample v0.11.0
Clippy (ubuntu-latest)	Run cargo clippy --all-targets --all-features -- -D warnings	2026-02-20T20:38:43.4123822Z [1m[92m  Downloaded[0m concurrent-queue v2.5.0
Clippy (ubuntu-latest)	Run cargo clippy --all-targets --all-features -- -D warnings	2026-02-20T20:38:43.4144261Z [1m[92m  Downloaded[0m bytestr v0.3.1
Clippy (ubuntu-latest)	Run cargo clippy --all-targets --all-features -- -D warnings	2026-02-20T20:38:43.4158958Z [1m[92m  Downloaded[0m byteorder-lite v0.1.0
Clippy (ubuntu-latest)	Run cargo clippy --all-targets --all-features -- -D warnings	2026-02-20T20:38:43.4171928Z [1m[92m  Downloaded[0m blocking v1.6.2
Clippy (ubuntu-latest)	Run cargo clippy --all-targets --all-features -- -D warnings	2026-02-20T20:38:43.4186783Z [1m[92m  Downloaded[0m av-data v0.4.4
Clippy (ubuntu-latest)	Run cargo clippy --all-targets --all-features -- -D warnings	2026-02-20T20:38:43.4201654Z [1m[92m  Downloaded[0m autocfg v1.5.0
Clippy (ubuntu-latest)	Run cargo clippy --all-targets --all-features -- -D warnings	2026-02-20T20:38:43.4224929Z [1m[92m  Downloaded[0m async-trait v0.1.89
Clippy (ubuntu-latest)	Run cargo clippy --all-targets --all-features -- -D warnings	2026-02-20T20:38:43.4269621Z [1m[92m  Downloaded[0m async-channel v2.5.0
Clippy (ubuntu-latest)	Run cargo clippy --all-targets --all-features -- -D warnings	2026-02-20T20:38:43.4284583Z [1m[92m  Downloaded[0m linux-keyutils v0.2.4
Clippy (ubuntu-latest)	Run cargo clippy --all-targets --all-features -- -D warnings	2026-02-20T20:38:43.4307021Z [1m[92m  Downloaded[0m lebe v0.5.3
Clippy (ubuntu-latest)	Run cargo clippy --all-targets --all-features -- -D warnings	2026-02-20T20:38:43.4322404Z [1m[92m  Downloaded[0m http-body-util v0.1.3
Clippy (ubuntu-latest)	Run cargo clippy --all-targets --all-features -- -D warnings	2026-02-20T20:38:43.4344288Z [1m[92m  Downloaded[0m hexf-parse v0.2.1
Clippy (ubuntu-latest)	Run cargo clippy --all-targets --all-features -- -D warnings	2026-02-20T20:38:43.4352043Z [1m[92m  Downloaded[0m heck v0.5.0
Clippy (ubuntu-latest)	Run cargo clippy --all-targets --all-features -- -D warnings	2026-02-20T20:38:43.4367713Z [1m[92m  Downloaded[0m crossbeam v0.8.4
Clippy (ubuntu-latest)	Run cargo clippy --all-targets --all-features -- -D warnings	2026-02-20T20:38:43.4381297Z [1m[92m  Downloaded[0m colorchoice v1.0.4
Clippy (ubuntu-latest)	Run cargo clippy --all-targets --all-features -- -D warnings	2026-02-20T20:38:43.4392330Z [1m[92m  Downloaded[0m color_quant v1.1.0
Clippy (ubuntu-latest)	Run cargo clippy --all-targets --all-features -- -D warnings	2026-02-20T20:38:43.4404848Z [1m[92m  Downloaded[0m clipboard-rs v0.3.2
Clippy (ubuntu-latest)	Run cargo clippy --all-targets --all-features -- -D warnings	2026-02-20T20:38:43.4438944Z [1m[92m  Downloaded[0m icu_provider v2.1.1
Clippy (ubuntu-latest)	Run cargo clippy --all-targets --all-features -- -D warnings	2026-02-20T20:38:43.4468677Z [1m[92m  Downloaded[0m gpu-alloc v0.6.0
Clippy (ubuntu-latest)	Run cargo clippy --all-targets --all-features -- -D warnings	2026-02-20T20:38:43.4485323Z [1m[92m  Downloaded[0m fax_derive v0.2.0
Clippy (ubuntu-latest)	Run cargo clippy --all-targets --all-features -- -D warnings	2026-02-20T20:38:43.4493454Z [1m[92m  Downloaded[0m crypto-common v0.1.7
Clippy (ubuntu-latest)	Run cargo clippy --all-targets --all-features -- -D warnings	2026-02-20T20:38:43.4504358Z [1m[92m  Downloaded[0m cpufeatures v0.2.17
Clippy (ubuntu-latest)	Run cargo clippy --all-targets --all-features -- -D warnings	2026-02-20T20:38:43.4521294Z [1m[92m  Downloaded[0m brightness v0.8.0
Clippy (ubuntu-latest)	Run cargo clippy --all-targets --all-features -- -D warnings	2026-02-20T20:38:43.4541403Z [1m[92m  Downloaded[0m as-slice v0.2.1
Clippy (ubuntu-latest)	Run cargo clippy --all-targets --all-features -- -D warnings	2026-02-20T20:38:43.4552370Z [1m[92m  Downloaded[0m idna_adapter v1.2.1
Clippy (ubuntu-latest)	Run cargo clippy --all-targets --all-features -- -D warnings	2026-02-20T20:38:43.4563550Z [1m[92m  Downloaded[0m icu_normalizer_data v2.1.1
Clippy (ubuntu-latest)	Run cargo clippy --all-targets --all-features -- -D warnings	2026-02-20T20:38:43.4587319Z [1m[92m  Downloaded[0m fdeflate v0.3.7
Clippy (ubuntu-latest)	Run cargo clippy --all-targets --all-features -- -D warnings	2026-02-20T20:38:43.4606635Z [1m[92m  Downloaded[0m dav1d-sys v0.8.3
Clippy (ubuntu-latest)	Run cargo clippy --all-targets --all-features -- -D warnings	2026-02-20T20:38:43.4617238Z [1m[92m  Downloaded[0m is-wsl v0.4.0
Clippy (ubuntu-latest)	Run cargo clippy --all-targets --all-features -- -D warnings	2026-02-20T20:38:43.4630302Z [1m[92m  Downloaded[0m is-docker v0.2.0
Clippy (ubuntu-latest)	Run cargo clippy --all-targets --all-features -- -D warnings	2026-02-20T20:38:43.4644286Z [1m[92m  Downloaded[0m io-lifetimes v1.0.11
Clippy (ubuntu-latest)	Run cargo clippy --all-targets --all-features -- -D warnings	2026-02-20T20:38:43.4669825Z [1m[92m  Downloaded[0m httpdate v1.0.3
Clippy (ubuntu-latest)	Run cargo clippy --all-targets --all-features -- -D warnings	2026-02-20T20:38:43.4684390Z [1m[92m  Downloaded[0m hex v0.4.3
Clippy (ubuntu-latest)	Run cargo clippy --all-targets --all-features -- -D warnings	2026-02-20T20:38:43.4703493Z [1m[92m  Downloaded[0m gif v0.14.1
Clippy (ubuntu-latest)	Run cargo clippy --all-targets --all-features -- -D warnings	2026-02-20T20:38:43.4724595Z [1m[92m  Downloaded[0m eyre v0.6.12
Clippy (ubuntu-latest)	Run cargo clippy --all-targets --all-features -- -D warnings	2026-02-20T20:38:43.4765572Z [1m[92m  Downloaded[0m executor-core v0.7.1
Clippy (ubuntu-latest)	Run cargo clippy --all-targets --all-features -- -D warnings	2026-02-20T20:38:43.4788193Z [1m[92m  Downloaded[0m image-webp v0.2.4
Clippy (ubuntu-latest)	Run cargo clippy --all-targets --all-features -- -D warnings	2026-02-20T20:38:43.4813528Z [1m[92m  Downloaded[0m home v0.5.12
Clippy (ubuntu-latest)	Run cargo clippy --all-targets --all-features -- -D warnings	2026-02-20T20:38:43.4826094Z [1m[92m  Downloaded[0m gif v0.13.3
Clippy (ubuntu-latest)	Run cargo clippy --all-targets --all-features -- -D warnings	2026-02-20T20:38:43.4846241Z [1m[92m  Downloaded[0m gethostname v1.1.0
Clippy (ubuntu-latest)	Run cargo clippy --all-targets --all-features -- -D warnings	2026-02-20T20:38:43.4858035Z [1m[92m  Downloaded[0m futures-timer v3.0.3
Clippy (ubuntu-latest)	Run cargo clippy --all-targets --all-features -- -D warnings	2026-02-20T20:38:43.4879818Z [1m[92m  Downloaded[0m futures-task v0.3.32
Clippy (ubuntu-latest)	Run cargo clippy --all-targets --all-features -- -D warnings	2026-02-20T20:38:43.4894405Z [1m[92m  Downloaded[0m flume v0.11.1
Clippy (ubuntu-latest)	Run cargo clippy --all-targets --all-features -- -D warnings	2026-02-20T20:38:43.4935284Z [1m[92m  Downloaded[0m deranged v0.5.6
Clippy (ubuntu-latest)	Run cargo clippy --all-targets --all-features -- -D warnings	2026-02-20T20:38:43.4951407Z [1m[92m  Downloaded[0m byte-slice-cast v1.2.3
Clippy (ubuntu-latest)	Run cargo clippy --all-targets --all-features -- -D warnings	2026-02-20T20:38:43.4961723Z [1m[92m  Downloaded[0m httparse v1.10.1
Clippy (ubuntu-latest)	Run cargo clippy --all-targets --all-features -- -D warnings	2026-02-20T20:38:43.4991157Z [1m[92m  Downloaded[0m gpu-descriptor-types v0.2.0
Clippy (ubuntu-latest)	Run cargo clippy --all-targets --all-features -- -D warnings	2026-02-20T20:38:43.4999935Z [1m[92m  Downloaded[0m gpu-alloc-types v0.3.0
Clippy (ubuntu-latest)	Run cargo clippy --all-targets --all-features -- -D warnings	2026-02-20T20:38:43.5008937Z [1m[92m  Downloaded[0m getrandom v0.2.17
Clippy (ubuntu-latest)	Run cargo clippy --all-targets --all-features -- -D warnings	2026-02-20T20:38:43.5043669Z [1m[92m  Downloaded[0m futures-lite v2.6.1
Clippy (ubuntu-latest)	Run cargo clippy --all-targets --all-features -- -D warnings	2026-02-20T20:38:43.5063203Z [1m[92m  Downloaded[0m futures v0.3.32
Clippy (ubuntu-latest)	Run cargo clippy --all-targets --all-features -- -D warnings	2026-02-20T20:38:43.5121185Z [1m[92m  Downloaded[0m foldhash v0.2.0
Clippy (ubuntu-latest)	Run cargo clippy --all-targets --all-features -- -D warnings	2026-02-20T20:38:43.5135596Z [1m[92m  Downloaded[0m flate2 v1.1.9
Clippy (ubuntu-latest)	Run cargo clippy --all-targets --all-features -- -D warnings	2026-02-20T20:38:43.5193676Z [1m[92m  Downloaded[0m ffmpeg-next v7.1.0
Clippy (ubuntu-latest)	Run cargo clippy --all-targets --all-features -- -D warnings	2026-02-20T20:38:43.5329449Z [1m[92m  Downloaded[0m dlib v0.5.2
Clippy (ubuntu-latest)	Run cargo clippy --all-targets --all-features -- -D warnings	2026-02-20T20:38:43.5340837Z [1m[92m  Downloaded[0m displaydoc v0.2.5
Clippy (ubuntu-latest)	Run cargo clippy --all-targets --all-features -- -D warnings	2026-02-20T20:38:43.5376998Z [1m[92m  Downloaded[0m cfg-if v1.0.4
Clippy (ubuntu-latest)	Run cargo clippy --all-targets --all-features -- -D warnings	2026-02-20T20:38:43.5393282Z [1m[92m  Downloaded[0m async-global-executor v2.4.1
Clippy (ubuntu-latest)	Run cargo clippy --all-targets --all-features -- -D warnings	2026-02-20T20:38:43.5413699Z [1m[92m  Downloaded[0m futures-sink v0.3.32
Clippy (ubuntu-latest)	Run cargo clippy --all-targets --all-features -- -D warnings	2026-02-20T20:38:43.5424497Z [1m[92m  Downloaded[0m futures-rustls v0.26.0
Clippy (ubuntu-latest)	Run cargo clippy --all-targets --all-features -- -D warnings	2026-02-20T20:38:43.5444577Z [1m[92m  Downloaded[0m futures-channel v0.3.32
Clippy (ubuntu-latest)	Run cargo clippy --all-targets --all-features -- -D warnings	2026-02-20T20:38:43.5466818Z [1m[92m  Downloaded[0m foldhash v0.1.5
Clippy (ubuntu-latest)	Run cargo clippy --all-targets --all-features -- -D warnings	2026-02-20T20:38:43.5482065Z [1m[92m  Downloaded[0m find-msvc-tools v0.1.9
Clippy (ubuntu-latest)	Run cargo clippy --all-targets --all-features -- -D warnings	2026-02-20T20:38:43.5500919Z [1m[92m  Downloaded[0m event-listener-strategy v0.5.4
Clippy (ubuntu-latest)	Run cargo clippy --all-targets --all-features -- -D warnings	2026-02-20T20:38:43.5514716Z [1m[92m  Downloaded[0m ffmpeg-sys-next v7.1.3
Clippy (ubuntu-latest)	Run cargo clippy --all-targets --all-features -- -D warnings	2026-02-20T20:38:43.5534490Z [1m[92m  Downloaded[0m event-listener v2.5.3
Clippy (ubuntu-latest)	Run cargo clippy --all-targets --all-features -- -D warnings	2026-02-20T20:38:43.5549612Z [1m[92m  Downloaded[0m enumflags2 v0.7.12
Clippy (ubuntu-latest)	Run cargo clippy --all-targets --all-features -- -D warnings	2026-02-20T20:38:43.5565912Z [1m[92m  Downloaded[0m endi v1.1.1
Clippy (ubuntu-latest)	Run cargo clippy --all-targets --all-features -- -D warnings	2026-02-20T20:38:43.5579612Z [1m[92m  Downloaded[0m dunce v1.0.5
Clippy (ubuntu-latest)	Run cargo clippy --all-targets --all-features -- -D warnings	2026-02-20T20:38:43.5590773Z [1m[92m  Downloaded[0m dirs-sys v0.5.0
Clippy (ubuntu-latest)	Run cargo clippy --all-targets --all-features -- -D warnings	2026-02-20T20:38:43.5604687Z [1m[92m  Downloaded[0m crossbeam-queue v0.3.12
Clippy (ubuntu-latest)	Run cargo clippy --all-targets --all-features -- -D warnings	2026-02-20T20:38:43.5619612Z [1m[92m  Downloaded[0m clap_lex v1.0.0
Clippy (ubuntu-latest)	Run cargo clippy --all-targets --all-features -- -D warnings	2026-02-20T20:38:43.5632141Z [1m[92m  Downloaded[0m cfg_aliases v0.2.1
Clippy (ubuntu-latest)	Run cargo clippy --all-targets --all-features -- -D warnings	2026-02-20T20:38:43.5644052Z [1m[92m  Downloaded[0m block-buffer v0.10.4
Clippy (ubuntu-latest)	Run cargo clippy --all-targets --all-features -- -D warnings	2026-02-20T20:38:43.5656699Z [1m[92m  Downloaded[0m bitflags v1.3.2
Clippy (ubuntu-latest)	Run cargo clippy --all-targets --all-features -- -D warnings	2026-02-20T20:38:43.5696660Z [1m[92m  Downloaded[0m bit-vec v0.8.0
Clippy (ubuntu-latest)	Run cargo clippy --all-targets --all-features -- -D warnings	2026-02-20T20:38:43.5716001Z [1m[92m  Downloaded[0m base64 v0.22.1
Clippy (ubuntu-latest)	Run cargo clippy --all-targets --all-features -- -D warnings	2026-02-20T20:38:43.5760748Z [1m[92m  Downloaded[0m async-signal v0.2.13
Clippy (ubuntu-latest)	Run cargo clippy --all-targets --all-features -- -D warnings	2026-02-20T20:38:43.5780202Z [1m[92m  Downloaded[0m async-channel v1.9.0
Clippy (ubuntu-latest)	Run cargo clippy --all-targets --all-features -- -D warnings	2026-02-20T20:38:43.5793443Z [1m[92m  Downloaded[0m futures-core v0.3.32
Clippy (ubuntu-latest)	Run cargo clippy --all-targets --all-features -- -D warnings	2026-02-20T20:38:43.5809347Z [1m[92m  Downloaded[0m form_urlencoded v1.2.2
Clippy (ubuntu-latest)	Run cargo clippy --all-targets --all-features -- -D warnings	2026-02-20T20:38:43.5819049Z [1m[92m  Downloaded[0m fax v0.2.6
Clippy (ubuntu-latest)	Run cargo clippy --all-targets --all-features -- -D warnings	2026-02-20T20:38:43.5836491Z [1m[92m  Downloaded[0m event-listener v5.4.1
Clippy (ubuntu-latest)	Run cargo clippy --all-targets --all-features -- -D warnings	2026-02-20T20:38:43.5860078Z [1m[92m  Downloaded[0m errno v0.3.14
Clippy (ubuntu-latest)	Run cargo clippy --all-targets --all-features -- -D warnings	2026-02-20T20:38:43.5878844Z [1m[92m  Downloaded[0m equivalent v1.0.2
Clippy (ubuntu-latest)	Run cargo clippy --all-targets --all-features -- -D warnings	2026-02-20T20:38:43.5891327Z [1m[92m  Downloaded[0m downcast-rs v1.2.1
Clippy (ubuntu-latest)	Run cargo clippy --all-targets --all-features -- -D warnings	2026-02-20T20:38:43.5907855Z [1m[92m  Downloaded[0m cmake v0.1.57
Clippy (ubuntu-latest)	Run cargo clippy --all-targets --all-features -- -D warnings	2026-02-20T20:38:43.5924740Z [1m[92m  Downloaded[0m byteorder v1.5.0
Clippy (ubuntu-latest)	Run cargo clippy --all-targets --all-features -- -D warnings	2026-02-20T20:38:43.5943847Z [1m[92m  Downloaded[0m bytemuck_derive v1.10.2
Clippy (ubuntu-latest)	Run cargo clippy --all-targets --all-features -- -D warnings	2026-02-20T20:38:43.5959309Z [1m[92m  Downloaded[0m bit_field v0.10.3
Clippy (ubuntu-latest)	Run cargo clippy --all-targets --all-features -- -D warnings	2026-02-20T20:38:43.5974209Z [1m[92m  Downloaded[0m async-std v1.13.2
Clippy (ubuntu-latest)	Run cargo clippy --all-targets --all-features -- -D warnings	2026-02-20T20:38:43.6250261Z [1m[92m  Downloaded[0m alsa-sys v0.3.1
Clippy (ubuntu-latest)	Run cargo clippy --all-targets --all-features -- -D warnings	2026-02-20T20:38:43.6267007Z [1m[92m  Downloaded[0m aho-corasick v1.1.4
Clippy (ubuntu-latest)	Run cargo clippy --all-targets --all-features -- -D warnings	2026-02-20T20:38:43.6326822Z [1m[92m  Downloaded[0m equator v0.4.2
Clippy (ubuntu-latest)	Run cargo clippy --all-targets --all-features -- -D warnings	2026-02-20T20:38:43.6343158Z [1m[92m  Downloaded[0m document-features v0.2.12
Clippy (ubuntu-latest)	Run cargo clippy --all-targets --all-features -- -D warnings	2026-02-20T20:38:43.6358415Z [1m[92m  Downloaded[0m display-info v0.4.8
Clippy (ubuntu-latest)	Run cargo clippy --all-targets --all-features -- -D warnings	2026-02-20T20:38:43.6378302Z [1m[92m  Downloaded[0m av1-grain v0.2.5
Clippy (ubuntu-latest)	Run cargo clippy --all-targets --all-features -- -D warnings	2026-02-20T20:38:43.6406381Z [1m[92m  Downloaded[0m anyhow v1.0.102
Clippy (ubuntu-latest)	Run cargo clippy --all-targets --all-features -- -D warnings	2026-02-20T20:38:43.6453890Z [1m[92m  Downloaded[0m anstyle v1.0.13
Clippy (ubuntu-latest)	Run cargo clippy --all-targets --all-features -- -D warnings	2026-02-20T20:38:43.6470380Z [1m[92m  Downloaded[0m anstream v0.6.21
Clippy (ubuntu-latest)	Run cargo clippy --all-targets --all-features -- -D warnings	2026-02-20T20:38:43.6493384Z [1m[92m  Downloaded[0m alsa v0.9.1
Clippy (ubuntu-latest)	Run cargo clippy --all-targets --all-features -- -D warnings	2026-02-20T20:38:43.6523517Z [1m[92m  Downloaded[0m either v1.15.0
Clippy (ubuntu-latest)	Run cargo clippy --all-targets --all-features -- -D warnings	2026-02-20T20:38:43.6540553Z [1m[92m  Downloaded[0m dirs v6.0.0
Clippy (ubuntu-latest)	Run cargo clippy --all-targets --all-features -- -D warnings	2026-02-20T20:38:43.6557244Z [1m[92m  Downloaded[0m avif-serialize v0.8.8
Clippy (ubuntu-latest)	Run cargo clippy --all-targets --all-features -- -D warnings	2026-02-20T20:38:43.6570640Z [1m[92m  Downloaded[0m arg_enum_proc_macro v0.3.4
Clippy (ubuntu-latest)	Run cargo clippy --all-targets --all-features -- -D warnings	2026-02-20T20:38:43.6584986Z [1m[92m  Downloaded[0m anstyle-query v1.1.5
Clippy (ubuntu-latest)	Run cargo clippy --all-targets --all-features -- -D warnings	2026-02-20T20:38:43.6600390Z [1m[92m  Downloaded[0m anstyle-parse v0.2.7
Clippy (ubuntu-latest)	Run cargo clippy --all-targets --all-features -- -D warnings	2026-02-20T20:38:43.6618831Z [1m[92m  Downloaded[0m allocator-api2 v0.2.21
Clippy (ubuntu-latest)	Run cargo clippy --all-targets --all-features -- -D warnings	2026-02-20T20:38:43.6648739Z [1m[92m  Downloaded[0m aligned-vec v0.6.4
Clippy (ubuntu-latest)	Run cargo clippy --all-targets --all-features -- -D warnings	2026-02-20T20:38:43.6661027Z [1m[92m  Downloaded[0m bit-set v0.8.0
Clippy (ubuntu-latest)	Run cargo clippy --all-targets --all-features -- -D warnings	2026-02-20T20:38:43.6677091Z [1m[92m  Downloaded[0m arrayvec v0.7.6
Clippy (ubuntu-latest)	Run cargo clippy --all-targets --all-features -- -D warnings	2026-02-20T20:38:43.6716033Z [1m[92m  Downloaded[0m adler2 v2.0.1
Clippy (ubuntu-latest)	Run cargo clippy --all-targets --all-features -- -D warnings	2026-02-20T20:38:43.6754538Z [1m[92m  Downloaded[0m aws-lc-sys v0.37.1
Clippy (ubuntu-latest)	Run cargo clippy --all-targets --all-features -- -D warnings	2026-02-20T20:38:44.1608482Z [1m[92m   Compiling[0m proc-macro2 v1.0.106
Clippy (ubuntu-latest)	Run cargo clippy --all-targets --all-features -- -D warnings	2026-02-20T20:38:44.1609965Z [1m[92m   Compiling[0m quote v1.0.44
Clippy (ubuntu-latest)	Run cargo clippy --all-targets --all-features -- -D warnings	2026-02-20T20:38:44.1610513Z [1m[92m   Compiling[0m unicode-ident v1.0.24
Clippy (ubuntu-latest)	Run cargo clippy --all-targets --all-features -- -D warnings	2026-02-20T20:38:44.1611038Z [1m[92m   Compiling[0m libc v0.2.182
Clippy (ubuntu-latest)	Run cargo clippy --all-targets --all-features -- -D warnings	2026-02-20T20:38:44.2597491Z [1m[92m    Checking[0m cfg-if v1.0.4
Clippy (ubuntu-latest)	Run cargo clippy --all-targets --all-features -- -D warnings	2026-02-20T20:38:44.4339612Z [1m[92m   Compiling[0m bitflags v2.11.0
Clippy (ubuntu-latest)	Run cargo clippy --all-targets --all-features -- -D warnings	2026-02-20T20:38:44.7277056Z [1m[92m   Compiling[0m autocfg v1.5.0
Clippy (ubuntu-latest)	Run cargo clippy --all-targets --all-features -- -D warnings	2026-02-20T20:38:45.2906349Z [1m[92m   Compiling[0m syn v2.0.117
Clippy (ubuntu-latest)	Run cargo clippy --all-targets --all-features -- -D warnings	2026-02-20T20:38:45.4884272Z [1m[92m   Compiling[0m getrandom v0.4.1
Clippy (ubuntu-latest)	Run cargo clippy --all-targets --all-features -- -D warnings	2026-02-20T20:38:45.6265350Z [1m[92m   Compiling[0m rustix v1.1.3
Clippy (ubuntu-latest)	Run cargo clippy --all-targets --all-features -- -D warnings	2026-02-20T20:38:45.6474342Z [1m[92m   Compiling[0m syn v1.0.109
Clippy (ubuntu-latest)	Run cargo clippy --all-targets --all-features -- -D warnings	2026-02-20T20:38:45.8747938Z [1m[92m   Compiling[0m linux-raw-sys v0.11.0
Clippy (ubuntu-latest)	Run cargo clippy --all-targets --all-features -- -D warnings	2026-02-20T20:38:45.9450432Z [1m[92m   Compiling[0m crossbeam-utils v0.8.21
Clippy (ubuntu-latest)	Run cargo clippy --all-targets --all-features -- -D warnings	2026-02-20T20:38:46.3125595Z [1m[92m   Compiling[0m shlex v1.3.0
Clippy (ubuntu-latest)	Run cargo clippy --all-targets --all-features -- -D warnings	2026-02-20T20:38:46.4498417Z [1m[92m   Compiling[0m once_cell v1.21.3
Clippy (ubuntu-latest)	Run cargo clippy --all-targets --all-features -- -D warnings	2026-02-20T20:38:46.6038450Z [1m[92m   Compiling[0m fastrand v2.3.0
Clippy (ubuntu-latest)	Run cargo clippy --all-targets --all-features -- -D warnings	2026-02-20T20:38:47.1324162Z [1m[92m    Checking[0m value-bag v1.12.0
Clippy (ubuntu-latest)	Run cargo clippy --all-targets --all-features -- -D warnings	2026-02-20T20:38:47.3135401Z [1m[92m    Checking[0m log v0.4.29
Clippy (ubuntu-latest)	Run cargo clippy --all-targets --all-features -- -D warnings	2026-02-20T20:38:47.5834828Z [1m[92m   Compiling[0m jobserver v0.1.34
Clippy (ubuntu-latest)	Run cargo clippy --all-targets --all-features -- -D warnings	2026-02-20T20:38:47.8897786Z [1m[92m   Compiling[0m tempfile v3.25.0
Clippy (ubuntu-latest)	Run cargo clippy --all-targets --all-features -- -D warnings	2026-02-20T20:38:48.0111892Z [1m[92m   Compiling[0m serde_core v1.0.228
Clippy (ubuntu-latest)	Run cargo clippy --all-targets --all-features -- -D warnings	2026-02-20T20:38:48.2205061Z [1m[92m   Compiling[0m find-msvc-tools v0.1.9
Clippy (ubuntu-latest)	Run cargo clippy --all-targets --all-features -- -D warnings	2026-02-20T20:38:48.2400137Z [1m[92m   Compiling[0m pkg-config v0.3.32
Clippy (ubuntu-latest)	Run cargo clippy --all-targets --all-features -- -D warnings	2026-02-20T20:38:48.4136659Z [1m[92m   Compiling[0m swift-bridge-ir v0.1.59
Clippy (ubuntu-latest)	Run cargo clippy --all-targets --all-features -- -D warnings	2026-02-20T20:38:48.7212292Z [1m[92m   Compiling[0m cc v1.2.56
Clippy (ubuntu-latest)	Run cargo clippy --all-targets --all-features -- -D warnings	2026-02-20T20:38:50.0527649Z [1m[92m   Compiling[0m synstructure v0.13.2
Clippy (ubuntu-latest)	Run cargo clippy --all-targets --all-features -- -D warnings	2026-02-20T20:38:50.3380993Z [1m[92m   Compiling[0m swift-bridge-build v0.1.59
Clippy (ubuntu-latest)	Run cargo clippy --all-targets --all-features -- -D warnings	2026-02-20T20:38:50.5919291Z [1m[92m   Compiling[0m waterkit-build v0.1.0 (/__w/waterkit/waterkit/waterkit-build)
Clippy (ubuntu-latest)	Run cargo clippy --all-targets --all-features -- -D warnings	2026-02-20T20:38:50.6419800Z [1m[92m   Compiling[0m serde v1.0.228
Clippy (ubuntu-latest)	Run cargo clippy --all-targets --all-features -- -D warnings	2026-02-20T20:38:50.8181008Z [1m[92m    Checking[0m smallvec v1.15.1
Clippy (ubuntu-latest)	Run cargo clippy --all-targets --all-features -- -D warnings	2026-02-20T20:38:50.8378877Z [1m[92m   Compiling[0m zerofrom-derive v0.1.6
Clippy (ubuntu-latest)	Run cargo clippy --all-targets --all-features -- -D warnings	2026-02-20T20:38:50.8584346Z [1m[92m   Compiling[0m yoke-derive v0.8.1
Clippy (ubuntu-latest)	Run cargo clippy --all-targets --all-features -- -D warnings	2026-02-20T20:38:50.9566251Z [1m[92m   Compiling[0m zerovec-derive v0.11.2
Clippy (ubuntu-latest)	Run cargo clippy --all-targets --all-features -- -D warnings	2026-02-20T20:38:51.8122740Z [1m[92m   Compiling[0m serde_derive v1.0.228
Clippy (ubuntu-latest)	Run cargo clippy --all-targets --all-features -- -D warnings	2026-02-20T20:38:51.9095529Z [1m[92m   Compiling[0m displaydoc v0.2.5
Clippy (ubuntu-latest)	Run cargo clippy --all-targets --all-features -- -D warnings	2026-02-20T20:38:52.1292135Z [1m[92m    Checking[0m pin-project-lite v0.2.16
Clippy (ubuntu-latest)	Run cargo clippy --all-targets --all-features -- -D warnings	2026-02-20T20:38:52.4183981Z [1m[92m    Checking[0m futures-core v0.3.32
Clippy (ubuntu-latest)	Run cargo clippy --all-targets --all-features -- -D warnings	2026-02-20T20:38:52.5234416Z [1m[92m    Checking[0m stable_deref_trait v1.2.1
Clippy (ubuntu-latest)	Run cargo clippy --all-targets --all-features -- -D warnings	2026-02-20T20:38:52.5621665Z [1m[92m   Compiling[0m icu_normalizer_data v2.1.1
Clippy (ubuntu-latest)	Run cargo clippy --all-targets --all-features -- -D warnings	2026-02-20T20:38:52.6979076Z [1m[92m   Compiling[0m thiserror v2.0.18
Clippy (ubuntu-latest)	Run cargo clippy --all-targets --all-features -- -D warnings	2026-02-20T20:38:52.9331396Z [1m[92m   Compiling[0m icu_properties_data v2.1.2
Clippy (ubuntu-latest)	Run cargo clippy --all-targets --all-features -- -D warnings	2026-02-20T20:38:53.1274762Z [1m[92m   Compiling[0m thiserror-impl v2.0.18
Clippy (ubuntu-latest)	Run cargo clippy --all-targets --all-features -- -D warnings	2026-02-20T20:38:54.0970486Z [1m[92m    Checking[0m memchr v2.8.0
Clippy (ubuntu-latest)	Run cargo clippy --all-targets --all-features -- -D warnings	2026-02-20T20:38:54.3795292Z [1m[92m   Compiling[0m libm v0.2.16
Clippy (ubuntu-latest)	Run cargo clippy --all-targets --all-features -- -D warnings	2026-02-20T20:38:54.4872632Z [1m[92m    Checking[0m futures-io v0.3.32
Clippy (ubuntu-latest)	Run cargo clippy --all-targets --all-features -- -D warnings	2026-02-20T20:38:54.5611042Z [1m[92m   Compiling[0m num-traits v0.2.19
Clippy (ubuntu-latest)	Run cargo clippy --all-targets --all-features -- -D warnings	2026-02-20T20:38:54.7482372Z [1m[92m    Checking[0m parking v2.2.1
Clippy (ubuntu-latest)	Run cargo clippy --all-targets --all-features -- -D warnings	2026-02-20T20:38:54.8179294Z [1m[92m    Checking[0m concurrent-queue v2.5.0
Clippy (ubuntu-latest)	Run cargo clippy --all-targets --all-features -- -D warnings	2026-02-20T20:38:54.9635959Z [1m[92m   Compiling[0m zerocopy v0.8.39
Clippy (ubuntu-latest)	Run cargo clippy --all-targets --all-features -- -D warnings	2026-02-20T20:38:55.2498870Z [1m[92m    Checking[0m slab v0.4.12
Clippy (ubuntu-latest)	Run cargo clippy --all-targets --all-features -- -D warnings	2026-02-20T20:38:55.4108620Z [1m[92m   Compiling[0m zerocopy-derive v0.8.39
Clippy (ubuntu-latest)	Run cargo clippy --all-targets --all-features -- -D warnings	2026-02-20T20:38:55.4304928Z [1m[92m    Checking[0m errno v0.3.14
Clippy (ubuntu-latest)	Run cargo clippy --all-targets --all-features -- -D warnings	2026-02-20T20:38:55.5008892Z [1m[92m   Compiling[0m winnow v0.7.14
Clippy (ubuntu-latest)	Run cargo clippy --all-targets --all-features -- -D warnings	2026-02-20T20:38:56.0595504Z [1m[92m    Checking[0m signal-hook-registry v1.4.8
Clippy (ubuntu-latest)	Run cargo clippy --all-targets --all-features -- -D warnings	2026-02-20T20:38:56.1779305Z [1m[92m    Checking[0m event-listener v5.4.1
Clippy (ubuntu-latest)	Run cargo clippy --all-targets --all-features -- -D warnings	2026-02-20T20:38:57.0267916Z [1m[92m    Checking[0m event-listener-strategy v0.5.4
Clippy (ubuntu-latest)	Run cargo clippy --all-targets --all-features -- -D warnings	2026-02-20T20:38:57.1728742Z [1m[92m    Checking[0m zerofrom v0.1.6
Clippy (ubuntu-latest)	Run cargo clippy --all-targets --all-features -- -D warnings	2026-02-20T20:38:57.1957270Z [1m[92m   Compiling[0m toml_datetime v0.7.5+spec-1.1.0
Clippy (ubuntu-latest)	Run cargo clippy --all-targets --all-features -- -D warnings	2026-02-20T20:38:57.2469924Z [1m[92m   Compiling[0m toml_parser v1.0.9+spec-1.1.0
Clippy (ubuntu-latest)	Run cargo clippy --all-targets --all-features -- -D warnings	2026-02-20T20:38:57.3763291Z [1m[92m    Checking[0m yoke v0.8.1
Clippy (ubuntu-latest)	Run cargo clippy --all-targets --all-features -- -D warnings	2026-02-20T20:38:57.4518520Z [1m[92m   Compiling[0m bytemuck_derive v1.10.2
Clippy (ubuntu-latest)	Run cargo clippy --all-targets --all-features -- -D warnings	2026-02-20T20:38:57.5120755Z [1m[92m    Checking[0m futures-lite v2.6.1
Clippy (ubuntu-latest)	Run cargo clippy --all-targets --all-features -- -D warnings	2026-02-20T20:38:57.8442218Z [1m[92m    Checking[0m libloading v0.8.9
Clippy (ubuntu-latest)	Run cargo clippy --all-targets --all-features -- -D warnings	2026-02-20T20:38:57.9366332Z [1m[92m   Compiling[0m cfg_aliases v0.2.1
Clippy (ubuntu-latest)	Run cargo clippy --all-targets --all-features -- -D warnings	2026-02-20T20:38:57.9803313Z [1m[92m    Checking[0m zerovec v0.11.5
Clippy (ubuntu-latest)	Run cargo clippy --all-targets --all-features -- -D warnings	2026-02-20T20:38:58.1822198Z [1m[92m    Checking[0m async-channel v2.5.0
Clippy (ubuntu-latest)	Run cargo clippy --all-targets --all-features -- -D warnings	2026-02-20T20:38:58.3258543Z [1m[92m    Checking[0m arrayvec v0.7.6
Clippy (ubuntu-latest)	Run cargo clippy --all-targets --all-features -- -D warnings	2026-02-20T20:38:58.4561964Z [1m[92m    Checking[0m async-task v4.7.1
Clippy (ubuntu-latest)	Run cargo clippy --all-targets --all-features -- -D warnings	2026-02-20T20:38:58.4934541Z [1m[92m    Checking[0m atomic-waker v1.1.2
Clippy (ubuntu-latest)	Run cargo clippy --all-targets --all-features -- -D warnings	2026-02-20T20:38:58.5450629Z [1m[92m    Checking[0m tinystr v0.8.2
Clippy (ubuntu-latest)	Run cargo clippy --all-targets --all-features -- -D warnings	2026-02-20T20:38:58.6011607Z [1m[92m   Compiling[0m async-io v2.6.0
Clippy (ubuntu-latest)	Run cargo clippy --all-targets --all-features -- -D warnings	2026-02-20T20:38:58.6206054Z [1m[92m    Checking[0m bytemuck v1.25.0
Clippy (ubuntu-latest)	Run cargo clippy --all-targets --all-features -- -D warnings	2026-02-20T20:38:58.6787833Z [1m[92m    Checking[0m litemap v0.8.1
Clippy (ubuntu-latest)	Run cargo clippy --all-targets --all-features -- -D warnings	2026-02-20T20:38:58.7071118Z [1m[92m    Checking[0m writeable v0.6.2
Clippy (ubuntu-latest)	Run cargo clippy --all-targets --all-features -- -D warnings	2026-02-20T20:38:58.8126028Z [1m[92m    Checking[0m piper v0.2.4
Clippy (ubuntu-latest)	Run cargo clippy --all-targets --all-features -- -D warnings	2026-02-20T20:38:58.8228069Z [1m[92m    Checking[0m icu_locale_core v2.1.1
Clippy (ubuntu-latest)	Run cargo clippy --all-targets --all-features -- -D warnings	2026-02-20T20:38:58.8572730Z [1m[92m    Checking[0m potential_utf v0.1.4
Clippy (ubuntu-latest)	Run cargo clippy --all-targets --all-features -- -D warnings	2026-02-20T20:38:58.9022420Z [1m[92m    Checking[0m zerotrie v0.2.3
Clippy (ubuntu-latest)	Run cargo clippy --all-targets --all-features -- -D warnings	2026-02-20T20:38:58.9308105Z [1m[92m    Checking[0m polling v3.11.0
Clippy (ubuntu-latest)	Run cargo clippy --all-targets --all-features -- -D warnings	2026-02-20T20:38:59.1522078Z [1m[92m   Compiling[0m hashbrown v0.16.1
Clippy (ubuntu-latest)	Run cargo clippy --all-targets --all-features -- -D warnings	2026-02-20T20:38:59.3899554Z [1m[92m   Compiling[0m equivalent v1.0.2
Clippy (ubuntu-latest)	Run cargo clippy --all-targets --all-features -- -D warnings	2026-02-20T20:38:59.6278414Z [1m[92m    Checking[0m icu_provider v2.1.1
Clippy (ubuntu-latest)	Run cargo clippy --all-targets --all-features -- -D warnings	2026-02-20T20:38:59.7215480Z [1m[92m   Compiling[0m indexmap v2.13.0
Clippy (ubuntu-latest)	Run cargo clippy --all-targets --all-features -- -D warnings	2026-02-20T20:39:00.1335203Z [1m[92m    Checking[0m icu_collections v2.1.1
Clippy (ubuntu-latest)	Run cargo clippy --all-targets --all-features -- -D warnings	2026-02-20T20:39:00.4098453Z [1m[92m    Checking[0m blocking v1.6.2
Clippy (ubuntu-latest)	Run cargo clippy --all-targets --all-features -- -D warnings	2026-02-20T20:39:00.5027600Z [1m[92m    Checking[0m futures-sink v0.3.32
Clippy (ubuntu-latest)	Run cargo clippy --all-targets --all-features -- -D warnings	2026-02-20T20:39:00.5563265Z [1m[92m    Checking[0m percent-encoding v2.3.2
Clippy (ubuntu-latest)	Run cargo clippy --all-targets --all-features -- -D warnings	2026-02-20T20:39:00.6194568Z [1m[92m   Compiling[0m toml_edit v0.23.10+spec-1.0.0
Clippy (ubuntu-latest)	Run cargo clippy --all-targets --all-features -- -D warnings	2026-02-20T20:39:00.6330407Z [1m[92m    Checking[0m async-lock v3.4.2
Clippy (ubuntu-latest)	Run cargo clippy --all-targets --all-features -- -D warnings	2026-02-20T20:39:00.7992650Z [1m[92m   Compiling[0m enumflags2_derive v0.7.12
Clippy (ubuntu-latest)	Run cargo clippy --all-targets --all-features -- -D warnings	2026-02-20T20:39:01.0035686Z [1m[92m    Checking[0m icu_properties v2.1.2
Clippy (ubuntu-latest)	Run cargo clippy --all-targets --all-features -- -D warnings	2026-02-20T20:39:01.2417732Z [1m[92m   Compiling[0m proc-macro-crate v3.4.0
Clippy (ubuntu-latest)	Run cargo clippy --all-targets --all-features -- -D warnings	2026-02-20T20:39:01.7108325Z [1m[92m    Checking[0m icu_normalizer v2.1.1
Clippy (ubuntu-latest)	Run cargo clippy --all-targets --all-features -- -D warnings	2026-02-20T20:39:01.7205624Z [1m[92m    Checking[0m form_urlencoded v1.2.2
Clippy (ubuntu-latest)	Run cargo clippy --all-targets --all-features -- -D warnings	2026-02-20T20:39:01.8021444Z [1m[92m    Checking[0m half v2.7.1
Clippy (ubuntu-latest)	Run cargo clippy --all-targets --all-features -- -D warnings	2026-02-20T20:39:01.9941569Z [1m[92m    Checking[0m crossbeam-epoch v0.9.18
Clippy (ubuntu-latest)	Run cargo clippy --all-targets --all-features -- -D warnings	2026-02-20T20:39:02.1824761Z [1m[92m   Compiling[0m zvariant_utils v3.3.0
Clippy (ubuntu-latest)	Run cargo clippy --all-targets --all-features -- -D warnings	2026-02-20T20:39:02.2851749Z [1m[92m    Checking[0m crossbeam-deque v0.8.6
Clippy (ubuntu-latest)	Run cargo clippy --all-targets --all-features -- -D warnings	2026-02-20T20:39:02.4226013Z [1m[92m    Checking[0m idna_adapter v1.2.1
Clippy (ubuntu-latest)	Run cargo clippy --all-targets --all-features -- -D warnings	2026-02-20T20:39:02.4549350Z [1m[92m    Checking[0m futures-channel v0.3.32
Clippy (ubuntu-latest)	Run cargo clippy --all-targets --all-features -- -D warnings	2026-02-20T20:39:02.4992479Z [1m[92m    Checking[0m async-executor v1.14.0
Clippy (ubuntu-latest)	Run cargo clippy --all-targets --all-features -- -D warnings	2026-02-20T20:39:02.6140801Z [1m[92m    Checking[0m utf8_iter v1.0.4
Clippy (ubuntu-latest)	Run cargo clippy --all-targets --all-features -- -D warnings	2026-02-20T20:39:02.6567105Z [1m[92m    Checking[0m unicode-width v0.2.2
Clippy (ubuntu-latest)	Run cargo clippy --all-targets --all-features -- -D warnings	2026-02-20T20:39:02.6977736Z [1m[92m   Compiling[0m zvariant_derive v5.9.2
Clippy (ubuntu-latest)	Run cargo clippy --all-targets --all-features -- -D warnings	2026-02-20T20:39:02.8282683Z [1m[92m    Checking[0m either v1.15.0
Clippy (ubuntu-latest)	Run cargo clippy --all-targets --all-features -- -D warnings	2026-02-20T20:39:02.8520233Z [1m[92m   Compiling[0m rayon-core v1.13.0
Clippy (ubuntu-latest)	Run cargo clippy --all-targets --all-features -- -D warnings	2026-02-20T20:39:03.0209341Z [1m[92m    Checking[0m idna v1.1.0
Clippy (ubuntu-latest)	Run cargo clippy --all-targets --all-features -- -D warnings	2026-02-20T20:39:03.1548771Z [1m[92m    Checking[0m futures-task v0.3.32
Clippy (ubuntu-latest)	Run cargo clippy --all-targets --all-features -- -D warnings	2026-02-20T20:39:03.2640819Z [1m[92m    Checking[0m url v2.5.8
Clippy (ubuntu-latest)	Run cargo clippy --all-targets --all-features -- -D warnings	2026-02-20T20:39:03.8864653Z [1m[92m   Compiling[0m enumflags2 v0.7.12
Clippy (ubuntu-latest)	Run cargo clippy --all-targets --all-features -- -D warnings	2026-02-20T20:39:03.9753988Z [1m[92m   Compiling[0m futures-macro v0.3.32
Clippy (ubuntu-latest)	Run cargo clippy --all-targets --all-features -- -D warnings	2026-02-20T20:39:04.0432320Z [1m[92m    Checking[0m allocator-api2 v0.2.21
Clippy (ubuntu-latest)	Run cargo clippy --all-targets --all-features -- -D warnings	2026-02-20T20:39:04.3305894Z [1m[92m    Checking[0m foldhash v0.2.0
Clippy (ubuntu-latest)	Run cargo clippy --all-targets --all-features -- -D warnings	2026-02-20T20:39:04.3608871Z [1m[92m    Checking[0m simd-adler32 v0.3.8
Clippy (ubuntu-latest)	Run cargo clippy --all-targets --all-features -- -D warnings	2026-02-20T20:39:04.4226144Z [1m[92m   Compiling[0m endi v1.1.1
Clippy (ubuntu-latest)	Run cargo clippy --all-targets --all-features -- -D warnings	2026-02-20T20:39:04.5329408Z [1m[92m    Checking[0m bytes v1.11.1
Clippy (ubuntu-latest)	Run cargo clippy --all-targets --all-features -- -D warnings	2026-02-20T20:39:04.6272776Z [1m[92m    Checking[0m futures-util v0.3.32
Clippy (ubuntu-latest)	Run cargo clippy --all-targets --all-features -- -D warnings	2026-02-20T20:39:04.9809495Z [1m[92m   Compiling[0m zvariant v5.9.2
Clippy (ubuntu-latest)	Run cargo clippy --all-targets --all-features -- -D warnings	2026-02-20T20:39:05.9310349Z [1m[92m    Checking[0m async-signal v0.2.13
Clippy (ubuntu-latest)	Run cargo clippy --all-targets --all-features -- -D warnings	2026-02-20T20:39:06.0811923Z [1m[92m   Compiling[0m profiling-procmacros v1.0.17
Clippy (ubuntu-latest)	Run cargo clippy --all-targets --all-features -- -D warnings	2026-02-20T20:39:06.3169834Z [1m[92m    Checking[0m profiling v1.0.17
Clippy (ubuntu-latest)	Run cargo clippy --all-targets --all-features -- -D warnings	2026-02-20T20:39:06.6052433Z [1m[92m    Checking[0m async-process v2.5.0
Clippy (ubuntu-latest)	Run cargo clippy --all-targets --all-features -- -D warnings	2026-02-20T20:39:06.9333231Z [1m[92m    Checking[0m rayon v1.11.0
Clippy (ubuntu-latest)	Run cargo clippy --all-targets --all-features -- -D warnings	2026-02-20T20:39:07.2024438Z [1m[92m   Compiling[0m zbus_names v4.3.1
Clippy (ubuntu-latest)	Run cargo clippy --all-targets --all-features -- -D warnings	2026-02-20T20:39:07.5796351Z [1m[92m    Checking[0m tracing-core v0.1.36
Clippy (ubuntu-latest)	Run cargo clippy --all-targets --all-features -- -D warnings	2026-02-20T20:39:07.8189728Z [1m[92m   Compiling[0m tracing-attributes v0.1.31
Clippy (ubuntu-latest)	Run cargo clippy --all-targets --all-features -- -D warnings	2026-02-20T20:39:07.9657935Z [1m[92m   Compiling[0m vcpkg v0.2.15
Clippy (ubuntu-latest)	Run cargo clippy --all-targets --all-features -- -D warnings	2026-02-20T20:39:08.3079302Z [1m[92m   Compiling[0m anyhow v1.0.102
Clippy (ubuntu-latest)	Run cargo clippy --all-targets --all-features -- -D warnings	2026-02-20T20:39:08.5064118Z [1m[92m   Compiling[0m thiserror v1.0.69
Clippy (ubuntu-latest)	Run cargo clippy --all-targets --all-features -- -D warnings	2026-02-20T20:39:08.6309155Z [1m[92m   Compiling[0m crc32fast v1.5.0
Clippy (ubuntu-latest)	Run cargo clippy --all-targets --all-features -- -D warnings	2026-02-20T20:39:08.7021679Z [1m[92m    Checking[0m bitflags v1.3.2
Clippy (ubuntu-latest)	Run cargo clippy --all-targets --all-features -- -D warnings	2026-02-20T20:39:08.7166297Z [1m[92m    Checking[0m adler2 v2.0.1
Clippy (ubuntu-latest)	Run cargo clippy --all-targets --all-features -- -D warnings	2026-02-20T20:39:08.7734391Z [1m[92m    Checking[0m miniz_oxide v0.8.9
Clippy (ubuntu-latest)	Run cargo clippy --all-targets --all-features -- -D warnings	2026-02-20T20:39:08.8007777Z [1m[92m   Compiling[0m libz-sys v1.1.23
Clippy (ubuntu-latest)	Run cargo clippy --all-targets --all-features -- -D warnings	2026-02-20T20:39:08.9547924Z [1m[92m    Checking[0m tracing v0.1.44
Clippy (ubuntu-latest)	Run cargo clippy --all-targets --all-features -- -D warnings	2026-02-20T20:39:09.0096717Z [1m[92m    Checking[0m uuid v1.21.0
Clippy (ubuntu-latest)	Run cargo clippy --all-targets --all-features -- -D warnings	2026-02-20T20:39:09.1026663Z [1m[92m   Compiling[0m zbus_macros v5.13.2
Clippy (ubuntu-latest)	Run cargo clippy --all-targets --all-features -- -D warnings	2026-02-20T20:39:09.2775538Z [1m[92m    Checking[0m async-broadcast v0.7.2
Clippy (ubuntu-latest)	Run cargo clippy --all-targets --all-features -- -D warnings	2026-02-20T20:39:09.4173435Z [1m[92m    Checking[0m ordered-stream v0.2.0
Clippy (ubuntu-latest)	Run cargo clippy --all-targets --all-features -- -D warnings	2026-02-20T20:39:09.4485588Z [1m[92m   Compiling[0m async-trait v0.1.89
Clippy (ubuntu-latest)	Run cargo clippy --all-targets --all-features -- -D warnings	2026-02-20T20:39:09.6837233Z [1m[92m   Compiling[0m serde_repr v0.1.20
Clippy (ubuntu-latest)	Run cargo clippy --all-targets --all-features -- -D warnings	2026-02-20T20:39:09.7226807Z [1m[92m   Compiling[0m thiserror-impl v1.0.69
Clippy (ubuntu-latest)	Run cargo clippy --all-targets --all-features -- -D warnings	2026-02-20T20:39:10.0137688Z [1m[92m    Checking[0m scopeguard v1.2.0
Clippy (ubuntu-latest)	Run cargo clippy --all-targets --all-features -- -D warnings	2026-02-20T20:39:10.0671442Z [1m[92m   Compiling[0m paste v1.0.15
Clippy (ubuntu-latest)	Run cargo clippy --all-targets --all-features -- -D warnings	2026-02-20T20:39:10.2336255Z [1m[92m   Compiling[0m dunce v1.0.5
Clippy (ubuntu-latest)	Run cargo clippy --all-targets --all-features -- -D warnings	2026-02-20T20:39:10.2931065Z [1m[92m   Compiling[0m glob v0.3.3
Clippy (ubuntu-latest)	Run cargo clippy --all-targets --all-features -- -D warnings	2026-02-20T20:39:10.3001485Z [1m[92m    Checking[0m hex v0.4.3
Clippy (ubuntu-latest)	Run cargo clippy --all-targets --all-features -- -D warnings	2026-02-20T20:39:10.4929141Z [1m[92m   Compiling[0m heck v0.5.0
Clippy (ubuntu-latest)	Run cargo clippy --all-targets --all-features -- -D warnings	2026-02-20T20:39:10.5973791Z [1m[92m   Compiling[0m clang-sys v1.8.1
Clippy (ubuntu-latest)	Run cargo clippy --all-targets --all-features -- -D warnings	2026-02-20T20:39:10.7023599Z [1m[92m    Checking[0m lock_api v0.4.14
Clippy (ubuntu-latest)	Run cargo clippy --all-targets --all-features -- -D warnings	2026-02-20T20:39:11.3085443Z [1m[92m    Checking[0m num-integer v0.1.46
Clippy (ubuntu-latest)	Run cargo clippy --all-targets --all-features -- -D warnings	2026-02-20T20:39:11.3786908Z [1m[92m    Checking[0m raw-window-handle v0.6.2
Clippy (ubuntu-latest)	Run cargo clippy --all-targets --all-features -- -D warnings	2026-02-20T20:39:11.5198903Z [1m[92m   Compiling[0m ash v0.38.0+1.3.281
Clippy (ubuntu-latest)	Run cargo clippy --all-targets --all-features -- -D warnings	2026-02-20T20:39:11.5284265Z [1m[92m    Checking[0m bit-vec v0.8.0
Clippy (ubuntu-latest)	Run cargo clippy --all-targets --all-features -- -D warnings	2026-02-20T20:39:11.6274571Z [1m[92m   Compiling[0m parking_lot_core v0.9.12
Clippy (ubuntu-latest)	Run cargo clippy --all-targets --all-features -- -D warnings	2026-02-20T20:39:11.6753163Z [1m[92m    Checking[0m bit-set v0.8.0
Clippy (ubuntu-latest)	Run cargo clippy --all-targets --all-features -- -D warnings	2026-02-20T20:39:11.7841808Z [1m[92m    Checking[0m zbus v5.13.2
Clippy (ubuntu-latest)	Run cargo clippy --all-targets --all-features -- -D warnings	2026-02-20T20:39:11.7955373Z [1m[92m    Checking[0m num-bigint v0.4.6
Clippy (ubuntu-latest)	Run cargo clippy --all-targets --all-features -- -D warnings	2026-02-20T20:39:11.8676896Z [1m[92m    Checking[0m flate2 v1.1.9
Clippy (ubuntu-latest)	Run cargo clippy --all-targets --all-features -- -D warnings	2026-02-20T20:39:12.1438865Z [1m[92m    Checking[0m futures-executor v0.3.32
Clippy (ubuntu-latest)	Run cargo clippy --all-targets --all-features -- -D warnings	2026-02-20T20:39:12.2361439Z [1m[92m    Checking[0m codespan-reporting v0.12.0
Clippy (ubuntu-latest)	Run cargo clippy --all-targets --all-features -- -D warnings	2026-02-20T20:39:12.3785627Z [1m[92m   Compiling[0m nasm-rs v0.3.2
Clippy (ubuntu-latest)	Run cargo clippy --all-targets --all-features -- -D warnings	2026-02-20T20:39:12.4604660Z [1m[92m   Compiling[0m equator-macro v0.4.2
Clippy (ubuntu-latest)	Run cargo clippy --all-targets --all-features -- -D warnings	2026-02-20T20:39:12.7306716Z [1m[92m   Compiling[0m libgit2-sys v0.18.3+1.9.2
Clippy (ubuntu-latest)	Run cargo clippy --all-targets --all-features -- -D warnings	2026-02-20T20:39:12.7678283Z [1m[92m    Checking[0m spirv v0.3.0+sdk-1.3.268.0
Clippy (ubuntu-latest)	Run cargo clippy --all-targets --all-features -- -D warnings	2026-02-20T20:39:12.9918335Z [1m[92m    Checking[0m hexf-parse v0.2.1
Clippy (ubuntu-latest)	Run cargo clippy --all-targets --all-features -- -D warnings	2026-02-20T20:39:13.0182734Z [1m[92m   Compiling[0m khronos-egl v6.0.0
Clippy (ubuntu-latest)	Run cargo clippy --all-targets --all-features -- -D warnings	2026-02-20T20:39:13.1225317Z [1m[92m    Checking[0m rustc-hash v1.1.0
Clippy (ubuntu-latest)	Run cargo clippy --all-targets --all-features -- -D warnings	2026-02-20T20:39:13.1733456Z [1m[92m    Checking[0m foldhash v0.1.5
Clippy (ubuntu-latest)	Run cargo clippy --all-targets --all-features -- -D warnings	2026-02-20T20:39:13.2611722Z [1m[92m    Checking[0m hashbrown v0.15.5
Clippy (ubuntu-latest)	Run cargo clippy --all-targets --all-features -- -D warnings	2026-02-20T20:39:13.7156781Z [1m[92m    Checking[0m equator v0.4.2
Clippy (ubuntu-latest)	Run cargo clippy --all-targets --all-features -- -D warnings	2026-02-20T20:39:13.8755163Z [1m[92m    Checking[0m num-rational v0.4.2
Clippy (ubuntu-latest)	Run cargo clippy --all-targets --all-features -- -D warnings	2026-02-20T20:39:13.9024031Z [1m[92m    Checking[0m futures v0.3.32
Clippy (ubuntu-latest)	Run cargo clippy --all-targets --all-features -- -D warnings	2026-02-20T20:39:14.3628431Z [1m[92m    Checking[0m gpu-descriptor-types v0.2.0
Clippy (ubuntu-latest)	Run cargo clippy --all-targets --all-features -- -D warnings	2026-02-20T20:39:14.6162709Z [1m[92m   Compiling[0m regex-syntax v0.8.9
Clippy (ubuntu-latest)	Run cargo clippy --all-targets --all-features -- -D warnings	2026-02-20T20:39:15.9275008Z [1m[92m    Checking[0m utf8parse v0.2.2
Clippy (ubuntu-latest)	Run cargo clippy --all-targets --all-features -- -D warnings	2026-02-20T20:39:15.9785804Z [1m[92m   Compiling[0m minimal-lexical v0.2.1
Clippy (ubuntu-latest)	Run cargo clippy --all-targets --all-features -- -D warnings	2026-02-20T20:39:16.1636826Z [1m[92m   Compiling[0m nom v7.1.3
Clippy (ubuntu-latest)	Run cargo clippy --all-targets --all-features -- -D warnings	2026-02-20T20:39:16.7796577Z [1m[92m   Compiling[0m regex-automata v0.4.14
Clippy (ubuntu-latest)	Run cargo clippy --all-targets --all-features -- -D warnings	2026-02-20T20:39:17.6660012Z [1m[92m    Checking[0m anstyle-parse v0.2.7
Clippy (ubuntu-latest)	Run cargo clippy --all-targets --all-features -- -D warnings	2026-02-20T20:39:17.7641138Z [1m[92m    Checking[0m gpu-descriptor v0.3.2
Clippy (ubuntu-latest)	Run cargo clippy --all-targets --all-features -- -D warnings	2026-02-20T20:39:17.8927629Z [1m[92m    Checking[0m parking_lot v0.12.5
Clippy (ubuntu-latest)	Run cargo clippy --all-targets --all-features -- -D warnings	2026-02-20T20:39:18.0394538Z [1m[92m    Checking[0m aligned-vec v0.6.4
Clippy (ubuntu-latest)	Run cargo clippy --all-targets --all-features -- -D warnings	2026-02-20T20:39:18.6120928Z [1m[92m    Checking[0m ordered-float v5.1.0
Clippy (ubuntu-latest)	Run cargo clippy --all-targets --all-features -- -D warnings	2026-02-20T20:39:18.8911642Z [1m[92m    Checking[0m is_terminal_polyfill v1.70.2
Clippy (ubuntu-latest)	Run cargo clippy --all-targets --all-features -- -D warnings	2026-02-20T20:39:18.9417346Z [1m[92m    Checking[0m itoa v1.0.17
Clippy (ubuntu-latest)	Run cargo clippy --all-targets --all-features -- -D warnings	2026-02-20T20:39:19.0219484Z [1m[92m    Checking[0m colorchoice v1.0.4
Clippy (ubuntu-latest)	Run cargo clippy --all-targets --all-features -- -D warnings	2026-02-20T20:39:19.0633783Z [1m[92m    Checking[0m glow v0.16.0
Clippy (ubuntu-latest)	Run cargo clippy --all-targets --all-features -- -D warnings	2026-02-20T20:39:19.1384730Z [1m[92m    Checking[0m renderdoc-sys v1.1.0
Clippy (ubuntu-latest)	Run cargo clippy --all-targets --all-features -- -D warnings	2026-02-20T20:39:19.2037358Z [1m[92m    Checking[0m weezl v0.1.12
Clippy (ubuntu-latest)	Run cargo clippy --all-targets --all-features -- -D warnings	2026-02-20T20:39:19.4060286Z [1m[92m    Checking[0m anstyle-query v1.1.5
Clippy (ubuntu-latest)	Run cargo clippy --all-targets --all-features -- -D warnings	2026-02-20T20:39:19.4584250Z [1m[92m    Checking[0m anstyle v1.0.13
Clippy (ubuntu-latest)	Run cargo clippy --all-targets --all-features -- -D warnings	2026-02-20T20:39:19.6005775Z [1m[92m    Checking[0m anstream v0.6.21
Clippy (ubuntu-latest)	Run cargo clippy --all-targets --all-features -- -D warnings	2026-02-20T20:39:20.0944907Z [1m[92m    Checking[0m v_frame v0.3.9
Clippy (ubuntu-latest)	Run cargo clippy --all-targets --all-features -- -D warnings	2026-02-20T20:39:20.2338934Z [1m[92m   Compiling[0m regex v1.12.3
Clippy (ubuntu-latest)	Run cargo clippy --all-targets --all-features -- -D warnings	2026-02-20T20:39:20.5162975Z [1m[92m   Compiling[0m cexpr v0.6.0
Clippy (ubuntu-latest)	Run cargo clippy --all-targets --all-features -- -D warnings	2026-02-20T20:39:21.0251082Z [1m[92m    Checking[0m terminal_size v0.4.3
Clippy (ubuntu-latest)	Run cargo clippy --all-targets --all-features -- -D warnings	2026-02-20T20:39:21.0945073Z [1m[92m    Checking[0m clap_lex v1.0.0
Clippy (ubuntu-latest)	Run cargo clippy --all-targets --all-features -- -D warnings	2026-02-20T20:39:21.2068926Z [1m[92m    Checking[0m clap_builder v4.5.60
Clippy (ubuntu-latest)	Run cargo clippy --all-targets --all-features -- -D warnings	2026-02-20T20:39:22.5065085Z [1m[92m   Compiling[0m clap_derive v4.5.55
Clippy (ubuntu-latest)	Run cargo clippy --all-targets --all-features -- -D warnings	2026-02-20T20:39:23.3588688Z [1m[92m    Checking[0m fdeflate v0.3.7
Clippy (ubuntu-latest)	Run cargo clippy --all-targets --all-features -- -D warnings	2026-02-20T20:39:23.5494676Z [1m[92m    Checking[0m itertools v0.14.0
Clippy (ubuntu-latest)	Run cargo clippy --all-targets --all-features -- -D warnings	2026-02-20T20:39:24.0956713Z [1m[92m    Checking[0m dlib v0.5.2
Clippy (ubuntu-latest)	Run cargo clippy --all-targets --all-features -- -D warnings	2026-02-20T20:39:24.1506017Z [1m[92m    Checking[0m core2 v0.4.0
Clippy (ubuntu-latest)	Run cargo clippy --all-targets --all-features -- -D warnings	2026-02-20T20:39:24.2019343Z [1m[92m    Checking[0m as-slice v0.2.1
Clippy (ubuntu-latest)	Run cargo clippy --all-targets --all-features -- -D warnings	2026-02-20T20:39:24.2096332Z [1m[92m   Compiling[0m num-derive v0.4.2
Clippy (ubuntu-latest)	Run cargo clippy --all-targets --all-features -- -D warnings	2026-02-20T20:39:24.2540614Z [1m[92m    Checking[0m crossbeam-queue v0.3.12
Clippy (ubuntu-latest)	Run cargo clippy --all-targets --all-features -- -D warnings	2026-02-20T20:39:24.3404426Z [1m[92m    Checking[0m crossbeam-channel v0.5.15
Clippy (ubuntu-latest)	Run cargo clippy --all-targets --all-features -- -D warnings	2026-02-20T20:39:24.6447088Z [1m[92m   Compiling[0m signal-hook v0.3.18
Clippy (ubuntu-latest)	Run cargo clippy --all-targets --all-features -- -D warnings	2026-02-20T20:39:24.6570628Z [1m[92m    Checking[0m color_quant v1.1.0
Clippy (ubuntu-latest)	Run cargo clippy --all-targets --all-features -- -D warnings	2026-02-20T20:39:24.7323652Z [1m[92m   Compiling[0m version_check v0.9.5
Clippy (ubuntu-latest)	Run cargo clippy --all-targets --all-features -- -D warnings	2026-02-20T20:39:24.7429370Z [1m[92m   Compiling[0m av-scenechange v0.14.1
Clippy (ubuntu-latest)	Run cargo clippy --all-targets --all-features -- -D warnings	2026-02-20T20:39:24.8821916Z [1m[92m    Checking[0m crossbeam v0.8.4
Clippy (ubuntu-latest)	Run cargo clippy --all-targets --all-features -- -D warnings	2026-02-20T20:39:24.8865409Z [1m[92m    Checking[0m aligned v0.4.3
Clippy (ubuntu-latest)	Run cargo clippy --all-targets --all-features -- -D warnings	2026-02-20T20:39:24.9167064Z [1m[92m    Checking[0m clap v4.5.60
Clippy (ubuntu-latest)	Run cargo clippy --all-targets --all-features -- -D warnings	2026-02-20T20:39:24.9459386Z [1m[92m    Checking[0m bitstream-io v4.9.0
Clippy (ubuntu-latest)	Run cargo clippy --all-targets --all-features -- -D warnings	2026-02-20T20:39:24.9543622Z [1m[92m    Checking[0m zune-inflate v0.2.54
Clippy (ubuntu-latest)	Run cargo clippy --all-targets --all-features -- -D warnings	2026-02-20T20:39:24.9618189Z [1m[92m    Checking[0m itertools v0.10.5
Clippy (ubuntu-latest)	Run cargo clippy --all-targets --all-features -- -D warnings	2026-02-20T20:39:25.0960630Z [1m[92m    Checking[0m nom v8.0.0
Clippy (ubuntu-latest)	Run cargo clippy --all-targets --all-features -- -D warnings	2026-02-20T20:39:25.3820919Z [1m[92m   Compiling[0m arg_enum_proc_macro v0.3.4
Clippy (ubuntu-latest)	Run cargo clippy --all-targets --all-features -- -D warnings	2026-02-20T20:39:25.7161235Z [1m[92m   Compiling[0m pastey v0.1.1
Clippy (ubuntu-latest)	Run cargo clippy --all-targets --all-features -- -D warnings	2026-02-20T20:39:25.9215799Z [1m[92m    Checking[0m lebe v0.5.3
Clippy (ubuntu-latest)	Run cargo clippy --all-targets --all-features -- -D warnings	2026-02-20T20:39:26.0337386Z [1m[92m    Checking[0m y4m v0.8.0
Clippy (ubuntu-latest)	Run cargo clippy --all-targets --all-features -- -D warnings	2026-02-20T20:39:26.0421353Z [1m[92m    Checking[0m lab v0.11.0
Clippy (ubuntu-latest)	Run cargo clippy --all-targets --all-features -- -D warnings	2026-02-20T20:39:26.1155168Z [1m[92m    Checking[0m bit_field v0.10.3
Clippy (ubuntu-latest)	Run cargo clippy --all-targets --all-features -- -D warnings	2026-02-20T20:39:26.1251492Z [1m[92m   Compiling[0m litrs v1.0.0
Clippy (ubuntu-latest)	Run cargo clippy --all-targets --all-features -- -D warnings	2026-02-20T20:39:26.2098953Z [1m[92m    Checking[0m exr v1.74.0
Clippy (ubuntu-latest)	Run cargo clippy --all-targets --all-features -- -D warnings	2026-02-20T20:39:26.4951296Z [1m[92m   Compiling[0m document-features v0.2.12
Clippy (ubuntu-latest)	Run cargo clippy --all-targets --all-features -- -D warnings	2026-02-20T20:39:27.3165627Z [1m[92m    Checking[0m av-metrics v0.9.1
Clippy (ubuntu-latest)	Run cargo clippy --all-targets --all-features -- -D warnings	2026-02-20T20:39:27.4782664Z [1m[92m    Checking[0m av1-grain v0.2.5
Clippy (ubuntu-latest)	Run cargo clippy --all-targets --all-features -- -D warnings	2026-02-20T20:39:27.6672311Z [1m[92m    Checking[0m ivf v0.1.4
Clippy (ubuntu-latest)	Run cargo clippy --all-targets --all-features -- -D warnings	2026-02-20T20:39:27.7342626Z [1m[92m    Checking[0m clap_complete v4.5.66
Clippy (ubuntu-latest)	Run cargo clippy --all-targets --all-features -- -D warnings	2026-02-20T20:39:27.9660748Z [1m[92m    Checking[0m maybe-rayon v0.1.1
Clippy (ubuntu-latest)	Run cargo clippy --all-targets --all-features -- -D warnings	2026-02-20T20:39:27.9745212Z [1m[92m    Checking[0m console v0.15.11
Clippy (ubuntu-latest)	Run cargo clippy --all-targets --all-features -- -D warnings	2026-02-20T20:39:28.0041383Z [1m[92m    Checking[0m qoi v0.4.1
Clippy (ubuntu-latest)	Run cargo clippy --all-targets --all-features -- -D warnings	2026-02-20T20:39:28.1584309Z [1m[92m    Checking[0m fern v0.7.1
Clippy (ubuntu-latest)	Run cargo clippy --all-targets --all-features -- -D warnings	2026-02-20T20:39:28.2009463Z [1m[92m   Compiling[0m simd_helpers v0.1.0
Clippy (ubuntu-latest)	Run cargo clippy --all-targets --all-features -- -D warnings	2026-02-20T20:39:28.2208293Z [1m[92m    Checking[0m new_debug_unreachable v1.0.6
Clippy (ubuntu-latest)	Run cargo clippy --all-targets --all-features -- -D warnings	2026-02-20T20:39:28.2623554Z [1m[92m   Compiling[0m noop_proc_macro v0.3.0
Clippy (ubuntu-latest)	Run cargo clippy --all-targets --all-features -- -D warnings	2026-02-20T20:39:28.3012085Z [1m[92m    Checking[0m downcast-rs v1.2.1
Clippy (ubuntu-latest)	Run cargo clippy --all-targets --all-features -- -D warnings	2026-02-20T20:39:28.3452060Z [1m[92m    Checking[0m pin-utils v0.1.0
Clippy (ubuntu-latest)	Run cargo clippy --all-targets --all-features -- -D warnings	2026-02-20T20:39:28.3773720Z [1m[92m    Checking[0m scoped-tls v1.0.1
Clippy (ubuntu-latest)	Run cargo clippy --all-targets --all-features -- -D warnings	2026-02-20T20:39:28.3862127Z [1m[92m    Checking[0m scan_fmt v0.2.6
Clippy (ubuntu-latest)	Run cargo clippy --all-targets --all-features -- -D warnings	2026-02-20T20:39:28.4147277Z [1m[92m   Compiling[0m naga v27.0.3
Clippy (ubuntu-latest)	Run cargo clippy --all-targets --all-features -- -D warnings	2026-02-20T20:39:28.4241999Z [1m[92m    Checking[0m static_assertions v1.1.0
Clippy (ubuntu-latest)	Run cargo clippy --all-targets --all-features -- -D warnings	2026-02-20T20:39:28.4493326Z [1m[92m   Compiling[0m getrandom v0.3.4
Clippy (ubuntu-latest)	Run cargo clippy --all-targets --all-features -- -D warnings	2026-02-20T20:39:28.4624003Z [1m[92m    Checking[0m quick-error v2.0.1
Clippy (ubuntu-latest)	Run cargo clippy --all-targets --all-features -- -D warnings	2026-02-20T20:39:28.5053631Z [1m[92m    Checking[0m byteorder v1.5.0
Clippy (ubuntu-latest)	Run cargo clippy --all-targets --all-features -- -D warnings	2026-02-20T20:39:28.5997710Z [1m[92m    Checking[0m rgb v0.8.52
Clippy (ubuntu-latest)	Run cargo clippy --all-targets --all-features -- -D warnings	2026-02-20T20:39:28.6522647Z [1m[92m   Compiling[0m wgpu-hal v27.0.4
Clippy (ubuntu-latest)	Run cargo clippy --all-targets --all-features -- -D warnings	2026-02-20T20:39:28.6596603Z [1m[92m   Compiling[0m fax_derive v0.2.0
Clippy (ubuntu-latest)	Run cargo clippy --all-targets --all-features -- -D warnings	2026-02-20T20:39:28.8361128Z [1m[92m   Compiling[0m cmake v0.1.57
Clippy (ubuntu-latest)	Run cargo clippy --all-targets --all-features -- -D warnings	2026-02-20T20:39:28.8812067Z [1m[92m    Checking[0m gpu-alloc-types v0.3.0
Clippy (ubuntu-latest)	Run cargo clippy --all-targets --all-features -- -D warnings	2026-02-20T20:39:28.9965624Z [1m[92m   Compiling[0m fs_extra v1.3.0
Clippy (ubuntu-latest)	Run cargo clippy --all-targets --all-features -- -D warnings	2026-02-20T20:39:29.0351854Z [1m[92m    Checking[0m imgref v1.12.0
Clippy (ubuntu-latest)	Run cargo clippy --all-targets --all-features -- -D warnings	2026-02-20T20:39:29.1592340Z [1m[92m   Compiling[0m typenum v1.19.0
Clippy (ubuntu-latest)	Run cargo clippy --all-targets --all-features -- -D warnings	2026-02-20T20:39:29.1685221Z [1m[92m   Compiling[0m prettyplease v0.2.37
Clippy (ubuntu-latest)	Run cargo clippy --all-targets --all-features -- -D warnings	2026-02-20T20:39:29.2310849Z [1m[92m   Compiling[0m rustix v0.38.44
Clippy (ubuntu-latest)	Run cargo clippy --all-targets --all-features -- -D warnings	2026-02-20T20:39:29.2832162Z [1m[92m    Checking[0m zune-core v0.4.12
Clippy (ubuntu-latest)	Run cargo clippy --all-targets --all-features -- -D warnings	2026-02-20T20:39:29.4181485Z [1m[92m    Checking[0m zune-jpeg v0.4.21
Clippy (ubuntu-latest)	Run cargo clippy --all-targets --all-features -- -D warnings	2026-02-20T20:39:29.4182163Z [1m[92m   Compiling[0m aws-lc-sys v0.37.1
Clippy (ubuntu-latest)	Run cargo clippy --all-targets --all-features -- -D warnings	2026-02-20T20:39:29.4896944Z [1m[92m    Checking[0m loop9 v0.1.5
Clippy (ubuntu-latest)	Run cargo clippy --all-targets --all-features -- -D warnings	2026-02-20T20:39:29.5386232Z [1m[92m    Checking[0m fax v0.2.6
Clippy (ubuntu-latest)	Run cargo clippy --all-targets --all-features -- -D warnings	2026-02-20T20:39:29.7177749Z [1m[92m    Checking[0m gpu-alloc v0.6.0
Clippy (ubuntu-latest)	Run cargo clippy --all-targets --all-features -- -D warnings	2026-02-20T20:39:29.9922512Z [1m[92m   Compiling[0m generic-array v0.14.7
Clippy (ubuntu-latest)	Run cargo clippy --all-targets --all-features -- -D warnings	2026-02-20T20:39:30.0312518Z [1m[92m    Checking[0m wgpu-types v27.0.1
Clippy (ubuntu-latest)	Run cargo clippy --all-targets --all-features -- -D warnings	2026-02-20T20:39:30.0816948Z [1m[92m    Checking[0m avif-serialize v0.8.8
Clippy (ubuntu-latest)	Run cargo clippy --all-targets --all-features -- -D warnings	2026-02-20T20:39:30.2418050Z [1m[92m   Compiling[0m naga v28.0.0
Clippy (ubuntu-latest)	Run cargo clippy --all-targets --all-features -- -D warnings	2026-02-20T20:39:30.4456375Z [1m[92m    Checking[0m pxfm v0.1.27
Clippy (ubuntu-latest)	Run cargo clippy --all-targets --all-features -- -D warnings	2026-02-20T20:39:31.2018744Z [1m[92m   Compiling[0m memoffset v0.7.1
Clippy (ubuntu-latest)	Run cargo clippy --all-targets --all-features -- -D warnings	2026-02-20T20:39:31.3104507Z [1m[92m   Compiling[0m target-lexicon v0.13.3
Clippy (ubuntu-latest)	Run cargo clippy --all-targets --all-features -- -D warnings	2026-02-20T20:39:31.6692011Z [1m[92m    Checking[0m byteorder-lite v0.1.0
Clippy (ubuntu-latest)	Run cargo clippy --all-targets --all-features -- -D warnings	2026-02-20T20:39:31.8738173Z [1m[92m   Compiling[0m wasm-bindgen-shared v0.2.109
Clippy (ubuntu-latest)	Run cargo clippy --all-targets --all-features -- -D warnings	2026-02-20T20:39:32.0416101Z [1m[92m   Compiling[0m linux-raw-sys v0.4.15
Clippy (ubuntu-latest)	Run cargo clippy --all-targets --all-features -- -D warnings	2026-02-20T20:39:32.3205697Z [1m[92m   Compiling[0m zmij v1.0.21
Clippy (ubuntu-latest)	Run cargo clippy --all-targets --all-features -- -D warnings	2026-02-20T20:39:32.4822026Z [1m[92m    Checking[0m zune-core v0.5.1
Clippy (ubuntu-latest)	Run cargo clippy --all-targets --all-features -- -D warnings	2026-02-20T20:39:32.5140816Z [1m[92m    Checking[0m moxcms v0.7.11
Clippy (ubuntu-latest)	Run cargo clippy --all-targets --all-features -- -D warnings	2026-02-20T20:39:32.6287085Z [1m[92m    Checking[0m zune-jpeg v0.5.12
Clippy (ubuntu-latest)	Run cargo clippy --all-targets --all-features -- -D warnings	2026-02-20T20:39:35.1579641Z [1m[92m    Checking[0m image-webp v0.2.4
Clippy (ubuntu-latest)	Run cargo clippy --all-targets --all-features -- -D warnings	2026-02-20T20:39:35.9745320Z [1m[92m    Checking[0m rand_core v0.9.5
Clippy (ubuntu-latest)	Run cargo clippy --all-targets --all-features -- -D warnings	2026-02-20T20:39:36.0955670Z [1m[92m    Checking[0m tiff v0.10.3
Clippy (ubuntu-latest)	Run cargo clippy --all-targets --all-features -- -D warnings	2026-02-20T20:39:37.0654995Z [1m[92m    Checking[0m gif v0.14.1
Clippy (ubuntu-latest)	Run cargo clippy --all-targets --all-features -- -D warnings	2026-02-20T20:39:37.3212119Z [1m[92m    Checking[0m png v0.18.1
Clippy (ubuntu-latest)	Run cargo clippy --all-targets --all-features -- -D warnings	2026-02-20T20:39:37.6546120Z [1m[92m   Compiling[0m mozjpeg-sys v2.2.3
Clippy (ubuntu-latest)	Run cargo clippy --all-targets --all-features -- -D warnings	2026-02-20T20:39:37.8541058Z [1m[92m    Checking[0m ppv-lite86 v0.2.21
Clippy (ubuntu-latest)	Run cargo clippy --all-targets --all-features -- -D warnings	2026-02-20T20:39:37.8934299Z [1m[92m   Compiling[0m wgpu-core v27.0.3
Clippy (ubuntu-latest)	Run cargo clippy --all-targets --all-features -- -D warnings	2026-02-20T20:39:38.0749662Z [1m[92m   Compiling[0m wgpu-hal v28.0.0
Clippy (ubuntu-latest)	Run cargo clippy --all-targets --all-features -- -D warnings	2026-02-20T20:39:38.1430037Z [1m[92m   Compiling[0m wayland-sys v0.30.1
Clippy (ubuntu-latest)	Run cargo clippy --all-targets --all-features -- -D warnings	2026-02-20T20:39:38.2578844Z [1m[92m    Checking[0m presser v0.3.1
Clippy (ubuntu-latest)	Run cargo clippy --all-targets --all-features -- -D warnings	2026-02-20T20:39:38.2864592Z [1m[92m   Compiling[0m home v0.5.12
Clippy (ubuntu-latest)	Run cargo clippy --all-targets --all-features -- -D warnings	2026-02-20T20:39:38.3178232Z [1m[92m    Checking[0m zeroize v1.8.2
Clippy (ubuntu-latest)	Run cargo clippy --all-targets --all-features -- -D warnings	2026-02-20T20:39:38.3538578Z [1m[92m   Compiling[0m io-lifetimes v1.0.11
Clippy (ubuntu-latest)	Run cargo clippy --all-targets --all-features -- -D warnings	2026-02-20T20:39:38.3904153Z [1m[92m   Compiling[0m bindgen v0.65.1
Clippy (ubuntu-latest)	Run cargo clippy --all-targets --all-features -- -D warnings	2026-02-20T20:39:38.4854805Z [1m[92m   Compiling[0m bindgen v0.70.1
Clippy (ubuntu-latest)	Run cargo clippy --all-targets --all-features -- -D warnings	2026-02-20T20:39:38.4952242Z [1m[92m   Compiling[0m serde_json v1.0.149
Clippy (ubuntu-latest)	Run cargo clippy --all-targets --all-features -- -D warnings	2026-02-20T20:39:38.6112373Z [1m[92m   Compiling[0m which v4.4.2
Clippy (ubuntu-latest)	Run cargo clippy --all-targets --all-features -- -D warnings	2026-02-20T20:39:38.6844773Z [1m[92m    Checking[0m gpu-allocator v0.28.0
Clippy (ubuntu-latest)	Run cargo clippy --all-targets --all-features -- -D warnings	2026-02-20T20:39:38.7993971Z [1m[92m    Checking[0m rand_chacha v0.9.0
Clippy (ubuntu-latest)	Run cargo clippy --all-targets --all-features -- -D warnings	2026-02-20T20:39:38.9106870Z [1m[92m    Checking[0m wgpu-core-deps-windows-linux-android v27.0.0
Clippy (ubuntu-latest)	Run cargo clippy --all-targets --all-features -- -D warnings	2026-02-20T20:39:45.3665771Z [1m[92m    Checking[0m http v1.4.0
Clippy (ubuntu-latest)	Run cargo clippy --all-targets --all-features -- -D warnings	2026-02-20T20:39:45.7511976Z [1m[92m   Compiling[0m itertools v0.13.0
Clippy (ubuntu-latest)	Run cargo clippy --all-targets --all-features -- -D warnings	2026-02-20T20:39:45.8660314Z [1m[92m    Checking[0m wgpu-types v28.0.0
Clippy (ubuntu-latest)	Run cargo clippy --all-targets --all-features -- -D warnings	2026-02-20T20:39:46.6066658Z [1m[92m   Compiling[0m wgpu v27.0.1
Clippy (ubuntu-latest)	Run cargo clippy --all-targets --all-features -- -D warnings	2026-02-20T20:39:46.9396366Z [1m[92m   Compiling[0m wayland-backend v0.1.2
Clippy (ubuntu-latest)	Run cargo clippy --all-targets --all-features -- -D warnings	2026-02-20T20:39:47.0467464Z [1m[92m   Compiling[0m wayland-sys v0.31.8
Clippy (ubuntu-latest)	Run cargo clippy --all-targets --all-features -- -D warnings	2026-02-20T20:39:47.0556159Z [1m[92m   Compiling[0m peeking_take_while v0.1.2
Clippy (ubuntu-latest)	Run cargo clippy --all-targets --all-features -- -D warnings	2026-02-20T20:39:47.1490098Z [1m[92m   Compiling[0m aws-lc-rs v1.16.0
Clippy (ubuntu-latest)	Run cargo clippy --all-targets --all-features -- -D warnings	2026-02-20T20:39:47.1575882Z [1m[92m   Compiling[0m lazy_static v1.5.0
Clippy (ubuntu-latest)	Run cargo clippy --all-targets --all-features -- -D warnings	2026-02-20T20:39:47.1997918Z [1m[92m   Compiling[0m rustversion v1.0.22
Clippy (ubuntu-latest)	Run cargo clippy --all-targets --all-features -- -D warnings	2026-02-20T20:39:47.3022675Z [1m[92m   Compiling[0m lazycell v1.3.0
Clippy (ubuntu-latest)	Run cargo clippy --all-targets --all-features -- -D warnings	2026-02-20T20:39:47.3671970Z [1m[92m   Compiling[0m serde_spanned v1.0.4
Clippy (ubuntu-latest)	Run cargo clippy --all-targets --all-features -- -D warnings	2026-02-20T20:39:47.4303356Z [1m[92m   Compiling[0m toml v0.9.12+spec-1.1.0
Clippy (ubuntu-latest)	Run cargo clippy --all-targets --all-features -- -D warnings	2026-02-20T20:39:47.8669048Z [1m[91merror[0m: failed to run custom build command for `wayland-sys v0.31.8`
Clippy (ubuntu-latest)	Run cargo clippy --all-targets --all-features -- -D warnings	2026-02-20T20:39:47.8683234Z 
Clippy (ubuntu-latest)	Run cargo clippy --all-targets --all-features -- -D warnings	2026-02-20T20:39:47.8683502Z Caused by:
Clippy (ubuntu-latest)	Run cargo clippy --all-targets --all-features -- -D warnings	2026-02-20T20:39:47.8684511Z   process didn't exit successfully: `/__w/waterkit/waterkit/target/debug/build/wayland-sys-310b58beb81a63bd/build-script-build` (exit status: 101)
Clippy (ubuntu-latest)	Run cargo clippy --all-targets --all-features -- -D warnings	2026-02-20T20:39:47.8685565Z   --- stdout
Clippy (ubuntu-latest)	Run cargo clippy --all-targets --all-features -- -D warnings	2026-02-20T20:39:47.8685968Z   cargo:rerun-if-env-changed=WAYLAND_CLIENT_NO_PKG_CONFIG
Clippy (ubuntu-latest)	Run cargo clippy --all-targets --all-features -- -D warnings	2026-02-20T20:39:47.8686606Z   cargo:rerun-if-env-changed=PKG_CONFIG_x86_64-unknown-linux-gnu
Clippy (ubuntu-latest)	Run cargo clippy --all-targets --all-features -- -D warnings	2026-02-20T20:39:47.8687249Z   cargo:rerun-if-env-changed=PKG_CONFIG_x86_64_unknown_linux_gnu
Clippy (ubuntu-latest)	Run cargo clippy --all-targets --all-features -- -D warnings	2026-02-20T20:39:47.8687773Z   cargo:rerun-if-env-changed=HOST_PKG_CONFIG
Clippy (ubuntu-latest)	Run cargo clippy --all-targets --all-features -- -D warnings	2026-02-20T20:39:47.8688234Z   cargo:rerun-if-env-changed=PKG_CONFIG
Clippy (ubuntu-latest)	Run cargo clippy --all-targets --all-features -- -D warnings	2026-02-20T20:39:47.8688691Z   cargo:rerun-if-env-changed=WAYLAND_CLIENT_STATIC
Clippy (ubuntu-latest)	Run cargo clippy --all-targets --all-features -- -D warnings	2026-02-20T20:39:47.8689240Z   cargo:rerun-if-env-changed=WAYLAND_CLIENT_DYNAMIC
Clippy (ubuntu-latest)	Run cargo clippy --all-targets --all-features -- -D warnings	2026-02-20T20:39:47.8690169Z   cargo:rerun-if-env-changed=PKG_CONFIG_ALL_STATIC
Clippy (ubuntu-latest)	Run cargo clippy --all-targets --all-features -- -D warnings	2026-02-20T20:39:47.8690677Z   cargo:rerun-if-env-changed=PKG_CONFIG_ALL_DYNAMIC
Clippy (ubuntu-latest)	Run cargo clippy --all-targets --all-features -- -D warnings	2026-02-20T20:39:47.8691337Z   cargo:rerun-if-env-changed=PKG_CONFIG_PATH_x86_64-unknown-linux-gnu
Clippy (ubuntu-latest)	Run cargo clippy --all-targets --all-features -- -D warnings	2026-02-20T20:39:47.8692049Z   cargo:rerun-if-env-changed=PKG_CONFIG_PATH_x86_64_unknown_linux_gnu
Clippy (ubuntu-latest)	Run cargo clippy --all-targets --all-features -- -D warnings	2026-02-20T20:39:47.8692635Z   cargo:rerun-if-env-changed=HOST_PKG_CONFIG_PATH
Clippy (ubuntu-latest)	Run cargo clippy --all-targets --all-features -- -D warnings	2026-02-20T20:39:47.8693327Z   cargo:rerun-if-env-changed=PKG_CONFIG_PATH
Clippy (ubuntu-latest)	Run cargo clippy --all-targets --all-features -- -D warnings	2026-02-20T20:39:47.8693867Z   cargo:rerun-if-env-changed=PKG_CONFIG_LIBDIR_x86_64-unknown-linux-gnu
Clippy (ubuntu-latest)	Run cargo clippy --all-targets --all-features -- -D warnings	2026-02-20T20:39:47.8694590Z   cargo:rerun-if-env-changed=PKG_CONFIG_LIBDIR_x86_64_unknown_linux_gnu
Clippy (ubuntu-latest)	Run cargo clippy --all-targets --all-features -- -D warnings	2026-02-20T20:39:47.8695213Z   cargo:rerun-if-env-changed=HOST_PKG_CONFIG_LIBDIR
Clippy (ubuntu-latest)	Run cargo clippy --all-targets --all-features -- -D warnings	2026-02-20T20:39:47.8695728Z   cargo:rerun-if-env-changed=PKG_CONFIG_LIBDIR
Clippy (ubuntu-latest)	Run cargo clippy --all-targets --all-features -- -D warnings	2026-02-20T20:39:47.8696359Z   cargo:rerun-if-env-changed=PKG_CONFIG_SYSROOT_DIR_x86_64-unknown-linux-gnu
Clippy (ubuntu-latest)	Run cargo clippy --all-targets --all-features -- -D warnings	2026-02-20T20:39:47.8697108Z   cargo:rerun-if-env-changed=PKG_CONFIG_SYSROOT_DIR_x86_64_unknown_linux_gnu
Clippy (ubuntu-latest)	Run cargo clippy --all-targets --all-features -- -D warnings	2026-02-20T20:39:47.8697781Z   cargo:rerun-if-env-changed=HOST_PKG_CONFIG_SYSROOT_DIR
Clippy (ubuntu-latest)	Run cargo clippy --all-targets --all-features -- -D warnings	2026-02-20T20:39:47.8698329Z   cargo:rerun-if-env-changed=PKG_CONFIG_SYSROOT_DIR
Clippy (ubuntu-latest)	Run cargo clippy --all-targets --all-features -- -D warnings	2026-02-20T20:39:47.8698648Z 
Clippy (ubuntu-latest)	Run cargo clippy --all-targets --all-features -- -D warnings	2026-02-20T20:39:47.8698763Z   --- stderr
Clippy (ubuntu-latest)	Run cargo clippy --all-targets --all-features -- -D warnings	2026-02-20T20:39:47.8698928Z 
Clippy (ubuntu-latest)	Run cargo clippy --all-targets --all-features -- -D warnings	2026-02-20T20:39:47.8699573Z   thread 'main' (5280) panicked at /github/home/.cargo/registry/src/index.crates.io-1949cf8c6b5b557f/wayland-sys-0.31.8/build.rs:10:47:
Clippy (ubuntu-latest)	Run cargo clippy --all-targets --all-features -- -D warnings	2026-02-20T20:39:47.8707674Z   called `Result::unwrap()` on an `Err` value: 
Clippy (ubuntu-latest)	Run cargo clippy --all-targets --all-features -- -D warnings	2026-02-20T20:39:47.8708159Z   pkg-config exited with status code 1
Clippy (ubuntu-latest)	Run cargo clippy --all-targets --all-features -- -D warnings	2026-02-20T20:39:47.8708983Z   > PKG_CONFIG_ALLOW_SYSTEM_LIBS=1 PKG_CONFIG_ALLOW_SYSTEM_CFLAGS=1 pkg-config --libs --cflags wayland-client
Clippy (ubuntu-latest)	Run cargo clippy --all-targets --all-features -- -D warnings	2026-02-20T20:39:47.8709627Z 
Clippy (ubuntu-latest)	Run cargo clippy --all-targets --all-features -- -D warnings	2026-02-20T20:39:47.8709984Z   The system library `wayland-client` required by crate `wayland-sys` was not found.
Clippy (ubuntu-latest)	Run cargo clippy --all-targets --all-features -- -D warnings	2026-02-20T20:39:47.8711402Z   The file `wayland-client.pc` needs to be installed and the PKG_CONFIG_PATH environment variable must contain its parent directory.
Clippy (ubuntu-latest)	Run cargo clippy --all-targets --all-features -- -D warnings	2026-02-20T20:39:47.8712413Z   The PKG_CONFIG_PATH environment variable is not set.
Clippy (ubuntu-latest)	Run cargo clippy --all-targets --all-features -- -D warnings	2026-02-20T20:39:47.8712774Z 
Clippy (ubuntu-latest)	Run cargo clippy --all-targets --all-features -- -D warnings	2026-02-20T20:39:47.8713482Z   HINT: if you have installed the library, try setting PKG_CONFIG_PATH to the directory containing `wayland-client.pc`.
Clippy (ubuntu-latest)	Run cargo clippy --all-targets --all-features -- -D warnings	2026-02-20T20:39:47.8714196Z 
Clippy (ubuntu-latest)	Run cargo clippy --all-targets --all-features -- -D warnings	2026-02-20T20:39:47.8714500Z   note: run with `RUST_BACKTRACE=1` environment variable to display a backtrace
Clippy (ubuntu-latest)	Run cargo clippy --all-targets --all-features -- -D warnings	2026-02-20T20:39:47.8715491Z [1m[33mwarning[0m: build failed, waiting for other jobs to finish...
Clippy (ubuntu-latest)	Run cargo clippy --all-targets --all-features -- -D warnings	2026-02-20T20:40:03.7678569Z ##[error]Process completed with exit code 101.
Clippy (ubuntu-latest)	Post Run actions/checkout@v4	﻿2026-02-20T20:40:03.7763428Z Post job cleanup.
Clippy (ubuntu-latest)	Post Run actions/checkout@v4	2026-02-20T20:40:03.7767485Z ##[command]/usr/bin/docker exec  df0e815e380f508bd33e515214175e0a0a0579dd03947f001014ca59334b9764 sh -c "cat /etc/*release | grep ^ID"
Clippy (ubuntu-latest)	Post Run actions/checkout@v4	2026-02-20T20:40:03.9723071Z [command]/usr/bin/git version
Clippy (ubuntu-latest)	Post Run actions/checkout@v4	2026-02-20T20:40:03.9764442Z git version 2.52.0
Clippy (ubuntu-latest)	Post Run actions/checkout@v4	2026-02-20T20:40:03.9815138Z Temporarily overriding HOME='/__w/_temp/ad5cdd4c-b385-4987-8afa-ac6d70e16659' before making global git config changes
Clippy (ubuntu-latest)	Post Run actions/checkout@v4	2026-02-20T20:40:03.9816812Z Adding repository directory to the temporary git global config as a safe directory
Clippy (ubuntu-latest)	Post Run actions/checkout@v4	2026-02-20T20:40:03.9830931Z [command]/usr/bin/git config --global --add safe.directory /__w/waterkit/waterkit
Clippy (ubuntu-latest)	Post Run actions/checkout@v4	2026-02-20T20:40:03.9872981Z [command]/usr/bin/git config --local --name-only --get-regexp core\.sshCommand
Clippy (ubuntu-latest)	Post Run actions/checkout@v4	2026-02-20T20:40:03.9913292Z [command]/usr/bin/git submodule foreach --recursive sh -c "git config --local --name-only --get-regexp 'core\.sshCommand' && git config --local --unset-all 'core.sshCommand' || :"
Clippy (ubuntu-latest)	Post Run actions/checkout@v4	2026-02-20T20:40:04.0167616Z [command]/usr/bin/git config --local --name-only --get-regexp http\.https\:\/\/github\.com\/\.extraheader
Clippy (ubuntu-latest)	Post Run actions/checkout@v4	2026-02-20T20:40:04.0190795Z http.https://github.com/.extraheader
Clippy (ubuntu-latest)	Post Run actions/checkout@v4	2026-02-20T20:40:04.0204275Z [command]/usr/bin/git config --local --unset-all http.https://github.com/.extraheader
Clippy (ubuntu-latest)	Post Run actions/checkout@v4	2026-02-20T20:40:04.0236485Z [command]/usr/bin/git submodule foreach --recursive sh -c "git config --local --name-only --get-regexp 'http\.https\:\/\/github\.com\/\.extraheader' && git config --local --unset-all 'http.https://github.com/.extraheader' || :"
Clippy (ubuntu-latest)	Post Run actions/checkout@v4	2026-02-20T20:40:04.0456120Z [command]/usr/bin/git config --local --name-only --get-regexp ^includeIf\.gitdir:
Clippy (ubuntu-latest)	Post Run actions/checkout@v4	2026-02-20T20:40:04.0486836Z [command]/usr/bin/git submodule foreach --recursive git config --local --show-origin --name-only --get-regexp remote.origin.url
Clippy (ubuntu-latest)	Stop containers	﻿2026-02-20T20:40:04.0844040Z Stop and remove container: f000e73452a94ba9b73c1b8df128a851_ghcriocatthehackerubuntufulllatest_23cc1b
Clippy (ubuntu-latest)	Stop containers	2026-02-20T20:40:04.0848699Z ##[command]/usr/bin/docker rm --force df0e815e380f508bd33e515214175e0a0a0579dd03947f001014ca59334b9764
Clippy (ubuntu-latest)	Stop containers	2026-02-20T20:40:04.3462491Z df0e815e380f508bd33e515214175e0a0a0579dd03947f001014ca59334b9764
Clippy (ubuntu-latest)	Stop containers	2026-02-20T20:40:04.3494635Z Remove container network: github_network_2c9039ec0aab4b5fa1894d63a286da27
Clippy (ubuntu-latest)	Stop containers	2026-02-20T20:40:04.3498801Z ##[command]/usr/bin/docker network rm github_network_2c9039ec0aab4b5fa1894d63a286da27
Clippy (ubuntu-latest)	Stop containers	2026-02-20T20:40:04.4540934Z github_network_2c9039ec0aab4b5fa1894d63a286da27
Clippy (ubuntu-latest)	Complete job	﻿2026-02-20T20:40:04.4599313Z Cleaning up orphan processes
