Release	Set up job	﻿2026-02-21T16:28:46.7595132Z Current runner version: '2.331.0'
Release	Set up job	2026-02-21T16:28:46.7619390Z ##[group]Runner Image Provisioner
Release	Set up job	2026-02-21T16:28:46.7620550Z Hosted Compute Agent
Release	Set up job	2026-02-21T16:28:46.7621083Z Version: 20260123.484
Release	Set up job	2026-02-21T16:28:46.7621664Z Commit: 6bd6555ca37d84114959e1c76d2c01448ff61c5d
Release	Set up job	2026-02-21T16:28:46.7622476Z Build Date: 2026-01-23T19:41:17Z
Release	Set up job	2026-02-21T16:28:46.7623097Z Worker ID: {4dc76db9-2ee5-4b3e-acdb-7b900f30711d}
Release	Set up job	2026-02-21T16:28:46.7624019Z Azure Region: centralus
Release	Set up job	2026-02-21T16:28:46.7624736Z ##[endgroup]
Release	Set up job	2026-02-21T16:28:46.7626075Z ##[group]Operating System
Release	Set up job	2026-02-21T16:28:46.7626661Z Ubuntu
Release	Set up job	2026-02-21T16:28:46.7627224Z 24.04.3
Release	Set up job	2026-02-21T16:28:46.7627678Z LTS
Release	Set up job	2026-02-21T16:28:46.7628113Z ##[endgroup]
Release	Set up job	2026-02-21T16:28:46.7628626Z ##[group]Runner Image
Release	Set up job	2026-02-21T16:28:46.7629162Z Image: ubuntu-24.04
Release	Set up job	2026-02-21T16:28:46.7629690Z Version: 20260201.15.1
Release	Set up job	2026-02-21T16:28:46.7630754Z Included Software: https://github.com/actions/runner-images/blob/ubuntu24/20260201.15/images/ubuntu/Ubuntu2404-Readme.md
Release	Set up job	2026-02-21T16:28:46.7632315Z Image Release: https://github.com/actions/runner-images/releases/tag/ubuntu24%2F20260201.15
Release	Set up job	2026-02-21T16:28:46.7633467Z ##[endgroup]
Release	Set up job	2026-02-21T16:28:46.7634599Z ##[group]GITHUB_TOKEN Permissions
Release	Set up job	2026-02-21T16:28:46.7636495Z Contents: write
Release	Set up job	2026-02-21T16:28:46.7637039Z Metadata: read
Release	Set up job	2026-02-21T16:28:46.7637550Z PullRequests: write
Release	Set up job	2026-02-21T16:28:46.7638151Z ##[endgroup]
Release	Set up job	2026-02-21T16:28:46.7640079Z Secret source: Actions
Release	Set up job	2026-02-21T16:28:46.7640806Z Prepare workflow directory
Release	Set up job	2026-02-21T16:28:46.7973896Z Prepare all required actions
Release	Set up job	2026-02-21T16:28:46.8011552Z Getting action download info
Release	Set up job	2026-02-21T16:28:47.1895820Z Download action repository 'actions/checkout@v4' (SHA:34e114876b0b11c390a56381ad16ebd13914f8d5)
Release	Set up job	2026-02-21T16:28:47.3188618Z Download action repository 'dtolnay/rust-toolchain@stable' (SHA:631a55b12751854ce901bb631d5902ceb48146f7)
Release	Set up job	2026-02-21T16:28:47.6213129Z Download action repository 'MarcoIeni/release-plz-action@v0.5' (SHA:f708778669256143d984cce4b23592637532e040)
Release	Set up job	2026-02-21T16:28:48.1941686Z Getting action download info
Release	Set up job	2026-02-21T16:28:48.3828587Z Download action repository 'taiki-e/install-action@90b40388b8931b1c39e248959515e295e02e9066' (SHA:90b40388b8931b1c39e248959515e295e02e9066)
Release	Set up job	2026-02-21T16:28:48.9269877Z Download action repository 'cargo-bins/cargo-binstall@e7cc28468cf17df7cb288daea80c0c5437af360b' (SHA:e7cc28468cf17df7cb288daea80c0c5437af360b)
Release	Set up job	2026-02-21T16:28:49.5154392Z Download action repository 'release-plz/git-config@59144859caf016f8b817a2ac9b051578729173c4' (SHA:59144859caf016f8b817a2ac9b051578729173c4)
Release	Set up job	2026-02-21T16:28:49.9530995Z Complete job name: Release
Release	Run actions/checkout@v4	﻿2026-02-21T16:28:50.0179206Z ##[group]Run actions/checkout@v4
Release	Run actions/checkout@v4	2026-02-21T16:28:50.0179856Z with:
Release	Run actions/checkout@v4	2026-02-21T16:28:50.0180104Z   fetch-depth: 0
Release	Run actions/checkout@v4	2026-02-21T16:28:50.0180374Z   repository: water-rs/waterkit
Release	Run actions/checkout@v4	2026-02-21T16:28:50.0180798Z   token: ***
Release	Run actions/checkout@v4	2026-02-21T16:28:50.0181033Z   ssh-strict: true
Release	Run actions/checkout@v4	2026-02-21T16:28:50.0181278Z   ssh-user: git
Release	Run actions/checkout@v4	2026-02-21T16:28:50.0181539Z   persist-credentials: true
Release	Run actions/checkout@v4	2026-02-21T16:28:50.0181833Z   clean: true
Release	Run actions/checkout@v4	2026-02-21T16:28:50.0182066Z   sparse-checkout-cone-mode: true
Release	Run actions/checkout@v4	2026-02-21T16:28:50.0182355Z   fetch-tags: false
Release	Run actions/checkout@v4	2026-02-21T16:28:50.0182590Z   show-progress: true
Release	Run actions/checkout@v4	2026-02-21T16:28:50.0182823Z   lfs: false
Release	Run actions/checkout@v4	2026-02-21T16:28:50.0183068Z   submodules: false
Release	Run actions/checkout@v4	2026-02-21T16:28:50.0183547Z   set-safe-directory: true
Release	Run actions/checkout@v4	2026-02-21T16:28:50.0184071Z ##[endgroup]
Release	Run actions/checkout@v4	2026-02-21T16:28:50.1348018Z Syncing repository: water-rs/waterkit
Release	Run actions/checkout@v4	2026-02-21T16:28:50.1349675Z ##[group]Getting Git version info
Release	Run actions/checkout@v4	2026-02-21T16:28:50.1350154Z Working directory is '/home/runner/work/waterkit/waterkit'
Release	Run actions/checkout@v4	2026-02-21T16:28:50.1350766Z [command]/usr/bin/git version
Release	Run actions/checkout@v4	2026-02-21T16:28:50.1433500Z git version 2.52.0
Release	Run actions/checkout@v4	2026-02-21T16:28:50.1460234Z ##[endgroup]
Release	Run actions/checkout@v4	2026-02-21T16:28:50.1483795Z Temporarily overriding HOME='/home/runner/work/_temp/f56461ef-49f9-4a33-925b-048307bc2ea9' before making global git config changes
Release	Run actions/checkout@v4	2026-02-21T16:28:50.1485362Z Adding repository directory to the temporary git global config as a safe directory
Release	Run actions/checkout@v4	2026-02-21T16:28:50.1490382Z [command]/usr/bin/git config --global --add safe.directory /home/runner/work/waterkit/waterkit
Release	Run actions/checkout@v4	2026-02-21T16:28:50.1530870Z Deleting the contents of '/home/runner/work/waterkit/waterkit'
Release	Run actions/checkout@v4	2026-02-21T16:28:50.1534800Z ##[group]Initializing the repository
Release	Run actions/checkout@v4	2026-02-21T16:28:50.1539458Z [command]/usr/bin/git init /home/runner/work/waterkit/waterkit
Release	Run actions/checkout@v4	2026-02-21T16:28:50.1658311Z hint: Using 'master' as the name for the initial branch. This default branch name
Release	Run actions/checkout@v4	2026-02-21T16:28:50.1659381Z hint: will change to "main" in Git 3.0. To configure the initial branch name
Release	Run actions/checkout@v4	2026-02-21T16:28:50.1659986Z hint: to use in all of your new repositories, which will suppress this warning,
Release	Run actions/checkout@v4	2026-02-21T16:28:50.1660437Z hint: call:
Release	Run actions/checkout@v4	2026-02-21T16:28:50.1660667Z hint:
Release	Run actions/checkout@v4	2026-02-21T16:28:50.1660993Z hint: 	git config --global init.defaultBranch <name>
Release	Run actions/checkout@v4	2026-02-21T16:28:50.1661484Z hint:
Release	Run actions/checkout@v4	2026-02-21T16:28:50.1662155Z hint: Names commonly chosen instead of 'master' are 'main', 'trunk' and
Release	Run actions/checkout@v4	2026-02-21T16:28:50.1662989Z hint: 'development'. The just-created branch can be renamed via this command:
Release	Run actions/checkout@v4	2026-02-21T16:28:50.1663746Z hint:
Release	Run actions/checkout@v4	2026-02-21T16:28:50.1664205Z hint: 	git branch -m <name>
Release	Run actions/checkout@v4	2026-02-21T16:28:50.1664707Z hint:
Release	Run actions/checkout@v4	2026-02-21T16:28:50.1665429Z hint: Disable this message with "git config set advice.defaultBranchName false"
Release	Run actions/checkout@v4	2026-02-21T16:28:50.1666604Z Initialized empty Git repository in /home/runner/work/waterkit/waterkit/.git/
Release	Run actions/checkout@v4	2026-02-21T16:28:50.1675883Z [command]/usr/bin/git remote add origin https://github.com/water-rs/waterkit
Release	Run actions/checkout@v4	2026-02-21T16:28:50.1797386Z ##[endgroup]
Release	Run actions/checkout@v4	2026-02-21T16:28:50.1798228Z ##[group]Disabling automatic garbage collection
Release	Run actions/checkout@v4	2026-02-21T16:28:50.1798994Z [command]/usr/bin/git config --local gc.auto 0
Release	Run actions/checkout@v4	2026-02-21T16:28:50.1800549Z ##[endgroup]
Release	Run actions/checkout@v4	2026-02-21T16:28:50.1801288Z ##[group]Setting up auth
Release	Run actions/checkout@v4	2026-02-21T16:28:50.1802013Z [command]/usr/bin/git config --local --name-only --get-regexp core\.sshCommand
Release	Run actions/checkout@v4	2026-02-21T16:28:50.1804855Z [command]/usr/bin/git submodule foreach --recursive sh -c "git config --local --name-only --get-regexp 'core\.sshCommand' && git config --local --unset-all 'core.sshCommand' || :"
Release	Run actions/checkout@v4	2026-02-21T16:28:50.2156825Z [command]/usr/bin/git config --local --name-only --get-regexp http\.https\:\/\/github\.com\/\.extraheader
Release	Run actions/checkout@v4	2026-02-21T16:28:50.2188129Z [command]/usr/bin/git submodule foreach --recursive sh -c "git config --local --name-only --get-regexp 'http\.https\:\/\/github\.com\/\.extraheader' && git config --local --unset-all 'http.https://github.com/.extraheader' || :"
Release	Run actions/checkout@v4	2026-02-21T16:28:50.2407900Z [command]/usr/bin/git config --local --name-only --get-regexp ^includeIf\.gitdir:
Release	Run actions/checkout@v4	2026-02-21T16:28:50.2439334Z [command]/usr/bin/git submodule foreach --recursive git config --local --show-origin --name-only --get-regexp remote.origin.url
Release	Run actions/checkout@v4	2026-02-21T16:28:50.2659098Z [command]/usr/bin/git config --local http.https://github.com/.extraheader AUTHORIZATION: basic ***
Release	Run actions/checkout@v4	2026-02-21T16:28:50.2693008Z ##[endgroup]
Release	Run actions/checkout@v4	2026-02-21T16:28:50.2694065Z ##[group]Fetching the repository
Release	Run actions/checkout@v4	2026-02-21T16:28:50.2702515Z [command]/usr/bin/git -c protocol.version=2 fetch --prune --no-recurse-submodules origin +refs/heads/*:refs/remotes/origin/* +refs/tags/*:refs/tags/*
Release	Run actions/checkout@v4	2026-02-21T16:28:51.4837431Z From https://github.com/water-rs/waterkit
Release	Run actions/checkout@v4	2026-02-21T16:28:51.4838914Z  * [new branch]      dev                        -> origin/dev
Release	Run actions/checkout@v4	2026-02-21T16:28:51.4839695Z  * [new branch]      dev-waterui-sync           -> origin/dev-waterui-sync
Release	Run actions/checkout@v4	2026-02-21T16:28:51.4840428Z  * [new branch]      main                       -> origin/main
Release	Run actions/checkout@v4	2026-02-21T16:28:51.4841330Z  * [new branch]      release-plz-2026-02-20T19-58-35Z -> origin/release-plz-2026-02-20T19-58-35Z
Release	Run actions/checkout@v4	2026-02-21T16:28:51.4842280Z  * [new tag]         waterkit-audio-v0.1.0      -> waterkit-audio-v0.1.0
Release	Run actions/checkout@v4	2026-02-21T16:28:51.4843051Z  * [new tag]         waterkit-background-v0.1.0 -> waterkit-background-v0.1.0
Release	Run actions/checkout@v4	2026-02-21T16:28:51.4844071Z  * [new tag]         waterkit-build-v0.1.0      -> waterkit-build-v0.1.0
Release	Run actions/checkout@v4	2026-02-21T16:28:51.4844790Z  * [new tag]         waterkit-dialog-v0.1.0     -> waterkit-dialog-v0.1.0
Release	Run actions/checkout@v4	2026-02-21T16:28:51.4845838Z  * [new tag]         waterkit-location-v0.1.0   -> waterkit-location-v0.1.0
Release	Run actions/checkout@v4	2026-02-21T16:28:51.4846631Z  * [new tag]         waterkit-permission-v0.1.0 -> waterkit-permission-v0.1.0
Release	Run actions/checkout@v4	2026-02-21T16:28:51.4893915Z [command]/usr/bin/git branch --list --remote origin/main
Release	Run actions/checkout@v4	2026-02-21T16:28:51.4921536Z   origin/main
Release	Run actions/checkout@v4	2026-02-21T16:28:51.4932028Z [command]/usr/bin/git rev-parse refs/remotes/origin/main
Release	Run actions/checkout@v4	2026-02-21T16:28:51.4955147Z 8bf673e81cf1cf32a2c906ee76dba0fa213c7d54
Release	Run actions/checkout@v4	2026-02-21T16:28:51.4960827Z ##[endgroup]
Release	Run actions/checkout@v4	2026-02-21T16:28:51.4961491Z ##[group]Determining the checkout info
Release	Run actions/checkout@v4	2026-02-21T16:28:51.4966827Z ##[endgroup]
Release	Run actions/checkout@v4	2026-02-21T16:28:51.4969357Z [command]/usr/bin/git sparse-checkout disable
Release	Run actions/checkout@v4	2026-02-21T16:28:51.5013888Z [command]/usr/bin/git config --local --unset-all extensions.worktreeConfig
Release	Run actions/checkout@v4	2026-02-21T16:28:51.5043994Z ##[group]Checking out the ref
Release	Run actions/checkout@v4	2026-02-21T16:28:51.5049915Z [command]/usr/bin/git checkout --progress --force -B main refs/remotes/origin/main
Release	Run actions/checkout@v4	2026-02-21T16:28:51.6251259Z Switched to a new branch 'main'
Release	Run actions/checkout@v4	2026-02-21T16:28:51.6252470Z branch 'main' set up to track 'origin/main'.
Release	Run actions/checkout@v4	2026-02-21T16:28:51.6275726Z ##[endgroup]
Release	Run actions/checkout@v4	2026-02-21T16:28:51.6323509Z [command]/usr/bin/git log -1 --format=%H
Release	Run actions/checkout@v4	2026-02-21T16:28:51.6347211Z 8bf673e81cf1cf32a2c906ee76dba0fa213c7d54
Release	Install Linux native dependencies	﻿2026-02-21T16:28:51.6522028Z ##[group]Run sudo apt-get update
Release	Install Linux native dependencies	2026-02-21T16:28:51.6522423Z [36;1msudo apt-get update[0m
Release	Install Linux native dependencies	2026-02-21T16:28:51.6522860Z [36;1mDEBIAN_FRONTEND=noninteractive sudo apt-get install -y --no-install-recommends \[0m
Release	Install Linux native dependencies	2026-02-21T16:28:51.6523619Z [36;1m  pkg-config \[0m
Release	Install Linux native dependencies	2026-02-21T16:28:51.6523844Z [36;1m  libwayland-dev \[0m
Release	Install Linux native dependencies	2026-02-21T16:28:51.6524068Z [36;1m  libxkbcommon-dev \[0m
Release	Install Linux native dependencies	2026-02-21T16:28:51.6524287Z [36;1m  libasound2-dev \[0m
Release	Install Linux native dependencies	2026-02-21T16:28:51.6524492Z [36;1m  libudev-dev \[0m
Release	Install Linux native dependencies	2026-02-21T16:28:51.6524701Z [36;1m  libdav1d-dev \[0m
Release	Install Linux native dependencies	2026-02-21T16:28:51.6524890Z [36;1m  nasm \[0m
Release	Install Linux native dependencies	2026-02-21T16:28:51.6525117Z [36;1m  libavutil-dev \[0m
Release	Install Linux native dependencies	2026-02-21T16:28:51.6525343Z [36;1m  libavcodec-dev \[0m
Release	Install Linux native dependencies	2026-02-21T16:28:51.6525544Z [36;1m  libavformat-dev \[0m
Release	Install Linux native dependencies	2026-02-21T16:28:51.6525755Z [36;1m  libavfilter-dev \[0m
Release	Install Linux native dependencies	2026-02-21T16:28:51.6525954Z [36;1m  libavdevice-dev \[0m
Release	Install Linux native dependencies	2026-02-21T16:28:51.6526162Z [36;1m  libswscale-dev \[0m
Release	Install Linux native dependencies	2026-02-21T16:28:51.6526374Z [36;1m  libswresample-dev \[0m
Release	Install Linux native dependencies	2026-02-21T16:28:51.6526618Z [36;1m  libxcb1-dev \[0m
Release	Install Linux native dependencies	2026-02-21T16:28:51.6526823Z [36;1m  libxcb-render0-dev \[0m
Release	Install Linux native dependencies	2026-02-21T16:28:51.6527042Z [36;1m  libxcb-shape0-dev \[0m
Release	Install Linux native dependencies	2026-02-21T16:28:51.6527260Z [36;1m  libxcb-xfixes0-dev \[0m
Release	Install Linux native dependencies	2026-02-21T16:28:51.6527472Z [36;1m  libdbus-1-dev[0m
Release	Install Linux native dependencies	2026-02-21T16:28:51.6561277Z shell: /usr/bin/bash -e {0}
Release	Install Linux native dependencies	2026-02-21T16:28:51.6561546Z ##[endgroup]
Release	Install Linux native dependencies	2026-02-21T16:28:51.7376927Z Get:1 file:/etc/apt/apt-mirrors.txt Mirrorlist [144 B]
Release	Install Linux native dependencies	2026-02-21T16:28:51.7700910Z Hit:2 http://azure.archive.ubuntu.com/ubuntu noble InRelease
Release	Install Linux native dependencies	2026-02-21T16:28:51.7716407Z Get:6 https://packages.microsoft.com/repos/azure-cli noble InRelease [3564 B]
Release	Install Linux native dependencies	2026-02-21T16:28:51.7721514Z Get:3 http://azure.archive.ubuntu.com/ubuntu noble-updates InRelease [126 kB]
Release	Install Linux native dependencies	2026-02-21T16:28:51.7764321Z Get:4 http://azure.archive.ubuntu.com/ubuntu noble-backports InRelease [126 kB]
Release	Install Linux native dependencies	2026-02-21T16:28:51.7774844Z Get:5 http://azure.archive.ubuntu.com/ubuntu noble-security InRelease [126 kB]
Release	Install Linux native dependencies	2026-02-21T16:28:51.7792037Z Get:7 https://packages.microsoft.com/ubuntu/24.04/prod noble InRelease [3600 B]
Release	Install Linux native dependencies	2026-02-21T16:28:51.8988027Z Get:8 https://packages.microsoft.com/repos/azure-cli noble/main amd64 Packages [2129 B]
Release	Install Linux native dependencies	2026-02-21T16:28:51.9451918Z Get:9 http://azure.archive.ubuntu.com/ubuntu noble-updates/main amd64 Packages [1771 kB]
Release	Install Linux native dependencies	2026-02-21T16:28:51.9540851Z Get:10 http://azure.archive.ubuntu.com/ubuntu noble-updates/main Translation-en [328 kB]
Release	Install Linux native dependencies	2026-02-21T16:28:51.9582811Z Get:11 http://azure.archive.ubuntu.com/ubuntu noble-updates/main amd64 Components [175 kB]
Release	Install Linux native dependencies	2026-02-21T16:28:51.9600201Z Get:12 http://azure.archive.ubuntu.com/ubuntu noble-updates/main amd64 c-n-f Metadata [16.5 kB]
Release	Install Linux native dependencies	2026-02-21T16:28:51.9610323Z Get:13 http://azure.archive.ubuntu.com/ubuntu noble-updates/universe amd64 Packages [1557 kB]
Release	Install Linux native dependencies	2026-02-21T16:28:51.9690060Z Get:14 http://azure.archive.ubuntu.com/ubuntu noble-updates/universe Translation-en [316 kB]
Release	Install Linux native dependencies	2026-02-21T16:28:51.9714229Z Get:15 http://azure.archive.ubuntu.com/ubuntu noble-updates/universe amd64 Components [386 kB]
Release	Install Linux native dependencies	2026-02-21T16:28:51.9742257Z Get:16 http://azure.archive.ubuntu.com/ubuntu noble-updates/universe amd64 c-n-f Metadata [32.6 kB]
Release	Install Linux native dependencies	2026-02-21T16:28:51.9753972Z Get:17 http://azure.archive.ubuntu.com/ubuntu noble-updates/restricted amd64 Packages [2663 kB]
Release	Install Linux native dependencies	2026-02-21T16:28:51.9882765Z Get:18 http://azure.archive.ubuntu.com/ubuntu noble-updates/restricted Translation-en [613 kB]
Release	Install Linux native dependencies	2026-02-21T16:28:52.0382158Z Get:19 http://azure.archive.ubuntu.com/ubuntu noble-updates/restricted amd64 Components [212 B]
Release	Install Linux native dependencies	2026-02-21T16:28:52.0392004Z Get:20 http://azure.archive.ubuntu.com/ubuntu noble-updates/multiverse amd64 Packages [32.1 kB]
Release	Install Linux native dependencies	2026-02-21T16:28:52.0403173Z Get:21 http://azure.archive.ubuntu.com/ubuntu noble-updates/multiverse Translation-en [7044 B]
Release	Install Linux native dependencies	2026-02-21T16:28:52.0414039Z Get:22 http://azure.archive.ubuntu.com/ubuntu noble-updates/multiverse amd64 Components [940 B]
Release	Install Linux native dependencies	2026-02-21T16:28:52.0428034Z Get:23 http://azure.archive.ubuntu.com/ubuntu noble-backports/main amd64 Components [7284 B]
Release	Install Linux native dependencies	2026-02-21T16:28:52.0438741Z Get:24 http://azure.archive.ubuntu.com/ubuntu noble-backports/universe amd64 Components [10.5 kB]
Release	Install Linux native dependencies	2026-02-21T16:28:52.0450802Z Get:25 http://azure.archive.ubuntu.com/ubuntu noble-backports/restricted amd64 Components [216 B]
Release	Install Linux native dependencies	2026-02-21T16:28:52.0466789Z Get:26 http://azure.archive.ubuntu.com/ubuntu noble-backports/multiverse amd64 Components [212 B]
Release	Install Linux native dependencies	2026-02-21T16:28:52.0603852Z Get:27 http://azure.archive.ubuntu.com/ubuntu noble-security/main amd64 Packages [1474 kB]
Release	Install Linux native dependencies	2026-02-21T16:28:52.0695417Z Get:28 http://azure.archive.ubuntu.com/ubuntu noble-security/main Translation-en [237 kB]
Release	Install Linux native dependencies	2026-02-21T16:28:52.0714796Z Get:29 http://azure.archive.ubuntu.com/ubuntu noble-security/main amd64 Components [21.5 kB]
Release	Install Linux native dependencies	2026-02-21T16:28:52.0731191Z Get:30 http://azure.archive.ubuntu.com/ubuntu noble-security/main amd64 c-n-f Metadata [9892 B]
Release	Install Linux native dependencies	2026-02-21T16:28:52.0748929Z Get:31 http://azure.archive.ubuntu.com/ubuntu noble-security/universe amd64 Packages [935 kB]
Release	Install Linux native dependencies	2026-02-21T16:28:52.0805642Z Get:32 http://azure.archive.ubuntu.com/ubuntu noble-security/universe Translation-en [214 kB]
Release	Install Linux native dependencies	2026-02-21T16:28:52.1166460Z Get:39 https://packages.microsoft.com/ubuntu/24.04/prod noble/main all Packages [643 B]
Release	Install Linux native dependencies	2026-02-21T16:28:52.1259345Z Get:40 https://packages.microsoft.com/ubuntu/24.04/prod noble/main armhf Packages [11.4 kB]
Release	Install Linux native dependencies	2026-02-21T16:28:52.1262024Z Get:33 http://azure.archive.ubuntu.com/ubuntu noble-security/universe amd64 Components [74.2 kB]
Release	Install Linux native dependencies	2026-02-21T16:28:52.1280013Z Get:34 http://azure.archive.ubuntu.com/ubuntu noble-security/universe amd64 c-n-f Metadata [20.0 kB]
Release	Install Linux native dependencies	2026-02-21T16:28:52.1295124Z Get:35 http://azure.archive.ubuntu.com/ubuntu noble-security/restricted amd64 Packages [2516 kB]
Release	Install Linux native dependencies	2026-02-21T16:28:52.1313506Z Get:41 https://packages.microsoft.com/ubuntu/24.04/prod noble/main amd64 Packages [93.3 kB]
Release	Install Linux native dependencies	2026-02-21T16:28:52.1358817Z Get:42 https://packages.microsoft.com/ubuntu/24.04/prod noble/main arm64 Packages [72.7 kB]
Release	Install Linux native dependencies	2026-02-21T16:28:52.1412497Z Get:36 http://azure.archive.ubuntu.com/ubuntu noble-security/restricted Translation-en [582 kB]
Release	Install Linux native dependencies	2026-02-21T16:28:52.1442806Z Get:37 http://azure.archive.ubuntu.com/ubuntu noble-security/restricted amd64 Components [212 B]
Release	Install Linux native dependencies	2026-02-21T16:28:52.1451558Z Get:38 http://azure.archive.ubuntu.com/ubuntu noble-security/multiverse amd64 Components [212 B]
Release	Install Linux native dependencies	2026-02-21T16:29:01.3739477Z Fetched 14.6 MB in 2s (8677 kB/s)
Release	Install Linux native dependencies	2026-02-21T16:29:02.2043054Z Reading package lists...
Release	Install Linux native dependencies	2026-02-21T16:29:02.2371699Z Reading package lists...
Release	Install Linux native dependencies	2026-02-21T16:29:02.4657447Z Building dependency tree...
Release	Install Linux native dependencies	2026-02-21T16:29:02.4665813Z Reading state information...
Release	Install Linux native dependencies	2026-02-21T16:29:02.6819251Z pkg-config is already the newest version (1.8.1-2build1).
Release	Install Linux native dependencies	2026-02-21T16:29:02.6820883Z The following additional packages will be installed:
Release	Install Linux native dependencies	2026-02-21T16:29:02.6821694Z   libasound2-data libasound2t64 libass9 libasyncns0 libavc1394-0 libavcodec60
Release	Install Linux native dependencies	2026-02-21T16:29:02.6822526Z   libavdevice60 libavfilter9 libavformat60 libavutil58 libblas3 libbluray2
Release	Install Linux native dependencies	2026-02-21T16:29:02.6823849Z   libbs2b0 libcaca0 libcdio-cdda2t64 libcdio-paranoia2t64 libcdio19t64
Release	Install Linux native dependencies	2026-02-21T16:29:02.6824721Z   libchromaprint1 libcjson1 libcodec2-1.2 libdav1d7 libdc1394-25 libdecor-0-0
Release	Install Linux native dependencies	2026-02-21T16:29:02.6825510Z   libflac12t64 libflite1 libgme0 libgsm1 libhwy1t64 libiec61883-0
Release	Install Linux native dependencies	2026-02-21T16:29:02.6826297Z   libjack-jackd2-0 libjxl0.7 liblapack3 liblilv-0-0 libmbedcrypto7t64
Release	Install Linux native dependencies	2026-02-21T16:29:02.6827061Z   libmp3lame0 libmpg123-0t64 libmysofa1 libopenal-data libopenal1
Release	Install Linux native dependencies	2026-02-21T16:29:02.6827849Z   libopenmpt0t64 libopus0 libplacebo338 libpocketsphinx3 libpostproc-dev
Release	Install Linux native dependencies	2026-02-21T16:29:02.6828644Z   libpostproc57 libpthread-stubs0-dev libpulse0 librav1e0 libraw1394-11
Release	Install Linux native dependencies	2026-02-21T16:29:02.6829438Z   librist4 librsvg2-2 librubberband2 libsamplerate0 libsdl2-2.0-0 libserd-0-0
Release	Install Linux native dependencies	2026-02-21T16:29:02.6830209Z   libshine3 libsndfile1 libsndio7.0 libsord-0-0 libsoxr0 libspeex1
Release	Install Linux native dependencies	2026-02-21T16:29:02.6830965Z   libsphinxbase3t64 libsratom-0-0 libsrt1.5-gnutls libssh-4 libssh-gcrypt-4
Release	Install Linux native dependencies	2026-02-21T16:29:02.6831948Z   libsvtav1enc1d1 libswresample4 libswscale7 libtheora0 libtwolame0
Release	Install Linux native dependencies	2026-02-21T16:29:02.6833185Z   libudfread0 libunibreak5 libva-drm2 libva-x11-2 libva2 libvdpau1
Release	Install Linux native dependencies	2026-02-21T16:29:02.6834069Z   libvidstab1.1 libvorbisenc2 libvpl2 libvpx9 libwayland-bin
Release	Install Linux native dependencies	2026-02-21T16:29:02.6834890Z   libwayland-server0 libx264-164 libx265-199 libxau-dev libxcb-shape0
Release	Install Linux native dependencies	2026-02-21T16:29:02.6835710Z   libxdmcp-dev libxv1 libxvidcore4 libzimg2 libzix-0-0 libzvbi-common
Release	Install Linux native dependencies	2026-02-21T16:29:02.6838313Z   libzvbi0t64 ocl-icd-libopencl1 x11proto-dev xorg-sgml-doctools
Release	Install Linux native dependencies	2026-02-21T16:29:02.6839070Z Suggested packages:
Release	Install Linux native dependencies	2026-02-21T16:29:02.6839684Z   alsa-utils libasound2-doc libasound2-plugins libcuda1 libnvcuvid1
Release	Install Linux native dependencies	2026-02-21T16:29:02.6840662Z   libnvidia-encode1 libbluray-bdj jackd2 libportaudio2 opus-tools pulseaudio
Release	Install Linux native dependencies	2026-02-21T16:29:02.6841512Z   libraw1394-doc librsvg2-bin serdi sndiod sordi speex libwayland-doc
Release	Install Linux native dependencies	2026-02-21T16:29:02.6842195Z   libxcb-doc opencl-icd
Release	Install Linux native dependencies	2026-02-21T16:29:02.6842563Z Recommended packages:
Release	Install Linux native dependencies	2026-02-21T16:29:02.6843121Z   alsa-ucm-conf alsa-topology-conf libaacs0 default-libdecor-0-plugin-1
Release	Install Linux native dependencies	2026-02-21T16:29:02.6844185Z   | libdecor-0-plugin-1 pocketsphinx-en-us librsvg2-common va-driver-all
Release	Install Linux native dependencies	2026-02-21T16:29:02.6844852Z   | va-driver vdpau-driver-all | vdpau-driver
Release	Install Linux native dependencies	2026-02-21T16:29:02.7389508Z The following NEW packages will be installed:
Release	Install Linux native dependencies	2026-02-21T16:29:02.7390476Z   libasound2-dev libass9 libasyncns0 libavc1394-0 libavcodec-dev libavcodec60
Release	Install Linux native dependencies	2026-02-21T16:29:02.7391473Z   libavdevice-dev libavdevice60 libavfilter-dev libavfilter9 libavformat-dev
Release	Install Linux native dependencies	2026-02-21T16:29:02.7392469Z   libavformat60 libavutil-dev libavutil58 libblas3 libbluray2 libbs2b0
Release	Install Linux native dependencies	2026-02-21T16:29:02.7393760Z   libcaca0 libcdio-cdda2t64 libcdio-paranoia2t64 libcdio19t64 libchromaprint1
Release	Install Linux native dependencies	2026-02-21T16:29:02.7394853Z   libcjson1 libcodec2-1.2 libdav1d-dev libdav1d7 libdbus-1-dev libdc1394-25
Release	Install Linux native dependencies	2026-02-21T16:29:02.7395817Z   libdecor-0-0 libflac12t64 libflite1 libgme0 libgsm1 libhwy1t64 libiec61883-0
Release	Install Linux native dependencies	2026-02-21T16:29:02.7396824Z   libjack-jackd2-0 libjxl0.7 liblapack3 liblilv-0-0 libmbedcrypto7t64
Release	Install Linux native dependencies	2026-02-21T16:29:02.7397780Z   libmp3lame0 libmpg123-0t64 libmysofa1 libopenal-data libopenal1
Release	Install Linux native dependencies	2026-02-21T16:29:02.7398758Z   libopenmpt0t64 libopus0 libplacebo338 libpocketsphinx3 libpostproc-dev
Release	Install Linux native dependencies	2026-02-21T16:29:02.7399871Z   libpostproc57 libpthread-stubs0-dev libpulse0 librav1e0 libraw1394-11
Release	Install Linux native dependencies	2026-02-21T16:29:02.7400836Z   librist4 librsvg2-2 librubberband2 libsamplerate0 libsdl2-2.0-0 libserd-0-0
Release	Install Linux native dependencies	2026-02-21T16:29:02.7401787Z   libshine3 libsndfile1 libsndio7.0 libsord-0-0 libsoxr0 libspeex1
Release	Install Linux native dependencies	2026-02-21T16:29:02.7402552Z   libsphinxbase3t64 libsratom-0-0 libsrt1.5-gnutls libssh-gcrypt-4
Release	Install Linux native dependencies	2026-02-21T16:29:02.7403571Z   libsvtav1enc1d1 libswresample-dev libswresample4 libswscale-dev libswscale7
Release	Install Linux native dependencies	2026-02-21T16:29:02.7404884Z   libtheora0 libtwolame0 libudev-dev libudfread0 libunibreak5 libva-drm2
Release	Install Linux native dependencies	2026-02-21T16:29:02.7405736Z   libva-x11-2 libva2 libvdpau1 libvidstab1.1 libvorbisenc2 libvpl2 libvpx9
Release	Install Linux native dependencies	2026-02-21T16:29:02.7406618Z   libwayland-bin libwayland-dev libwayland-server0 libx264-164 libx265-199
Release	Install Linux native dependencies	2026-02-21T16:29:02.7407454Z   libxau-dev libxcb-render0-dev libxcb-shape0 libxcb-shape0-dev
Release	Install Linux native dependencies	2026-02-21T16:29:02.7408242Z   libxcb-xfixes0-dev libxcb1-dev libxdmcp-dev libxkbcommon-dev libxv1
Release	Install Linux native dependencies	2026-02-21T16:29:02.7409088Z   libxvidcore4 libzimg2 libzix-0-0 libzvbi-common libzvbi0t64 nasm
Release	Install Linux native dependencies	2026-02-21T16:29:02.7409834Z   ocl-icd-libopencl1 x11proto-dev xorg-sgml-doctools
Release	Install Linux native dependencies	2026-02-21T16:29:02.7410393Z The following packages will be upgraded:
Release	Install Linux native dependencies	2026-02-21T16:29:02.7412090Z   libasound2-data libasound2t64 libssh-4
Release	Install Linux native dependencies	2026-02-21T16:29:02.7614438Z 3 upgraded, 112 newly installed, 0 to remove and 161 not upgraded.
Release	Install Linux native dependencies	2026-02-21T16:29:02.7615091Z Need to get 74.5 MB of archives.
Release	Install Linux native dependencies	2026-02-21T16:29:02.7615473Z After this operation, 223 MB of additional disk space will be used.
Release	Install Linux native dependencies	2026-02-21T16:29:02.7615883Z Get:1 file:/etc/apt/apt-mirrors.txt Mirrorlist [144 B]
Release	Install Linux native dependencies	2026-02-21T16:29:02.8158402Z Get:2 http://azure.archive.ubuntu.com/ubuntu noble-updates/main amd64 libasound2t64 amd64 1.2.11-1ubuntu0.2 [398 kB]
Release	Install Linux native dependencies	2026-02-21T16:29:02.9077063Z Get:3 http://azure.archive.ubuntu.com/ubuntu noble-updates/main amd64 libasound2-data all 1.2.11-1ubuntu0.2 [21.3 kB]
Release	Install Linux native dependencies	2026-02-21T16:29:02.9447683Z Get:4 http://azure.archive.ubuntu.com/ubuntu noble-updates/main amd64 libasound2-dev amd64 1.2.11-1ubuntu0.2 [115 kB]
Release	Install Linux native dependencies	2026-02-21T16:29:02.9945425Z Get:5 http://azure.archive.ubuntu.com/ubuntu noble/universe amd64 libunibreak5 amd64 5.1-2build1 [25.0 kB]
Release	Install Linux native dependencies	2026-02-21T16:29:03.0325769Z Get:6 http://azure.archive.ubuntu.com/ubuntu noble/universe amd64 libass9 amd64 1:0.17.1-2build1 [104 kB]
Release	Install Linux native dependencies	2026-02-21T16:29:03.0807548Z Get:7 http://azure.archive.ubuntu.com/ubuntu noble/main amd64 libasyncns0 amd64 0.8-6build4 [11.3 kB]
Release	Install Linux native dependencies	2026-02-21T16:29:03.1167243Z Get:8 http://azure.archive.ubuntu.com/ubuntu noble-updates/universe amd64 libva2 amd64 2.20.0-2ubuntu0.1 [66.3 kB]
Release	Install Linux native dependencies	2026-02-21T16:29:03.1604299Z Get:9 http://azure.archive.ubuntu.com/ubuntu noble-updates/universe amd64 libva-drm2 amd64 2.20.0-2ubuntu0.1 [7132 B]
Release	Install Linux native dependencies	2026-02-21T16:29:03.1966083Z Get:10 http://azure.archive.ubuntu.com/ubuntu noble-updates/universe amd64 libva-x11-2 amd64 2.20.0-2ubuntu0.1 [12.0 kB]
Release	Install Linux native dependencies	2026-02-21T16:29:03.2329652Z Get:11 http://azure.archive.ubuntu.com/ubuntu noble/main amd64 libvdpau1 amd64 1.5-2build1 [27.8 kB]
Release	Install Linux native dependencies	2026-02-21T16:29:03.2708363Z Get:12 http://azure.archive.ubuntu.com/ubuntu noble/universe amd64 libvpl2 amd64 2023.3.0-1build1 [99.8 kB]
Release	Install Linux native dependencies	2026-02-21T16:29:03.3190746Z Get:13 http://azure.archive.ubuntu.com/ubuntu noble/universe amd64 ocl-icd-libopencl1 amd64 2.3.2-1build1 [38.5 kB]
Release	Install Linux native dependencies	2026-02-21T16:29:03.3587552Z Get:14 http://azure.archive.ubuntu.com/ubuntu noble/universe amd64 libavutil58 amd64 7:6.1.1-3ubuntu5 [401 kB]
Release	Install Linux native dependencies	2026-02-21T16:29:03.4456235Z Get:15 http://azure.archive.ubuntu.com/ubuntu noble/universe amd64 libcodec2-1.2 amd64 1.2.0-2build1 [8998 kB]
Release	Install Linux native dependencies	2026-02-21T16:29:04.1228810Z Get:16 http://azure.archive.ubuntu.com/ubuntu noble/universe amd64 libdav1d7 amd64 1.4.1-1build1 [604 kB]
Release	Install Linux native dependencies	2026-02-21T16:29:04.1699362Z Get:17 http://azure.archive.ubuntu.com/ubuntu noble/universe amd64 libgsm1 amd64 1.0.22-1build1 [27.8 kB]
Release	Install Linux native dependencies	2026-02-21T16:29:04.2091297Z Get:18 http://azure.archive.ubuntu.com/ubuntu noble/universe amd64 libhwy1t64 amd64 1.0.7-8.1build1 [584 kB]
Release	Install Linux native dependencies	2026-02-21T16:29:04.2548367Z Get:19 http://azure.archive.ubuntu.com/ubuntu noble-updates/universe amd64 libjxl0.7 amd64 0.7.0-10.2ubuntu6.1 [1001 kB]
Release	Install Linux native dependencies	2026-02-21T16:29:04.3482669Z Get:20 http://azure.archive.ubuntu.com/ubuntu noble/main amd64 libmp3lame0 amd64 3.100-6build1 [142 kB]
Release	Install Linux native dependencies	2026-02-21T16:29:04.3898280Z Get:21 http://azure.archive.ubuntu.com/ubuntu noble/main amd64 libopus0 amd64 1.4-1build1 [208 kB]
Release	Install Linux native dependencies	2026-02-21T16:29:04.4308531Z Get:22 http://azure.archive.ubuntu.com/ubuntu noble/universe amd64 librav1e0 amd64 0.7.1-2 [1022 kB]
Release	Install Linux native dependencies	2026-02-21T16:29:04.4776221Z Get:23 http://azure.archive.ubuntu.com/ubuntu noble/main amd64 librsvg2-2 amd64 2.58.0+dfsg-1build1 [2135 kB]
Release	Install Linux native dependencies	2026-02-21T16:29:04.6144547Z Get:24 http://azure.archive.ubuntu.com/ubuntu noble/universe amd64 libshine3 amd64 3.1.1-2build1 [23.2 kB]
Release	Install Linux native dependencies	2026-02-21T16:29:04.6508515Z Get:25 http://azure.archive.ubuntu.com/ubuntu noble-updates/main amd64 libspeex1 amd64 1.2.1-2ubuntu2.24.04.1 [59.6 kB]
Release	Install Linux native dependencies	2026-02-21T16:29:04.6882869Z Get:26 http://azure.archive.ubuntu.com/ubuntu noble/universe amd64 libsvtav1enc1d1 amd64 1.7.0+dfsg-2build1 [2425 kB]
Release	Install Linux native dependencies	2026-02-21T16:29:04.8285237Z Get:27 http://azure.archive.ubuntu.com/ubuntu noble/universe amd64 libsoxr0 amd64 0.1.3-4build3 [80.0 kB]
Release	Install Linux native dependencies	2026-02-21T16:29:04.8665847Z Get:28 http://azure.archive.ubuntu.com/ubuntu noble/universe amd64 libswresample4 amd64 7:6.1.1-3ubuntu5 [63.8 kB]
Release	Install Linux native dependencies	2026-02-21T16:29:04.9037999Z Get:29 http://azure.archive.ubuntu.com/ubuntu noble/main amd64 libtheora0 amd64 1.1.1+dfsg.1-16.1build3 [211 kB]
Release	Install Linux native dependencies	2026-02-21T16:29:04.9477291Z Get:30 http://azure.archive.ubuntu.com/ubuntu noble/main amd64 libtwolame0 amd64 0.4.0-2build3 [52.3 kB]
Release	Install Linux native dependencies	2026-02-21T16:29:04.9846714Z Get:31 http://azure.archive.ubuntu.com/ubuntu noble/main amd64 libvorbisenc2 amd64 1.3.7-1build3 [80.8 kB]
Release	Install Linux native dependencies	2026-02-21T16:29:05.0159311Z Get:32 http://azure.archive.ubuntu.com/ubuntu noble-updates/main amd64 libvpx9 amd64 1.14.0-1ubuntu2.3 [1143 kB]
Release	Install Linux native dependencies	2026-02-21T16:29:05.0572642Z Get:33 http://azure.archive.ubuntu.com/ubuntu noble/universe amd64 libx264-164 amd64 2:0.164.3108+git31e19f9-1 [604 kB]
Release	Install Linux native dependencies	2026-02-21T16:29:05.0925235Z Get:34 http://azure.archive.ubuntu.com/ubuntu noble/universe amd64 libx265-199 amd64 3.5-2build1 [1226 kB]
Release	Install Linux native dependencies	2026-02-21T16:29:05.1340565Z Get:35 http://azure.archive.ubuntu.com/ubuntu noble/universe amd64 libxvidcore4 amd64 2:1.3.7-1build1 [219 kB]
Release	Install Linux native dependencies	2026-02-21T16:29:05.1649873Z Get:36 http://azure.archive.ubuntu.com/ubuntu noble/universe amd64 libzvbi-common all 0.2.42-2 [42.4 kB]
Release	Install Linux native dependencies	2026-02-21T16:29:05.1945553Z Get:37 http://azure.archive.ubuntu.com/ubuntu noble/universe amd64 libzvbi0t64 amd64 0.2.42-2 [261 kB]
Release	Install Linux native dependencies	2026-02-21T16:29:05.2264713Z Get:38 http://azure.archive.ubuntu.com/ubuntu noble/universe amd64 libavcodec60 amd64 7:6.1.1-3ubuntu5 [5851 kB]
Release	Install Linux native dependencies	2026-02-21T16:29:05.3581338Z Get:39 http://azure.archive.ubuntu.com/ubuntu noble/universe amd64 libavutil-dev amd64 7:6.1.1-3ubuntu5 [547 kB]
Release	Install Linux native dependencies	2026-02-21T16:29:05.3983000Z Get:40 http://azure.archive.ubuntu.com/ubuntu noble/universe amd64 libswresample-dev amd64 7:6.1.1-3ubuntu5 [79.7 kB]
Release	Install Linux native dependencies	2026-02-21T16:29:05.4287788Z Get:41 http://azure.archive.ubuntu.com/ubuntu noble/universe amd64 libavcodec-dev amd64 7:6.1.1-3ubuntu5 [6504 kB]
Release	Install Linux native dependencies	2026-02-21T16:29:05.5761176Z Get:42 http://azure.archive.ubuntu.com/ubuntu noble/main amd64 libraw1394-11 amd64 2.1.2-2build3 [26.2 kB]
Release	Install Linux native dependencies	2026-02-21T16:29:05.6185287Z Get:43 http://azure.archive.ubuntu.com/ubuntu noble/main amd64 libavc1394-0 amd64 0.5.4-5build3 [15.4 kB]
Release	Install Linux native dependencies	2026-02-21T16:29:05.6482044Z Get:44 http://azure.archive.ubuntu.com/ubuntu noble/universe amd64 libudfread0 amd64 1.1.2-1build1 [19.0 kB]
Release	Install Linux native dependencies	2026-02-21T16:29:05.6777502Z Get:45 http://azure.archive.ubuntu.com/ubuntu noble/universe amd64 libbluray2 amd64 1:1.3.4-1build1 [159 kB]
Release	Install Linux native dependencies	2026-02-21T16:29:05.7169408Z Get:46 http://azure.archive.ubuntu.com/ubuntu noble/universe amd64 libchromaprint1 amd64 1.5.1-5 [30.5 kB]
Release	Install Linux native dependencies	2026-02-21T16:29:05.7467265Z Get:47 http://azure.archive.ubuntu.com/ubuntu noble/universe amd64 libgme0 amd64 0.6.3-7build1 [134 kB]
Release	Install Linux native dependencies	2026-02-21T16:29:05.7776490Z Get:48 http://azure.archive.ubuntu.com/ubuntu noble-updates/main amd64 libmpg123-0t64 amd64 1.32.5-1ubuntu1.1 [169 kB]
Release	Install Linux native dependencies	2026-02-21T16:29:05.8090793Z Get:49 http://azure.archive.ubuntu.com/ubuntu noble/universe amd64 libopenmpt0t64 amd64 0.7.3-1.1build3 [647 kB]
Release	Install Linux native dependencies	2026-02-21T16:29:05.8481024Z Get:50 http://azure.archive.ubuntu.com/ubuntu noble/universe amd64 libcjson1 amd64 1.7.17-1 [24.8 kB]
Release	Install Linux native dependencies	2026-02-21T16:29:05.8777668Z Get:51 http://azure.archive.ubuntu.com/ubuntu noble/universe amd64 libmbedcrypto7t64 amd64 2.28.8-1 [209 kB]
Release	Install Linux native dependencies	2026-02-21T16:29:05.9104673Z Get:52 http://azure.archive.ubuntu.com/ubuntu noble/universe amd64 librist4 amd64 0.2.10+dfsg-2 [74.9 kB]
Release	Install Linux native dependencies	2026-02-21T16:29:05.9571269Z Get:53 http://azure.archive.ubuntu.com/ubuntu noble/universe amd64 libsrt1.5-gnutls amd64 1.5.3-1build2 [316 kB]
Release	Install Linux native dependencies	2026-02-21T16:29:05.9882187Z Get:54 http://azure.archive.ubuntu.com/ubuntu noble-updates/main amd64 libssh-gcrypt-4 amd64 0.10.6-2ubuntu0.3 [224 kB]
Release	Install Linux native dependencies	2026-02-21T16:29:06.0204811Z Get:55 http://azure.archive.ubuntu.com/ubuntu noble/universe amd64 libavformat60 amd64 7:6.1.1-3ubuntu5 [1153 kB]
Release	Install Linux native dependencies	2026-02-21T16:29:06.0720472Z Get:56 http://azure.archive.ubuntu.com/ubuntu noble/universe amd64 libbs2b0 amd64 3.1.0+dfsg-7build1 [10.6 kB]
Release	Install Linux native dependencies	2026-02-21T16:29:06.1016317Z Get:57 http://azure.archive.ubuntu.com/ubuntu noble/universe amd64 libflite1 amd64 2.2-6build3 [13.6 MB]
Release	Install Linux native dependencies	2026-02-21T16:29:06.4066666Z Get:58 http://azure.archive.ubuntu.com/ubuntu noble/universe amd64 libserd-0-0 amd64 0.32.2-1 [43.6 kB]
Release	Install Linux native dependencies	2026-02-21T16:29:06.4895581Z Get:59 http://azure.archive.ubuntu.com/ubuntu noble/universe amd64 libzix-0-0 amd64 0.4.2-2build1 [23.6 kB]
Release	Install Linux native dependencies	2026-02-21T16:29:06.5353151Z Get:60 http://azure.archive.ubuntu.com/ubuntu noble/universe amd64 libsord-0-0 amd64 0.16.16-2build1 [15.8 kB]
Release	Install Linux native dependencies	2026-02-21T16:29:06.5683874Z Get:61 http://azure.archive.ubuntu.com/ubuntu noble/universe amd64 libsratom-0-0 amd64 0.6.16-1build1 [17.3 kB]
Release	Install Linux native dependencies	2026-02-21T16:29:06.6026953Z Get:62 http://azure.archive.ubuntu.com/ubuntu noble/universe amd64 liblilv-0-0 amd64 0.24.22-1build1 [41.0 kB]
Release	Install Linux native dependencies	2026-02-21T16:29:06.6448920Z Get:63 http://azure.archive.ubuntu.com/ubuntu noble/universe amd64 libmysofa1 amd64 1.3.2+dfsg-2ubuntu2 [1158 kB]
Release	Install Linux native dependencies	2026-02-21T16:29:06.8096487Z Get:64 http://azure.archive.ubuntu.com/ubuntu noble/universe amd64 libplacebo338 amd64 6.338.2-2build1 [2654 kB]
Release	Install Linux native dependencies	2026-02-21T16:29:06.8934722Z Get:65 http://azure.archive.ubuntu.com/ubuntu noble-updates/main amd64 libblas3 amd64 3.12.0-3build1.1 [238 kB]
Release	Install Linux native dependencies	2026-02-21T16:29:06.9328975Z Get:66 http://azure.archive.ubuntu.com/ubuntu noble-updates/main amd64 liblapack3 amd64 3.12.0-3build1.1 [2646 kB]
Release	Install Linux native dependencies	2026-02-21T16:29:07.0034912Z Get:67 http://azure.archive.ubuntu.com/ubuntu noble/main amd64 libflac12t64 amd64 1.4.3+ds-2.1ubuntu2 [197 kB]
Release	Install Linux native dependencies	2026-02-21T16:29:07.0344921Z Get:68 http://azure.archive.ubuntu.com/ubuntu noble-updates/main amd64 libsndfile1 amd64 1.2.2-1ubuntu5.24.04.1 [209 kB]
Release	Install Linux native dependencies	2026-02-21T16:29:07.0665524Z Get:69 http://azure.archive.ubuntu.com/ubuntu noble-updates/main amd64 libpulse0 amd64 1:16.1+dfsg1-2ubuntu10.1 [292 kB]
Release	Install Linux native dependencies	2026-02-21T16:29:07.0984773Z Get:70 http://azure.archive.ubuntu.com/ubuntu noble/universe amd64 libsphinxbase3t64 amd64 0.8+5prealpha+1-17build2 [126 kB]
Release	Install Linux native dependencies	2026-02-21T16:29:07.1286240Z Get:71 http://azure.archive.ubuntu.com/ubuntu noble/universe amd64 libpocketsphinx3 amd64 0.8.0+real5prealpha+1-15ubuntu5 [133 kB]
Release	Install Linux native dependencies	2026-02-21T16:29:07.1593028Z Get:72 http://azure.archive.ubuntu.com/ubuntu noble/universe amd64 libpostproc57 amd64 7:6.1.1-3ubuntu5 [49.9 kB]
Release	Install Linux native dependencies	2026-02-21T16:29:07.1888861Z Get:73 http://azure.archive.ubuntu.com/ubuntu noble/main amd64 libsamplerate0 amd64 0.2.2-4build1 [1344 kB]
Release	Install Linux native dependencies	2026-02-21T16:29:07.2380914Z Get:74 http://azure.archive.ubuntu.com/ubuntu noble/universe amd64 librubberband2 amd64 3.3.0+dfsg-2build1 [130 kB]
Release	Install Linux native dependencies	2026-02-21T16:29:07.2681793Z Get:75 http://azure.archive.ubuntu.com/ubuntu noble/universe amd64 libswscale7 amd64 7:6.1.1-3ubuntu5 [193 kB]
Release	Install Linux native dependencies	2026-02-21T16:29:07.2992081Z Get:76 http://azure.archive.ubuntu.com/ubuntu noble/universe amd64 libvidstab1.1 amd64 1.1.0-2build1 [38.5 kB]
Release	Install Linux native dependencies	2026-02-21T16:29:07.3706172Z Get:77 http://azure.archive.ubuntu.com/ubuntu noble/universe amd64 libzimg2 amd64 3.0.5+ds1-1build1 [254 kB]
Release	Install Linux native dependencies	2026-02-21T16:29:07.4019289Z Get:78 http://azure.archive.ubuntu.com/ubuntu noble/universe amd64 libavfilter9 amd64 7:6.1.1-3ubuntu5 [4235 kB]
Release	Install Linux native dependencies	2026-02-21T16:29:07.4791444Z Get:79 http://azure.archive.ubuntu.com/ubuntu noble-updates/main amd64 libcaca0 amd64 0.99.beta20-4ubuntu0.1 [209 kB]
Release	Install Linux native dependencies	2026-02-21T16:29:07.5111006Z Get:80 http://azure.archive.ubuntu.com/ubuntu noble-updates/main amd64 libcdio19t64 amd64 2.1.0-4.1ubuntu1.2 [62.4 kB]
Release	Install Linux native dependencies	2026-02-21T16:29:07.5410683Z Get:81 http://azure.archive.ubuntu.com/ubuntu noble/main amd64 libcdio-cdda2t64 amd64 10.2+2.0.1-1.1build2 [16.5 kB]
Release	Install Linux native dependencies	2026-02-21T16:29:07.5705814Z Get:82 http://azure.archive.ubuntu.com/ubuntu noble/main amd64 libcdio-paranoia2t64 amd64 10.2+2.0.1-1.1build2 [16.6 kB]
Release	Install Linux native dependencies	2026-02-21T16:29:07.6001813Z Get:83 http://azure.archive.ubuntu.com/ubuntu noble/universe amd64 libdc1394-25 amd64 2.2.6-4build1 [90.1 kB]
Release	Install Linux native dependencies	2026-02-21T16:29:07.6302839Z Get:84 http://azure.archive.ubuntu.com/ubuntu noble/main amd64 libiec61883-0 amd64 1.2.0-6build1 [24.5 kB]
Release	Install Linux native dependencies	2026-02-21T16:29:07.6600646Z Get:85 http://azure.archive.ubuntu.com/ubuntu noble/main amd64 libjack-jackd2-0 amd64 1.9.21~dfsg-3ubuntu3 [289 kB]
Release	Install Linux native dependencies	2026-02-21T16:29:07.6916126Z Get:86 http://azure.archive.ubuntu.com/ubuntu noble/universe amd64 libopenal-data all 1:1.23.1-4build1 [161 kB]
Release	Install Linux native dependencies	2026-02-21T16:29:07.7249539Z Get:87 http://azure.archive.ubuntu.com/ubuntu noble/universe amd64 libsndio7.0 amd64 1.9.0-0.3build3 [29.6 kB]
Release	Install Linux native dependencies	2026-02-21T16:29:07.7547288Z Get:88 http://azure.archive.ubuntu.com/ubuntu noble/universe amd64 libopenal1 amd64 1:1.23.1-4build1 [540 kB]
Release	Install Linux native dependencies	2026-02-21T16:29:07.7931198Z Get:89 http://azure.archive.ubuntu.com/ubuntu noble/main amd64 libdecor-0-0 amd64 0.2.2-1build2 [16.5 kB]
Release	Install Linux native dependencies	2026-02-21T16:29:07.8224439Z Get:90 http://azure.archive.ubuntu.com/ubuntu noble-updates/main amd64 libsdl2-2.0-0 amd64 2.30.0+dfsg-1ubuntu3.1 [686 kB]
Release	Install Linux native dependencies	2026-02-21T16:29:07.8814532Z Get:91 http://azure.archive.ubuntu.com/ubuntu noble/main amd64 libxcb-shape0 amd64 1.15-1ubuntu2 [6100 B]
Release	Install Linux native dependencies	2026-02-21T16:29:07.9110968Z Get:92 http://azure.archive.ubuntu.com/ubuntu noble/main amd64 libxv1 amd64 2:1.0.11-1.1build1 [10.7 kB]
Release	Install Linux native dependencies	2026-02-21T16:29:07.9419013Z Get:93 http://azure.archive.ubuntu.com/ubuntu noble/universe amd64 libavdevice60 amd64 7:6.1.1-3ubuntu5 [82.3 kB]
Release	Install Linux native dependencies	2026-02-21T16:29:07.9717819Z Get:94 http://azure.archive.ubuntu.com/ubuntu noble/universe amd64 libavformat-dev amd64 7:6.1.1-3ubuntu5 [1398 kB]
Release	Install Linux native dependencies	2026-02-21T16:29:08.0635170Z Get:95 http://azure.archive.ubuntu.com/ubuntu noble/universe amd64 libpostproc-dev amd64 7:6.1.1-3ubuntu5 [50.3 kB]
Release	Install Linux native dependencies	2026-02-21T16:29:08.1004766Z Get:96 http://azure.archive.ubuntu.com/ubuntu noble/universe amd64 libswscale-dev amd64 7:6.1.1-3ubuntu5 [224 kB]
Release	Install Linux native dependencies	2026-02-21T16:29:08.1483140Z Get:97 http://azure.archive.ubuntu.com/ubuntu noble/universe amd64 libavfilter-dev amd64 7:6.1.1-3ubuntu5 [2265 kB]
Release	Install Linux native dependencies	2026-02-21T16:29:08.2777985Z Get:98 http://azure.archive.ubuntu.com/ubuntu noble/universe amd64 libavdevice-dev amd64 7:6.1.1-3ubuntu5 [94.6 kB]
Release	Install Linux native dependencies	2026-02-21T16:29:08.3132546Z Get:99 http://azure.archive.ubuntu.com/ubuntu noble/universe amd64 libdav1d-dev amd64 1.4.1-1build1 [25.3 kB]
Release	Install Linux native dependencies	2026-02-21T16:29:08.3426891Z Get:100 http://azure.archive.ubuntu.com/ubuntu noble-updates/main amd64 libdbus-1-dev amd64 1.14.10-4ubuntu4.1 [190 kB]
Release	Install Linux native dependencies	2026-02-21T16:29:08.3738006Z Get:101 http://azure.archive.ubuntu.com/ubuntu noble/main amd64 libpthread-stubs0-dev amd64 0.4-1build3 [4746 B]
Release	Install Linux native dependencies	2026-02-21T16:29:08.4028272Z Get:102 http://azure.archive.ubuntu.com/ubuntu noble-updates/main amd64 libssh-4 amd64 0.10.6-2ubuntu0.3 [190 kB]
Release	Install Linux native dependencies	2026-02-21T16:29:08.4483844Z Get:103 http://azure.archive.ubuntu.com/ubuntu noble-updates/main amd64 libudev-dev amd64 255.4-1ubuntu8.12 [22.0 kB]
Release	Install Linux native dependencies	2026-02-21T16:29:08.4864555Z Get:104 http://azure.archive.ubuntu.com/ubuntu noble/main amd64 libwayland-server0 amd64 1.22.0-2.1build1 [33.9 kB]
Release	Install Linux native dependencies	2026-02-21T16:29:08.5228186Z Get:105 http://azure.archive.ubuntu.com/ubuntu noble/main amd64 xorg-sgml-doctools all 1:1.11-1.1 [10.9 kB]
Release	Install Linux native dependencies	2026-02-21T16:29:08.5590141Z Get:106 http://azure.archive.ubuntu.com/ubuntu noble/main amd64 x11proto-dev all 2023.2-1 [602 kB]
Release	Install Linux native dependencies	2026-02-21T16:29:08.6060327Z Get:107 http://azure.archive.ubuntu.com/ubuntu noble/main amd64 libxau-dev amd64 1:1.0.9-1build6 [9570 B]
Release	Install Linux native dependencies	2026-02-21T16:29:08.6419943Z Get:108 http://azure.archive.ubuntu.com/ubuntu noble/main amd64 libxdmcp-dev amd64 1:1.1.3-0ubuntu6 [26.5 kB]
Release	Install Linux native dependencies	2026-02-21T16:29:08.6804417Z Get:109 http://azure.archive.ubuntu.com/ubuntu noble/main amd64 libxcb1-dev amd64 1.15-1ubuntu2 [85.8 kB]
Release	Install Linux native dependencies	2026-02-21T16:29:08.7198171Z Get:110 http://azure.archive.ubuntu.com/ubuntu noble/main amd64 libxcb-render0-dev amd64 1.15-1ubuntu2 [19.6 kB]
Release	Install Linux native dependencies	2026-02-21T16:29:08.7565168Z Get:111 http://azure.archive.ubuntu.com/ubuntu noble/main amd64 libxcb-shape0-dev amd64 1.15-1ubuntu2 [7310 B]
Release	Install Linux native dependencies	2026-02-21T16:29:08.7930111Z Get:112 http://azure.archive.ubuntu.com/ubuntu noble/main amd64 libxcb-xfixes0-dev amd64 1.15-1ubuntu2 [12.6 kB]
Release	Install Linux native dependencies	2026-02-21T16:29:08.8293732Z Get:113 http://azure.archive.ubuntu.com/ubuntu noble/main amd64 libxkbcommon-dev amd64 1.6.0-1build1 [56.3 kB]
Release	Install Linux native dependencies	2026-02-21T16:29:08.8673642Z Get:114 http://azure.archive.ubuntu.com/ubuntu noble/universe amd64 nasm amd64 2.16.01-1build1 [459 kB]
Release	Install Linux native dependencies	2026-02-21T16:29:08.9131971Z Get:115 http://azure.archive.ubuntu.com/ubuntu noble/main amd64 libwayland-bin amd64 1.22.0-2.1build1 [20.6 kB]
Release	Install Linux native dependencies	2026-02-21T16:29:08.9500098Z Get:116 http://azure.archive.ubuntu.com/ubuntu noble/main amd64 libwayland-dev amd64 1.22.0-2.1build1 [71.3 kB]
Release	Install Linux native dependencies	2026-02-21T16:29:09.3120580Z Fetched 74.5 MB in 6s (12.0 MB/s)
Release	Install Linux native dependencies	2026-02-21T16:29:09.3701965Z (Reading database ... 
Release	Install Linux native dependencies	2026-02-21T16:29:09.3702583Z (Reading database ... 5%
Release	Install Linux native dependencies	2026-02-21T16:29:09.3702992Z (Reading database ... 10%
Release	Install Linux native dependencies	2026-02-21T16:29:09.3703621Z (Reading database ... 15%
Release	Install Linux native dependencies	2026-02-21T16:29:09.3704041Z (Reading database ... 20%
Release	Install Linux native dependencies	2026-02-21T16:29:09.3704457Z (Reading database ... 25%
Release	Install Linux native dependencies	2026-02-21T16:29:09.3705233Z (Reading database ... 30%
Release	Install Linux native dependencies	2026-02-21T16:29:09.3705582Z (Reading database ... 35%
Release	Install Linux native dependencies	2026-02-21T16:29:09.3705890Z (Reading database ... 40%
Release	Install Linux native dependencies	2026-02-21T16:29:09.3706199Z (Reading database ... 45%
Release	Install Linux native dependencies	2026-02-21T16:29:09.3706556Z (Reading database ... 50%
Release	Install Linux native dependencies	2026-02-21T16:29:09.3811901Z (Reading database ... 55%
Release	Install Linux native dependencies	2026-02-21T16:29:09.5239809Z (Reading database ... 60%
Release	Install Linux native dependencies	2026-02-21T16:29:09.6791368Z (Reading database ... 65%
Release	Install Linux native dependencies	2026-02-21T16:29:09.7260656Z (Reading database ... 70%
Release	Install Linux native dependencies	2026-02-21T16:29:09.8293574Z (Reading database ... 75%
Release	Install Linux native dependencies	2026-02-21T16:29:10.0059436Z (Reading database ... 80%
Release	Install Linux native dependencies	2026-02-21T16:29:10.1718630Z (Reading database ... 85%
Release	Install Linux native dependencies	2026-02-21T16:29:10.3676066Z (Reading database ... 90%
Release	Install Linux native dependencies	2026-02-21T16:29:10.5160312Z (Reading database ... 95%
Release	Install Linux native dependencies	2026-02-21T16:29:10.5160744Z (Reading database ... 100%
Release	Install Linux native dependencies	2026-02-21T16:29:10.5161212Z (Reading database ... 217745 files and directories currently installed.)
Release	Install Linux native dependencies	2026-02-21T16:29:10.5204502Z Preparing to unpack .../000-libasound2t64_1.2.11-1ubuntu0.2_amd64.deb ...
Release	Install Linux native dependencies	2026-02-21T16:29:10.5265678Z Unpacking libasound2t64:amd64 (1.2.11-1ubuntu0.2) over (1.2.11-1ubuntu0.1) ...
Release	Install Linux native dependencies	2026-02-21T16:29:10.5707010Z Preparing to unpack .../001-libasound2-data_1.2.11-1ubuntu0.2_all.deb ...
Release	Install Linux native dependencies	2026-02-21T16:29:10.5738579Z Unpacking libasound2-data (1.2.11-1ubuntu0.2) over (1.2.11-1ubuntu0.1) ...
Release	Install Linux native dependencies	2026-02-21T16:29:10.6135030Z Selecting previously unselected package libasound2-dev:amd64.
Release	Install Linux native dependencies	2026-02-21T16:29:10.6270415Z Preparing to unpack .../002-libasound2-dev_1.2.11-1ubuntu0.2_amd64.deb ...
Release	Install Linux native dependencies	2026-02-21T16:29:10.6309651Z Unpacking libasound2-dev:amd64 (1.2.11-1ubuntu0.2) ...
Release	Install Linux native dependencies	2026-02-21T16:29:10.6688524Z Selecting previously unselected package libunibreak5:amd64.
Release	Install Linux native dependencies	2026-02-21T16:29:10.6821403Z Preparing to unpack .../003-libunibreak5_5.1-2build1_amd64.deb ...
Release	Install Linux native dependencies	2026-02-21T16:29:10.6832662Z Unpacking libunibreak5:amd64 (5.1-2build1) ...
Release	Install Linux native dependencies	2026-02-21T16:29:10.7063040Z Selecting previously unselected package libass9:amd64.
Release	Install Linux native dependencies	2026-02-21T16:29:10.7196108Z Preparing to unpack .../004-libass9_1%3a0.17.1-2build1_amd64.deb ...
Release	Install Linux native dependencies	2026-02-21T16:29:10.7207127Z Unpacking libass9:amd64 (1:0.17.1-2build1) ...
Release	Install Linux native dependencies	2026-02-21T16:29:10.7455450Z Selecting previously unselected package libasyncns0:amd64.
Release	Install Linux native dependencies	2026-02-21T16:29:10.7591310Z Preparing to unpack .../005-libasyncns0_0.8-6build4_amd64.deb ...
Release	Install Linux native dependencies	2026-02-21T16:29:10.7605607Z Unpacking libasyncns0:amd64 (0.8-6build4) ...
Release	Install Linux native dependencies	2026-02-21T16:29:10.7834549Z Selecting previously unselected package libva2:amd64.
Release	Install Linux native dependencies	2026-02-21T16:29:10.7969647Z Preparing to unpack .../006-libva2_2.20.0-2ubuntu0.1_amd64.deb ...
Release	Install Linux native dependencies	2026-02-21T16:29:10.7982211Z Unpacking libva2:amd64 (2.20.0-2ubuntu0.1) ...
Release	Install Linux native dependencies	2026-02-21T16:29:10.8219854Z Selecting previously unselected package libva-drm2:amd64.
Release	Install Linux native dependencies	2026-02-21T16:29:10.8354075Z Preparing to unpack .../007-libva-drm2_2.20.0-2ubuntu0.1_amd64.deb ...
Release	Install Linux native dependencies	2026-02-21T16:29:10.8364442Z Unpacking libva-drm2:amd64 (2.20.0-2ubuntu0.1) ...
Release	Install Linux native dependencies	2026-02-21T16:29:10.8594198Z Selecting previously unselected package libva-x11-2:amd64.
Release	Install Linux native dependencies	2026-02-21T16:29:10.8728828Z Preparing to unpack .../008-libva-x11-2_2.20.0-2ubuntu0.1_amd64.deb ...
Release	Install Linux native dependencies	2026-02-21T16:29:10.8740250Z Unpacking libva-x11-2:amd64 (2.20.0-2ubuntu0.1) ...
Release	Install Linux native dependencies	2026-02-21T16:29:10.8970891Z Selecting previously unselected package libvdpau1:amd64.
Release	Install Linux native dependencies	2026-02-21T16:29:10.9105334Z Preparing to unpack .../009-libvdpau1_1.5-2build1_amd64.deb ...
Release	Install Linux native dependencies	2026-02-21T16:29:10.9115947Z Unpacking libvdpau1:amd64 (1.5-2build1) ...
Release	Install Linux native dependencies	2026-02-21T16:29:10.9348324Z Selecting previously unselected package libvpl2.
Release	Install Linux native dependencies	2026-02-21T16:29:10.9481109Z Preparing to unpack .../010-libvpl2_2023.3.0-1build1_amd64.deb ...
Release	Install Linux native dependencies	2026-02-21T16:29:10.9494275Z Unpacking libvpl2 (2023.3.0-1build1) ...
Release	Install Linux native dependencies	2026-02-21T16:29:10.9733873Z Selecting previously unselected package ocl-icd-libopencl1:amd64.
Release	Install Linux native dependencies	2026-02-21T16:29:10.9865454Z Preparing to unpack .../011-ocl-icd-libopencl1_2.3.2-1build1_amd64.deb ...
Release	Install Linux native dependencies	2026-02-21T16:29:10.9875953Z Unpacking ocl-icd-libopencl1:amd64 (2.3.2-1build1) ...
Release	Install Linux native dependencies	2026-02-21T16:29:11.0177608Z Selecting previously unselected package libavutil58:amd64.
Release	Install Linux native dependencies	2026-02-21T16:29:11.0311641Z Preparing to unpack .../012-libavutil58_7%3a6.1.1-3ubuntu5_amd64.deb ...
Release	Install Linux native dependencies	2026-02-21T16:29:11.0323518Z Unpacking libavutil58:amd64 (7:6.1.1-3ubuntu5) ...
Release	Install Linux native dependencies	2026-02-21T16:29:11.0589168Z Selecting previously unselected package libcodec2-1.2:amd64.
Release	Install Linux native dependencies	2026-02-21T16:29:11.0722805Z Preparing to unpack .../013-libcodec2-1.2_1.2.0-2build1_amd64.deb ...
Release	Install Linux native dependencies	2026-02-21T16:29:11.0734052Z Unpacking libcodec2-1.2:amd64 (1.2.0-2build1) ...
Release	Install Linux native dependencies	2026-02-21T16:29:11.1523526Z Selecting previously unselected package libdav1d7:amd64.
Release	Install Linux native dependencies	2026-02-21T16:29:11.1657731Z Preparing to unpack .../014-libdav1d7_1.4.1-1build1_amd64.deb ...
Release	Install Linux native dependencies	2026-02-21T16:29:11.1669131Z Unpacking libdav1d7:amd64 (1.4.1-1build1) ...
Release	Install Linux native dependencies	2026-02-21T16:29:11.1970482Z Selecting previously unselected package libgsm1:amd64.
Release	Install Linux native dependencies	2026-02-21T16:29:11.2103817Z Preparing to unpack .../015-libgsm1_1.0.22-1build1_amd64.deb ...
Release	Install Linux native dependencies	2026-02-21T16:29:11.2114137Z Unpacking libgsm1:amd64 (1.0.22-1build1) ...
Release	Install Linux native dependencies	2026-02-21T16:29:11.2360892Z Selecting previously unselected package libhwy1t64:amd64.
Release	Install Linux native dependencies	2026-02-21T16:29:11.2494079Z Preparing to unpack .../016-libhwy1t64_1.0.7-8.1build1_amd64.deb ...
Release	Install Linux native dependencies	2026-02-21T16:29:11.2506728Z Unpacking libhwy1t64:amd64 (1.0.7-8.1build1) ...
Release	Install Linux native dependencies	2026-02-21T16:29:11.2872014Z Selecting previously unselected package libjxl0.7:amd64.
Release	Install Linux native dependencies	2026-02-21T16:29:11.3004973Z Preparing to unpack .../017-libjxl0.7_0.7.0-10.2ubuntu6.1_amd64.deb ...
Release	Install Linux native dependencies	2026-02-21T16:29:11.3015600Z Unpacking libjxl0.7:amd64 (0.7.0-10.2ubuntu6.1) ...
Release	Install Linux native dependencies	2026-02-21T16:29:11.3389585Z Selecting previously unselected package libmp3lame0:amd64.
Release	Install Linux native dependencies	2026-02-21T16:29:11.3524147Z Preparing to unpack .../018-libmp3lame0_3.100-6build1_amd64.deb ...
Release	Install Linux native dependencies	2026-02-21T16:29:11.3536802Z Unpacking libmp3lame0:amd64 (3.100-6build1) ...
Release	Install Linux native dependencies	2026-02-21T16:29:11.3803930Z Selecting previously unselected package libopus0:amd64.
Release	Install Linux native dependencies	2026-02-21T16:29:11.3940784Z Preparing to unpack .../019-libopus0_1.4-1build1_amd64.deb ...
Release	Install Linux native dependencies	2026-02-21T16:29:11.3952572Z Unpacking libopus0:amd64 (1.4-1build1) ...
Release	Install Linux native dependencies	2026-02-21T16:29:11.4223183Z Selecting previously unselected package librav1e0:amd64.
Release	Install Linux native dependencies	2026-02-21T16:29:11.4364955Z Preparing to unpack .../020-librav1e0_0.7.1-2_amd64.deb ...
Release	Install Linux native dependencies	2026-02-21T16:29:11.4375998Z Unpacking librav1e0:amd64 (0.7.1-2) ...
Release	Install Linux native dependencies	2026-02-21T16:29:11.4754781Z Selecting previously unselected package librsvg2-2:amd64.
Release	Install Linux native dependencies	2026-02-21T16:29:11.4888087Z Preparing to unpack .../021-librsvg2-2_2.58.0+dfsg-1build1_amd64.deb ...
Release	Install Linux native dependencies	2026-02-21T16:29:11.4898429Z Unpacking librsvg2-2:amd64 (2.58.0+dfsg-1build1) ...
Release	Install Linux native dependencies	2026-02-21T16:29:11.5402325Z Selecting previously unselected package libshine3:amd64.
Release	Install Linux native dependencies	2026-02-21T16:29:11.5537715Z Preparing to unpack .../022-libshine3_3.1.1-2build1_amd64.deb ...
Release	Install Linux native dependencies	2026-02-21T16:29:11.5549389Z Unpacking libshine3:amd64 (3.1.1-2build1) ...
Release	Install Linux native dependencies	2026-02-21T16:29:11.5762943Z Selecting previously unselected package libspeex1:amd64.
Release	Install Linux native dependencies	2026-02-21T16:29:11.5895002Z Preparing to unpack .../023-libspeex1_1.2.1-2ubuntu2.24.04.1_amd64.deb ...
Release	Install Linux native dependencies	2026-02-21T16:29:11.5906140Z Unpacking libspeex1:amd64 (1.2.1-2ubuntu2.24.04.1) ...
Release	Install Linux native dependencies	2026-02-21T16:29:11.6126396Z Selecting previously unselected package libsvtav1enc1d1:amd64.
Release	Install Linux native dependencies	2026-02-21T16:29:11.6259655Z Preparing to unpack .../024-libsvtav1enc1d1_1.7.0+dfsg-2build1_amd64.deb ...
Release	Install Linux native dependencies	2026-02-21T16:29:11.6269809Z Unpacking libsvtav1enc1d1:amd64 (1.7.0+dfsg-2build1) ...
Release	Install Linux native dependencies	2026-02-21T16:29:11.6804766Z Selecting previously unselected package libsoxr0:amd64.
Release	Install Linux native dependencies	2026-02-21T16:29:11.6937055Z Preparing to unpack .../025-libsoxr0_0.1.3-4build3_amd64.deb ...
Release	Install Linux native dependencies	2026-02-21T16:29:11.6947119Z Unpacking libsoxr0:amd64 (0.1.3-4build3) ...
Release	Install Linux native dependencies	2026-02-21T16:29:11.7170979Z Selecting previously unselected package libswresample4:amd64.
Release	Install Linux native dependencies	2026-02-21T16:29:11.7303808Z Preparing to unpack .../026-libswresample4_7%3a6.1.1-3ubuntu5_amd64.deb ...
Release	Install Linux native dependencies	2026-02-21T16:29:11.7314397Z Unpacking libswresample4:amd64 (7:6.1.1-3ubuntu5) ...
Release	Install Linux native dependencies	2026-02-21T16:29:11.7547318Z Selecting previously unselected package libtheora0:amd64.
Release	Install Linux native dependencies	2026-02-21T16:29:11.7680339Z Preparing to unpack .../027-libtheora0_1.1.1+dfsg.1-16.1build3_amd64.deb ...
Release	Install Linux native dependencies	2026-02-21T16:29:11.7690920Z Unpacking libtheora0:amd64 (1.1.1+dfsg.1-16.1build3) ...
Release	Install Linux native dependencies	2026-02-21T16:29:11.7951523Z Selecting previously unselected package libtwolame0:amd64.
Release	Install Linux native dependencies	2026-02-21T16:29:11.8087820Z Preparing to unpack .../028-libtwolame0_0.4.0-2build3_amd64.deb ...
Release	Install Linux native dependencies	2026-02-21T16:29:11.8098977Z Unpacking libtwolame0:amd64 (0.4.0-2build3) ...
Release	Install Linux native dependencies	2026-02-21T16:29:11.8333756Z Selecting previously unselected package libvorbisenc2:amd64.
Release	Install Linux native dependencies	2026-02-21T16:29:11.8466430Z Preparing to unpack .../029-libvorbisenc2_1.3.7-1build3_amd64.deb ...
Release	Install Linux native dependencies	2026-02-21T16:29:11.8477670Z Unpacking libvorbisenc2:amd64 (1.3.7-1build3) ...
Release	Install Linux native dependencies	2026-02-21T16:29:11.8732530Z Selecting previously unselected package libvpx9:amd64.
Release	Install Linux native dependencies	2026-02-21T16:29:11.8869260Z Preparing to unpack .../030-libvpx9_1.14.0-1ubuntu2.3_amd64.deb ...
Release	Install Linux native dependencies	2026-02-21T16:29:11.8882027Z Unpacking libvpx9:amd64 (1.14.0-1ubuntu2.3) ...
Release	Install Linux native dependencies	2026-02-21T16:29:11.9268842Z Selecting previously unselected package libx264-164:amd64.
Release	Install Linux native dependencies	2026-02-21T16:29:11.9402472Z Preparing to unpack .../031-libx264-164_2%3a0.164.3108+git31e19f9-1_amd64.deb ...
Release	Install Linux native dependencies	2026-02-21T16:29:11.9412167Z Unpacking libx264-164:amd64 (2:0.164.3108+git31e19f9-1) ...
Release	Install Linux native dependencies	2026-02-21T16:29:11.9722633Z Selecting previously unselected package libx265-199:amd64.
Release	Install Linux native dependencies	2026-02-21T16:29:11.9857551Z Preparing to unpack .../032-libx265-199_3.5-2build1_amd64.deb ...
Release	Install Linux native dependencies	2026-02-21T16:29:11.9868254Z Unpacking libx265-199:amd64 (3.5-2build1) ...
Release	Install Linux native dependencies	2026-02-21T16:29:12.0632908Z Selecting previously unselected package libxvidcore4:amd64.
Release	Install Linux native dependencies	2026-02-21T16:29:12.0766013Z Preparing to unpack .../033-libxvidcore4_2%3a1.3.7-1build1_amd64.deb ...
Release	Install Linux native dependencies	2026-02-21T16:29:12.0777999Z Unpacking libxvidcore4:amd64 (2:1.3.7-1build1) ...
Release	Install Linux native dependencies	2026-02-21T16:29:12.1014722Z Selecting previously unselected package libzvbi-common.
Release	Install Linux native dependencies	2026-02-21T16:29:12.1148088Z Preparing to unpack .../034-libzvbi-common_0.2.42-2_all.deb ...
Release	Install Linux native dependencies	2026-02-21T16:29:12.1159182Z Unpacking libzvbi-common (0.2.42-2) ...
Release	Install Linux native dependencies	2026-02-21T16:29:12.1701773Z Selecting previously unselected package libzvbi0t64:amd64.
Release	Install Linux native dependencies	2026-02-21T16:29:12.1834105Z Preparing to unpack .../035-libzvbi0t64_0.2.42-2_amd64.deb ...
Release	Install Linux native dependencies	2026-02-21T16:29:12.1844755Z Unpacking libzvbi0t64:amd64 (0.2.42-2) ...
Release	Install Linux native dependencies	2026-02-21T16:29:12.2102364Z Selecting previously unselected package libavcodec60:amd64.
Release	Install Linux native dependencies	2026-02-21T16:29:12.2236193Z Preparing to unpack .../036-libavcodec60_7%3a6.1.1-3ubuntu5_amd64.deb ...
Release	Install Linux native dependencies	2026-02-21T16:29:12.2248024Z Unpacking libavcodec60:amd64 (7:6.1.1-3ubuntu5) ...
Release	Install Linux native dependencies	2026-02-21T16:29:12.3134177Z Selecting previously unselected package libavutil-dev:amd64.
Release	Install Linux native dependencies	2026-02-21T16:29:12.3270261Z Preparing to unpack .../037-libavutil-dev_7%3a6.1.1-3ubuntu5_amd64.deb ...
Release	Install Linux native dependencies	2026-02-21T16:29:12.3281744Z Unpacking libavutil-dev:amd64 (7:6.1.1-3ubuntu5) ...
Release	Install Linux native dependencies	2026-02-21T16:29:12.3751331Z Selecting previously unselected package libswresample-dev:amd64.
Release	Install Linux native dependencies	2026-02-21T16:29:12.3885426Z Preparing to unpack .../038-libswresample-dev_7%3a6.1.1-3ubuntu5_amd64.deb ...
Release	Install Linux native dependencies	2026-02-21T16:29:12.3896190Z Unpacking libswresample-dev:amd64 (7:6.1.1-3ubuntu5) ...
Release	Install Linux native dependencies	2026-02-21T16:29:12.4152319Z Selecting previously unselected package libavcodec-dev:amd64.
Release	Install Linux native dependencies	2026-02-21T16:29:12.4286445Z Preparing to unpack .../039-libavcodec-dev_7%3a6.1.1-3ubuntu5_amd64.deb ...
Release	Install Linux native dependencies	2026-02-21T16:29:12.4301593Z Unpacking libavcodec-dev:amd64 (7:6.1.1-3ubuntu5) ...
Release	Install Linux native dependencies	2026-02-21T16:29:12.5511460Z Selecting previously unselected package libraw1394-11:amd64.
Release	Install Linux native dependencies	2026-02-21T16:29:12.5648762Z Preparing to unpack .../040-libraw1394-11_2.1.2-2build3_amd64.deb ...
Release	Install Linux native dependencies	2026-02-21T16:29:12.5659985Z Unpacking libraw1394-11:amd64 (2.1.2-2build3) ...
Release	Install Linux native dependencies	2026-02-21T16:29:12.5904590Z Selecting previously unselected package libavc1394-0:amd64.
Release	Install Linux native dependencies	2026-02-21T16:29:12.6041600Z Preparing to unpack .../041-libavc1394-0_0.5.4-5build3_amd64.deb ...
Release	Install Linux native dependencies	2026-02-21T16:29:12.6055216Z Unpacking libavc1394-0:amd64 (0.5.4-5build3) ...
Release	Install Linux native dependencies	2026-02-21T16:29:12.6293709Z Selecting previously unselected package libudfread0:amd64.
Release	Install Linux native dependencies	2026-02-21T16:29:12.6428667Z Preparing to unpack .../042-libudfread0_1.1.2-1build1_amd64.deb ...
Release	Install Linux native dependencies	2026-02-21T16:29:12.6440235Z Unpacking libudfread0:amd64 (1.1.2-1build1) ...
Release	Install Linux native dependencies	2026-02-21T16:29:12.6700746Z Selecting previously unselected package libbluray2:amd64.
Release	Install Linux native dependencies	2026-02-21T16:29:12.6835159Z Preparing to unpack .../043-libbluray2_1%3a1.3.4-1build1_amd64.deb ...
Release	Install Linux native dependencies	2026-02-21T16:29:12.6845881Z Unpacking libbluray2:amd64 (1:1.3.4-1build1) ...
Release	Install Linux native dependencies	2026-02-21T16:29:12.7099587Z Selecting previously unselected package libchromaprint1:amd64.
Release	Install Linux native dependencies	2026-02-21T16:29:12.7233638Z Preparing to unpack .../044-libchromaprint1_1.5.1-5_amd64.deb ...
Release	Install Linux native dependencies	2026-02-21T16:29:12.7243912Z Unpacking libchromaprint1:amd64 (1.5.1-5) ...
Release	Install Linux native dependencies	2026-02-21T16:29:12.7469546Z Selecting previously unselected package libgme0:amd64.
Release	Install Linux native dependencies	2026-02-21T16:29:12.7604813Z Preparing to unpack .../045-libgme0_0.6.3-7build1_amd64.deb ...
Release	Install Linux native dependencies	2026-02-21T16:29:12.7620340Z Unpacking libgme0:amd64 (0.6.3-7build1) ...
Release	Install Linux native dependencies	2026-02-21T16:29:12.7875457Z Selecting previously unselected package libmpg123-0t64:amd64.
Release	Install Linux native dependencies	2026-02-21T16:29:12.8008628Z Preparing to unpack .../046-libmpg123-0t64_1.32.5-1ubuntu1.1_amd64.deb ...
Release	Install Linux native dependencies	2026-02-21T16:29:12.8020364Z Unpacking libmpg123-0t64:amd64 (1.32.5-1ubuntu1.1) ...
Release	Install Linux native dependencies	2026-02-21T16:29:12.8281398Z Selecting previously unselected package libopenmpt0t64:amd64.
Release	Install Linux native dependencies	2026-02-21T16:29:12.8416428Z Preparing to unpack .../047-libopenmpt0t64_0.7.3-1.1build3_amd64.deb ...
Release	Install Linux native dependencies	2026-02-21T16:29:12.8428267Z Unpacking libopenmpt0t64:amd64 (0.7.3-1.1build3) ...
Release	Install Linux native dependencies	2026-02-21T16:29:12.8735127Z Selecting previously unselected package libcjson1:amd64.
Release	Install Linux native dependencies	2026-02-21T16:29:12.8868661Z Preparing to unpack .../048-libcjson1_1.7.17-1_amd64.deb ...
Release	Install Linux native dependencies	2026-02-21T16:29:12.8881716Z Unpacking libcjson1:amd64 (1.7.17-1) ...
Release	Install Linux native dependencies	2026-02-21T16:29:12.9118177Z Selecting previously unselected package libmbedcrypto7t64:amd64.
Release	Install Linux native dependencies	2026-02-21T16:29:12.9251253Z Preparing to unpack .../049-libmbedcrypto7t64_2.28.8-1_amd64.deb ...
Release	Install Linux native dependencies	2026-02-21T16:29:12.9261506Z Unpacking libmbedcrypto7t64:amd64 (2.28.8-1) ...
Release	Install Linux native dependencies	2026-02-21T16:29:12.9502734Z Selecting previously unselected package librist4:amd64.
Release	Install Linux native dependencies	2026-02-21T16:29:12.9636375Z Preparing to unpack .../050-librist4_0.2.10+dfsg-2_amd64.deb ...
Release	Install Linux native dependencies	2026-02-21T16:29:12.9646711Z Unpacking librist4:amd64 (0.2.10+dfsg-2) ...
Release	Install Linux native dependencies	2026-02-21T16:29:12.9908911Z Selecting previously unselected package libsrt1.5-gnutls:amd64.
Release	Install Linux native dependencies	2026-02-21T16:29:13.0044087Z Preparing to unpack .../051-libsrt1.5-gnutls_1.5.3-1build2_amd64.deb ...
Release	Install Linux native dependencies	2026-02-21T16:29:13.0057311Z Unpacking libsrt1.5-gnutls:amd64 (1.5.3-1build2) ...
Release	Install Linux native dependencies	2026-02-21T16:29:13.0336433Z Selecting previously unselected package libssh-gcrypt-4:amd64.
Release	Install Linux native dependencies	2026-02-21T16:29:13.0472790Z Preparing to unpack .../052-libssh-gcrypt-4_0.10.6-2ubuntu0.3_amd64.deb ...
Release	Install Linux native dependencies	2026-02-21T16:29:13.0485645Z Unpacking libssh-gcrypt-4:amd64 (0.10.6-2ubuntu0.3) ...
Release	Install Linux native dependencies	2026-02-21T16:29:13.0754741Z Selecting previously unselected package libavformat60:amd64.
Release	Install Linux native dependencies	2026-02-21T16:29:13.0888362Z Preparing to unpack .../053-libavformat60_7%3a6.1.1-3ubuntu5_amd64.deb ...
Release	Install Linux native dependencies	2026-02-21T16:29:13.0899996Z Unpacking libavformat60:amd64 (7:6.1.1-3ubuntu5) ...
Release	Install Linux native dependencies	2026-02-21T16:29:13.1279952Z Selecting previously unselected package libbs2b0:amd64.
Release	Install Linux native dependencies	2026-02-21T16:29:13.1415502Z Preparing to unpack .../054-libbs2b0_3.1.0+dfsg-7build1_amd64.deb ...
Release	Install Linux native dependencies	2026-02-21T16:29:13.1426477Z Unpacking libbs2b0:amd64 (3.1.0+dfsg-7build1) ...
Release	Install Linux native dependencies	2026-02-21T16:29:13.1699584Z Selecting previously unselected package libflite1:amd64.
Release	Install Linux native dependencies	2026-02-21T16:29:13.1837165Z Preparing to unpack .../055-libflite1_2.2-6build3_amd64.deb ...
Release	Install Linux native dependencies	2026-02-21T16:29:13.1847861Z Unpacking libflite1:amd64 (2.2-6build3) ...
Release	Install Linux native dependencies	2026-02-21T16:29:13.3082542Z Selecting previously unselected package libserd-0-0:amd64.
Release	Install Linux native dependencies	2026-02-21T16:29:13.3224207Z Preparing to unpack .../056-libserd-0-0_0.32.2-1_amd64.deb ...
Release	Install Linux native dependencies	2026-02-21T16:29:13.3238199Z Unpacking libserd-0-0:amd64 (0.32.2-1) ...
Release	Install Linux native dependencies	2026-02-21T16:29:13.3459861Z Selecting previously unselected package libzix-0-0:amd64.
Release	Install Linux native dependencies	2026-02-21T16:29:13.3596785Z Preparing to unpack .../057-libzix-0-0_0.4.2-2build1_amd64.deb ...
Release	Install Linux native dependencies	2026-02-21T16:29:13.3605635Z Unpacking libzix-0-0:amd64 (0.4.2-2build1) ...
Release	Install Linux native dependencies	2026-02-21T16:29:13.3821093Z Selecting previously unselected package libsord-0-0:amd64.
Release	Install Linux native dependencies	2026-02-21T16:29:13.3957058Z Preparing to unpack .../058-libsord-0-0_0.16.16-2build1_amd64.deb ...
Release	Install Linux native dependencies	2026-02-21T16:29:13.3966595Z Unpacking libsord-0-0:amd64 (0.16.16-2build1) ...
Release	Install Linux native dependencies	2026-02-21T16:29:13.4184063Z Selecting previously unselected package libsratom-0-0:amd64.
Release	Install Linux native dependencies	2026-02-21T16:29:13.4315600Z Preparing to unpack .../059-libsratom-0-0_0.6.16-1build1_amd64.deb ...
Release	Install Linux native dependencies	2026-02-21T16:29:13.4349556Z Unpacking libsratom-0-0:amd64 (0.6.16-1build1) ...
Release	Install Linux native dependencies	2026-02-21T16:29:13.4570260Z Selecting previously unselected package liblilv-0-0:amd64.
Release	Install Linux native dependencies	2026-02-21T16:29:13.4703448Z Preparing to unpack .../060-liblilv-0-0_0.24.22-1build1_amd64.deb ...
Release	Install Linux native dependencies	2026-02-21T16:29:13.4711883Z Unpacking liblilv-0-0:amd64 (0.24.22-1build1) ...
Release	Install Linux native dependencies	2026-02-21T16:29:13.4926113Z Selecting previously unselected package libmysofa1:amd64.
Release	Install Linux native dependencies	2026-02-21T16:29:13.5059263Z Preparing to unpack .../061-libmysofa1_1.3.2+dfsg-2ubuntu2_amd64.deb ...
Release	Install Linux native dependencies	2026-02-21T16:29:13.5067553Z Unpacking libmysofa1:amd64 (1.3.2+dfsg-2ubuntu2) ...
Release	Install Linux native dependencies	2026-02-21T16:29:13.5333973Z Selecting previously unselected package libplacebo338:amd64.
Release	Install Linux native dependencies	2026-02-21T16:29:13.5468541Z Preparing to unpack .../062-libplacebo338_6.338.2-2build1_amd64.deb ...
Release	Install Linux native dependencies	2026-02-21T16:29:13.5478905Z Unpacking libplacebo338:amd64 (6.338.2-2build1) ...
Release	Install Linux native dependencies	2026-02-21T16:29:13.6085122Z Selecting previously unselected package libblas3:amd64.
Release	Install Linux native dependencies	2026-02-21T16:29:13.6219073Z Preparing to unpack .../063-libblas3_3.12.0-3build1.1_amd64.deb ...
Release	Install Linux native dependencies	2026-02-21T16:29:13.6248519Z Unpacking libblas3:amd64 (3.12.0-3build1.1) ...
Release	Install Linux native dependencies	2026-02-21T16:29:13.6495189Z Selecting previously unselected package liblapack3:amd64.
Release	Install Linux native dependencies	2026-02-21T16:29:13.6628360Z Preparing to unpack .../064-liblapack3_3.12.0-3build1.1_amd64.deb ...
Release	Install Linux native dependencies	2026-02-21T16:29:13.6659316Z Unpacking liblapack3:amd64 (3.12.0-3build1.1) ...
Release	Install Linux native dependencies	2026-02-21T16:29:13.7183769Z Selecting previously unselected package libflac12t64:amd64.
Release	Install Linux native dependencies	2026-02-21T16:29:13.7316449Z Preparing to unpack .../065-libflac12t64_1.4.3+ds-2.1ubuntu2_amd64.deb ...
Release	Install Linux native dependencies	2026-02-21T16:29:13.7324695Z Unpacking libflac12t64:amd64 (1.4.3+ds-2.1ubuntu2) ...
Release	Install Linux native dependencies	2026-02-21T16:29:13.7550914Z Selecting previously unselected package libsndfile1:amd64.
Release	Install Linux native dependencies	2026-02-21T16:29:13.7685716Z Preparing to unpack .../066-libsndfile1_1.2.2-1ubuntu5.24.04.1_amd64.deb ...
Release	Install Linux native dependencies	2026-02-21T16:29:13.7693926Z Unpacking libsndfile1:amd64 (1.2.2-1ubuntu5.24.04.1) ...
Release	Install Linux native dependencies	2026-02-21T16:29:13.7951441Z Selecting previously unselected package libpulse0:amd64.
Release	Install Linux native dependencies	2026-02-21T16:29:13.8084998Z Preparing to unpack .../067-libpulse0_1%3a16.1+dfsg1-2ubuntu10.1_amd64.deb ...
Release	Install Linux native dependencies	2026-02-21T16:29:13.8156500Z Unpacking libpulse0:amd64 (1:16.1+dfsg1-2ubuntu10.1) ...
Release	Install Linux native dependencies	2026-02-21T16:29:13.8438602Z Selecting previously unselected package libsphinxbase3t64:amd64.
Release	Install Linux native dependencies	2026-02-21T16:29:13.8572461Z Preparing to unpack .../068-libsphinxbase3t64_0.8+5prealpha+1-17build2_amd64.deb ...
Release	Install Linux native dependencies	2026-02-21T16:29:13.8583427Z Unpacking libsphinxbase3t64:amd64 (0.8+5prealpha+1-17build2) ...
Release	Install Linux native dependencies	2026-02-21T16:29:13.8822217Z Selecting previously unselected package libpocketsphinx3:amd64.
Release	Install Linux native dependencies	2026-02-21T16:29:13.8956133Z Preparing to unpack .../069-libpocketsphinx3_0.8.0+real5prealpha+1-15ubuntu5_amd64.deb ...
Release	Install Linux native dependencies	2026-02-21T16:29:13.8964275Z Unpacking libpocketsphinx3:amd64 (0.8.0+real5prealpha+1-15ubuntu5) ...
Release	Install Linux native dependencies	2026-02-21T16:29:13.9189586Z Selecting previously unselected package libpostproc57:amd64.
Release	Install Linux native dependencies	2026-02-21T16:29:13.9321821Z Preparing to unpack .../070-libpostproc57_7%3a6.1.1-3ubuntu5_amd64.deb ...
Release	Install Linux native dependencies	2026-02-21T16:29:13.9330351Z Unpacking libpostproc57:amd64 (7:6.1.1-3ubuntu5) ...
Release	Install Linux native dependencies	2026-02-21T16:29:13.9561044Z Selecting previously unselected package libsamplerate0:amd64.
Release	Install Linux native dependencies	2026-02-21T16:29:13.9692662Z Preparing to unpack .../071-libsamplerate0_0.2.2-4build1_amd64.deb ...
Release	Install Linux native dependencies	2026-02-21T16:29:13.9702849Z Unpacking libsamplerate0:amd64 (0.2.2-4build1) ...
Release	Install Linux native dependencies	2026-02-21T16:29:13.9991453Z Selecting previously unselected package librubberband2:amd64.
Release	Install Linux native dependencies	2026-02-21T16:29:14.0123418Z Preparing to unpack .../072-librubberband2_3.3.0+dfsg-2build1_amd64.deb ...
Release	Install Linux native dependencies	2026-02-21T16:29:14.0132537Z Unpacking librubberband2:amd64 (3.3.0+dfsg-2build1) ...
Release	Install Linux native dependencies	2026-02-21T16:29:14.0370241Z Selecting previously unselected package libswscale7:amd64.
Release	Install Linux native dependencies	2026-02-21T16:29:14.0500474Z Preparing to unpack .../073-libswscale7_7%3a6.1.1-3ubuntu5_amd64.deb ...
Release	Install Linux native dependencies	2026-02-21T16:29:14.0509665Z Unpacking libswscale7:amd64 (7:6.1.1-3ubuntu5) ...
Release	Install Linux native dependencies	2026-02-21T16:29:14.0742818Z Selecting previously unselected package libvidstab1.1:amd64.
Release	Install Linux native dependencies	2026-02-21T16:29:14.0872900Z Preparing to unpack .../074-libvidstab1.1_1.1.0-2build1_amd64.deb ...
Release	Install Linux native dependencies	2026-02-21T16:29:14.0881089Z Unpacking libvidstab1.1:amd64 (1.1.0-2build1) ...
Release	Install Linux native dependencies	2026-02-21T16:29:14.1107860Z Selecting previously unselected package libzimg2:amd64.
Release	Install Linux native dependencies	2026-02-21T16:29:14.1238816Z Preparing to unpack .../075-libzimg2_3.0.5+ds1-1build1_amd64.deb ...
Release	Install Linux native dependencies	2026-02-21T16:29:14.1246888Z Unpacking libzimg2:amd64 (3.0.5+ds1-1build1) ...
Release	Install Linux native dependencies	2026-02-21T16:29:14.1489076Z Selecting previously unselected package libavfilter9:amd64.
Release	Install Linux native dependencies	2026-02-21T16:29:14.1620581Z Preparing to unpack .../076-libavfilter9_7%3a6.1.1-3ubuntu5_amd64.deb ...
Release	Install Linux native dependencies	2026-02-21T16:29:14.1629651Z Unpacking libavfilter9:amd64 (7:6.1.1-3ubuntu5) ...
Release	Install Linux native dependencies	2026-02-21T16:29:14.2412876Z Selecting previously unselected package libcaca0:amd64.
Release	Install Linux native dependencies	2026-02-21T16:29:14.2546755Z Preparing to unpack .../077-libcaca0_0.99.beta20-4ubuntu0.1_amd64.deb ...
Release	Install Linux native dependencies	2026-02-21T16:29:14.2558889Z Unpacking libcaca0:amd64 (0.99.beta20-4ubuntu0.1) ...
Release	Install Linux native dependencies	2026-02-21T16:29:14.2824252Z Selecting previously unselected package libcdio19t64:amd64.
Release	Install Linux native dependencies	2026-02-21T16:29:14.2956480Z Preparing to unpack .../078-libcdio19t64_2.1.0-4.1ubuntu1.2_amd64.deb ...
Release	Install Linux native dependencies	2026-02-21T16:29:14.2966070Z Unpacking libcdio19t64:amd64 (2.1.0-4.1ubuntu1.2) ...
Release	Install Linux native dependencies	2026-02-21T16:29:14.3217764Z Selecting previously unselected package libcdio-cdda2t64:amd64.
Release	Install Linux native dependencies	2026-02-21T16:29:14.3349608Z Preparing to unpack .../079-libcdio-cdda2t64_10.2+2.0.1-1.1build2_amd64.deb ...
Release	Install Linux native dependencies	2026-02-21T16:29:14.3363930Z Unpacking libcdio-cdda2t64:amd64 (10.2+2.0.1-1.1build2) ...
Release	Install Linux native dependencies	2026-02-21T16:29:14.3576307Z Selecting previously unselected package libcdio-paranoia2t64:amd64.
Release	Install Linux native dependencies	2026-02-21T16:29:14.3709037Z Preparing to unpack .../080-libcdio-paranoia2t64_10.2+2.0.1-1.1build2_amd64.deb ...
Release	Install Linux native dependencies	2026-02-21T16:29:14.3717254Z Unpacking libcdio-paranoia2t64:amd64 (10.2+2.0.1-1.1build2) ...
Release	Install Linux native dependencies	2026-02-21T16:29:14.4054159Z Selecting previously unselected package libdc1394-25:amd64.
Release	Install Linux native dependencies	2026-02-21T16:29:14.4188235Z Preparing to unpack .../081-libdc1394-25_2.2.6-4build1_amd64.deb ...
Release	Install Linux native dependencies	2026-02-21T16:29:14.4196905Z Unpacking libdc1394-25:amd64 (2.2.6-4build1) ...
Release	Install Linux native dependencies	2026-02-21T16:29:14.4436954Z Selecting previously unselected package libiec61883-0:amd64.
Release	Install Linux native dependencies	2026-02-21T16:29:14.4570525Z Preparing to unpack .../082-libiec61883-0_1.2.0-6build1_amd64.deb ...
Release	Install Linux native dependencies	2026-02-21T16:29:14.4578177Z Unpacking libiec61883-0:amd64 (1.2.0-6build1) ...
Release	Install Linux native dependencies	2026-02-21T16:29:14.4790245Z Selecting previously unselected package libjack-jackd2-0:amd64.
Release	Install Linux native dependencies	2026-02-21T16:29:14.4923709Z Preparing to unpack .../083-libjack-jackd2-0_1.9.21~dfsg-3ubuntu3_amd64.deb ...
Release	Install Linux native dependencies	2026-02-21T16:29:14.4931886Z Unpacking libjack-jackd2-0:amd64 (1.9.21~dfsg-3ubuntu3) ...
Release	Install Linux native dependencies	2026-02-21T16:29:14.5195780Z Selecting previously unselected package libopenal-data.
Release	Install Linux native dependencies	2026-02-21T16:29:14.5328079Z Preparing to unpack .../084-libopenal-data_1%3a1.23.1-4build1_all.deb ...
Release	Install Linux native dependencies	2026-02-21T16:29:14.5335488Z Unpacking libopenal-data (1:1.23.1-4build1) ...
Release	Install Linux native dependencies	2026-02-21T16:29:14.5587088Z Selecting previously unselected package libsndio7.0:amd64.
Release	Install Linux native dependencies	2026-02-21T16:29:14.5719292Z Preparing to unpack .../085-libsndio7.0_1.9.0-0.3build3_amd64.deb ...
Release	Install Linux native dependencies	2026-02-21T16:29:14.5727312Z Unpacking libsndio7.0:amd64 (1.9.0-0.3build3) ...
Release	Install Linux native dependencies	2026-02-21T16:29:14.5934376Z Selecting previously unselected package libopenal1:amd64.
Release	Install Linux native dependencies	2026-02-21T16:29:14.6066067Z Preparing to unpack .../086-libopenal1_1%3a1.23.1-4build1_amd64.deb ...
Release	Install Linux native dependencies	2026-02-21T16:29:14.6073637Z Unpacking libopenal1:amd64 (1:1.23.1-4build1) ...
Release	Install Linux native dependencies	2026-02-21T16:29:14.6336234Z Selecting previously unselected package libdecor-0-0:amd64.
Release	Install Linux native dependencies	2026-02-21T16:29:14.6468611Z Preparing to unpack .../087-libdecor-0-0_0.2.2-1build2_amd64.deb ...
Release	Install Linux native dependencies	2026-02-21T16:29:14.6477088Z Unpacking libdecor-0-0:amd64 (0.2.2-1build2) ...
Release	Install Linux native dependencies	2026-02-21T16:29:14.6716302Z Selecting previously unselected package libsdl2-2.0-0:amd64.
Release	Install Linux native dependencies	2026-02-21T16:29:14.6849031Z Preparing to unpack .../088-libsdl2-2.0-0_2.30.0+dfsg-1ubuntu3.1_amd64.deb ...
Release	Install Linux native dependencies	2026-02-21T16:29:14.6857952Z Unpacking libsdl2-2.0-0:amd64 (2.30.0+dfsg-1ubuntu3.1) ...
Release	Install Linux native dependencies	2026-02-21T16:29:14.7165852Z Selecting previously unselected package libxcb-shape0:amd64.
Release	Install Linux native dependencies	2026-02-21T16:29:14.7298329Z Preparing to unpack .../089-libxcb-shape0_1.15-1ubuntu2_amd64.deb ...
Release	Install Linux native dependencies	2026-02-21T16:29:14.7307758Z Unpacking libxcb-shape0:amd64 (1.15-1ubuntu2) ...
Release	Install Linux native dependencies	2026-02-21T16:29:14.7506121Z Selecting previously unselected package libxv1:amd64.
Release	Install Linux native dependencies	2026-02-21T16:29:14.7640807Z Preparing to unpack .../090-libxv1_2%3a1.0.11-1.1build1_amd64.deb ...
Release	Install Linux native dependencies	2026-02-21T16:29:14.7649986Z Unpacking libxv1:amd64 (2:1.0.11-1.1build1) ...
Release	Install Linux native dependencies	2026-02-21T16:29:14.7864976Z Selecting previously unselected package libavdevice60:amd64.
Release	Install Linux native dependencies	2026-02-21T16:29:14.8000689Z Preparing to unpack .../091-libavdevice60_7%3a6.1.1-3ubuntu5_amd64.deb ...
Release	Install Linux native dependencies	2026-02-21T16:29:14.8009966Z Unpacking libavdevice60:amd64 (7:6.1.1-3ubuntu5) ...
Release	Install Linux native dependencies	2026-02-21T16:29:14.8232686Z Selecting previously unselected package libavformat-dev:amd64.
Release	Install Linux native dependencies	2026-02-21T16:29:14.8367641Z Preparing to unpack .../092-libavformat-dev_7%3a6.1.1-3ubuntu5_amd64.deb ...
Release	Install Linux native dependencies	2026-02-21T16:29:14.8375487Z Unpacking libavformat-dev:amd64 (7:6.1.1-3ubuntu5) ...
Release	Install Linux native dependencies	2026-02-21T16:29:14.8839952Z Selecting previously unselected package libpostproc-dev:amd64.
Release	Install Linux native dependencies	2026-02-21T16:29:14.8975461Z Preparing to unpack .../093-libpostproc-dev_7%3a6.1.1-3ubuntu5_amd64.deb ...
Release	Install Linux native dependencies	2026-02-21T16:29:14.8982880Z Unpacking libpostproc-dev:amd64 (7:6.1.1-3ubuntu5) ...
Release	Install Linux native dependencies	2026-02-21T16:29:14.9203697Z Selecting previously unselected package libswscale-dev:amd64.
Release	Install Linux native dependencies	2026-02-21T16:29:14.9337718Z Preparing to unpack .../094-libswscale-dev_7%3a6.1.1-3ubuntu5_amd64.deb ...
Release	Install Linux native dependencies	2026-02-21T16:29:14.9347691Z Unpacking libswscale-dev:amd64 (7:6.1.1-3ubuntu5) ...
Release	Install Linux native dependencies	2026-02-21T16:29:14.9603852Z Selecting previously unselected package libavfilter-dev:amd64.
Release	Install Linux native dependencies	2026-02-21T16:29:14.9738768Z Preparing to unpack .../095-libavfilter-dev_7%3a6.1.1-3ubuntu5_amd64.deb ...
Release	Install Linux native dependencies	2026-02-21T16:29:14.9747073Z Unpacking libavfilter-dev:amd64 (7:6.1.1-3ubuntu5) ...
Release	Install Linux native dependencies	2026-02-21T16:29:15.0337374Z Selecting previously unselected package libavdevice-dev:amd64.
Release	Install Linux native dependencies	2026-02-21T16:29:15.0473898Z Preparing to unpack .../096-libavdevice-dev_7%3a6.1.1-3ubuntu5_amd64.deb ...
Release	Install Linux native dependencies	2026-02-21T16:29:15.0481638Z Unpacking libavdevice-dev:amd64 (7:6.1.1-3ubuntu5) ...
Release	Install Linux native dependencies	2026-02-21T16:29:15.0719455Z Selecting previously unselected package libdav1d-dev:amd64.
Release	Install Linux native dependencies	2026-02-21T16:29:15.0853604Z Preparing to unpack .../097-libdav1d-dev_1.4.1-1build1_amd64.deb ...
Release	Install Linux native dependencies	2026-02-21T16:29:15.0860495Z Unpacking libdav1d-dev:amd64 (1.4.1-1build1) ...
Release	Install Linux native dependencies	2026-02-21T16:29:15.1109613Z Selecting previously unselected package libdbus-1-dev:amd64.
Release	Install Linux native dependencies	2026-02-21T16:29:15.1244241Z Preparing to unpack .../098-libdbus-1-dev_1.14.10-4ubuntu4.1_amd64.deb ...
Release	Install Linux native dependencies	2026-02-21T16:29:15.1252755Z Unpacking libdbus-1-dev:amd64 (1.14.10-4ubuntu4.1) ...
Release	Install Linux native dependencies	2026-02-21T16:29:15.1549950Z Selecting previously unselected package libpthread-stubs0-dev:amd64.
Release	Install Linux native dependencies	2026-02-21T16:29:15.1684136Z Preparing to unpack .../099-libpthread-stubs0-dev_0.4-1build3_amd64.deb ...
Release	Install Linux native dependencies	2026-02-21T16:29:15.1691457Z Unpacking libpthread-stubs0-dev:amd64 (0.4-1build3) ...
Release	Install Linux native dependencies	2026-02-21T16:29:15.2031837Z Preparing to unpack .../100-libssh-4_0.10.6-2ubuntu0.3_amd64.deb ...
Release	Install Linux native dependencies	2026-02-21T16:29:15.2104705Z Unpacking libssh-4:amd64 (0.10.6-2ubuntu0.3) over (0.10.6-2ubuntu0.1) ...
Release	Install Linux native dependencies	2026-02-21T16:29:15.2390659Z Selecting previously unselected package libudev-dev:amd64.
Release	Install Linux native dependencies	2026-02-21T16:29:15.2534509Z Preparing to unpack .../101-libudev-dev_255.4-1ubuntu8.12_amd64.deb ...
Release	Install Linux native dependencies	2026-02-21T16:29:15.2541949Z Unpacking libudev-dev:amd64 (255.4-1ubuntu8.12) ...
Release	Install Linux native dependencies	2026-02-21T16:29:15.2887955Z Selecting previously unselected package libwayland-server0:amd64.
Release	Install Linux native dependencies	2026-02-21T16:29:15.3021142Z Preparing to unpack .../102-libwayland-server0_1.22.0-2.1build1_amd64.deb ...
Release	Install Linux native dependencies	2026-02-21T16:29:15.3028975Z Unpacking libwayland-server0:amd64 (1.22.0-2.1build1) ...
Release	Install Linux native dependencies	2026-02-21T16:29:15.3257480Z Selecting previously unselected package xorg-sgml-doctools.
Release	Install Linux native dependencies	2026-02-21T16:29:15.3391840Z Preparing to unpack .../103-xorg-sgml-doctools_1%3a1.11-1.1_all.deb ...
Release	Install Linux native dependencies	2026-02-21T16:29:15.3400325Z Unpacking xorg-sgml-doctools (1:1.11-1.1) ...
Release	Install Linux native dependencies	2026-02-21T16:29:15.3644552Z Selecting previously unselected package x11proto-dev.
Release	Install Linux native dependencies	2026-02-21T16:29:15.3778411Z Preparing to unpack .../104-x11proto-dev_2023.2-1_all.deb ...
Release	Install Linux native dependencies	2026-02-21T16:29:15.3786098Z Unpacking x11proto-dev (2023.2-1) ...
Release	Install Linux native dependencies	2026-02-21T16:29:15.4381139Z Selecting previously unselected package libxau-dev:amd64.
Release	Install Linux native dependencies	2026-02-21T16:29:15.4529566Z Preparing to unpack .../105-libxau-dev_1%3a1.0.9-1build6_amd64.deb ...
Release	Install Linux native dependencies	2026-02-21T16:29:15.4538856Z Unpacking libxau-dev:amd64 (1:1.0.9-1build6) ...
Release	Install Linux native dependencies	2026-02-21T16:29:15.4755570Z Selecting previously unselected package libxdmcp-dev:amd64.
Release	Install Linux native dependencies	2026-02-21T16:29:15.4889121Z Preparing to unpack .../106-libxdmcp-dev_1%3a1.1.3-0ubuntu6_amd64.deb ...
Release	Install Linux native dependencies	2026-02-21T16:29:15.4897754Z Unpacking libxdmcp-dev:amd64 (1:1.1.3-0ubuntu6) ...
Release	Install Linux native dependencies	2026-02-21T16:29:15.5098050Z Selecting previously unselected package libxcb1-dev:amd64.
Release	Install Linux native dependencies	2026-02-21T16:29:15.5232299Z Preparing to unpack .../107-libxcb1-dev_1.15-1ubuntu2_amd64.deb ...
Release	Install Linux native dependencies	2026-02-21T16:29:15.5240859Z Unpacking libxcb1-dev:amd64 (1.15-1ubuntu2) ...
Release	Install Linux native dependencies	2026-02-21T16:29:15.5477552Z Selecting previously unselected package libxcb-render0-dev:amd64.
Release	Install Linux native dependencies	2026-02-21T16:29:15.5611717Z Preparing to unpack .../108-libxcb-render0-dev_1.15-1ubuntu2_amd64.deb ...
Release	Install Linux native dependencies	2026-02-21T16:29:15.5618985Z Unpacking libxcb-render0-dev:amd64 (1.15-1ubuntu2) ...
Release	Install Linux native dependencies	2026-02-21T16:29:15.5825480Z Selecting previously unselected package libxcb-shape0-dev:amd64.
Release	Install Linux native dependencies	2026-02-21T16:29:15.5958246Z Preparing to unpack .../109-libxcb-shape0-dev_1.15-1ubuntu2_amd64.deb ...
Release	Install Linux native dependencies	2026-02-21T16:29:15.5965793Z Unpacking libxcb-shape0-dev:amd64 (1.15-1ubuntu2) ...
Release	Install Linux native dependencies	2026-02-21T16:29:15.6157510Z Selecting previously unselected package libxcb-xfixes0-dev:amd64.
Release	Install Linux native dependencies	2026-02-21T16:29:15.6291812Z Preparing to unpack .../110-libxcb-xfixes0-dev_1.15-1ubuntu2_amd64.deb ...
Release	Install Linux native dependencies	2026-02-21T16:29:15.6299550Z Unpacking libxcb-xfixes0-dev:amd64 (1.15-1ubuntu2) ...
Release	Install Linux native dependencies	2026-02-21T16:29:15.6497835Z Selecting previously unselected package libxkbcommon-dev:amd64.
Release	Install Linux native dependencies	2026-02-21T16:29:15.6631027Z Preparing to unpack .../111-libxkbcommon-dev_1.6.0-1build1_amd64.deb ...
Release	Install Linux native dependencies	2026-02-21T16:29:15.6639667Z Unpacking libxkbcommon-dev:amd64 (1.6.0-1build1) ...
Release	Install Linux native dependencies	2026-02-21T16:29:15.6862364Z Selecting previously unselected package nasm.
Release	Install Linux native dependencies	2026-02-21T16:29:15.6998083Z Preparing to unpack .../112-nasm_2.16.01-1build1_amd64.deb ...
Release	Install Linux native dependencies	2026-02-21T16:29:15.7007707Z Unpacking nasm (2.16.01-1build1) ...
Release	Install Linux native dependencies	2026-02-21T16:29:15.7364093Z Selecting previously unselected package libwayland-bin.
Release	Install Linux native dependencies	2026-02-21T16:29:15.7497878Z Preparing to unpack .../113-libwayland-bin_1.22.0-2.1build1_amd64.deb ...
Release	Install Linux native dependencies	2026-02-21T16:29:15.7507077Z Unpacking libwayland-bin (1.22.0-2.1build1) ...
Release	Install Linux native dependencies	2026-02-21T16:29:15.7738309Z Selecting previously unselected package libwayland-dev:amd64.
Release	Install Linux native dependencies	2026-02-21T16:29:15.7871961Z Preparing to unpack .../114-libwayland-dev_1.22.0-2.1build1_amd64.deb ...
Release	Install Linux native dependencies	2026-02-21T16:29:15.7882218Z Unpacking libwayland-dev:amd64 (1.22.0-2.1build1) ...
Release	Install Linux native dependencies	2026-02-21T16:29:15.8361363Z Setting up libgme0:amd64 (0.6.3-7build1) ...
Release	Install Linux native dependencies	2026-02-21T16:29:15.8385626Z Setting up libchromaprint1:amd64 (1.5.1-5) ...
Release	Install Linux native dependencies	2026-02-21T16:29:15.8406349Z Setting up libssh-gcrypt-4:amd64 (0.10.6-2ubuntu0.3) ...
Release	Install Linux native dependencies	2026-02-21T16:29:15.8426474Z Setting up libhwy1t64:amd64 (1.0.7-8.1build1) ...
Release	Install Linux native dependencies	2026-02-21T16:29:15.8447629Z Setting up libudfread0:amd64 (1.1.2-1build1) ...
Release	Install Linux native dependencies	2026-02-21T16:29:15.8469235Z Setting up libwayland-server0:amd64 (1.22.0-2.1build1) ...
Release	Install Linux native dependencies	2026-02-21T16:29:15.8490490Z Setting up libraw1394-11:amd64 (2.1.2-2build3) ...
Release	Install Linux native dependencies	2026-02-21T16:29:15.8516165Z Setting up libspeex1:amd64 (1.2.1-2ubuntu2.24.04.1) ...
Release	Install Linux native dependencies	2026-02-21T16:29:15.8537112Z Setting up libshine3:amd64 (3.1.1-2build1) ...
Release	Install Linux native dependencies	2026-02-21T16:29:15.8558330Z Setting up libcaca0:amd64 (0.99.beta20-4ubuntu0.1) ...
Release	Install Linux native dependencies	2026-02-21T16:29:15.8578182Z Setting up libvpl2 (2023.3.0-1build1) ...
Release	Install Linux native dependencies	2026-02-21T16:29:15.8598273Z Setting up libx264-164:amd64 (2:0.164.3108+git31e19f9-1) ...
Release	Install Linux native dependencies	2026-02-21T16:29:15.8617528Z Setting up libtwolame0:amd64 (0.4.0-2build3) ...
Release	Install Linux native dependencies	2026-02-21T16:29:15.8638172Z Setting up libmbedcrypto7t64:amd64 (2.28.8-1) ...
Release	Install Linux native dependencies	2026-02-21T16:29:15.8683480Z Setting up libgsm1:amd64 (1.0.22-1build1) ...
Release	Install Linux native dependencies	2026-02-21T16:29:15.8705049Z Setting up libsoxr0:amd64 (0.1.3-4build3) ...
Release	Install Linux native dependencies	2026-02-21T16:29:15.8725092Z Setting up libzix-0-0:amd64 (0.4.2-2build1) ...
Release	Install Linux native dependencies	2026-02-21T16:29:15.8744973Z Setting up libcodec2-1.2:amd64 (1.2.0-2build1) ...
Release	Install Linux native dependencies	2026-02-21T16:29:15.8764397Z Setting up libxkbcommon-dev:amd64 (1.6.0-1build1) ...
Release	Install Linux native dependencies	2026-02-21T16:29:15.8784918Z Setting up libmysofa1:amd64 (1.3.2+dfsg-2ubuntu2) ...
Release	Install Linux native dependencies	2026-02-21T16:29:15.8804671Z Setting up libxcb-shape0:amd64 (1.15-1ubuntu2) ...
Release	Install Linux native dependencies	2026-02-21T16:29:15.8826402Z Setting up libcdio19t64:amd64 (2.1.0-4.1ubuntu1.2) ...
Release	Install Linux native dependencies	2026-02-21T16:29:15.8846010Z Setting up libsvtav1enc1d1:amd64 (1.7.0+dfsg-2build1) ...
Release	Install Linux native dependencies	2026-02-21T16:29:15.8865925Z Setting up libmpg123-0t64:amd64 (1.32.5-1ubuntu1.1) ...
Release	Install Linux native dependencies	2026-02-21T16:29:15.8886236Z Setting up libcjson1:amd64 (1.7.17-1) ...
Release	Install Linux native dependencies	2026-02-21T16:29:15.8907877Z Setting up libxvidcore4:amd64 (2:1.3.7-1build1) ...
Release	Install Linux native dependencies	2026-02-21T16:29:15.8929041Z Setting up libpthread-stubs0-dev:amd64 (0.4-1build3) ...
Release	Install Linux native dependencies	2026-02-21T16:29:15.8948221Z Setting up librav1e0:amd64 (0.7.1-2) ...
Release	Install Linux native dependencies	2026-02-21T16:29:15.8967480Z Setting up libcdio-cdda2t64:amd64 (10.2+2.0.1-1.1build2) ...
Release	Install Linux native dependencies	2026-02-21T16:29:15.8989284Z Setting up librist4:amd64 (0.2.10+dfsg-2) ...
Release	Install Linux native dependencies	2026-02-21T16:29:15.9010305Z Setting up librsvg2-2:amd64 (2.58.0+dfsg-1build1) ...
Release	Install Linux native dependencies	2026-02-21T16:29:15.9030786Z Setting up libasound2-data (1.2.11-1ubuntu0.2) ...
Release	Install Linux native dependencies	2026-02-21T16:29:15.9051518Z Setting up libwayland-bin (1.22.0-2.1build1) ...
Release	Install Linux native dependencies	2026-02-21T16:29:15.9071323Z Setting up libblas3:amd64 (3.12.0-3build1.1) ...
Release	Install Linux native dependencies	2026-02-21T16:29:15.9133524Z update-alternatives: using /usr/lib/x86_64-linux-gnu/blas/libblas.so.3 to provide /usr/lib/x86_64-linux-gnu/libblas.so.3 (libblas.so.3-x86_64-linux-gnu) in auto mode
Release	Install Linux native dependencies	2026-02-21T16:29:15.9150383Z Setting up libplacebo338:amd64 (6.338.2-2build1) ...
Release	Install Linux native dependencies	2026-02-21T16:29:15.9171552Z Setting up libasound2t64:amd64 (1.2.11-1ubuntu0.2) ...
Release	Install Linux native dependencies	2026-02-21T16:29:15.9192424Z Setting up libva2:amd64 (2.20.0-2ubuntu0.1) ...
Release	Install Linux native dependencies	2026-02-21T16:29:15.9212704Z Setting up libdbus-1-dev:amd64 (1.14.10-4ubuntu4.1) ...
Release	Install Linux native dependencies	2026-02-21T16:29:16.0769412Z Setting up libopus0:amd64 (1.4-1build1) ...
Release	Install Linux native dependencies	2026-02-21T16:29:16.0790901Z Setting up libcdio-paranoia2t64:amd64 (10.2+2.0.1-1.1build2) ...
Release	Install Linux native dependencies	2026-02-21T16:29:16.0811266Z Setting up libdc1394-25:amd64 (2.2.6-4build1) ...
Release	Install Linux native dependencies	2026-02-21T16:29:16.0831175Z Setting up libxv1:amd64 (2:1.0.11-1.1build1) ...
Release	Install Linux native dependencies	2026-02-21T16:29:16.0851836Z Setting up libunibreak5:amd64 (5.1-2build1) ...
Release	Install Linux native dependencies	2026-02-21T16:29:16.0895258Z Setting up libudev-dev:amd64 (255.4-1ubuntu8.12) ...
Release	Install Linux native dependencies	2026-02-21T16:29:16.0915803Z Setting up libjxl0.7:amd64 (0.7.0-10.2ubuntu6.1) ...
Release	Install Linux native dependencies	2026-02-21T16:29:16.0936268Z Setting up nasm (2.16.01-1build1) ...
Release	Install Linux native dependencies	2026-02-21T16:29:16.0956267Z Setting up libssh-4:amd64 (0.10.6-2ubuntu0.3) ...
Release	Install Linux native dependencies	2026-02-21T16:29:16.0977388Z Setting up libx265-199:amd64 (3.5-2build1) ...
Release	Install Linux native dependencies	2026-02-21T16:29:16.0998385Z Setting up libsndio7.0:amd64 (1.9.0-0.3build3) ...
Release	Install Linux native dependencies	2026-02-21T16:29:16.1028937Z Setting up libvidstab1.1:amd64 (1.1.0-2build1) ...
Release	Install Linux native dependencies	2026-02-21T16:29:16.1050846Z Setting up libvpx9:amd64 (1.14.0-1ubuntu2.3) ...
Release	Install Linux native dependencies	2026-02-21T16:29:16.1072766Z Setting up libsrt1.5-gnutls:amd64 (1.5.3-1build2) ...
Release	Install Linux native dependencies	2026-02-21T16:29:16.1093654Z Setting up libflite1:amd64 (2.2-6build3) ...
Release	Install Linux native dependencies	2026-02-21T16:29:16.1115695Z Setting up libdav1d7:amd64 (1.4.1-1build1) ...
Release	Install Linux native dependencies	2026-02-21T16:29:16.1136481Z Setting up libva-drm2:amd64 (2.20.0-2ubuntu0.1) ...
Release	Install Linux native dependencies	2026-02-21T16:29:16.1157335Z Setting up ocl-icd-libopencl1:amd64 (2.3.2-1build1) ...
Release	Install Linux native dependencies	2026-02-21T16:29:16.1182439Z Setting up libasyncns0:amd64 (0.8-6build4) ...
Release	Install Linux native dependencies	2026-02-21T16:29:16.1202901Z Setting up libvdpau1:amd64 (1.5-2build1) ...
Release	Install Linux native dependencies	2026-02-21T16:29:16.1233449Z Setting up libbs2b0:amd64 (3.1.0+dfsg-7build1) ...
Release	Install Linux native dependencies	2026-02-21T16:29:16.1253940Z Setting up libtheora0:amd64 (1.1.1+dfsg.1-16.1build3) ...
Release	Install Linux native dependencies	2026-02-21T16:29:16.1274252Z Setting up libdecor-0-0:amd64 (0.2.2-1build2) ...
Release	Install Linux native dependencies	2026-02-21T16:29:16.1295145Z Setting up libzimg2:amd64 (3.0.5+ds1-1build1) ...
Release	Install Linux native dependencies	2026-02-21T16:29:16.1315759Z Setting up libopenal-data (1:1.23.1-4build1) ...
Release	Install Linux native dependencies	2026-02-21T16:29:16.1347540Z Setting up xorg-sgml-doctools (1:1.11-1.1) ...
Release	Install Linux native dependencies	2026-02-21T16:29:16.1368357Z Setting up libflac12t64:amd64 (1.4.3+ds-2.1ubuntu2) ...
Release	Install Linux native dependencies	2026-02-21T16:29:16.1388401Z Setting up libasound2-dev:amd64 (1.2.11-1ubuntu0.2) ...
Release	Install Linux native dependencies	2026-02-21T16:29:16.1409013Z Setting up libbluray2:amd64 (1:1.3.4-1build1) ...
Release	Install Linux native dependencies	2026-02-21T16:29:16.1429671Z Setting up libsamplerate0:amd64 (0.2.2-4build1) ...
Release	Install Linux native dependencies	2026-02-21T16:29:16.1451200Z Setting up libva-x11-2:amd64 (2.20.0-2ubuntu0.1) ...
Release	Install Linux native dependencies	2026-02-21T16:29:16.1471673Z Setting up libopenmpt0t64:amd64 (0.7.3-1.1build3) ...
Release	Install Linux native dependencies	2026-02-21T16:29:16.1495296Z Setting up libzvbi-common (0.2.42-2) ...
Release	Install Linux native dependencies	2026-02-21T16:29:16.1518029Z Setting up libmp3lame0:amd64 (3.100-6build1) ...
Release	Install Linux native dependencies	2026-02-21T16:29:16.1538920Z Setting up libvorbisenc2:amd64 (1.3.7-1build3) ...
Release	Install Linux native dependencies	2026-02-21T16:29:16.1561811Z Setting up libiec61883-0:amd64 (1.2.0-6build1) ...
Release	Install Linux native dependencies	2026-02-21T16:29:16.1582268Z Setting up libserd-0-0:amd64 (0.32.2-1) ...
Release	Install Linux native dependencies	2026-02-21T16:29:16.1604614Z Setting up libavc1394-0:amd64 (0.5.4-5build3) ...
Release	Install Linux native dependencies	2026-02-21T16:29:16.1625760Z Setting up liblapack3:amd64 (3.12.0-3build1.1) ...
Release	Install Linux native dependencies	2026-02-21T16:29:16.1687399Z update-alternatives: using /usr/lib/x86_64-linux-gnu/lapack/liblapack.so.3 to provide /usr/lib/x86_64-linux-gnu/liblapack.so.3 (liblapack.so.3-x86_64-linux-gnu) in auto mode
Release	Install Linux native dependencies	2026-02-21T16:29:16.1705020Z Setting up libzvbi0t64:amd64 (0.2.42-2) ...
Release	Install Linux native dependencies	2026-02-21T16:29:16.1725929Z Setting up libavutil58:amd64 (7:6.1.1-3ubuntu5) ...
Release	Install Linux native dependencies	2026-02-21T16:29:16.1747056Z Setting up libopenal1:amd64 (1:1.23.1-4build1) ...
Release	Install Linux native dependencies	2026-02-21T16:29:16.1768703Z Setting up libwayland-dev:amd64 (1.22.0-2.1build1) ...
Release	Install Linux native dependencies	2026-02-21T16:29:16.1789272Z Setting up libass9:amd64 (1:0.17.1-2build1) ...
Release	Install Linux native dependencies	2026-02-21T16:29:16.1811133Z Setting up libswresample4:amd64 (7:6.1.1-3ubuntu5) ...
Release	Install Linux native dependencies	2026-02-21T16:29:16.1946532Z Setting up libdav1d-dev:amd64 (1.4.1-1build1) ...
Release	Install Linux native dependencies	2026-02-21T16:29:16.1985352Z Setting up libavcodec60:amd64 (7:6.1.1-3ubuntu5) ...
Release	Install Linux native dependencies	2026-02-21T16:29:16.2005677Z Setting up librubberband2:amd64 (3.3.0+dfsg-2build1) ...
Release	Install Linux native dependencies	2026-02-21T16:29:16.2026190Z Setting up libjack-jackd2-0:amd64 (1.9.21~dfsg-3ubuntu3) ...
Release	Install Linux native dependencies	2026-02-21T16:29:16.2045965Z Setting up libsord-0-0:amd64 (0.16.16-2build1) ...
Release	Install Linux native dependencies	2026-02-21T16:29:16.2066679Z Setting up libpostproc57:amd64 (7:6.1.1-3ubuntu5) ...
Release	Install Linux native dependencies	2026-02-21T16:29:16.2086022Z Setting up libsratom-0-0:amd64 (0.6.16-1build1) ...
Release	Install Linux native dependencies	2026-02-21T16:29:16.2105946Z Setting up libsndfile1:amd64 (1.2.2-1ubuntu5.24.04.1) ...
Release	Install Linux native dependencies	2026-02-21T16:29:16.2131848Z Setting up liblilv-0-0:amd64 (0.24.22-1build1) ...
Release	Install Linux native dependencies	2026-02-21T16:29:16.2152565Z Setting up libswscale7:amd64 (7:6.1.1-3ubuntu5) ...
Release	Install Linux native dependencies	2026-02-21T16:29:16.2174037Z Setting up libavutil-dev:amd64 (7:6.1.1-3ubuntu5) ...
Release	Install Linux native dependencies	2026-02-21T16:29:16.2194889Z Setting up libpulse0:amd64 (1:16.1+dfsg1-2ubuntu10.1) ...
Release	Install Linux native dependencies	2026-02-21T16:29:16.2270409Z Setting up libswresample-dev:amd64 (7:6.1.1-3ubuntu5) ...
Release	Install Linux native dependencies	2026-02-21T16:29:16.2291644Z Setting up libavcodec-dev:amd64 (7:6.1.1-3ubuntu5) ...
Release	Install Linux native dependencies	2026-02-21T16:29:16.2311927Z Setting up libpostproc-dev:amd64 (7:6.1.1-3ubuntu5) ...
Release	Install Linux native dependencies	2026-02-21T16:29:16.2332931Z Setting up libavformat60:amd64 (7:6.1.1-3ubuntu5) ...
Release	Install Linux native dependencies	2026-02-21T16:29:16.2353825Z Setting up libsphinxbase3t64:amd64 (0.8+5prealpha+1-17build2) ...
Release	Install Linux native dependencies	2026-02-21T16:29:16.2374780Z Setting up libswscale-dev:amd64 (7:6.1.1-3ubuntu5) ...
Release	Install Linux native dependencies	2026-02-21T16:29:16.2394815Z Setting up libsdl2-2.0-0:amd64 (2.30.0+dfsg-1ubuntu3.1) ...
Release	Install Linux native dependencies	2026-02-21T16:29:16.2414926Z Setting up libavformat-dev:amd64 (7:6.1.1-3ubuntu5) ...
Release	Install Linux native dependencies	2026-02-21T16:29:16.2435182Z Setting up libpocketsphinx3:amd64 (0.8.0+real5prealpha+1-15ubuntu5) ...
Release	Install Linux native dependencies	2026-02-21T16:29:16.2457179Z Setting up libavfilter9:amd64 (7:6.1.1-3ubuntu5) ...
Release	Install Linux native dependencies	2026-02-21T16:29:16.2477549Z Setting up libavfilter-dev:amd64 (7:6.1.1-3ubuntu5) ...
Release	Install Linux native dependencies	2026-02-21T16:29:16.2497628Z Setting up libavdevice60:amd64 (7:6.1.1-3ubuntu5) ...
Release	Install Linux native dependencies	2026-02-21T16:29:16.2517247Z Setting up libavdevice-dev:amd64 (7:6.1.1-3ubuntu5) ...
Release	Install Linux native dependencies	2026-02-21T16:29:16.2564051Z Processing triggers for libc-bin (2.39-0ubuntu8.6) ...
Release	Install Linux native dependencies	2026-02-21T16:29:16.2995668Z Processing triggers for man-db (2.12.0-4build2) ...
Release	Install Linux native dependencies	2026-02-21T16:29:16.3024887Z Not building database; man-db/auto-update is not 'true'.
Release	Install Linux native dependencies	2026-02-21T16:29:16.3044897Z Processing triggers for sgml-base (1.31) ...
Release	Install Linux native dependencies	2026-02-21T16:29:16.3223538Z Setting up x11proto-dev (2023.2-1) ...
Release	Install Linux native dependencies	2026-02-21T16:29:16.3251306Z Setting up libxau-dev:amd64 (1:1.0.9-1build6) ...
Release	Install Linux native dependencies	2026-02-21T16:29:16.3273834Z Setting up libxdmcp-dev:amd64 (1:1.1.3-0ubuntu6) ...
Release	Install Linux native dependencies	2026-02-21T16:29:16.3300329Z Setting up libxcb1-dev:amd64 (1.15-1ubuntu2) ...
Release	Install Linux native dependencies	2026-02-21T16:29:16.3325096Z Setting up libxcb-render0-dev:amd64 (1.15-1ubuntu2) ...
Release	Install Linux native dependencies	2026-02-21T16:29:16.3346718Z Setting up libxcb-shape0-dev:amd64 (1.15-1ubuntu2) ...
Release	Install Linux native dependencies	2026-02-21T16:29:16.3368710Z Setting up libxcb-xfixes0-dev:amd64 (1.15-1ubuntu2) ...
Release	Install Linux native dependencies	2026-02-21T16:29:17.0086265Z 
Release	Install Linux native dependencies	2026-02-21T16:29:17.0086757Z Running kernel seems to be up-to-date.
Release	Install Linux native dependencies	2026-02-21T16:29:17.0087036Z 
Release	Install Linux native dependencies	2026-02-21T16:29:17.0087124Z Restarting services...
Release	Install Linux native dependencies	2026-02-21T16:29:17.0267297Z  systemctl restart packagekit.service php8.3-fpm.service
Release	Install Linux native dependencies	2026-02-21T16:29:17.1432785Z 
Release	Install Linux native dependencies	2026-02-21T16:29:17.1433998Z No containers need to be restarted.
Release	Install Linux native dependencies	2026-02-21T16:29:17.1434601Z 
Release	Install Linux native dependencies	2026-02-21T16:29:17.1434998Z No user sessions are running outdated binaries.
Release	Install Linux native dependencies	2026-02-21T16:29:17.1436344Z 
Release	Install Linux native dependencies	2026-02-21T16:29:17.1436577Z No VM guests are running outdated hypervisor (qemu) binaries on this host.
Release	Run dtolnay/rust-toolchain@stable	﻿2026-02-21T16:29:18.1505086Z ##[group]Run dtolnay/rust-toolchain@stable
Release	Run dtolnay/rust-toolchain@stable	2026-02-21T16:29:18.1505387Z with:
Release	Run dtolnay/rust-toolchain@stable	2026-02-21T16:29:18.1505563Z   toolchain: stable
Release	Run dtolnay/rust-toolchain@stable	2026-02-21T16:29:18.1505751Z ##[endgroup]
Release	Run dtolnay/rust-toolchain@stable	2026-02-21T16:29:18.1604684Z ##[group]Run : parse toolchain version
Release	Run dtolnay/rust-toolchain@stable	2026-02-21T16:29:18.1605014Z [36;1m: parse toolchain version[0m
Release	Run dtolnay/rust-toolchain@stable	2026-02-21T16:29:18.1605260Z [36;1mif [[ -z $toolchain ]]; then[0m
Release	Run dtolnay/rust-toolchain@stable	2026-02-21T16:29:18.1605733Z [36;1m  # GitHub does not enforce `required: true` inputs itself. https://github.com/actions/runner/issues/1070[0m
Release	Run dtolnay/rust-toolchain@stable	2026-02-21T16:29:18.1606237Z [36;1m  echo "'toolchain' is a required input" >&2[0m
Release	Run dtolnay/rust-toolchain@stable	2026-02-21T16:29:18.1606504Z [36;1m  exit 1[0m
Release	Run dtolnay/rust-toolchain@stable	2026-02-21T16:29:18.1606812Z [36;1melif [[ $toolchain =~ ^stable' '[0-9]+' '(year|month|week|day)s?' 'ago$ ]]; then[0m
Release	Run dtolnay/rust-toolchain@stable	2026-02-21T16:29:18.1607185Z [36;1m  if [[ Linux == macOS ]]; then[0m
Release	Run dtolnay/rust-toolchain@stable	2026-02-21T16:29:18.1607674Z [36;1m    echo "toolchain=1.$((($(date -v-$(sed 's/stable \([0-9]*\) \(.\).*/\1\2/' <<< $toolchain) +%s)/60/60/24-16569)/7/6))" >> $GITHUB_OUTPUT[0m
Release	Run dtolnay/rust-toolchain@stable	2026-02-21T16:29:18.1608179Z [36;1m  else[0m
Release	Run dtolnay/rust-toolchain@stable	2026-02-21T16:29:18.1608547Z [36;1m    echo "toolchain=1.$((($(date --date "${toolchain#stable }" +%s)/60/60/24-16569)/7/6))" >> $GITHUB_OUTPUT[0m
Release	Run dtolnay/rust-toolchain@stable	2026-02-21T16:29:18.1608968Z [36;1m  fi[0m
Release	Run dtolnay/rust-toolchain@stable	2026-02-21T16:29:18.1609435Z [36;1melif [[ $toolchain =~ ^stable' 'minus' '[0-9]+' 'releases?$ ]]; then[0m
Release	Run dtolnay/rust-toolchain@stable	2026-02-21T16:29:18.1609948Z [36;1m  echo "toolchain=1.$((($(date +%s)/60/60/24-16569)/7/6-${toolchain//[^0-9]/}))" >> $GITHUB_OUTPUT[0m
Release	Run dtolnay/rust-toolchain@stable	2026-02-21T16:29:18.1610388Z [36;1melif [[ $toolchain =~ ^1\.[0-9]+$ ]]; then[0m
Release	Run dtolnay/rust-toolchain@stable	2026-02-21T16:29:18.1610882Z [36;1m  echo "toolchain=1.$((i=${toolchain#1.}, c=($(date +%s)/60/60/24-16569)/7/6, i+9*i*(10*i<=c)+90*i*(100*i<=c)))" >> $GITHUB_OUTPUT[0m
Release	Run dtolnay/rust-toolchain@stable	2026-02-21T16:29:18.1611354Z [36;1melse[0m
Release	Run dtolnay/rust-toolchain@stable	2026-02-21T16:29:18.1611574Z [36;1m  echo "toolchain=$toolchain" >> $GITHUB_OUTPUT[0m
Release	Run dtolnay/rust-toolchain@stable	2026-02-21T16:29:18.1611839Z [36;1mfi[0m
Release	Run dtolnay/rust-toolchain@stable	2026-02-21T16:29:18.1643783Z shell: /usr/bin/bash --noprofile --norc -e -o pipefail {0}
Release	Run dtolnay/rust-toolchain@stable	2026-02-21T16:29:18.1644118Z env:
Release	Run dtolnay/rust-toolchain@stable	2026-02-21T16:29:18.1644277Z   toolchain: stable
Release	Run dtolnay/rust-toolchain@stable	2026-02-21T16:29:18.1644466Z ##[endgroup]
Release	Run dtolnay/rust-toolchain@stable	2026-02-21T16:29:18.1753670Z ##[group]Run : construct rustup command line
Release	Run dtolnay/rust-toolchain@stable	2026-02-21T16:29:18.1753997Z [36;1m: construct rustup command line[0m
Release	Run dtolnay/rust-toolchain@stable	2026-02-21T16:29:18.1754432Z [36;1mecho "targets=$(for t in ${targets//,/ }; do echo -n ' --target' $t; done)" >> $GITHUB_OUTPUT[0m
Release	Run dtolnay/rust-toolchain@stable	2026-02-21T16:29:18.1755019Z [36;1mecho "components=$(for c in ${components//,/ }; do echo -n ' --component' $c; done)" >> $GITHUB_OUTPUT[0m
Release	Run dtolnay/rust-toolchain@stable	2026-02-21T16:29:18.1755467Z [36;1mecho "downgrade=" >> $GITHUB_OUTPUT[0m
Release	Run dtolnay/rust-toolchain@stable	2026-02-21T16:29:18.1783020Z shell: /usr/bin/bash --noprofile --norc -e -o pipefail {0}
Release	Run dtolnay/rust-toolchain@stable	2026-02-21T16:29:18.1783558Z env:
Release	Run dtolnay/rust-toolchain@stable	2026-02-21T16:29:18.1783714Z   targets: 
Release	Run dtolnay/rust-toolchain@stable	2026-02-21T16:29:18.1783880Z   components: 
Release	Run dtolnay/rust-toolchain@stable	2026-02-21T16:29:18.1784044Z ##[endgroup]
Release	Run dtolnay/rust-toolchain@stable	2026-02-21T16:29:18.1858057Z ##[group]Run : set $CARGO_HOME
Release	Run dtolnay/rust-toolchain@stable	2026-02-21T16:29:18.1858311Z [36;1m: set $CARGO_HOME[0m
Release	Run dtolnay/rust-toolchain@stable	2026-02-21T16:29:18.1858605Z [36;1mecho CARGO_HOME=${CARGO_HOME:-"$HOME/.cargo"} >> $GITHUB_ENV[0m
Release	Run dtolnay/rust-toolchain@stable	2026-02-21T16:29:18.1886216Z shell: /usr/bin/bash --noprofile --norc -e -o pipefail {0}
Release	Run dtolnay/rust-toolchain@stable	2026-02-21T16:29:18.1886538Z ##[endgroup]
Release	Run dtolnay/rust-toolchain@stable	2026-02-21T16:29:18.1957543Z ##[group]Run : install rustup if needed
Release	Run dtolnay/rust-toolchain@stable	2026-02-21T16:29:18.1957842Z [36;1m: install rustup if needed[0m
Release	Run dtolnay/rust-toolchain@stable	2026-02-21T16:29:18.1958110Z [36;1mif ! command -v rustup &>/dev/null; then[0m
Release	Run dtolnay/rust-toolchain@stable	2026-02-21T16:29:18.1958822Z [36;1m  curl --proto '=https' --tlsv1.2 --retry 10 --retry-connrefused --location --silent --show-error --fail https://sh.rustup.rs | sh -s -- --default-toolchain none -y[0m
Release	Run dtolnay/rust-toolchain@stable	2026-02-21T16:29:18.1959517Z [36;1m  echo "$CARGO_HOME/bin" >> $GITHUB_PATH[0m
Release	Run dtolnay/rust-toolchain@stable	2026-02-21T16:29:18.1959763Z [36;1mfi[0m
Release	Run dtolnay/rust-toolchain@stable	2026-02-21T16:29:18.1987096Z shell: /usr/bin/bash --noprofile --norc -e -o pipefail {0}
Release	Run dtolnay/rust-toolchain@stable	2026-02-21T16:29:18.1987411Z env:
Release	Run dtolnay/rust-toolchain@stable	2026-02-21T16:29:18.1987586Z   CARGO_HOME: /home/runner/.cargo
Release	Run dtolnay/rust-toolchain@stable	2026-02-21T16:29:18.1987810Z ##[endgroup]
Release	Run dtolnay/rust-toolchain@stable	2026-02-21T16:29:18.2059973Z ##[group]Run rustup toolchain install stable --profile minimal --no-self-update
Release	Run dtolnay/rust-toolchain@stable	2026-02-21T16:29:18.2060701Z [36;1mrustup toolchain install stable --profile minimal --no-self-update[0m
Release	Run dtolnay/rust-toolchain@stable	2026-02-21T16:29:18.2088480Z shell: /usr/bin/bash --noprofile --norc -e -o pipefail {0}
Release	Run dtolnay/rust-toolchain@stable	2026-02-21T16:29:18.2088794Z env:
Release	Run dtolnay/rust-toolchain@stable	2026-02-21T16:29:18.2088979Z   CARGO_HOME: /home/runner/.cargo
Release	Run dtolnay/rust-toolchain@stable	2026-02-21T16:29:18.2089222Z   RUSTUP_PERMIT_COPY_RENAME: 1
Release	Run dtolnay/rust-toolchain@stable	2026-02-21T16:29:18.2089443Z ##[endgroup]
Release	Run dtolnay/rust-toolchain@stable	2026-02-21T16:29:18.4396054Z info: syncing channel updates for 'stable-x86_64-unknown-linux-gnu'
Release	Run dtolnay/rust-toolchain@stable	2026-02-21T16:29:18.6509856Z info: latest update on 2026-02-12, rust version 1.93.1 (01f6ddf75 2026-02-11)
Release	Run dtolnay/rust-toolchain@stable	2026-02-21T16:29:18.6762789Z info: downloading component 'clippy'
Release	Run dtolnay/rust-toolchain@stable	2026-02-21T16:29:18.7696844Z info: downloading component 'rustfmt'
Release	Run dtolnay/rust-toolchain@stable	2026-02-21T16:29:18.8521384Z info: downloading component 'cargo'
Release	Run dtolnay/rust-toolchain@stable	2026-02-21T16:29:19.0189099Z info: downloading component 'rust-std'
Release	Run dtolnay/rust-toolchain@stable	2026-02-21T16:29:19.3385847Z info: downloading component 'rustc'
Release	Run dtolnay/rust-toolchain@stable	2026-02-21T16:29:19.9092038Z info: removing previous version of component 'clippy'
Release	Run dtolnay/rust-toolchain@stable	2026-02-21T16:29:19.9111473Z info: removing previous version of component 'rustfmt'
Release	Run dtolnay/rust-toolchain@stable	2026-02-21T16:29:19.9123851Z info: removing previous version of component 'cargo'
Release	Run dtolnay/rust-toolchain@stable	2026-02-21T16:29:19.9175117Z info: removing previous version of component 'rust-std'
Release	Run dtolnay/rust-toolchain@stable	2026-02-21T16:29:19.9207919Z info: removing previous version of component 'rustc'
Release	Run dtolnay/rust-toolchain@stable	2026-02-21T16:29:19.9265082Z info: installing component 'clippy'
Release	Run dtolnay/rust-toolchain@stable	2026-02-21T16:29:20.2983364Z info: installing component 'rustfmt'
Release	Run dtolnay/rust-toolchain@stable	2026-02-21T16:29:20.5282475Z info: installing component 'cargo'
Release	Run dtolnay/rust-toolchain@stable	2026-02-21T16:29:21.2313704Z info: installing component 'rust-std'
Release	Run dtolnay/rust-toolchain@stable	2026-02-21T16:29:23.1323912Z info: installing component 'rustc'
Release	Run dtolnay/rust-toolchain@stable	2026-02-21T16:29:27.7974204Z 
Release	Run dtolnay/rust-toolchain@stable	2026-02-21T16:29:27.8075576Z   stable-x86_64-unknown-linux-gnu updated - rustc 1.93.1 (01f6ddf75 2026-02-11) (from rustc 1.93.0 (254b59607 2026-01-19))
Release	Run dtolnay/rust-toolchain@stable	2026-02-21T16:29:27.8076477Z 
Release	Run dtolnay/rust-toolchain@stable	2026-02-21T16:29:27.8137742Z ##[group]Run rustup default stable
Release	Run dtolnay/rust-toolchain@stable	2026-02-21T16:29:27.8138020Z [36;1mrustup default stable[0m
Release	Run dtolnay/rust-toolchain@stable	2026-02-21T16:29:27.8169023Z shell: /usr/bin/bash --noprofile --norc -e -o pipefail {0}
Release	Run dtolnay/rust-toolchain@stable	2026-02-21T16:29:27.8169346Z env:
Release	Run dtolnay/rust-toolchain@stable	2026-02-21T16:29:27.8169528Z   CARGO_HOME: /home/runner/.cargo
Release	Run dtolnay/rust-toolchain@stable	2026-02-21T16:29:27.8169760Z ##[endgroup]
Release	Run dtolnay/rust-toolchain@stable	2026-02-21T16:29:27.8271668Z info: using existing install for 'stable-x86_64-unknown-linux-gnu'
Release	Run dtolnay/rust-toolchain@stable	2026-02-21T16:29:27.8556747Z info: default toolchain set to 'stable-x86_64-unknown-linux-gnu'
Release	Run dtolnay/rust-toolchain@stable	2026-02-21T16:29:27.8557313Z 
Release	Run dtolnay/rust-toolchain@stable	2026-02-21T16:29:27.8641743Z   stable-x86_64-unknown-linux-gnu unchanged - rustc 1.93.1 (01f6ddf75 2026-02-11)
Release	Run dtolnay/rust-toolchain@stable	2026-02-21T16:29:27.8642329Z 
Release	Run dtolnay/rust-toolchain@stable	2026-02-21T16:29:27.8682316Z ##[group]Run : create cachekey
Release	Run dtolnay/rust-toolchain@stable	2026-02-21T16:29:27.8682588Z [36;1m: create cachekey[0m
Release	Run dtolnay/rust-toolchain@stable	2026-02-21T16:29:27.8683065Z [36;1mDATE=$(rustc +stable --version --verbose | sed -ne 's/^commit-date: \(20[0-9][0-9]\)-\([01][0-9]\)-\([0-3][0-9]\)$/\1\2\3/p')[0m
Release	Run dtolnay/rust-toolchain@stable	2026-02-21T16:29:27.8684027Z [36;1mHASH=$(rustc +stable --version --verbose | sed -ne 's/^commit-hash: //p')[0m
Release	Run dtolnay/rust-toolchain@stable	2026-02-21T16:29:27.8684495Z [36;1mecho "cachekey=$(echo $DATE$HASH | head -c12)" >> $GITHUB_OUTPUT[0m
Release	Run dtolnay/rust-toolchain@stable	2026-02-21T16:29:27.8715304Z shell: /usr/bin/bash --noprofile --norc -e -o pipefail {0}
Release	Run dtolnay/rust-toolchain@stable	2026-02-21T16:29:27.8715625Z env:
Release	Run dtolnay/rust-toolchain@stable	2026-02-21T16:29:27.8715793Z   CARGO_HOME: /home/runner/.cargo
Release	Run dtolnay/rust-toolchain@stable	2026-02-21T16:29:27.8716031Z ##[endgroup]
Release	Run dtolnay/rust-toolchain@stable	2026-02-21T16:29:27.9091116Z ##[group]Run : disable incremental compilation
Release	Run dtolnay/rust-toolchain@stable	2026-02-21T16:29:27.9091454Z [36;1m: disable incremental compilation[0m
Release	Run dtolnay/rust-toolchain@stable	2026-02-21T16:29:27.9091763Z [36;1mif [ -z "${CARGO_INCREMENTAL+set}" ]; then[0m
Release	Run dtolnay/rust-toolchain@stable	2026-02-21T16:29:27.9092065Z [36;1m  echo CARGO_INCREMENTAL=0 >> $GITHUB_ENV[0m
Release	Run dtolnay/rust-toolchain@stable	2026-02-21T16:29:27.9092322Z [36;1mfi[0m
Release	Run dtolnay/rust-toolchain@stable	2026-02-21T16:29:27.9122487Z shell: /usr/bin/bash --noprofile --norc -e -o pipefail {0}
Release	Run dtolnay/rust-toolchain@stable	2026-02-21T16:29:27.9122808Z env:
Release	Run dtolnay/rust-toolchain@stable	2026-02-21T16:29:27.9122980Z   CARGO_HOME: /home/runner/.cargo
Release	Run dtolnay/rust-toolchain@stable	2026-02-21T16:29:27.9123683Z ##[endgroup]
Release	Run dtolnay/rust-toolchain@stable	2026-02-21T16:29:27.9188365Z ##[group]Run : enable colors in Cargo output
Release	Run dtolnay/rust-toolchain@stable	2026-02-21T16:29:27.9188666Z [36;1m: enable colors in Cargo output[0m
Release	Run dtolnay/rust-toolchain@stable	2026-02-21T16:29:27.9189106Z [36;1mif [ -z "${CARGO_TERM_COLOR+set}" ]; then[0m
Release	Run dtolnay/rust-toolchain@stable	2026-02-21T16:29:27.9189416Z [36;1m  echo CARGO_TERM_COLOR=always >> $GITHUB_ENV[0m
Release	Run dtolnay/rust-toolchain@stable	2026-02-21T16:29:27.9189680Z [36;1mfi[0m
Release	Run dtolnay/rust-toolchain@stable	2026-02-21T16:29:27.9216951Z shell: /usr/bin/bash --noprofile --norc -e -o pipefail {0}
Release	Run dtolnay/rust-toolchain@stable	2026-02-21T16:29:27.9217268Z env:
Release	Run dtolnay/rust-toolchain@stable	2026-02-21T16:29:27.9217444Z   CARGO_HOME: /home/runner/.cargo
Release	Run dtolnay/rust-toolchain@stable	2026-02-21T16:29:27.9217666Z   CARGO_INCREMENTAL: 0
Release	Run dtolnay/rust-toolchain@stable	2026-02-21T16:29:27.9217854Z ##[endgroup]
Release	Run dtolnay/rust-toolchain@stable	2026-02-21T16:29:27.9282422Z ##[group]Run : enable Cargo sparse registry
Release	Run dtolnay/rust-toolchain@stable	2026-02-21T16:29:27.9282733Z [36;1m: enable Cargo sparse registry[0m
Release	Run dtolnay/rust-toolchain@stable	2026-02-21T16:29:27.9283061Z [36;1m# implemented in 1.66, stabilized in 1.68, made default in 1.70[0m
Release	Run dtolnay/rust-toolchain@stable	2026-02-21T16:29:27.9284067Z [36;1mif [ -z "${CARGO_REGISTRIES_CRATES_IO_PROTOCOL+set}" -o -f "/home/runner/work/_temp"/.implicit_cargo_registries_crates_io_protocol ]; then[0m
Release	Run dtolnay/rust-toolchain@stable	2026-02-21T16:29:27.9284752Z [36;1m  if rustc +stable --version --verbose | grep -q '^release: 1\.6[89]\.'; then[0m
Release	Run dtolnay/rust-toolchain@stable	2026-02-21T16:29:27.9285293Z [36;1m    touch "/home/runner/work/_temp"/.implicit_cargo_registries_crates_io_protocol || true[0m
Release	Run dtolnay/rust-toolchain@stable	2026-02-21T16:29:27.9285785Z [36;1m    echo CARGO_REGISTRIES_CRATES_IO_PROTOCOL=sparse >> $GITHUB_ENV[0m
Release	Run dtolnay/rust-toolchain@stable	2026-02-21T16:29:27.9286426Z [36;1m  elif rustc +stable --version --verbose | grep -q '^release: 1\.6[67]\.'; then[0m
Release	Run dtolnay/rust-toolchain@stable	2026-02-21T16:29:27.9286956Z [36;1m    touch "/home/runner/work/_temp"/.implicit_cargo_registries_crates_io_protocol || true[0m
Release	Run dtolnay/rust-toolchain@stable	2026-02-21T16:29:27.9287432Z [36;1m    echo CARGO_REGISTRIES_CRATES_IO_PROTOCOL=git >> $GITHUB_ENV[0m
Release	Run dtolnay/rust-toolchain@stable	2026-02-21T16:29:27.9287749Z [36;1m  fi[0m
Release	Run dtolnay/rust-toolchain@stable	2026-02-21T16:29:27.9287910Z [36;1mfi[0m
Release	Run dtolnay/rust-toolchain@stable	2026-02-21T16:29:27.9315313Z shell: /usr/bin/bash --noprofile --norc -e -o pipefail {0}
Release	Run dtolnay/rust-toolchain@stable	2026-02-21T16:29:27.9315628Z env:
Release	Run dtolnay/rust-toolchain@stable	2026-02-21T16:29:27.9315854Z   CARGO_HOME: /home/runner/.cargo
Release	Run dtolnay/rust-toolchain@stable	2026-02-21T16:29:27.9316085Z   CARGO_INCREMENTAL: 0
Release	Run dtolnay/rust-toolchain@stable	2026-02-21T16:29:27.9316284Z   CARGO_TERM_COLOR: always
Release	Run dtolnay/rust-toolchain@stable	2026-02-21T16:29:27.9316475Z ##[endgroup]
Release	Run dtolnay/rust-toolchain@stable	2026-02-21T16:29:27.9672784Z ##[group]Run : work around spurious network errors in curl 8.0
Release	Run dtolnay/rust-toolchain@stable	2026-02-21T16:29:27.9673437Z [36;1m: work around spurious network errors in curl 8.0[0m
Release	Run dtolnay/rust-toolchain@stable	2026-02-21T16:29:27.9673979Z [36;1m# https://rust-lang.zulipchat.com/#narrow/stream/246057-t-cargo/topic/timeout.20investigation[0m
Release	Run dtolnay/rust-toolchain@stable	2026-02-21T16:29:27.9674570Z [36;1mif rustc +stable --version --verbose | grep -q '^release: 1\.7[01]\.'; then[0m
Release	Run dtolnay/rust-toolchain@stable	2026-02-21T16:29:27.9674995Z [36;1m  echo CARGO_HTTP_MULTIPLEXING=false >> $GITHUB_ENV[0m
Release	Run dtolnay/rust-toolchain@stable	2026-02-21T16:29:27.9675271Z [36;1mfi[0m
Release	Run dtolnay/rust-toolchain@stable	2026-02-21T16:29:27.9705483Z shell: /usr/bin/bash --noprofile --norc -e -o pipefail {0}
Release	Run dtolnay/rust-toolchain@stable	2026-02-21T16:29:27.9705798Z env:
Release	Run dtolnay/rust-toolchain@stable	2026-02-21T16:29:27.9705973Z   CARGO_HOME: /home/runner/.cargo
Release	Run dtolnay/rust-toolchain@stable	2026-02-21T16:29:27.9706202Z   CARGO_INCREMENTAL: 0
Release	Run dtolnay/rust-toolchain@stable	2026-02-21T16:29:27.9706398Z   CARGO_TERM_COLOR: always
Release	Run dtolnay/rust-toolchain@stable	2026-02-21T16:29:27.9706588Z ##[endgroup]
Release	Run dtolnay/rust-toolchain@stable	2026-02-21T16:29:27.9917819Z ##[group]Run rustc +stable --version --verbose
Release	Run dtolnay/rust-toolchain@stable	2026-02-21T16:29:27.9918153Z [36;1mrustc +stable --version --verbose[0m
Release	Run dtolnay/rust-toolchain@stable	2026-02-21T16:29:27.9948495Z shell: /usr/bin/bash --noprofile --norc -e -o pipefail {0}
Release	Run dtolnay/rust-toolchain@stable	2026-02-21T16:29:27.9948803Z env:
Release	Run dtolnay/rust-toolchain@stable	2026-02-21T16:29:27.9948977Z   CARGO_HOME: /home/runner/.cargo
Release	Run dtolnay/rust-toolchain@stable	2026-02-21T16:29:27.9949215Z   CARGO_INCREMENTAL: 0
Release	Run dtolnay/rust-toolchain@stable	2026-02-21T16:29:27.9949422Z   CARGO_TERM_COLOR: always
Release	Run dtolnay/rust-toolchain@stable	2026-02-21T16:29:27.9949623Z ##[endgroup]
Release	Run dtolnay/rust-toolchain@stable	2026-02-21T16:29:28.0124484Z rustc 1.93.1 (01f6ddf75 2026-02-11)
Release	Run dtolnay/rust-toolchain@stable	2026-02-21T16:29:28.0125417Z binary: rustc
Release	Run dtolnay/rust-toolchain@stable	2026-02-21T16:29:28.0126243Z commit-hash: 01f6ddf7588f42ae2d7eb0a2f21d44e8e96674cf
Release	Run dtolnay/rust-toolchain@stable	2026-02-21T16:29:28.0126954Z commit-date: 2026-02-11
Release	Run dtolnay/rust-toolchain@stable	2026-02-21T16:29:28.0127319Z host: x86_64-unknown-linux-gnu
Release	Run dtolnay/rust-toolchain@stable	2026-02-21T16:29:28.0127686Z release: 1.93.1
Release	Run dtolnay/rust-toolchain@stable	2026-02-21T16:29:28.0127991Z LLVM version: 21.1.8
Release	Run MarcoIeni/release-plz-action@v0.5	﻿2026-02-21T16:29:28.0282353Z ##[group]Run MarcoIeni/release-plz-action@v0.5
Release	Run MarcoIeni/release-plz-action@v0.5	2026-02-21T16:29:28.0282658Z with:
Release	Run MarcoIeni/release-plz-action@v0.5	2026-02-21T16:29:28.0282825Z   forge: github
Release	Run MarcoIeni/release-plz-action@v0.5	2026-02-21T16:29:28.0282993Z   backend: github
Release	Run MarcoIeni/release-plz-action@v0.5	2026-02-21T16:29:28.0283169Z   version: 0.3.156
Release	Run MarcoIeni/release-plz-action@v0.5	2026-02-21T16:29:28.0283624Z env:
Release	Run MarcoIeni/release-plz-action@v0.5	2026-02-21T16:29:28.0283802Z   CARGO_HOME: /home/runner/.cargo
Release	Run MarcoIeni/release-plz-action@v0.5	2026-02-21T16:29:28.0284046Z   CARGO_INCREMENTAL: 0
Release	Run MarcoIeni/release-plz-action@v0.5	2026-02-21T16:29:28.0284233Z   CARGO_TERM_COLOR: always
Release	Run MarcoIeni/release-plz-action@v0.5	2026-02-21T16:29:28.0284804Z   GITHUB_TOKEN: ***
Release	Run MarcoIeni/release-plz-action@v0.5	2026-02-21T16:29:28.0285156Z   CARGO_REGISTRY_TOKEN: ***
Release	Run MarcoIeni/release-plz-action@v0.5	2026-02-21T16:29:28.0285359Z ##[endgroup]
Release	Run MarcoIeni/release-plz-action@v0.5	2026-02-21T16:29:28.0327515Z ##[group]Run taiki-e/install-action@90b40388b8931b1c39e248959515e295e02e9066
Release	Run MarcoIeni/release-plz-action@v0.5	2026-02-21T16:29:28.0327856Z with:
Release	Run MarcoIeni/release-plz-action@v0.5	2026-02-21T16:29:28.0328035Z   tool: cargo-semver-checks@0.46
Release	Run MarcoIeni/release-plz-action@v0.5	2026-02-21T16:29:28.0328257Z   checksum: true
Release	Run MarcoIeni/release-plz-action@v0.5	2026-02-21T16:29:28.0328438Z   fallback: cargo-binstall
Release	Run MarcoIeni/release-plz-action@v0.5	2026-02-21T16:29:28.0328635Z env:
Release	Run MarcoIeni/release-plz-action@v0.5	2026-02-21T16:29:28.0328797Z   CARGO_HOME: /home/runner/.cargo
Release	Run MarcoIeni/release-plz-action@v0.5	2026-02-21T16:29:28.0329025Z   CARGO_INCREMENTAL: 0
Release	Run MarcoIeni/release-plz-action@v0.5	2026-02-21T16:29:28.0329244Z   CARGO_TERM_COLOR: always
Release	Run MarcoIeni/release-plz-action@v0.5	2026-02-21T16:29:28.0329575Z   GITHUB_TOKEN: ***
Release	Run MarcoIeni/release-plz-action@v0.5	2026-02-21T16:29:28.0329854Z   CARGO_REGISTRY_TOKEN: ***
Release	Run MarcoIeni/release-plz-action@v0.5	2026-02-21T16:29:28.0330056Z ##[endgroup]
Release	Run MarcoIeni/release-plz-action@v0.5	2026-02-21T16:29:28.0345269Z ##[group]Run set -eu
Release	Run MarcoIeni/release-plz-action@v0.5	2026-02-21T16:29:28.0345499Z [36;1mset -eu[0m
Release	Run MarcoIeni/release-plz-action@v0.5	2026-02-21T16:29:28.0345711Z [36;1mif ! command -v bash >/dev/null; then[0m
Release	Run MarcoIeni/release-plz-action@v0.5	2026-02-21T16:29:28.0346034Z [36;1m  if grep -Eq '^ID=alpine' /etc/os-release; then[0m
Release	Run MarcoIeni/release-plz-action@v0.5	2026-02-21T16:29:28.0346621Z [36;1m    printf '::group::Install packages required for install-action (bash)\n'[0m
Release	Run MarcoIeni/release-plz-action@v0.5	2026-02-21T16:29:28.0347028Z [36;1m    # NB: sync with apk_install in main.sh[0m
Release	Run MarcoIeni/release-plz-action@v0.5	2026-02-21T16:29:28.0347313Z [36;1m    if command -v sudo >/dev/null; then[0m
Release	Run MarcoIeni/release-plz-action@v0.5	2026-02-21T16:29:28.0347596Z [36;1m      sudo apk --no-cache add bash[0m
Release	Run MarcoIeni/release-plz-action@v0.5	2026-02-21T16:29:28.0347870Z [36;1m    elif command -v doas >/dev/null; then[0m
Release	Run MarcoIeni/release-plz-action@v0.5	2026-02-21T16:29:28.0348148Z [36;1m      doas apk --no-cache add bash[0m
Release	Run MarcoIeni/release-plz-action@v0.5	2026-02-21T16:29:28.0348385Z [36;1m    else[0m
Release	Run MarcoIeni/release-plz-action@v0.5	2026-02-21T16:29:28.0348574Z [36;1m      apk --no-cache add bash[0m
Release	Run MarcoIeni/release-plz-action@v0.5	2026-02-21T16:29:28.0348812Z [36;1m    fi[0m
Release	Run MarcoIeni/release-plz-action@v0.5	2026-02-21T16:29:28.0348997Z [36;1m    printf '::endgroup::\n'[0m
Release	Run MarcoIeni/release-plz-action@v0.5	2026-02-21T16:29:28.0349211Z [36;1m  else[0m
Release	Run MarcoIeni/release-plz-action@v0.5	2026-02-21T16:29:28.0349441Z [36;1m    printf '::error::install-action requires bash\n'[0m
Release	Run MarcoIeni/release-plz-action@v0.5	2026-02-21T16:29:28.0349719Z [36;1m    exit 1[0m
Release	Run MarcoIeni/release-plz-action@v0.5	2026-02-21T16:29:28.0349896Z [36;1m  fi[0m
Release	Run MarcoIeni/release-plz-action@v0.5	2026-02-21T16:29:28.0350058Z [36;1mfi[0m
Release	Run MarcoIeni/release-plz-action@v0.5	2026-02-21T16:29:28.0539931Z shell: /usr/bin/sh -e {0}
Release	Run MarcoIeni/release-plz-action@v0.5	2026-02-21T16:29:28.0540175Z env:
Release	Run MarcoIeni/release-plz-action@v0.5	2026-02-21T16:29:28.0540373Z   CARGO_HOME: /home/runner/.cargo
Release	Run MarcoIeni/release-plz-action@v0.5	2026-02-21T16:29:28.0540627Z   CARGO_INCREMENTAL: 0
Release	Run MarcoIeni/release-plz-action@v0.5	2026-02-21T16:29:28.0540848Z   CARGO_TERM_COLOR: always
Release	Run MarcoIeni/release-plz-action@v0.5	2026-02-21T16:29:28.0541247Z   GITHUB_TOKEN: ***
Release	Run MarcoIeni/release-plz-action@v0.5	2026-02-21T16:29:28.0541552Z   CARGO_REGISTRY_TOKEN: ***
Release	Run MarcoIeni/release-plz-action@v0.5	2026-02-21T16:29:28.0541784Z ##[endgroup]
Release	Run MarcoIeni/release-plz-action@v0.5	2026-02-21T16:29:28.0644521Z ##[group]Run bash --noprofile --norc "${GITHUB_ACTION_PATH:?}/main.sh"
Release	Run MarcoIeni/release-plz-action@v0.5	2026-02-21T16:29:28.0644983Z [36;1mbash --noprofile --norc "${GITHUB_ACTION_PATH:?}/main.sh"[0m
Release	Run MarcoIeni/release-plz-action@v0.5	2026-02-21T16:29:28.0673029Z shell: /usr/bin/bash --noprofile --norc -e -o pipefail {0}
Release	Run MarcoIeni/release-plz-action@v0.5	2026-02-21T16:29:28.0673599Z env:
Release	Run MarcoIeni/release-plz-action@v0.5	2026-02-21T16:29:28.0673785Z   CARGO_HOME: /home/runner/.cargo
Release	Run MarcoIeni/release-plz-action@v0.5	2026-02-21T16:29:28.0674012Z   CARGO_INCREMENTAL: 0
Release	Run MarcoIeni/release-plz-action@v0.5	2026-02-21T16:29:28.0674215Z   CARGO_TERM_COLOR: always
Release	Run MarcoIeni/release-plz-action@v0.5	2026-02-21T16:29:28.0674599Z   GITHUB_TOKEN: ***
Release	Run MarcoIeni/release-plz-action@v0.5	2026-02-21T16:29:28.0674881Z   CARGO_REGISTRY_TOKEN: ***
Release	Run MarcoIeni/release-plz-action@v0.5	2026-02-21T16:29:28.0675113Z   INPUT_TOOL: cargo-semver-checks@0.46
Release	Run MarcoIeni/release-plz-action@v0.5	2026-02-21T16:29:28.0675365Z   INPUT_CHECKSUM: true
Release	Run MarcoIeni/release-plz-action@v0.5	2026-02-21T16:29:28.0675563Z   INPUT_FALLBACK: cargo-binstall
Release	Run MarcoIeni/release-plz-action@v0.5	2026-02-21T16:29:28.0675897Z   DEFAULT_GITHUB_TOKEN: ***
Release	Run MarcoIeni/release-plz-action@v0.5	2026-02-21T16:29:28.0676169Z   ACTION_USER_AGENT: MarcoIeni/release-plz-action (v0.5)
Release	Run MarcoIeni/release-plz-action@v0.5	2026-02-21T16:29:28.0676452Z ##[endgroup]
Release	Run MarcoIeni/release-plz-action@v0.5	2026-02-21T16:29:28.0892488Z info: host platform: x86_64_linux
Release	Run MarcoIeni/release-plz-action@v0.5	2026-02-21T16:29:28.1054418Z info: installing cargo-semver-checks@0.46
Release	Run MarcoIeni/release-plz-action@v0.5	2026-02-21T16:29:28.1238483Z info: downloading https://github.com/obi1kenobi/cargo-semver-checks/releases/download/v0.46.0/cargo-semver-checks-x86_64-unknown-linux-musl.tar.gz
Release	Run MarcoIeni/release-plz-action@v0.5	2026-02-21T16:29:28.5076368Z info: verifying sha256 checksum for cargo-semver-checks-x86_64-unknown-linux-musl.tar.gz
Release	Run MarcoIeni/release-plz-action@v0.5	2026-02-21T16:29:28.6965540Z info: cargo-semver-checks installed at /home/runner/.cargo/bin/cargo-semver-checks
Release	Run MarcoIeni/release-plz-action@v0.5	2026-02-21T16:29:28.6968556Z + cargo-semver-checks semver-checks --version
Release	Run MarcoIeni/release-plz-action@v0.5	2026-02-21T16:29:28.6979156Z cargo-semver-checks 0.46.0
Release	Run MarcoIeni/release-plz-action@v0.5	2026-02-21T16:29:28.6981680Z 
Release	Run MarcoIeni/release-plz-action@v0.5	2026-02-21T16:29:28.7030117Z ##[group]Run cargo-bins/cargo-binstall@e7cc28468cf17df7cb288daea80c0c5437af360b
Release	Run MarcoIeni/release-plz-action@v0.5	2026-02-21T16:29:28.7030598Z env:
Release	Run MarcoIeni/release-plz-action@v0.5	2026-02-21T16:29:28.7030834Z   CARGO_HOME: /home/runner/.cargo
Release	Run MarcoIeni/release-plz-action@v0.5	2026-02-21T16:29:28.7031072Z   CARGO_INCREMENTAL: 0
Release	Run MarcoIeni/release-plz-action@v0.5	2026-02-21T16:29:28.7031271Z   CARGO_TERM_COLOR: always
Release	Run MarcoIeni/release-plz-action@v0.5	2026-02-21T16:29:28.7031699Z   GITHUB_TOKEN: ***
Release	Run MarcoIeni/release-plz-action@v0.5	2026-02-21T16:29:28.7031985Z   CARGO_REGISTRY_TOKEN: ***
Release	Run MarcoIeni/release-plz-action@v0.5	2026-02-21T16:29:28.7032200Z   BINSTALL_VERSION: 1.16.7
Release	Run MarcoIeni/release-plz-action@v0.5	2026-02-21T16:29:28.7032396Z ##[endgroup]
Release	Run MarcoIeni/release-plz-action@v0.5	2026-02-21T16:29:28.7049120Z ##[group]Run set -eu
Release	Run MarcoIeni/release-plz-action@v0.5	2026-02-21T16:29:28.7049337Z [36;1mset -eu[0m
Release	Run MarcoIeni/release-plz-action@v0.5	2026-02-21T16:29:28.7049883Z [36;1mbash "/home/runner/work/_actions/cargo-bins/cargo-binstall/e7cc28468cf17df7cb288daea80c0c5437af360b/install-from-binstall-release.sh"[0m
Release	Run MarcoIeni/release-plz-action@v0.5	2026-02-21T16:29:28.7100533Z shell: /usr/bin/sh -e {0}
Release	Run MarcoIeni/release-plz-action@v0.5	2026-02-21T16:29:28.7100761Z env:
Release	Run MarcoIeni/release-plz-action@v0.5	2026-02-21T16:29:28.7100940Z   CARGO_HOME: /home/runner/.cargo
Release	Run MarcoIeni/release-plz-action@v0.5	2026-02-21T16:29:28.7101171Z   CARGO_INCREMENTAL: 0
Release	Run MarcoIeni/release-plz-action@v0.5	2026-02-21T16:29:28.7101554Z   CARGO_TERM_COLOR: always
Release	Run MarcoIeni/release-plz-action@v0.5	2026-02-21T16:29:28.7101907Z   GITHUB_TOKEN: ***
Release	Run MarcoIeni/release-plz-action@v0.5	2026-02-21T16:29:28.7102177Z   CARGO_REGISTRY_TOKEN: ***
Release	Run MarcoIeni/release-plz-action@v0.5	2026-02-21T16:29:28.7102393Z   BINSTALL_VERSION: 1.16.7
Release	Run MarcoIeni/release-plz-action@v0.5	2026-02-21T16:29:28.7102587Z ##[endgroup]
Release	Run MarcoIeni/release-plz-action@v0.5	2026-02-21T16:29:28.7177785Z + set -o pipefail
Release	Run MarcoIeni/release-plz-action@v0.5	2026-02-21T16:29:28.7180249Z + set -o pipefail
Release	Run MarcoIeni/release-plz-action@v0.5	2026-02-21T16:29:28.7180625Z + case "${BINSTALL_VERSION:-}" in
Release	Run MarcoIeni/release-plz-action@v0.5	2026-02-21T16:29:28.7181023Z + BINSTALL_VERSION=v1.16.7
Release	Run MarcoIeni/release-plz-action@v0.5	2026-02-21T16:29:28.7183706Z ++ mktemp -d
Release	Run MarcoIeni/release-plz-action@v0.5	2026-02-21T16:29:28.7194409Z + cd /tmp/tmp.99lPxS6Se8
Release	Run MarcoIeni/release-plz-action@v0.5	2026-02-21T16:29:28.7194844Z + '[' -z v1.16.7 ']'
Release	Run MarcoIeni/release-plz-action@v0.5	2026-02-21T16:29:28.7195553Z + base_url=https://github.com/cargo-bins/cargo-binstall/releases/download/v1.16.7/cargo-binstall-
Release	Run MarcoIeni/release-plz-action@v0.5	2026-02-21T16:29:28.7197925Z ++ uname -s
Release	Run MarcoIeni/release-plz-action@v0.5	2026-02-21T16:29:28.7207422Z + os=Linux
Release	Run MarcoIeni/release-plz-action@v0.5	2026-02-21T16:29:28.7208164Z + '[' Linux = Darwin ']'
Release	Run MarcoIeni/release-plz-action@v0.5	2026-02-21T16:29:28.7208529Z + '[' Linux = Linux ']'
Release	Run MarcoIeni/release-plz-action@v0.5	2026-02-21T16:29:28.7211194Z ++ uname -m
Release	Run MarcoIeni/release-plz-action@v0.5	2026-02-21T16:29:28.7220717Z + machine=x86_64
Release	Run MarcoIeni/release-plz-action@v0.5	2026-02-21T16:29:28.7221076Z + '[' x86_64 = armv7l ']'
Release	Run MarcoIeni/release-plz-action@v0.5	2026-02-21T16:29:28.7221442Z + target=x86_64-unknown-linux-musl
Release	Run MarcoIeni/release-plz-action@v0.5	2026-02-21T16:29:28.7221824Z + '[' x86_64 = armv7 ']'
Release	Run MarcoIeni/release-plz-action@v0.5	2026-02-21T16:29:28.7222667Z + url=https://github.com/cargo-bins/cargo-binstall/releases/download/v1.16.7/cargo-binstall-x86_64-unknown-linux-musl.tgz
Release	Run MarcoIeni/release-plz-action@v0.5	2026-02-21T16:29:28.7226844Z + do_curl https://github.com/cargo-bins/cargo-binstall/releases/download/v1.16.7/cargo-binstall-x86_64-unknown-linux-musl.tgz
Release	Run MarcoIeni/release-plz-action@v0.5	2026-02-21T16:29:28.7229009Z + curl --retry 10 -A 'Mozilla/5.0 (X11; Linux x86_64; rv:60.0) Gecko/20100101 Firefox/81.0' -L --proto =https --tlsv1.2 -sSf https://github.com/cargo-bins/cargo-binstall/releases/download/v1.16.7/cargo-binstall-x86_64-unknown-linux-musl.tgz
Release	Run MarcoIeni/release-plz-action@v0.5	2026-02-21T16:29:28.7230606Z + tar -xvzf -
Release	Run MarcoIeni/release-plz-action@v0.5	2026-02-21T16:29:29.0006154Z cargo-binstall
Release	Run MarcoIeni/release-plz-action@v0.5	2026-02-21T16:29:29.1589901Z + ./cargo-binstall --self-install
Release	Run MarcoIeni/release-plz-action@v0.5	2026-02-21T16:29:29.1606144Z + CARGO_HOME=/home/runner/.cargo
Release	Run MarcoIeni/release-plz-action@v0.5	2026-02-21T16:29:29.1606617Z + case ":$PATH:" in
Release	Run MarcoIeni/release-plz-action@v0.5	2026-02-21T16:29:29.1606973Z + '[' -n '' ']'
Release	Run MarcoIeni/release-plz-action@v0.5	2026-02-21T16:29:29.1637313Z ##[group]Run cargo-binstall \
Release	Run MarcoIeni/release-plz-action@v0.5	2026-02-21T16:29:29.1637577Z [36;1mcargo-binstall \[0m
Release	Run MarcoIeni/release-plz-action@v0.5	2026-02-21T16:29:29.1637788Z [36;1m    release-plz@0.3.156\[0m
Release	Run MarcoIeni/release-plz-action@v0.5	2026-02-21T16:29:29.1638015Z [36;1m    --force\[0m
Release	Run MarcoIeni/release-plz-action@v0.5	2026-02-21T16:29:29.1638253Z [36;1m    --strategies=crate-meta-data,compile\[0m
Release	Run MarcoIeni/release-plz-action@v0.5	2026-02-21T16:29:29.1638525Z [36;1m    --no-confirm[0m
Release	Run MarcoIeni/release-plz-action@v0.5	2026-02-21T16:29:29.1669767Z shell: /usr/bin/bash --noprofile --norc -e -o pipefail {0}
Release	Run MarcoIeni/release-plz-action@v0.5	2026-02-21T16:29:29.1670116Z env:
Release	Run MarcoIeni/release-plz-action@v0.5	2026-02-21T16:29:29.1670291Z   CARGO_HOME: /home/runner/.cargo
Release	Run MarcoIeni/release-plz-action@v0.5	2026-02-21T16:29:29.1670713Z   CARGO_INCREMENTAL: 0
Release	Run MarcoIeni/release-plz-action@v0.5	2026-02-21T16:29:29.1670916Z   CARGO_TERM_COLOR: always
Release	Run MarcoIeni/release-plz-action@v0.5	2026-02-21T16:29:29.1671300Z   GITHUB_TOKEN: ***
Release	Run MarcoIeni/release-plz-action@v0.5	2026-02-21T16:29:29.1671670Z   CARGO_REGISTRY_TOKEN: ***
Release	Run MarcoIeni/release-plz-action@v0.5	2026-02-21T16:29:29.1671881Z ##[endgroup]
Release	Run MarcoIeni/release-plz-action@v0.5	2026-02-21T16:29:29.1841722Z  INFO resolve: Resolving package: 'release-plz@=0.3.156'
Release	Run MarcoIeni/release-plz-action@v0.5	2026-02-21T16:29:31.7441938Z  WARN The package release-plz v0.3.156 (x86_64-unknown-linux-gnu) has been downloaded from github.com
Release	Run MarcoIeni/release-plz-action@v0.5	2026-02-21T16:29:31.7442678Z  INFO This will install the following binaries:
Release	Run MarcoIeni/release-plz-action@v0.5	2026-02-21T16:29:31.7443122Z  INFO   - release-plz => /home/runner/.cargo/bin/release-plz
Release	Run MarcoIeni/release-plz-action@v0.5	2026-02-21T16:29:31.7443723Z  INFO Installing binaries...
Release	Run MarcoIeni/release-plz-action@v0.5	2026-02-21T16:29:31.7456264Z  INFO Done in 2.572598593s
Release	Run MarcoIeni/release-plz-action@v0.5	2026-02-21T16:29:31.7511274Z ##[group]Run release-plz/git-config@59144859caf016f8b817a2ac9b051578729173c4
Release	Run MarcoIeni/release-plz-action@v0.5	2026-02-21T16:29:31.7511635Z env:
Release	Run MarcoIeni/release-plz-action@v0.5	2026-02-21T16:29:31.7511810Z   CARGO_HOME: /home/runner/.cargo
Release	Run MarcoIeni/release-plz-action@v0.5	2026-02-21T16:29:31.7512034Z   CARGO_INCREMENTAL: 0
Release	Run MarcoIeni/release-plz-action@v0.5	2026-02-21T16:29:31.7512246Z   CARGO_TERM_COLOR: always
Release	Run MarcoIeni/release-plz-action@v0.5	2026-02-21T16:29:31.7512635Z   GITHUB_TOKEN: ***
Release	Run MarcoIeni/release-plz-action@v0.5	2026-02-21T16:29:31.7512918Z   CARGO_REGISTRY_TOKEN: ***
Release	Run MarcoIeni/release-plz-action@v0.5	2026-02-21T16:29:31.7513124Z ##[endgroup]
Release	Run MarcoIeni/release-plz-action@v0.5	2026-02-21T16:29:31.7527891Z ##[group]Run if [ -z "${GITHUB_TOKEN+x}" ]; then
Release	Run MarcoIeni/release-plz-action@v0.5	2026-02-21T16:29:31.7528235Z [36;1mif [ -z "${GITHUB_TOKEN+x}" ]; then[0m
Release	Run MarcoIeni/release-plz-action@v0.5	2026-02-21T16:29:31.7528570Z [36;1m  echo "Error: environment variable GITHUB_TOKEN is undefined"[0m
Release	Run MarcoIeni/release-plz-action@v0.5	2026-02-21T16:29:31.7529063Z [36;1m  exit 1[0m
Release	Run MarcoIeni/release-plz-action@v0.5	2026-02-21T16:29:31.7529228Z [36;1mfi[0m
Release	Run MarcoIeni/release-plz-action@v0.5	2026-02-21T16:29:31.7529385Z [36;1m[0m
Release	Run MarcoIeni/release-plz-action@v0.5	2026-02-21T16:29:31.7529554Z [36;1mif [ -z "$GITHUB_TOKEN" ]; then[0m
Release	Run MarcoIeni/release-plz-action@v0.5	2026-02-21T16:29:31.7529868Z [36;1m  echo "Error: environment variable GITHUB_TOKEN is empty"[0m
Release	Run MarcoIeni/release-plz-action@v0.5	2026-02-21T16:29:31.7530172Z [36;1m  exit 1[0m
Release	Run MarcoIeni/release-plz-action@v0.5	2026-02-21T16:29:31.7530330Z [36;1mfi[0m
Release	Run MarcoIeni/release-plz-action@v0.5	2026-02-21T16:29:31.7530484Z [36;1m[0m
Release	Run MarcoIeni/release-plz-action@v0.5	2026-02-21T16:29:31.7530730Z [36;1m# The environment variable GITHUB_TOKEN is read by the `gh` cli[0m
Release	Run MarcoIeni/release-plz-action@v0.5	2026-02-21T16:29:31.7531286Z [36;1mVIEWER_JSON=$(gh api graphql -f query='query { viewer { name login databaseId }}' --jq '.data.viewer')[0m
Release	Run MarcoIeni/release-plz-action@v0.5	2026-02-21T16:29:31.7531835Z [36;1mVIEWER_NAME=$(jq --raw-output '.name | values' <<< "${VIEWER_JSON}")[0m
Release	Run MarcoIeni/release-plz-action@v0.5	2026-02-21T16:29:31.7532261Z [36;1mVIEWER_LOGIN=$(jq --raw-output '.login' <<< "${VIEWER_JSON}")[0m
Release	Run MarcoIeni/release-plz-action@v0.5	2026-02-21T16:29:31.7532705Z [36;1mVIEWER_DATABASE_ID=$(jq --raw-output '.databaseId' <<< "${VIEWER_JSON}")[0m
Release	Run MarcoIeni/release-plz-action@v0.5	2026-02-21T16:29:31.7533048Z [36;1m[0m
Release	Run MarcoIeni/release-plz-action@v0.5	2026-02-21T16:29:31.7534009Z [36;1m# Set the variable USER_NAME to the value of VIEWER_NAME if VIEWER_NAME is set and not null.[0m
Release	Run MarcoIeni/release-plz-action@v0.5	2026-02-21T16:29:31.7534508Z [36;1m# Otherwise, set USER_NAME to the value of VIEWER_LOGIN.[0m
Release	Run MarcoIeni/release-plz-action@v0.5	2026-02-21T16:29:31.7534860Z [36;1mUSER_NAME="${VIEWER_NAME:-${VIEWER_LOGIN}}"[0m
Release	Run MarcoIeni/release-plz-action@v0.5	2026-02-21T16:29:31.7535275Z [36;1mUSER_EMAIL="${VIEWER_DATABASE_ID}+${VIEWER_LOGIN}@users.noreply.github.com"[0m
Release	Run MarcoIeni/release-plz-action@v0.5	2026-02-21T16:29:31.7535641Z [36;1m[0m
Release	Run MarcoIeni/release-plz-action@v0.5	2026-02-21T16:29:31.7535848Z [36;1mgit config --global user.name "${USER_NAME}"[0m
Release	Run MarcoIeni/release-plz-action@v0.5	2026-02-21T16:29:31.7536167Z [36;1mgit config --global user.email "${USER_EMAIL}"[0m
Release	Run MarcoIeni/release-plz-action@v0.5	2026-02-21T16:29:31.7536430Z [36;1m[0m
Release	Run MarcoIeni/release-plz-action@v0.5	2026-02-21T16:29:31.7536628Z [36;1mecho "name=${USER_NAME}" >> "${GITHUB_OUTPUT}"[0m
Release	Run MarcoIeni/release-plz-action@v0.5	2026-02-21T16:29:31.7536936Z [36;1mecho "email=${USER_EMAIL}" >> "${GITHUB_OUTPUT}"[0m
Release	Run MarcoIeni/release-plz-action@v0.5	2026-02-21T16:29:31.7569576Z shell: /usr/bin/bash --noprofile --norc -e -o pipefail {0}
Release	Run MarcoIeni/release-plz-action@v0.5	2026-02-21T16:29:31.7569896Z env:
Release	Run MarcoIeni/release-plz-action@v0.5	2026-02-21T16:29:31.7570069Z   CARGO_HOME: /home/runner/.cargo
Release	Run MarcoIeni/release-plz-action@v0.5	2026-02-21T16:29:31.7570316Z   CARGO_INCREMENTAL: 0
Release	Run MarcoIeni/release-plz-action@v0.5	2026-02-21T16:29:31.7570511Z   CARGO_TERM_COLOR: always
Release	Run MarcoIeni/release-plz-action@v0.5	2026-02-21T16:29:31.7570902Z   GITHUB_TOKEN: ***
Release	Run MarcoIeni/release-plz-action@v0.5	2026-02-21T16:29:31.7571181Z   CARGO_REGISTRY_TOKEN: ***
Release	Run MarcoIeni/release-plz-action@v0.5	2026-02-21T16:29:31.7571385Z ##[endgroup]
Release	Run MarcoIeni/release-plz-action@v0.5	2026-02-21T16:29:32.1082151Z ##[group]Run if [[ -n "" ]]
Release	Run MarcoIeni/release-plz-action@v0.5	2026-02-21T16:29:32.1082643Z [36;1mif [[ -n "" ]][0m
Release	Run MarcoIeni/release-plz-action@v0.5	2026-02-21T16:29:32.1082979Z [36;1mthen[0m
Release	Run MarcoIeni/release-plz-action@v0.5	2026-02-21T16:29:32.1084049Z [36;1m    echo "using config from ''"[0m
Release	Run MarcoIeni/release-plz-action@v0.5	2026-02-21T16:29:32.1084844Z [36;1m    # Use arrays so that inputs can contain spaces[0m
Release	Run MarcoIeni/release-plz-action@v0.5	2026-02-21T16:29:32.1085376Z [36;1m    CONFIG_PATH=("--config" "")[0m
Release	Run MarcoIeni/release-plz-action@v0.5	2026-02-21T16:29:32.1085789Z [36;1melse[0m
Release	Run MarcoIeni/release-plz-action@v0.5	2026-02-21T16:29:32.1086085Z [36;1m    CONFIG_PATH=()[0m
Release	Run MarcoIeni/release-plz-action@v0.5	2026-02-21T16:29:32.1086438Z [36;1mfi[0m
Release	Run MarcoIeni/release-plz-action@v0.5	2026-02-21T16:29:32.1086710Z [36;1m[0m
Release	Run MarcoIeni/release-plz-action@v0.5	2026-02-21T16:29:32.1086990Z [36;1mif [[ -n "" ]][0m
Release	Run MarcoIeni/release-plz-action@v0.5	2026-02-21T16:29:32.1087339Z [36;1mthen[0m
Release	Run MarcoIeni/release-plz-action@v0.5	2026-02-21T16:29:32.1087628Z [36;1m    VERBOSE=("-v")[0m
Release	Run MarcoIeni/release-plz-action@v0.5	2026-02-21T16:29:32.1087993Z [36;1melse[0m
Release	Run MarcoIeni/release-plz-action@v0.5	2026-02-21T16:29:32.1088292Z [36;1m    VERBOSE=()[0m
Release	Run MarcoIeni/release-plz-action@v0.5	2026-02-21T16:29:32.1088615Z [36;1mfi[0m
Release	Run MarcoIeni/release-plz-action@v0.5	2026-02-21T16:29:32.1088944Z [36;1m[0m
Release	Run MarcoIeni/release-plz-action@v0.5	2026-02-21T16:29:32.1089233Z [36;1mif [[ -n "" ]][0m
Release	Run MarcoIeni/release-plz-action@v0.5	2026-02-21T16:29:32.1089582Z [36;1mthen[0m
Release	Run MarcoIeni/release-plz-action@v0.5	2026-02-21T16:29:32.1089903Z [36;1m    DRY_RUN=("--dry-run")[0m
Release	Run MarcoIeni/release-plz-action@v0.5	2026-02-21T16:29:32.1090305Z [36;1melse[0m
Release	Run MarcoIeni/release-plz-action@v0.5	2026-02-21T16:29:32.1090613Z [36;1m    DRY_RUN=()[0m
Release	Run MarcoIeni/release-plz-action@v0.5	2026-02-21T16:29:32.1090935Z [36;1mfi[0m
Release	Run MarcoIeni/release-plz-action@v0.5	2026-02-21T16:29:32.1091306Z [36;1m[0m
Release	Run MarcoIeni/release-plz-action@v0.5	2026-02-21T16:29:32.1091623Z [36;1mif [[ -n "" ]][0m
Release	Run MarcoIeni/release-plz-action@v0.5	2026-02-21T16:29:32.1091957Z [36;1mthen[0m
Release	Run MarcoIeni/release-plz-action@v0.5	2026-02-21T16:29:32.1092325Z [36;1m    echo "using custom registry token'"[0m
Release	Run MarcoIeni/release-plz-action@v0.5	2026-02-21T16:29:32.1092809Z [36;1m    TOKEN=("--token" "")[0m
Release	Run MarcoIeni/release-plz-action@v0.5	2026-02-21T16:29:32.1093641Z [36;1melse[0m
Release	Run MarcoIeni/release-plz-action@v0.5	2026-02-21T16:29:32.1093980Z [36;1m    TOKEN=()[0m
Release	Run MarcoIeni/release-plz-action@v0.5	2026-02-21T16:29:32.1094301Z [36;1mfi[0m
Release	Run MarcoIeni/release-plz-action@v0.5	2026-02-21T16:29:32.1094579Z [36;1m[0m
Release	Run MarcoIeni/release-plz-action@v0.5	2026-02-21T16:29:32.1094873Z [36;1mif [[ -n "github" ]][0m
Release	Run MarcoIeni/release-plz-action@v0.5	2026-02-21T16:29:32.1095524Z [36;1mthen[0m
Release	Run MarcoIeni/release-plz-action@v0.5	2026-02-21T16:29:32.1095857Z [36;1m  echo "Using forge 'github'"[0m
Release	Run MarcoIeni/release-plz-action@v0.5	2026-02-21T16:29:32.1096293Z [36;1m  FORGE=("--forge" "github")[0m
Release	Run MarcoIeni/release-plz-action@v0.5	2026-02-21T16:29:32.1096685Z [36;1melif [[ -n "github" ]][0m
Release	Run MarcoIeni/release-plz-action@v0.5	2026-02-21T16:29:32.1097049Z [36;1mthen[0m
Release	Run MarcoIeni/release-plz-action@v0.5	2026-02-21T16:29:32.1097639Z [36;1m  echo "'backend' input is supported for backward compatibility. Use 'forge' instead."[0m
Release	Run MarcoIeni/release-plz-action@v0.5	2026-02-21T16:29:32.1098362Z [36;1m  echo "Using backend 'github'"[0m
Release	Run MarcoIeni/release-plz-action@v0.5	2026-02-21T16:29:32.1098800Z [36;1m  FORGE=("--forge" "github")[0m
Release	Run MarcoIeni/release-plz-action@v0.5	2026-02-21T16:29:32.1099213Z [36;1melse[0m
Release	Run MarcoIeni/release-plz-action@v0.5	2026-02-21T16:29:32.1099507Z [36;1m  FORGE=()[0m
Release	Run MarcoIeni/release-plz-action@v0.5	2026-02-21T16:29:32.1099814Z [36;1mfi[0m
Release	Run MarcoIeni/release-plz-action@v0.5	2026-02-21T16:29:32.1100093Z [36;1m[0m
Release	Run MarcoIeni/release-plz-action@v0.5	2026-02-21T16:29:32.1100374Z [36;1mif [[ -n "" ]][0m
Release	Run MarcoIeni/release-plz-action@v0.5	2026-02-21T16:29:32.1100710Z [36;1mthen[0m
Release	Run MarcoIeni/release-plz-action@v0.5	2026-02-21T16:29:32.1101020Z [36;1m    echo "using registry ''"[0m
Release	Run MarcoIeni/release-plz-action@v0.5	2026-02-21T16:29:32.1101444Z [36;1m    ALT_REGISTRY=("--registry" "")[0m
Release	Run MarcoIeni/release-plz-action@v0.5	2026-02-21T16:29:32.1101851Z [36;1melse[0m
Release	Run MarcoIeni/release-plz-action@v0.5	2026-02-21T16:29:32.1102149Z [36;1m    ALT_REGISTRY=()[0m
Release	Run MarcoIeni/release-plz-action@v0.5	2026-02-21T16:29:32.1102487Z [36;1mfi[0m
Release	Run MarcoIeni/release-plz-action@v0.5	2026-02-21T16:29:32.1102742Z [36;1m[0m
Release	Run MarcoIeni/release-plz-action@v0.5	2026-02-21T16:29:32.1102995Z [36;1mif [[ -n "" ]][0m
Release	Run MarcoIeni/release-plz-action@v0.5	2026-02-21T16:29:32.1103820Z [36;1mthen[0m
Release	Run MarcoIeni/release-plz-action@v0.5	2026-02-21T16:29:32.1104173Z [36;1m    echo "using manifest path ''"[0m
Release	Run MarcoIeni/release-plz-action@v0.5	2026-02-21T16:29:32.1104661Z [36;1m    MANIFEST_PATH=("--manifest-path" "")[0m
Release	Run MarcoIeni/release-plz-action@v0.5	2026-02-21T16:29:32.1105125Z [36;1melif [[ -n "" ]][0m
Release	Run MarcoIeni/release-plz-action@v0.5	2026-02-21T16:29:32.1105459Z [36;1mthen[0m
Release	Run MarcoIeni/release-plz-action@v0.5	2026-02-21T16:29:32.1105800Z [36;1m    echo "using manifest path ''"[0m
Release	Run MarcoIeni/release-plz-action@v0.5	2026-02-21T16:29:32.1106278Z [36;1m    MANIFEST_PATH=("--project-manifest" "")[0m
Release	Run MarcoIeni/release-plz-action@v0.5	2026-02-21T16:29:32.1106743Z [36;1melse[0m
Release	Run MarcoIeni/release-plz-action@v0.5	2026-02-21T16:29:32.1107055Z [36;1m    MANIFEST_PATH=()[0m
Release	Run MarcoIeni/release-plz-action@v0.5	2026-02-21T16:29:32.1107414Z [36;1mfi[0m
Release	Run MarcoIeni/release-plz-action@v0.5	2026-02-21T16:29:32.1107678Z [36;1m[0m
Release	Run MarcoIeni/release-plz-action@v0.5	2026-02-21T16:29:32.1107985Z [36;1mif [[ -z "" || "" == "release-pr" ]][0m
Release	Run MarcoIeni/release-plz-action@v0.5	2026-02-21T16:29:32.1108409Z [36;1mthen[0m
Release	Run MarcoIeni/release-plz-action@v0.5	2026-02-21T16:29:32.1108792Z [36;1m    echo "-- Running release-plz release-pr --"[0m
Release	Run MarcoIeni/release-plz-action@v0.5	2026-02-21T16:29:32.1109385Z [36;1m    release_pr_output=$(release-plz release-pr\[0m
Release	Run MarcoIeni/release-plz-action@v0.5	2026-02-21T16:29:32.1109923Z [36;1m        --git-token "${GITHUB_TOKEN}"\[0m
Release	Run MarcoIeni/release-plz-action@v0.5	2026-02-21T16:29:32.1110530Z [36;1m        --repo-url "https://github.com/${GITHUB_REPOSITORY}"\[0m
Release	Run MarcoIeni/release-plz-action@v0.5	2026-02-21T16:29:32.1111115Z [36;1m        "${CONFIG_PATH[@]}"\[0m
Release	Run MarcoIeni/release-plz-action@v0.5	2026-02-21T16:29:32.1111523Z [36;1m        "${ALT_REGISTRY[@]}"\[0m
Release	Run MarcoIeni/release-plz-action@v0.5	2026-02-21T16:29:32.1111959Z [36;1m        "${MANIFEST_PATH[@]}"\[0m
Release	Run MarcoIeni/release-plz-action@v0.5	2026-02-21T16:29:32.1112592Z [36;1m        "${FORGE[@]}"\[0m
Release	Run MarcoIeni/release-plz-action@v0.5	2026-02-21T16:29:32.1112982Z [36;1m        "${VERBOSE[@]}"\[0m
Release	Run MarcoIeni/release-plz-action@v0.5	2026-02-21T16:29:32.1113638Z [36;1m        -o json)[0m
Release	Run MarcoIeni/release-plz-action@v0.5	2026-02-21T16:29:32.1114073Z [36;1m    echo "release_pr_output: $release_pr_output"[0m
Release	Run MarcoIeni/release-plz-action@v0.5	2026-02-21T16:29:32.1114654Z [36;1m    prs=$(echo $release_pr_output | jq -c .prs)[0m
Release	Run MarcoIeni/release-plz-action@v0.5	2026-02-21T16:29:32.1115195Z [36;1m    echo "prs=$prs" >> "$GITHUB_OUTPUT"[0m
Release	Run MarcoIeni/release-plz-action@v0.5	2026-02-21T16:29:32.1115714Z [36;1m    prs_length=$(echo "$prs" | jq 'length')[0m
Release	Run MarcoIeni/release-plz-action@v0.5	2026-02-21T16:29:32.1116218Z [36;1m    if [ "$prs_length" != "0" ]; then[0m
Release	Run MarcoIeni/release-plz-action@v0.5	2026-02-21T16:29:32.1116670Z [36;1m        prs_created=true[0m
Release	Run MarcoIeni/release-plz-action@v0.5	2026-02-21T16:29:32.1117116Z [36;1m        first_pr=$(echo $prs | jq -c .[0])[0m
Release	Run MarcoIeni/release-plz-action@v0.5	2026-02-21T16:29:32.1117572Z [36;1m    else[0m
Release	Run MarcoIeni/release-plz-action@v0.5	2026-02-21T16:29:32.1117885Z [36;1m        prs_created=false[0m
Release	Run MarcoIeni/release-plz-action@v0.5	2026-02-21T16:29:32.1118291Z [36;1m        first_pr="{}"[0m
Release	Run MarcoIeni/release-plz-action@v0.5	2026-02-21T16:29:32.1118656Z [36;1m    fi[0m
Release	Run MarcoIeni/release-plz-action@v0.5	2026-02-21T16:29:32.1119016Z [36;1m    echo "pr=$first_pr" >> "$GITHUB_OUTPUT"[0m
Release	Run MarcoIeni/release-plz-action@v0.5	2026-02-21T16:29:32.1119603Z [36;1m    echo "prs_created=$prs_created" >> "$GITHUB_OUTPUT"[0m
Release	Run MarcoIeni/release-plz-action@v0.5	2026-02-21T16:29:32.1120121Z [36;1mfi[0m
Release	Run MarcoIeni/release-plz-action@v0.5	2026-02-21T16:29:32.1120396Z [36;1m[0m
Release	Run MarcoIeni/release-plz-action@v0.5	2026-02-21T16:29:32.1120703Z [36;1mif [[ -z "" || "" == "release" ]][0m
Release	Run MarcoIeni/release-plz-action@v0.5	2026-02-21T16:29:32.1121114Z [36;1mthen[0m
Release	Run MarcoIeni/release-plz-action@v0.5	2026-02-21T16:29:32.1121484Z [36;1m    echo "-- Running release-plz release --"[0m
Release	Run MarcoIeni/release-plz-action@v0.5	2026-02-21T16:29:32.1122032Z [36;1m    release_output=$(release-plz release\[0m
Release	Run MarcoIeni/release-plz-action@v0.5	2026-02-21T16:29:32.1122726Z [36;1m        --git-token "${GITHUB_TOKEN}"\[0m
Release	Run MarcoIeni/release-plz-action@v0.5	2026-02-21T16:29:32.1123381Z [36;1m        "${CONFIG_PATH[@]}"\[0m
Release	Run MarcoIeni/release-plz-action@v0.5	2026-02-21T16:29:32.1123810Z [36;1m        "${ALT_REGISTRY[@]}"\[0m
Release	Run MarcoIeni/release-plz-action@v0.5	2026-02-21T16:29:32.1124261Z [36;1m        "${MANIFEST_PATH[@]}"\[0m
Release	Run MarcoIeni/release-plz-action@v0.5	2026-02-21T16:29:32.1124710Z [36;1m        "${FORGE[@]}"\[0m
Release	Run MarcoIeni/release-plz-action@v0.5	2026-02-21T16:29:32.1125089Z [36;1m        "${TOKEN[@]}"\[0m
Release	Run MarcoIeni/release-plz-action@v0.5	2026-02-21T16:29:32.1125478Z [36;1m        "${VERBOSE[@]}"\[0m
Release	Run MarcoIeni/release-plz-action@v0.5	2026-02-21T16:29:32.1125893Z [36;1m        "${DRY_RUN[@]}"\[0m
Release	Run MarcoIeni/release-plz-action@v0.5	2026-02-21T16:29:32.1126294Z [36;1m        -o json)[0m
Release	Run MarcoIeni/release-plz-action@v0.5	2026-02-21T16:29:32.1126778Z [36;1m    echo "release_output: $release_output"[0m
Release	Run MarcoIeni/release-plz-action@v0.5	2026-02-21T16:29:32.1127366Z [36;1m    releases=$(echo $release_output | jq -c .releases)[0m
Release	Run MarcoIeni/release-plz-action@v0.5	2026-02-21T16:29:32.1127995Z [36;1m    echo "releases=$releases" >> "$GITHUB_OUTPUT"[0m
Release	Run MarcoIeni/release-plz-action@v0.5	2026-02-21T16:29:32.1128660Z [36;1m    releases_length=$(echo "$releases" | jq 'length')[0m
Release	Run MarcoIeni/release-plz-action@v0.5	2026-02-21T16:29:32.1129237Z [36;1m    if [ "$releases_length" != "0" ]; then[0m
Release	Run MarcoIeni/release-plz-action@v0.5	2026-02-21T16:29:32.1129725Z [36;1m        releases_created=true[0m
Release	Run MarcoIeni/release-plz-action@v0.5	2026-02-21T16:29:32.1130187Z [36;1m    else[0m
Release	Run MarcoIeni/release-plz-action@v0.5	2026-02-21T16:29:32.1130523Z [36;1m        releases_created=false[0m
Release	Run MarcoIeni/release-plz-action@v0.5	2026-02-21T16:29:32.1130947Z [36;1m    fi[0m
Release	Run MarcoIeni/release-plz-action@v0.5	2026-02-21T16:29:32.1131416Z [36;1m    echo "releases_created=$releases_created" >> "$GITHUB_OUTPUT"[0m
Release	Run MarcoIeni/release-plz-action@v0.5	2026-02-21T16:29:32.1131992Z [36;1mfi[0m
Release	Run MarcoIeni/release-plz-action@v0.5	2026-02-21T16:29:32.1175820Z shell: /usr/bin/bash --noprofile --norc -e -o pipefail {0}
Release	Run MarcoIeni/release-plz-action@v0.5	2026-02-21T16:29:32.1176373Z env:
Release	Run MarcoIeni/release-plz-action@v0.5	2026-02-21T16:29:32.1176685Z   CARGO_HOME: /home/runner/.cargo
Release	Run MarcoIeni/release-plz-action@v0.5	2026-02-21T16:29:32.1177112Z   CARGO_INCREMENTAL: 0
Release	Run MarcoIeni/release-plz-action@v0.5	2026-02-21T16:29:32.1177469Z   CARGO_TERM_COLOR: always
Release	Run MarcoIeni/release-plz-action@v0.5	2026-02-21T16:29:32.1178101Z   GITHUB_TOKEN: ***
Release	Run MarcoIeni/release-plz-action@v0.5	2026-02-21T16:29:32.1178639Z   CARGO_REGISTRY_TOKEN: ***
Release	Run MarcoIeni/release-plz-action@v0.5	2026-02-21T16:29:32.1178997Z ##[endgroup]
Release	Run MarcoIeni/release-plz-action@v0.5	2026-02-21T16:29:32.1234756Z Using forge 'github'
Release	Run MarcoIeni/release-plz-action@v0.5	2026-02-21T16:29:32.1236030Z -- Running release-plz release-pr --
Release	Run MarcoIeni/release-plz-action@v0.5	2026-02-21T16:29:32.1884637Z [2m2026-02-21T16:29:32.188261Z[0m [32m INFO[0m using release-plz config file release-plz.toml
Release	Run MarcoIeni/release-plz-action@v0.5	2026-02-21T16:29:32.2832294Z [2m2026-02-21T16:29:32.283012Z[0m [32m INFO[0m downloading packages from cargo registry crates.io
Release	Run MarcoIeni/release-plz-action@v0.5	2026-02-21T16:29:32.2925455Z     Updating crates.io index
Release	Run MarcoIeni/release-plz-action@v0.5	2026-02-21T16:29:32.5714220Z  Downloading crates ...
Release	Run MarcoIeni/release-plz-action@v0.5	2026-02-21T16:29:32.6368471Z   Downloaded waterkit-dialog v0.1.0
Release	Run MarcoIeni/release-plz-action@v0.5	2026-02-21T16:29:32.8592951Z  Downloading crates ...
Release	Run MarcoIeni/release-plz-action@v0.5	2026-02-21T16:29:32.9175751Z   Downloaded waterkit-build v0.1.0
Release	Run MarcoIeni/release-plz-action@v0.5	2026-02-21T16:29:33.1202940Z  Downloading crates ...
Release	Run MarcoIeni/release-plz-action@v0.5	2026-02-21T16:29:33.1805253Z   Downloaded waterkit-permission v0.1.0
Release	Run MarcoIeni/release-plz-action@v0.5	2026-02-21T16:29:33.4173695Z  Downloading crates ...
Release	Run MarcoIeni/release-plz-action@v0.5	2026-02-21T16:29:33.4827099Z   Downloaded waterkit-location v0.1.0
Release	Run MarcoIeni/release-plz-action@v0.5	2026-02-21T16:29:33.7032450Z  Downloading crates ...
Release	Run MarcoIeni/release-plz-action@v0.5	2026-02-21T16:29:33.7812469Z   Downloaded waterkit-audio v0.1.0
Release	Run MarcoIeni/release-plz-action@v0.5	2026-02-21T16:29:33.9749933Z [2m2026-02-21T16:29:33.974708Z[0m [33m WARN[0m Package `waterkit@*.*.*` not found
Release	Run MarcoIeni/release-plz-action@v0.5	2026-02-21T16:29:34.1766550Z  Downloading crates ...
Release	Run MarcoIeni/release-plz-action@v0.5	2026-02-21T16:29:34.2369467Z   Downloaded waterkit-background v0.1.0
Release	Run MarcoIeni/release-plz-action@v0.5	2026-02-21T16:29:34.4318512Z [2m2026-02-21T16:29:34.431595Z[0m [33m WARN[0m Package `waterkit-biometric@*.*.*` not found
Release	Run MarcoIeni/release-plz-action@v0.5	2026-02-21T16:29:34.6277312Z [2m2026-02-21T16:29:34.627527Z[0m [33m WARN[0m Package `waterkit-bluetooth@*.*.*` not found
Release	Run MarcoIeni/release-plz-action@v0.5	2026-02-21T16:29:34.8168679Z [2m2026-02-21T16:29:34.816620Z[0m [33m WARN[0m Package `waterkit-calendar@*.*.*` not found
Release	Run MarcoIeni/release-plz-action@v0.5	2026-02-21T16:29:35.0163531Z [2m2026-02-21T16:29:35.016101Z[0m [33m WARN[0m Package `waterkit-camera@*.*.*` not found
Release	Run MarcoIeni/release-plz-action@v0.5	2026-02-21T16:29:35.2110762Z [2m2026-02-21T16:29:35.210830Z[0m [33m WARN[0m Package `waterkit-codec@*.*.*` not found
Release	Run MarcoIeni/release-plz-action@v0.5	2026-02-21T16:29:35.3984540Z [2m2026-02-21T16:29:35.398180Z[0m [33m WARN[0m Package `waterkit-clipboard@*.*.*` not found
Release	Run MarcoIeni/release-plz-action@v0.5	2026-02-21T16:29:35.5900442Z [2m2026-02-21T16:29:35.589805Z[0m [33m WARN[0m Package `waterkit-contacts@*.*.*` not found
Release	Run MarcoIeni/release-plz-action@v0.5	2026-02-21T16:29:35.7926591Z [2m2026-02-21T16:29:35.792450Z[0m [33m WARN[0m Package `waterkit-deeplink@*.*.*` not found
Release	Run MarcoIeni/release-plz-action@v0.5	2026-02-21T16:29:35.8563749Z [2m2026-02-21T16:29:35.856149Z[0m [33m WARN[0m Package `waterkit-fs@*.*.*` not found
Release	Run MarcoIeni/release-plz-action@v0.5	2026-02-21T16:29:36.0539713Z [2m2026-02-21T16:29:36.053764Z[0m [33m WARN[0m Package `waterkit-haptic@*.*.*` not found
Release	Run MarcoIeni/release-plz-action@v0.5	2026-02-21T16:29:36.2513031Z [2m2026-02-21T16:29:36.251042Z[0m [33m WARN[0m Package `waterkit-health@*.*.*` not found
Release	Run MarcoIeni/release-plz-action@v0.5	2026-02-21T16:29:36.4371920Z [2m2026-02-21T16:29:36.436888Z[0m [33m WARN[0m Package `waterkit-nfc@*.*.*` not found
Release	Run MarcoIeni/release-plz-action@v0.5	2026-02-21T16:29:36.6417022Z [2m2026-02-21T16:29:36.641459Z[0m [33m WARN[0m Package `waterkit-notification@*.*.*` not found
Release	Run MarcoIeni/release-plz-action@v0.5	2026-02-21T16:29:36.7064784Z [2m2026-02-21T16:29:36.706234Z[0m [33m WARN[0m Package `waterkit-passkey@*.*.*` not found
Release	Run MarcoIeni/release-plz-action@v0.5	2026-02-21T16:29:36.8979540Z [2m2026-02-21T16:29:36.897663Z[0m [33m WARN[0m Package `waterkit-screen@*.*.*` not found
Release	Run MarcoIeni/release-plz-action@v0.5	2026-02-21T16:29:37.0892701Z [2m2026-02-21T16:29:37.088974Z[0m [33m WARN[0m Package `waterkit-secret@*.*.*` not found
Release	Run MarcoIeni/release-plz-action@v0.5	2026-02-21T16:29:37.2781058Z [2m2026-02-21T16:29:37.277843Z[0m [33m WARN[0m Package `waterkit-sensor@*.*.*` not found
Release	Run MarcoIeni/release-plz-action@v0.5	2026-02-21T16:29:37.4788552Z [2m2026-02-21T16:29:37.478571Z[0m [33m WARN[0m Package `waterkit-share@*.*.*` not found
Release	Run MarcoIeni/release-plz-action@v0.5	2026-02-21T16:29:37.6764770Z [2m2026-02-21T16:29:37.676237Z[0m [33m WARN[0m Package `waterkit-speech@*.*.*` not found
Release	Run MarcoIeni/release-plz-action@v0.5	2026-02-21T16:29:37.8782353Z [2m2026-02-21T16:29:37.877964Z[0m [33m WARN[0m Package `waterkit-system@*.*.*` not found
Release	Run MarcoIeni/release-plz-action@v0.5	2026-02-21T16:29:38.0654153Z [2m2026-02-21T16:29:38.065147Z[0m [33m WARN[0m Package `waterkit-video@*.*.*` not found
Release	Run MarcoIeni/release-plz-action@v0.5	2026-02-21T16:29:38.6498157Z [2m2026-02-21T16:29:38.649612Z[0m [32m INFO[0m determining next version for waterkit-build 0.1.0
Release	Run MarcoIeni/release-plz-action@v0.5	2026-02-21T16:29:38.9691841Z [2m2026-02-21T16:29:38.968962Z[0m [32m INFO[0m Getting packaged files for crate at /tmp/.tmpY4iQvu/waterkit/waterkit-build
Release	Run MarcoIeni/release-plz-action@v0.5	2026-02-21T16:29:39.0304251Z [2m2026-02-21T16:29:39.030196Z[0m [32m INFO[0m Getting packaged files for crate at /tmp/.tmp7RVS5I/waterkit-build
Release	Run MarcoIeni/release-plz-action@v0.5	2026-02-21T16:29:39.6796450Z [2m2026-02-21T16:29:39.679402Z[0m [32m INFO[0m Getting packaged files for crate at /tmp/.tmpY4iQvu/waterkit/waterkit-build
Release	Run MarcoIeni/release-plz-action@v0.5	2026-02-21T16:29:39.9389981Z [2m2026-02-21T16:29:39.938750Z[0m [32m INFO[0m Getting packaged files for crate at /tmp/.tmpY4iQvu/waterkit/waterkit-build
Release	Run MarcoIeni/release-plz-action@v0.5	2026-02-21T16:29:39.9974221Z [2m2026-02-21T16:29:39.997212Z[0m [32m INFO[0m Getting packaged files for crate at /tmp/.tmp7RVS5I/waterkit-build
Release	Run MarcoIeni/release-plz-action@v0.5	2026-02-21T16:29:40.0768768Z [2m2026-02-21T16:29:40.076672Z[0m [32m INFO[0m determining next version for waterkit-dialog 0.1.0
Release	Run MarcoIeni/release-plz-action@v0.5	2026-02-21T16:29:40.1641707Z [2m2026-02-21T16:29:40.163916Z[0m [32m INFO[0m Getting packaged files for crate at /tmp/.tmpY4iQvu/waterkit/dialog
Release	Run MarcoIeni/release-plz-action@v0.5	2026-02-21T16:29:40.2260870Z [2m2026-02-21T16:29:40.225906Z[0m [32m INFO[0m Getting packaged files for crate at /tmp/.tmp7RVS5I/waterkit-dialog
Release	Run MarcoIeni/release-plz-action@v0.5	2026-02-21T16:29:41.5206456Z [2m2026-02-21T16:29:41.520416Z[0m [32m INFO[0m waterkit-dialog: already up to date
Release	Run MarcoIeni/release-plz-action@v0.5	2026-02-21T16:29:41.5349748Z [2m2026-02-21T16:29:41.534814Z[0m [32m INFO[0m determining next version for waterkit-permission 0.1.0
Release	Run MarcoIeni/release-plz-action@v0.5	2026-02-21T16:29:41.6151181Z [2m2026-02-21T16:29:41.614938Z[0m [32m INFO[0m Getting packaged files for crate at /tmp/.tmpY4iQvu/waterkit/permission
Release	Run MarcoIeni/release-plz-action@v0.5	2026-02-21T16:29:41.6771211Z [2m2026-02-21T16:29:41.676929Z[0m [32m INFO[0m Getting packaged files for crate at /tmp/.tmp7RVS5I/waterkit-permission
Release	Run MarcoIeni/release-plz-action@v0.5	2026-02-21T16:29:41.9441899Z [2m2026-02-21T16:29:41.944026Z[0m [32m INFO[0m waterkit-permission: already up to date
Release	Run MarcoIeni/release-plz-action@v0.5	2026-02-21T16:29:41.9551015Z [2m2026-02-21T16:29:41.954967Z[0m [32m INFO[0m determining next version for waterkit-location 0.1.0
Release	Run MarcoIeni/release-plz-action@v0.5	2026-02-21T16:29:42.0328408Z [2m2026-02-21T16:29:42.032647Z[0m [32m INFO[0m Getting packaged files for crate at /tmp/.tmpY4iQvu/waterkit/location
Release	Run MarcoIeni/release-plz-action@v0.5	2026-02-21T16:29:42.0963491Z [2m2026-02-21T16:29:42.096105Z[0m [32m INFO[0m Getting packaged files for crate at /tmp/.tmp7RVS5I/waterkit-location
Release	Run MarcoIeni/release-plz-action@v0.5	2026-02-21T16:29:42.3090891Z [2m2026-02-21T16:29:42.308888Z[0m [32m INFO[0m waterkit-location: already up to date
Release	Run MarcoIeni/release-plz-action@v0.5	2026-02-21T16:29:42.3172680Z [2m2026-02-21T16:29:42.317138Z[0m [32m INFO[0m determining next version for waterkit-audio 0.1.0
Release	Run MarcoIeni/release-plz-action@v0.5	2026-02-21T16:29:42.3926883Z [2m2026-02-21T16:29:42.392466Z[0m [32m INFO[0m Getting packaged files for crate at /tmp/.tmpY4iQvu/waterkit/audio
Release	Run MarcoIeni/release-plz-action@v0.5	2026-02-21T16:29:42.4550215Z [2m2026-02-21T16:29:42.454811Z[0m [32m INFO[0m Getting packaged files for crate at /tmp/.tmp7RVS5I/waterkit-audio
Release	Run MarcoIeni/release-plz-action@v0.5	2026-02-21T16:29:43.4232457Z [2m2026-02-21T16:29:43.423075Z[0m [32m INFO[0m waterkit-audio: already up to date
Release	Run MarcoIeni/release-plz-action@v0.5	2026-02-21T16:29:43.4300020Z [2m2026-02-21T16:29:43.429853Z[0m [32m INFO[0m determining next version for waterkit-background 0.1.0
Release	Run MarcoIeni/release-plz-action@v0.5	2026-02-21T16:29:43.5055184Z [2m2026-02-21T16:29:43.505221Z[0m [32m INFO[0m Getting packaged files for crate at /tmp/.tmpY4iQvu/waterkit/background
Release	Run MarcoIeni/release-plz-action@v0.5	2026-02-21T16:29:43.5672526Z [2m2026-02-21T16:29:43.567073Z[0m [32m INFO[0m Getting packaged files for crate at /tmp/.tmp7RVS5I/waterkit-background
Release	Run MarcoIeni/release-plz-action@v0.5	2026-02-21T16:29:43.6309669Z [2m2026-02-21T16:29:43.630815Z[0m [32m INFO[0m waterkit-background: already up to date
Release	Run MarcoIeni/release-plz-action@v0.5	2026-02-21T16:29:43.6388109Z [2m2026-02-21T16:29:43.638676Z[0m [32m INFO[0m determining next version for waterkit-biometric 0.1.0
Release	Run MarcoIeni/release-plz-action@v0.5	2026-02-21T16:29:43.6547845Z [2m2026-02-21T16:29:43.654635Z[0m [32m INFO[0m Getting packaged files for crate at /tmp/.tmpY4iQvu/waterkit/biometric
Release	Run MarcoIeni/release-plz-action@v0.5	2026-02-21T16:29:43.7299066Z [2m2026-02-21T16:29:43.729648Z[0m [32m INFO[0m Getting packaged files for crate at /tmp/.tmpY4iQvu/waterkit/biometric
Release	Run MarcoIeni/release-plz-action@v0.5	2026-02-21T16:29:43.8087204Z [2m2026-02-21T16:29:43.808541Z[0m [32m INFO[0m Getting packaged files for crate at /tmp/.tmpY4iQvu/waterkit/biometric
Release	Run MarcoIeni/release-plz-action@v0.5	2026-02-21T16:29:43.8817828Z [2m2026-02-21T16:29:43.881612Z[0m [32m INFO[0m Getting packaged files for crate at /tmp/.tmpY4iQvu/waterkit/biometric
Release	Run MarcoIeni/release-plz-action@v0.5	2026-02-21T16:29:43.9595585Z [2m2026-02-21T16:29:43.959364Z[0m [32m INFO[0m Getting packaged files for crate at /tmp/.tmpY4iQvu/waterkit/biometric
Release	Run MarcoIeni/release-plz-action@v0.5	2026-02-21T16:29:44.0302647Z [2m2026-02-21T16:29:44.030064Z[0m [32m INFO[0m Getting packaged files for crate at /tmp/.tmpY4iQvu/waterkit/biometric
Release	Run MarcoIeni/release-plz-action@v0.5	2026-02-21T16:29:44.0987314Z [2m2026-02-21T16:29:44.098495Z[0m [32m INFO[0m Getting packaged files for crate at /tmp/.tmpY4iQvu/waterkit/biometric
Release	Run MarcoIeni/release-plz-action@v0.5	2026-02-21T16:29:44.1697061Z [2m2026-02-21T16:29:44.169500Z[0m [32m INFO[0m Getting packaged files for crate at /tmp/.tmpY4iQvu/waterkit/biometric
Release	Run MarcoIeni/release-plz-action@v0.5	2026-02-21T16:29:44.2412248Z [2m2026-02-21T16:29:44.240975Z[0m [32m INFO[0m Getting packaged files for crate at /tmp/.tmpY4iQvu/waterkit/biometric
Release	Run MarcoIeni/release-plz-action@v0.5	2026-02-21T16:29:44.3141470Z [2m2026-02-21T16:29:44.313924Z[0m [32m INFO[0m Getting packaged files for crate at /tmp/.tmpY4iQvu/waterkit/biometric
Release	Run MarcoIeni/release-plz-action@v0.5	2026-02-21T16:29:44.3862840Z [2m2026-02-21T16:29:44.386039Z[0m [32m INFO[0m Getting packaged files for crate at /tmp/.tmpY4iQvu/waterkit/biometric
Release	Run MarcoIeni/release-plz-action@v0.5	2026-02-21T16:29:44.4594543Z [2m2026-02-21T16:29:44.459196Z[0m [32m INFO[0m Getting packaged files for crate at /tmp/.tmpY4iQvu/waterkit/biometric
Release	Run MarcoIeni/release-plz-action@v0.5	2026-02-21T16:29:44.5304694Z [2m2026-02-21T16:29:44.530202Z[0m [32m INFO[0m Getting packaged files for crate at /tmp/.tmpY4iQvu/waterkit/biometric
Release	Run MarcoIeni/release-plz-action@v0.5	2026-02-21T16:29:44.5953883Z [2m2026-02-21T16:29:44.595121Z[0m [32m INFO[0m Getting packaged files for crate at /tmp/.tmpY4iQvu/waterkit/biometric
Release	Run MarcoIeni/release-plz-action@v0.5	2026-02-21T16:29:44.6626182Z [2m2026-02-21T16:29:44.662377Z[0m [32m INFO[0m Getting packaged files for crate at /tmp/.tmpY4iQvu/waterkit/biometric
Release	Run MarcoIeni/release-plz-action@v0.5	2026-02-21T16:29:44.7305752Z [2m2026-02-21T16:29:44.730316Z[0m [32m INFO[0m Getting packaged files for crate at /tmp/.tmpY4iQvu/waterkit/biometric
Release	Run MarcoIeni/release-plz-action@v0.5	2026-02-21T16:29:44.7942340Z [2m2026-02-21T16:29:44.794055Z[0m [32m INFO[0m Getting packaged files for crate at /tmp/.tmpY4iQvu/waterkit/biometric
Release	Run MarcoIeni/release-plz-action@v0.5	2026-02-21T16:29:44.8671872Z [2m2026-02-21T16:29:44.867037Z[0m [32m INFO[0m Getting packaged files for crate at /tmp/.tmpY4iQvu/waterkit/biometric
Release	Run MarcoIeni/release-plz-action@v0.5	2026-02-21T16:29:44.9376920Z [2m2026-02-21T16:29:44.937479Z[0m [32m INFO[0m Getting packaged files for crate at /tmp/.tmpY4iQvu/waterkit/biometric
Release	Run MarcoIeni/release-plz-action@v0.5	2026-02-21T16:29:45.0066791Z [2m2026-02-21T16:29:45.006453Z[0m [32m INFO[0m Getting packaged files for crate at /tmp/.tmpY4iQvu/waterkit/biometric
Release	Run MarcoIeni/release-plz-action@v0.5	2026-02-21T16:29:45.0854541Z [2m2026-02-21T16:29:45.085232Z[0m [32m INFO[0m Getting packaged files for crate at /tmp/.tmpY4iQvu/waterkit/biometric
Release	Run MarcoIeni/release-plz-action@v0.5	2026-02-21T16:29:45.2554224Z [2m2026-02-21T16:29:45.255201Z[0m [32m INFO[0m determining next version for waterkit-bluetooth 0.1.0
Release	Run MarcoIeni/release-plz-action@v0.5	2026-02-21T16:29:45.3804878Z [2m2026-02-21T16:29:45.380166Z[0m [33m WARN[0m README path '/tmp/.tmpY4iQvu/waterkit/bluetooth/README.md' doesn't exist for package 'waterkit-bluetooth'. Hint: ensure the path set in Cargo.toml points to a file that exists and is included in the crate.
Release	Run MarcoIeni/release-plz-action@v0.5	2026-02-21T16:29:45.5081332Z [2m2026-02-21T16:29:45.507888Z[0m [33m WARN[0m README path '/tmp/.tmpY4iQvu/waterkit/bluetooth/README.md' doesn't exist for package 'waterkit-bluetooth'. Hint: ensure the path set in Cargo.toml points to a file that exists and is included in the crate.
Release	Run MarcoIeni/release-plz-action@v0.5	2026-02-21T16:29:45.5110829Z [2m2026-02-21T16:29:45.510974Z[0m [32m INFO[0m Getting packaged files for crate at /tmp/.tmpY4iQvu/waterkit/bluetooth
Release	Run MarcoIeni/release-plz-action@v0.5	2026-02-21T16:29:45.7037653Z [2m2026-02-21T16:29:45.703561Z[0m [32m INFO[0m Getting packaged files for crate at /tmp/.tmpY4iQvu/waterkit/bluetooth
Release	Run MarcoIeni/release-plz-action@v0.5	2026-02-21T16:29:45.8977832Z [2m2026-02-21T16:29:45.897562Z[0m [32m INFO[0m Getting packaged files for crate at /tmp/.tmpY4iQvu/waterkit/bluetooth
Release	Run MarcoIeni/release-plz-action@v0.5	2026-02-21T16:29:46.0917647Z [2m2026-02-21T16:29:46.091568Z[0m [32m INFO[0m Getting packaged files for crate at /tmp/.tmpY4iQvu/waterkit/bluetooth
Release	Run MarcoIeni/release-plz-action@v0.5	2026-02-21T16:29:46.1656610Z [2m2026-02-21T16:29:46.165473Z[0m [32m INFO[0m Getting packaged files for crate at /tmp/.tmpY4iQvu/waterkit/bluetooth
Release	Run MarcoIeni/release-plz-action@v0.5	2026-02-21T16:29:46.2418878Z [2m2026-02-21T16:29:46.241656Z[0m [32m INFO[0m Getting packaged files for crate at /tmp/.tmpY4iQvu/waterkit/bluetooth
Release	Run MarcoIeni/release-plz-action@v0.5	2026-02-21T16:29:46.3210504Z [2m2026-02-21T16:29:46.320845Z[0m [32m INFO[0m Getting packaged files for crate at /tmp/.tmpY4iQvu/waterkit/bluetooth
Release	Run MarcoIeni/release-plz-action@v0.5	2026-02-21T16:29:46.3948355Z [2m2026-02-21T16:29:46.394662Z[0m [32m INFO[0m Getting packaged files for crate at /tmp/.tmpY4iQvu/waterkit/bluetooth
Release	Run MarcoIeni/release-plz-action@v0.5	2026-02-21T16:29:46.4667562Z [2m2026-02-21T16:29:46.466575Z[0m [32m INFO[0m Getting packaged files for crate at /tmp/.tmpY4iQvu/waterkit/bluetooth
Release	Run MarcoIeni/release-plz-action@v0.5	2026-02-21T16:29:46.5508635Z [2m2026-02-21T16:29:46.550642Z[0m [32m INFO[0m determining next version for waterkit-calendar 0.1.0
Release	Run MarcoIeni/release-plz-action@v0.5	2026-02-21T16:29:46.5585909Z [2m2026-02-21T16:29:46.558372Z[0m [33m WARN[0m README path '/tmp/.tmpY4iQvu/waterkit/calendar/README.md' doesn't exist for package 'waterkit-calendar'. Hint: ensure the path set in Cargo.toml points to a file that exists and is included in the crate.
Release	Run MarcoIeni/release-plz-action@v0.5	2026-02-21T16:29:46.5796191Z [2m2026-02-21T16:29:46.579353Z[0m [33m WARN[0m README path '/tmp/.tmpY4iQvu/waterkit/calendar/README.md' doesn't exist for package 'waterkit-calendar'. Hint: ensure the path set in Cargo.toml points to a file that exists and is included in the crate.
Release	Run MarcoIeni/release-plz-action@v0.5	2026-02-21T16:29:46.5824279Z [2m2026-02-21T16:29:46.582273Z[0m [32m INFO[0m Getting packaged files for crate at /tmp/.tmpY4iQvu/waterkit/calendar
Release	Run MarcoIeni/release-plz-action@v0.5	2026-02-21T16:29:46.6648976Z [2m2026-02-21T16:29:46.664710Z[0m [32m INFO[0m determining next version for waterkit-codec 0.1.0
Release	Run MarcoIeni/release-plz-action@v0.5	2026-02-21T16:29:46.6953125Z [2m2026-02-21T16:29:46.695156Z[0m [32m INFO[0m Getting packaged files for crate at /tmp/.tmpY4iQvu/waterkit/codec
Release	Run MarcoIeni/release-plz-action@v0.5	2026-02-21T16:29:46.7654320Z [2m2026-02-21T16:29:46.765223Z[0m [32m INFO[0m Getting packaged files for crate at /tmp/.tmpY4iQvu/waterkit/codec
Release	Run MarcoIeni/release-plz-action@v0.5	2026-02-21T16:29:46.8345964Z [2m2026-02-21T16:29:46.834385Z[0m [32m INFO[0m Getting packaged files for crate at /tmp/.tmpY4iQvu/waterkit/codec
Release	Run MarcoIeni/release-plz-action@v0.5	2026-02-21T16:29:46.9050032Z [2m2026-02-21T16:29:46.904808Z[0m [32m INFO[0m Getting packaged files for crate at /tmp/.tmpY4iQvu/waterkit/codec
Release	Run MarcoIeni/release-plz-action@v0.5	2026-02-21T16:29:46.9754150Z [2m2026-02-21T16:29:46.975209Z[0m [32m INFO[0m Getting packaged files for crate at /tmp/.tmpY4iQvu/waterkit/codec
Release	Run MarcoIeni/release-plz-action@v0.5	2026-02-21T16:29:47.0478872Z [2m2026-02-21T16:29:47.047701Z[0m [32m INFO[0m Getting packaged files for crate at /tmp/.tmpY4iQvu/waterkit/codec
Release	Run MarcoIeni/release-plz-action@v0.5	2026-02-21T16:29:47.1165642Z [2m2026-02-21T16:29:47.116340Z[0m [32m INFO[0m Getting packaged files for crate at /tmp/.tmpY4iQvu/waterkit/codec
Release	Run MarcoIeni/release-plz-action@v0.5	2026-02-21T16:29:47.1858799Z [2m2026-02-21T16:29:47.185675Z[0m [32m INFO[0m Getting packaged files for crate at /tmp/.tmpY4iQvu/waterkit/codec
Release	Run MarcoIeni/release-plz-action@v0.5	2026-02-21T16:29:47.2576259Z [2m2026-02-21T16:29:47.257463Z[0m [32m INFO[0m Getting packaged files for crate at /tmp/.tmpY4iQvu/waterkit/codec
Release	Run MarcoIeni/release-plz-action@v0.5	2026-02-21T16:29:47.3301129Z [2m2026-02-21T16:29:47.329883Z[0m [32m INFO[0m Getting packaged files for crate at /tmp/.tmpY4iQvu/waterkit/codec
Release	Run MarcoIeni/release-plz-action@v0.5	2026-02-21T16:29:47.4028379Z [2m2026-02-21T16:29:47.402646Z[0m [32m INFO[0m Getting packaged files for crate at /tmp/.tmpY4iQvu/waterkit/codec
Release	Run MarcoIeni/release-plz-action@v0.5	2026-02-21T16:29:47.4758967Z [2m2026-02-21T16:29:47.475712Z[0m [32m INFO[0m Getting packaged files for crate at /tmp/.tmpY4iQvu/waterkit/codec
Release	Run MarcoIeni/release-plz-action@v0.5	2026-02-21T16:29:47.5511565Z [2m2026-02-21T16:29:47.550995Z[0m [32m INFO[0m Getting packaged files for crate at /tmp/.tmpY4iQvu/waterkit/codec
Release	Run MarcoIeni/release-plz-action@v0.5	2026-02-21T16:29:47.6230830Z [2m2026-02-21T16:29:47.622904Z[0m [32m INFO[0m Getting packaged files for crate at /tmp/.tmpY4iQvu/waterkit/codec
Release	Run MarcoIeni/release-plz-action@v0.5	2026-02-21T16:29:47.6875028Z [2m2026-02-21T16:29:47.687303Z[0m [32m INFO[0m Getting packaged files for crate at /tmp/.tmpY4iQvu/waterkit/codec
Release	Run MarcoIeni/release-plz-action@v0.5	2026-02-21T16:29:47.7545430Z [2m2026-02-21T16:29:47.754382Z[0m [32m INFO[0m Getting packaged files for crate at /tmp/.tmpY4iQvu/waterkit/codec
Release	Run MarcoIeni/release-plz-action@v0.5	2026-02-21T16:29:47.8202660Z [2m2026-02-21T16:29:47.820022Z[0m [32m INFO[0m Getting packaged files for crate at /tmp/.tmpY4iQvu/waterkit/codec
Release	Run MarcoIeni/release-plz-action@v0.5	2026-02-21T16:29:47.8867570Z [2m2026-02-21T16:29:47.886579Z[0m [32m INFO[0m Getting packaged files for crate at /tmp/.tmpY4iQvu/waterkit/codec
Release	Run MarcoIeni/release-plz-action@v0.5	2026-02-21T16:29:47.9589712Z [2m2026-02-21T16:29:47.958739Z[0m [32m INFO[0m Getting packaged files for crate at /tmp/.tmpY4iQvu/waterkit/codec
Release	Run MarcoIeni/release-plz-action@v0.5	2026-02-21T16:29:48.0299501Z [2m2026-02-21T16:29:48.029712Z[0m [32m INFO[0m Getting packaged files for crate at /tmp/.tmpY4iQvu/waterkit/codec
Release	Run MarcoIeni/release-plz-action@v0.5	2026-02-21T16:29:48.0979398Z [2m2026-02-21T16:29:48.097696Z[0m [32m INFO[0m Getting packaged files for crate at /tmp/.tmpY4iQvu/waterkit/codec
Release	Run MarcoIeni/release-plz-action@v0.5	2026-02-21T16:29:48.1658669Z [2m2026-02-21T16:29:48.165656Z[0m [32m INFO[0m Getting packaged files for crate at /tmp/.tmpY4iQvu/waterkit/codec
Release	Run MarcoIeni/release-plz-action@v0.5	2026-02-21T16:29:48.2284413Z [2m2026-02-21T16:29:48.228177Z[0m [32m INFO[0m Getting packaged files for crate at /tmp/.tmpY4iQvu/waterkit/codec
Release	Run MarcoIeni/release-plz-action@v0.5	2026-02-21T16:29:48.2914525Z [2m2026-02-21T16:29:48.291235Z[0m [32m INFO[0m Getting packaged files for crate at /tmp/.tmpY4iQvu/waterkit/codec
Release	Run MarcoIeni/release-plz-action@v0.5	2026-02-21T16:29:48.3542480Z [2m2026-02-21T16:29:48.354008Z[0m [32m INFO[0m Getting packaged files for crate at /tmp/.tmpY4iQvu/waterkit/codec
Release	Run MarcoIeni/release-plz-action@v0.5	2026-02-21T16:29:48.4289167Z [2m2026-02-21T16:29:48.428687Z[0m [32m INFO[0m Getting packaged files for crate at /tmp/.tmpY4iQvu/waterkit/codec
Release	Run MarcoIeni/release-plz-action@v0.5	2026-02-21T16:29:48.6017302Z [2m2026-02-21T16:29:48.601530Z[0m [32m INFO[0m determining next version for waterkit-camera 0.1.0
Release	Run MarcoIeni/release-plz-action@v0.5	2026-02-21T16:29:48.8617066Z [2m2026-02-21T16:29:48.861523Z[0m [32m INFO[0m Getting packaged files for crate at /tmp/.tmpY4iQvu/waterkit/camera
Release	Run MarcoIeni/release-plz-action@v0.5	2026-02-21T16:29:49.0546103Z [2m2026-02-21T16:29:49.054429Z[0m [32m INFO[0m Getting packaged files for crate at /tmp/.tmpY4iQvu/waterkit/camera
Release	Run MarcoIeni/release-plz-action@v0.5	2026-02-21T16:29:49.1270157Z [2m2026-02-21T16:29:49.126783Z[0m [32m INFO[0m Getting packaged files for crate at /tmp/.tmpY4iQvu/waterkit/camera
Release	Run MarcoIeni/release-plz-action@v0.5	2026-02-21T16:29:49.1998225Z [2m2026-02-21T16:29:49.199587Z[0m [32m INFO[0m Getting packaged files for crate at /tmp/.tmpY4iQvu/waterkit/camera
Release	Run MarcoIeni/release-plz-action@v0.5	2026-02-21T16:29:49.2755223Z [2m2026-02-21T16:29:49.275271Z[0m [32m INFO[0m Getting packaged files for crate at /tmp/.tmpY4iQvu/waterkit/camera
Release	Run MarcoIeni/release-plz-action@v0.5	2026-02-21T16:29:49.3558342Z [2m2026-02-21T16:29:49.355599Z[0m [32m INFO[0m Getting packaged files for crate at /tmp/.tmpY4iQvu/waterkit/camera
Release	Run MarcoIeni/release-plz-action@v0.5	2026-02-21T16:29:49.4256918Z [2m2026-02-21T16:29:49.425464Z[0m [32m INFO[0m Getting packaged files for crate at /tmp/.tmpY4iQvu/waterkit/camera
Release	Run MarcoIeni/release-plz-action@v0.5	2026-02-21T16:29:49.4939296Z [2m2026-02-21T16:29:49.493699Z[0m [32m INFO[0m Getting packaged files for crate at /tmp/.tmpY4iQvu/waterkit/camera
Release	Run MarcoIeni/release-plz-action@v0.5	2026-02-21T16:29:49.5654116Z [2m2026-02-21T16:29:49.565167Z[0m [32m INFO[0m Getting packaged files for crate at /tmp/.tmpY4iQvu/waterkit/camera
Release	Run MarcoIeni/release-plz-action@v0.5	2026-02-21T16:29:49.6369851Z [2m2026-02-21T16:29:49.636758Z[0m [32m INFO[0m Getting packaged files for crate at /tmp/.tmpY4iQvu/waterkit/camera
Release	Run MarcoIeni/release-plz-action@v0.5	2026-02-21T16:29:49.7108659Z [2m2026-02-21T16:29:49.710621Z[0m [32m INFO[0m Getting packaged files for crate at /tmp/.tmpY4iQvu/waterkit/camera
Release	Run MarcoIeni/release-plz-action@v0.5	2026-02-21T16:29:49.7860714Z [2m2026-02-21T16:29:49.785824Z[0m [32m INFO[0m Getting packaged files for crate at /tmp/.tmpY4iQvu/waterkit/camera
Release	Run MarcoIeni/release-plz-action@v0.5	2026-02-21T16:29:49.8605367Z [2m2026-02-21T16:29:49.860280Z[0m [32m INFO[0m Getting packaged files for crate at /tmp/.tmpY4iQvu/waterkit/camera
Release	Run MarcoIeni/release-plz-action@v0.5	2026-02-21T16:29:49.9303734Z [2m2026-02-21T16:29:49.930103Z[0m [32m INFO[0m Getting packaged files for crate at /tmp/.tmpY4iQvu/waterkit/camera
Release	Run MarcoIeni/release-plz-action@v0.5	2026-02-21T16:29:49.9924832Z [2m2026-02-21T16:29:49.992298Z[0m [32m INFO[0m Getting packaged files for crate at /tmp/.tmpY4iQvu/waterkit/camera
Release	Run MarcoIeni/release-plz-action@v0.5	2026-02-21T16:29:50.0612803Z [2m2026-02-21T16:29:50.061066Z[0m [32m INFO[0m Getting packaged files for crate at /tmp/.tmpY4iQvu/waterkit/camera
Release	Run MarcoIeni/release-plz-action@v0.5	2026-02-21T16:29:50.1236302Z [2m2026-02-21T16:29:50.123397Z[0m [32m INFO[0m Getting packaged files for crate at /tmp/.tmpY4iQvu/waterkit/camera
Release	Run MarcoIeni/release-plz-action@v0.5	2026-02-21T16:29:50.1877797Z [2m2026-02-21T16:29:50.187497Z[0m [32m INFO[0m Getting packaged files for crate at /tmp/.tmpY4iQvu/waterkit/camera
Release	Run MarcoIeni/release-plz-action@v0.5	2026-02-21T16:29:50.2504851Z [2m2026-02-21T16:29:50.250219Z[0m [32m INFO[0m Getting packaged files for crate at /tmp/.tmpY4iQvu/waterkit/camera
Release	Run MarcoIeni/release-plz-action@v0.5	2026-02-21T16:29:50.3120048Z [2m2026-02-21T16:29:50.311778Z[0m [32m INFO[0m Getting packaged files for crate at /tmp/.tmpY4iQvu/waterkit/camera
Release	Run MarcoIeni/release-plz-action@v0.5	2026-02-21T16:29:50.3728490Z [2m2026-02-21T16:29:50.372630Z[0m [32m INFO[0m Getting packaged files for crate at /tmp/.tmpY4iQvu/waterkit/camera
Release	Run MarcoIeni/release-plz-action@v0.5	2026-02-21T16:29:50.4375711Z [2m2026-02-21T16:29:50.437383Z[0m [32m INFO[0m Getting packaged files for crate at /tmp/.tmpY4iQvu/waterkit/camera
Release	Run MarcoIeni/release-plz-action@v0.5	2026-02-21T16:29:50.5076834Z [2m2026-02-21T16:29:50.507497Z[0m [32m INFO[0m Getting packaged files for crate at /tmp/.tmpY4iQvu/waterkit/camera
Release	Run MarcoIeni/release-plz-action@v0.5	2026-02-21T16:29:50.5777002Z [2m2026-02-21T16:29:50.577493Z[0m [32m INFO[0m Getting packaged files for crate at /tmp/.tmpY4iQvu/waterkit/camera
Release	Run MarcoIeni/release-plz-action@v0.5	2026-02-21T16:29:50.6472772Z [2m2026-02-21T16:29:50.647083Z[0m [32m INFO[0m Getting packaged files for crate at /tmp/.tmpY4iQvu/waterkit/camera
Release	Run MarcoIeni/release-plz-action@v0.5	2026-02-21T16:29:50.7164542Z [2m2026-02-21T16:29:50.716230Z[0m [32m INFO[0m Getting packaged files for crate at /tmp/.tmpY4iQvu/waterkit/camera
Release	Run MarcoIeni/release-plz-action@v0.5	2026-02-21T16:29:50.7900800Z [2m2026-02-21T16:29:50.789845Z[0m [32m INFO[0m Getting packaged files for crate at /tmp/.tmpY4iQvu/waterkit/camera
Release	Run MarcoIeni/release-plz-action@v0.5	2026-02-21T16:29:50.8525704Z [2m2026-02-21T16:29:50.852356Z[0m [32m INFO[0m Getting packaged files for crate at /tmp/.tmpY4iQvu/waterkit/camera
Release	Run MarcoIeni/release-plz-action@v0.5	2026-02-21T16:29:50.9152438Z [2m2026-02-21T16:29:50.915026Z[0m [32m INFO[0m Getting packaged files for crate at /tmp/.tmpY4iQvu/waterkit/camera
Release	Run MarcoIeni/release-plz-action@v0.5	2026-02-21T16:29:51.1006970Z [2m2026-02-21T16:29:51.100458Z[0m [32m INFO[0m determining next version for waterkit-clipboard 0.1.0
Release	Run MarcoIeni/release-plz-action@v0.5	2026-02-21T16:29:51.3510931Z [2m2026-02-21T16:29:51.350892Z[0m [32m INFO[0m Getting packaged files for crate at /tmp/.tmpY4iQvu/waterkit/clipboard
Release	Run MarcoIeni/release-plz-action@v0.5	2026-02-21T16:29:51.5429263Z [2m2026-02-21T16:29:51.542733Z[0m [32m INFO[0m Getting packaged files for crate at /tmp/.tmpY4iQvu/waterkit/clipboard
Release	Run MarcoIeni/release-plz-action@v0.5	2026-02-21T16:29:51.7444051Z [2m2026-02-21T16:29:51.744188Z[0m [32m INFO[0m Getting packaged files for crate at /tmp/.tmpY4iQvu/waterkit/clipboard
Release	Run MarcoIeni/release-plz-action@v0.5	2026-02-21T16:29:51.9326574Z [2m2026-02-21T16:29:51.932467Z[0m [32m INFO[0m Getting packaged files for crate at /tmp/.tmpY4iQvu/waterkit/clipboard
Release	Run MarcoIeni/release-plz-action@v0.5	2026-02-21T16:29:52.1197415Z [2m2026-02-21T16:29:52.119549Z[0m [32m INFO[0m Getting packaged files for crate at /tmp/.tmpY4iQvu/waterkit/clipboard
Release	Run MarcoIeni/release-plz-action@v0.5	2026-02-21T16:29:52.1965185Z [2m2026-02-21T16:29:52.196309Z[0m [32m INFO[0m Getting packaged files for crate at /tmp/.tmpY4iQvu/waterkit/clipboard
Release	Run MarcoIeni/release-plz-action@v0.5	2026-02-21T16:29:52.2624602Z [2m2026-02-21T16:29:52.262238Z[0m [32m INFO[0m Getting packaged files for crate at /tmp/.tmpY4iQvu/waterkit/clipboard
Release	Run MarcoIeni/release-plz-action@v0.5	2026-02-21T16:29:52.3248208Z [2m2026-02-21T16:29:52.324618Z[0m [32m INFO[0m Getting packaged files for crate at /tmp/.tmpY4iQvu/waterkit/clipboard
Release	Run MarcoIeni/release-plz-action@v0.5	2026-02-21T16:29:52.3890239Z [2m2026-02-21T16:29:52.388799Z[0m [32m INFO[0m Getting packaged files for crate at /tmp/.tmpY4iQvu/waterkit/clipboard
Release	Run MarcoIeni/release-plz-action@v0.5	2026-02-21T16:29:52.4579552Z [2m2026-02-21T16:29:52.457755Z[0m [32m INFO[0m Getting packaged files for crate at /tmp/.tmpY4iQvu/waterkit/clipboard
Release	Run MarcoIeni/release-plz-action@v0.5	2026-02-21T16:29:52.5220596Z [2m2026-02-21T16:29:52.521863Z[0m [32m INFO[0m Getting packaged files for crate at /tmp/.tmpY4iQvu/waterkit/clipboard
Release	Run MarcoIeni/release-plz-action@v0.5	2026-02-21T16:29:52.5946402Z [2m2026-02-21T16:29:52.594460Z[0m [32m INFO[0m Getting packaged files for crate at /tmp/.tmpY4iQvu/waterkit/clipboard
Release	Run MarcoIeni/release-plz-action@v0.5	2026-02-21T16:29:52.6642771Z [2m2026-02-21T16:29:52.664048Z[0m [32m INFO[0m Getting packaged files for crate at /tmp/.tmpY4iQvu/waterkit/clipboard
Release	Run MarcoIeni/release-plz-action@v0.5	2026-02-21T16:29:52.7323147Z [2m2026-02-21T16:29:52.732105Z[0m [32m INFO[0m Getting packaged files for crate at /tmp/.tmpY4iQvu/waterkit/clipboard
Release	Run MarcoIeni/release-plz-action@v0.5	2026-02-21T16:29:52.8107728Z [2m2026-02-21T16:29:52.810561Z[0m [32m INFO[0m Getting packaged files for crate at /tmp/.tmpY4iQvu/waterkit/clipboard
Release	Run MarcoIeni/release-plz-action@v0.5	2026-02-21T16:29:52.8787770Z [2m2026-02-21T16:29:52.878618Z[0m [32m INFO[0m Getting packaged files for crate at /tmp/.tmpY4iQvu/waterkit/clipboard
Release	Run MarcoIeni/release-plz-action@v0.5	2026-02-21T16:29:53.0495091Z [2m2026-02-21T16:29:53.049259Z[0m [32m INFO[0m determining next version for waterkit-contacts 0.1.0
Release	Run MarcoIeni/release-plz-action@v0.5	2026-02-21T16:29:53.1203479Z [2m2026-02-21T16:29:53.119981Z[0m [33m WARN[0m README path '/tmp/.tmpY4iQvu/waterkit/contacts/README.md' doesn't exist for package 'waterkit-contacts'. Hint: ensure the path set in Cargo.toml points to a file that exists and is included in the crate.
Release	Run MarcoIeni/release-plz-action@v0.5	2026-02-21T16:29:53.2036120Z [2m2026-02-21T16:29:53.203351Z[0m [33m WARN[0m README path '/tmp/.tmpY4iQvu/waterkit/contacts/README.md' doesn't exist for package 'waterkit-contacts'. Hint: ensure the path set in Cargo.toml points to a file that exists and is included in the crate.
Release	Run MarcoIeni/release-plz-action@v0.5	2026-02-21T16:29:53.2066458Z [2m2026-02-21T16:29:53.206489Z[0m [32m INFO[0m Getting packaged files for crate at /tmp/.tmpY4iQvu/waterkit/contacts
Release	Run MarcoIeni/release-plz-action@v0.5	2026-02-21T16:29:53.3561422Z [2m2026-02-21T16:29:53.355945Z[0m [32m INFO[0m determining next version for waterkit-deeplink 0.1.0
Release	Run MarcoIeni/release-plz-action@v0.5	2026-02-21T16:29:53.4297156Z [2m2026-02-21T16:29:53.429427Z[0m [33m WARN[0m README path '/tmp/.tmpY4iQvu/waterkit/deeplink/README.md' doesn't exist for package 'waterkit-deeplink'. Hint: ensure the path set in Cargo.toml points to a file that exists and is included in the crate.
Release	Run MarcoIeni/release-plz-action@v0.5	2026-02-21T16:29:53.5069252Z [2m2026-02-21T16:29:53.506674Z[0m [33m WARN[0m README path '/tmp/.tmpY4iQvu/waterkit/deeplink/README.md' doesn't exist for package 'waterkit-deeplink'. Hint: ensure the path set in Cargo.toml points to a file that exists and is included in the crate.
Release	Run MarcoIeni/release-plz-action@v0.5	2026-02-21T16:29:53.5100358Z [2m2026-02-21T16:29:53.509890Z[0m [32m INFO[0m Getting packaged files for crate at /tmp/.tmpY4iQvu/waterkit/deeplink
Release	Run MarcoIeni/release-plz-action@v0.5	2026-02-21T16:29:53.6521534Z [2m2026-02-21T16:29:53.651940Z[0m [32m INFO[0m Getting packaged files for crate at /tmp/.tmpY4iQvu/waterkit/deeplink
Release	Run MarcoIeni/release-plz-action@v0.5	2026-02-21T16:29:53.7978715Z [2m2026-02-21T16:29:53.797662Z[0m [32m INFO[0m Getting packaged files for crate at /tmp/.tmpY4iQvu/waterkit/deeplink
Release	Run MarcoIeni/release-plz-action@v0.5	2026-02-21T16:29:53.9386509Z [2m2026-02-21T16:29:53.938462Z[0m [32m INFO[0m Getting packaged files for crate at /tmp/.tmpY4iQvu/waterkit/deeplink
Release	Run MarcoIeni/release-plz-action@v0.5	2026-02-21T16:29:54.0797745Z [2m2026-02-21T16:29:54.079597Z[0m [32m INFO[0m Getting packaged files for crate at /tmp/.tmpY4iQvu/waterkit/deeplink
Release	Run MarcoIeni/release-plz-action@v0.5	2026-02-21T16:29:54.1567283Z [2m2026-02-21T16:29:54.156546Z[0m [32m INFO[0m Getting packaged files for crate at /tmp/.tmpY4iQvu/waterkit/deeplink
Release	Run MarcoIeni/release-plz-action@v0.5	2026-02-21T16:29:54.2373026Z [2m2026-02-21T16:29:54.237110Z[0m [32m INFO[0m Getting packaged files for crate at /tmp/.tmpY4iQvu/waterkit/deeplink
Release	Run MarcoIeni/release-plz-action@v0.5	2026-02-21T16:29:54.3124146Z [2m2026-02-21T16:29:54.312171Z[0m [32m INFO[0m Getting packaged files for crate at /tmp/.tmpY4iQvu/waterkit/deeplink
Release	Run MarcoIeni/release-plz-action@v0.5	2026-02-21T16:29:54.3936857Z [2m2026-02-21T16:29:54.393505Z[0m [32m INFO[0m determining next version for waterkit-fs 0.1.0
Release	Run MarcoIeni/release-plz-action@v0.5	2026-02-21T16:29:54.4236964Z [2m2026-02-21T16:29:54.423529Z[0m [32m INFO[0m Getting packaged files for crate at /tmp/.tmpY4iQvu/waterkit/fs
Release	Run MarcoIeni/release-plz-action@v0.5	2026-02-21T16:29:54.4991204Z [2m2026-02-21T16:29:54.498923Z[0m [32m INFO[0m Getting packaged files for crate at /tmp/.tmpY4iQvu/waterkit/fs
Release	Run MarcoIeni/release-plz-action@v0.5	2026-02-21T16:29:54.5732977Z [2m2026-02-21T16:29:54.573113Z[0m [32m INFO[0m Getting packaged files for crate at /tmp/.tmpY4iQvu/waterkit/fs
Release	Run MarcoIeni/release-plz-action@v0.5	2026-02-21T16:29:54.6553543Z [2m2026-02-21T16:29:54.655143Z[0m [32m INFO[0m Getting packaged files for crate at /tmp/.tmpY4iQvu/waterkit/fs
Release	Run MarcoIeni/release-plz-action@v0.5	2026-02-21T16:29:54.7202290Z [2m2026-02-21T16:29:54.720051Z[0m [32m INFO[0m Getting packaged files for crate at /tmp/.tmpY4iQvu/waterkit/fs
Release	Run MarcoIeni/release-plz-action@v0.5	2026-02-21T16:29:54.7871822Z [2m2026-02-21T16:29:54.786978Z[0m [32m INFO[0m Getting packaged files for crate at /tmp/.tmpY4iQvu/waterkit/fs
Release	Run MarcoIeni/release-plz-action@v0.5	2026-02-21T16:29:54.9155269Z [2m2026-02-21T16:29:54.915277Z[0m [32m INFO[0m Getting packaged files for crate at /tmp/.tmpY4iQvu/waterkit/fs
Release	Run MarcoIeni/release-plz-action@v0.5	2026-02-21T16:29:55.1237475Z [2m2026-02-21T16:29:55.123524Z[0m [32m INFO[0m Getting packaged files for crate at /tmp/.tmpY4iQvu/waterkit/fs
Release	Run MarcoIeni/release-plz-action@v0.5	2026-02-21T16:29:55.2157690Z [2m2026-02-21T16:29:55.215562Z[0m [32m INFO[0m Getting packaged files for crate at /tmp/.tmpY4iQvu/waterkit/fs
Release	Run MarcoIeni/release-plz-action@v0.5	2026-02-21T16:29:55.3568956Z [2m2026-02-21T16:29:55.356647Z[0m [32m INFO[0m Getting packaged files for crate at /tmp/.tmpY4iQvu/waterkit/fs
Release	Run MarcoIeni/release-plz-action@v0.5	2026-02-21T16:29:55.5146107Z [2m2026-02-21T16:29:55.514373Z[0m [32m INFO[0m Getting packaged files for crate at /tmp/.tmpY4iQvu/waterkit/fs
Release	Run MarcoIeni/release-plz-action@v0.5	2026-02-21T16:29:55.5918481Z [2m2026-02-21T16:29:55.591613Z[0m [32m INFO[0m Getting packaged files for crate at /tmp/.tmpY4iQvu/waterkit/fs
Release	Run MarcoIeni/release-plz-action@v0.5	2026-02-21T16:29:55.7620218Z [2m2026-02-21T16:29:55.761815Z[0m [32m INFO[0m determining next version for waterkit-haptic 0.1.0
Release	Run MarcoIeni/release-plz-action@v0.5	2026-02-21T16:29:56.0283949Z [2m2026-02-21T16:29:56.028129Z[0m [32m INFO[0m Getting packaged files for crate at /tmp/.tmpY4iQvu/waterkit/haptic
Release	Run MarcoIeni/release-plz-action@v0.5	2026-02-21T16:29:56.1007288Z [2m2026-02-21T16:29:56.100503Z[0m [32m INFO[0m Getting packaged files for crate at /tmp/.tmpY4iQvu/waterkit/haptic
Release	Run MarcoIeni/release-plz-action@v0.5	2026-02-21T16:29:56.1724217Z [2m2026-02-21T16:29:56.172167Z[0m [32m INFO[0m Getting packaged files for crate at /tmp/.tmpY4iQvu/waterkit/haptic
Release	Run MarcoIeni/release-plz-action@v0.5	2026-02-21T16:29:56.2456435Z [2m2026-02-21T16:29:56.245406Z[0m [32m INFO[0m Getting packaged files for crate at /tmp/.tmpY4iQvu/waterkit/haptic
Release	Run MarcoIeni/release-plz-action@v0.5	2026-02-21T16:29:56.3214281Z [2m2026-02-21T16:29:56.321176Z[0m [32m INFO[0m Getting packaged files for crate at /tmp/.tmpY4iQvu/waterkit/haptic
Release	Run MarcoIeni/release-plz-action@v0.5	2026-02-21T16:29:56.3959092Z [2m2026-02-21T16:29:56.395687Z[0m [32m INFO[0m Getting packaged files for crate at /tmp/.tmpY4iQvu/waterkit/haptic
Release	Run MarcoIeni/release-plz-action@v0.5	2026-02-21T16:29:56.4702071Z [2m2026-02-21T16:29:56.469964Z[0m [32m INFO[0m Getting packaged files for crate at /tmp/.tmpY4iQvu/waterkit/haptic
Release	Run MarcoIeni/release-plz-action@v0.5	2026-02-21T16:29:56.5401341Z [2m2026-02-21T16:29:56.539908Z[0m [32m INFO[0m Getting packaged files for crate at /tmp/.tmpY4iQvu/waterkit/haptic
Release	Run MarcoIeni/release-plz-action@v0.5	2026-02-21T16:29:56.6049850Z [2m2026-02-21T16:29:56.604730Z[0m [32m INFO[0m Getting packaged files for crate at /tmp/.tmpY4iQvu/waterkit/haptic
Release	Run MarcoIeni/release-plz-action@v0.5	2026-02-21T16:29:56.6698769Z [2m2026-02-21T16:29:56.669640Z[0m [32m INFO[0m Getting packaged files for crate at /tmp/.tmpY4iQvu/waterkit/haptic
Release	Run MarcoIeni/release-plz-action@v0.5	2026-02-21T16:29:56.7384705Z [2m2026-02-21T16:29:56.738211Z[0m [32m INFO[0m Getting packaged files for crate at /tmp/.tmpY4iQvu/waterkit/haptic
Release	Run MarcoIeni/release-plz-action@v0.5	2026-02-21T16:29:56.8078866Z [2m2026-02-21T16:29:56.807667Z[0m [32m INFO[0m Getting packaged files for crate at /tmp/.tmpY4iQvu/waterkit/haptic
Release	Run MarcoIeni/release-plz-action@v0.5	2026-02-21T16:29:56.8821882Z [2m2026-02-21T16:29:56.882036Z[0m [32m INFO[0m Getting packaged files for crate at /tmp/.tmpY4iQvu/waterkit/haptic
Release	Run MarcoIeni/release-plz-action@v0.5	2026-02-21T16:29:56.9548491Z [2m2026-02-21T16:29:56.954592Z[0m [32m INFO[0m Getting packaged files for crate at /tmp/.tmpY4iQvu/waterkit/haptic
Release	Run MarcoIeni/release-plz-action@v0.5	2026-02-21T16:29:57.0251828Z [2m2026-02-21T16:29:57.024933Z[0m [32m INFO[0m Getting packaged files for crate at /tmp/.tmpY4iQvu/waterkit/haptic
Release	Run MarcoIeni/release-plz-action@v0.5	2026-02-21T16:29:57.1022939Z [2m2026-02-21T16:29:57.102060Z[0m [32m INFO[0m Getting packaged files for crate at /tmp/.tmpY4iQvu/waterkit/haptic
Release	Run MarcoIeni/release-plz-action@v0.5	2026-02-21T16:29:57.2769895Z [2m2026-02-21T16:29:57.276769Z[0m [32m INFO[0m determining next version for waterkit-health 0.1.0
Release	Run MarcoIeni/release-plz-action@v0.5	2026-02-21T16:29:57.4027331Z [2m2026-02-21T16:29:57.402449Z[0m [33m WARN[0m README path '/tmp/.tmpY4iQvu/waterkit/health/README.md' doesn't exist for package 'waterkit-health'. Hint: ensure the path set in Cargo.toml points to a file that exists and is included in the crate.
Release	Run MarcoIeni/release-plz-action@v0.5	2026-02-21T16:29:57.5333607Z [2m2026-02-21T16:29:57.533044Z[0m [33m WARN[0m README path '/tmp/.tmpY4iQvu/waterkit/health/README.md' doesn't exist for package 'waterkit-health'. Hint: ensure the path set in Cargo.toml points to a file that exists and is included in the crate.
Release	Run MarcoIeni/release-plz-action@v0.5	2026-02-21T16:29:57.5362724Z [2m2026-02-21T16:29:57.536122Z[0m [32m INFO[0m Getting packaged files for crate at /tmp/.tmpY4iQvu/waterkit/health
Release	Run MarcoIeni/release-plz-action@v0.5	2026-02-21T16:29:57.7294403Z [2m2026-02-21T16:29:57.729175Z[0m [32m INFO[0m Getting packaged files for crate at /tmp/.tmpY4iQvu/waterkit/health
Release	Run MarcoIeni/release-plz-action@v0.5	2026-02-21T16:29:57.9315410Z [2m2026-02-21T16:29:57.931287Z[0m [32m INFO[0m Getting packaged files for crate at /tmp/.tmpY4iQvu/waterkit/health
Release	Run MarcoIeni/release-plz-action@v0.5	2026-02-21T16:29:58.1312446Z [2m2026-02-21T16:29:58.131016Z[0m [32m INFO[0m determining next version for waterkit-nfc 0.1.0
Release	Run MarcoIeni/release-plz-action@v0.5	2026-02-21T16:29:58.1390549Z [2m2026-02-21T16:29:58.138823Z[0m [33m WARN[0m README path '/tmp/.tmpY4iQvu/waterkit/nfc/README.md' doesn't exist for package 'waterkit-nfc'. Hint: ensure the path set in Cargo.toml points to a file that exists and is included in the crate.
Release	Run MarcoIeni/release-plz-action@v0.5	2026-02-21T16:29:58.1500645Z [2m2026-02-21T16:29:58.149873Z[0m [33m WARN[0m README path '/tmp/.tmpY4iQvu/waterkit/nfc/README.md' doesn't exist for package 'waterkit-nfc'. Hint: ensure the path set in Cargo.toml points to a file that exists and is included in the crate.
Release	Run MarcoIeni/release-plz-action@v0.5	2026-02-21T16:29:58.1530761Z [2m2026-02-21T16:29:58.152934Z[0m [32m INFO[0m Getting packaged files for crate at /tmp/.tmpY4iQvu/waterkit/nfc
Release	Run MarcoIeni/release-plz-action@v0.5	2026-02-21T16:29:58.2298313Z [2m2026-02-21T16:29:58.229642Z[0m [32m INFO[0m Getting packaged files for crate at /tmp/.tmpY4iQvu/waterkit/nfc
Release	Run MarcoIeni/release-plz-action@v0.5	2026-02-21T16:29:58.3046400Z [2m2026-02-21T16:29:58.304455Z[0m [32m INFO[0m Getting packaged files for crate at /tmp/.tmpY4iQvu/waterkit/nfc
Release	Run MarcoIeni/release-plz-action@v0.5	2026-02-21T16:29:58.3807248Z [2m2026-02-21T16:29:58.380564Z[0m [32m INFO[0m Getting packaged files for crate at /tmp/.tmpY4iQvu/waterkit/nfc
Release	Run MarcoIeni/release-plz-action@v0.5	2026-02-21T16:29:58.4632808Z [2m2026-02-21T16:29:58.463090Z[0m [32m INFO[0m Getting packaged files for crate at /tmp/.tmpY4iQvu/waterkit/nfc
Release	Run MarcoIeni/release-plz-action@v0.5	2026-02-21T16:29:58.5386839Z [2m2026-02-21T16:29:58.538500Z[0m [32m INFO[0m Getting packaged files for crate at /tmp/.tmpY4iQvu/waterkit/nfc
Release	Run MarcoIeni/release-plz-action@v0.5	2026-02-21T16:29:58.6137758Z [2m2026-02-21T16:29:58.613610Z[0m [32m INFO[0m Getting packaged files for crate at /tmp/.tmpY4iQvu/waterkit/nfc
Release	Run MarcoIeni/release-plz-action@v0.5	2026-02-21T16:29:58.6969014Z [2m2026-02-21T16:29:58.696718Z[0m [32m INFO[0m determining next version for waterkit-notification 0.1.0
Release	Run MarcoIeni/release-plz-action@v0.5	2026-02-21T16:29:58.7222746Z [2m2026-02-21T16:29:58.722093Z[0m [32m INFO[0m Getting packaged files for crate at /tmp/.tmpY4iQvu/waterkit/notification
Release	Run MarcoIeni/release-plz-action@v0.5	2026-02-21T16:29:58.8003053Z [2m2026-02-21T16:29:58.800101Z[0m [32m INFO[0m Getting packaged files for crate at /tmp/.tmpY4iQvu/waterkit/notification
Release	Run MarcoIeni/release-plz-action@v0.5	2026-02-21T16:29:58.8877348Z [2m2026-02-21T16:29:58.887556Z[0m [32m INFO[0m Getting packaged files for crate at /tmp/.tmpY4iQvu/waterkit/notification
Release	Run MarcoIeni/release-plz-action@v0.5	2026-02-21T16:29:58.9638728Z [2m2026-02-21T16:29:58.963676Z[0m [32m INFO[0m Getting packaged files for crate at /tmp/.tmpY4iQvu/waterkit/notification
Release	Run MarcoIeni/release-plz-action@v0.5	2026-02-21T16:29:59.0441923Z [2m2026-02-21T16:29:59.044015Z[0m [32m INFO[0m Getting packaged files for crate at /tmp/.tmpY4iQvu/waterkit/notification
Release	Run MarcoIeni/release-plz-action@v0.5	2026-02-21T16:29:59.1082693Z [2m2026-02-21T16:29:59.108040Z[0m [32m INFO[0m Getting packaged files for crate at /tmp/.tmpY4iQvu/waterkit/notification
Release	Run MarcoIeni/release-plz-action@v0.5	2026-02-21T16:29:59.1760744Z [2m2026-02-21T16:29:59.175835Z[0m [32m INFO[0m Getting packaged files for crate at /tmp/.tmpY4iQvu/waterkit/notification
Release	Run MarcoIeni/release-plz-action@v0.5	2026-02-21T16:29:59.2398701Z [2m2026-02-21T16:29:59.239653Z[0m [32m INFO[0m Getting packaged files for crate at /tmp/.tmpY4iQvu/waterkit/notification
Release	Run MarcoIeni/release-plz-action@v0.5	2026-02-21T16:29:59.3071008Z [2m2026-02-21T16:29:59.306902Z[0m [32m INFO[0m Getting packaged files for crate at /tmp/.tmpY4iQvu/waterkit/notification
Release	Run MarcoIeni/release-plz-action@v0.5	2026-02-21T16:29:59.3741025Z [2m2026-02-21T16:29:59.373944Z[0m [32m INFO[0m Getting packaged files for crate at /tmp/.tmpY4iQvu/waterkit/notification
Release	Run MarcoIeni/release-plz-action@v0.5	2026-02-21T16:29:59.4474431Z [2m2026-02-21T16:29:59.447214Z[0m [32m INFO[0m Getting packaged files for crate at /tmp/.tmpY4iQvu/waterkit/notification
Release	Run MarcoIeni/release-plz-action@v0.5	2026-02-21T16:29:59.5174828Z [2m2026-02-21T16:29:59.517212Z[0m [32m INFO[0m Getting packaged files for crate at /tmp/.tmpY4iQvu/waterkit/notification
Release	Run MarcoIeni/release-plz-action@v0.5	2026-02-21T16:29:59.5862372Z [2m2026-02-21T16:29:59.586046Z[0m [32m INFO[0m Getting packaged files for crate at /tmp/.tmpY4iQvu/waterkit/notification
Release	Run MarcoIeni/release-plz-action@v0.5	2026-02-21T16:29:59.6658246Z [2m2026-02-21T16:29:59.665595Z[0m [32m INFO[0m Getting packaged files for crate at /tmp/.tmpY4iQvu/waterkit/notification
Release	Run MarcoIeni/release-plz-action@v0.5	2026-02-21T16:29:59.8361481Z [2m2026-02-21T16:29:59.835932Z[0m [32m INFO[0m determining next version for waterkit-passkey 0.1.0
Release	Run MarcoIeni/release-plz-action@v0.5	2026-02-21T16:30:00.0976275Z [2m2026-02-21T16:30:00.097394Z[0m [32m INFO[0m Getting packaged files for crate at /tmp/.tmpY4iQvu/waterkit/passkey
Release	Run MarcoIeni/release-plz-action@v0.5	2026-02-21T16:30:00.1730208Z [2m2026-02-21T16:30:00.172823Z[0m [32m INFO[0m Getting packaged files for crate at /tmp/.tmpY4iQvu/waterkit/passkey
Release	Run MarcoIeni/release-plz-action@v0.5	2026-02-21T16:30:00.2479459Z [2m2026-02-21T16:30:00.247702Z[0m [32m INFO[0m Getting packaged files for crate at /tmp/.tmpY4iQvu/waterkit/passkey
Release	Run MarcoIeni/release-plz-action@v0.5	2026-02-21T16:30:00.3223520Z [2m2026-02-21T16:30:00.322093Z[0m [32m INFO[0m Getting packaged files for crate at /tmp/.tmpY4iQvu/waterkit/passkey
Release	Run MarcoIeni/release-plz-action@v0.5	2026-02-21T16:30:00.3994327Z [2m2026-02-21T16:30:00.399184Z[0m [32m INFO[0m Getting packaged files for crate at /tmp/.tmpY4iQvu/waterkit/passkey
Release	Run MarcoIeni/release-plz-action@v0.5	2026-02-21T16:30:00.4843504Z [2m2026-02-21T16:30:00.484108Z[0m [32m INFO[0m determining next version for waterkit-screen 0.1.0
Release	Run MarcoIeni/release-plz-action@v0.5	2026-02-21T16:30:00.5737464Z [2m2026-02-21T16:30:00.573527Z[0m [32m INFO[0m Getting packaged files for crate at /tmp/.tmpY4iQvu/waterkit/screen
Release	Run MarcoIeni/release-plz-action@v0.5	2026-02-21T16:30:00.6559247Z [2m2026-02-21T16:30:00.655698Z[0m [32m INFO[0m Getting packaged files for crate at /tmp/.tmpY4iQvu/waterkit/screen
Release	Run MarcoIeni/release-plz-action@v0.5	2026-02-21T16:30:00.7302006Z [2m2026-02-21T16:30:00.729970Z[0m [32m INFO[0m Getting packaged files for crate at /tmp/.tmpY4iQvu/waterkit/screen
Release	Run MarcoIeni/release-plz-action@v0.5	2026-02-21T16:30:00.8055698Z [2m2026-02-21T16:30:00.805338Z[0m [32m INFO[0m Getting packaged files for crate at /tmp/.tmpY4iQvu/waterkit/screen
Release	Run MarcoIeni/release-plz-action@v0.5	2026-02-21T16:30:00.8889896Z [2m2026-02-21T16:30:00.888841Z[0m [32m INFO[0m Getting packaged files for crate at /tmp/.tmpY4iQvu/waterkit/screen
Release	Run MarcoIeni/release-plz-action@v0.5	2026-02-21T16:30:00.9596021Z [2m2026-02-21T16:30:00.959416Z[0m [32m INFO[0m Getting packaged files for crate at /tmp/.tmpY4iQvu/waterkit/screen
Release	Run MarcoIeni/release-plz-action@v0.5	2026-02-21T16:30:01.0322399Z [2m2026-02-21T16:30:01.032052Z[0m [32m INFO[0m Getting packaged files for crate at /tmp/.tmpY4iQvu/waterkit/screen
Release	Run MarcoIeni/release-plz-action@v0.5	2026-02-21T16:30:01.1004947Z [2m2026-02-21T16:30:01.100266Z[0m [32m INFO[0m Getting packaged files for crate at /tmp/.tmpY4iQvu/waterkit/screen
Release	Run MarcoIeni/release-plz-action@v0.5	2026-02-21T16:30:01.1718119Z [2m2026-02-21T16:30:01.171592Z[0m [32m INFO[0m Getting packaged files for crate at /tmp/.tmpY4iQvu/waterkit/screen
Release	Run MarcoIeni/release-plz-action@v0.5	2026-02-21T16:30:01.2475902Z [2m2026-02-21T16:30:01.247355Z[0m [32m INFO[0m Getting packaged files for crate at /tmp/.tmpY4iQvu/waterkit/screen
Release	Run MarcoIeni/release-plz-action@v0.5	2026-02-21T16:30:01.3228283Z [2m2026-02-21T16:30:01.322592Z[0m [32m INFO[0m Getting packaged files for crate at /tmp/.tmpY4iQvu/waterkit/screen
Release	Run MarcoIeni/release-plz-action@v0.5	2026-02-21T16:30:01.3907293Z [2m2026-02-21T16:30:01.390543Z[0m [32m INFO[0m Getting packaged files for crate at /tmp/.tmpY4iQvu/waterkit/screen
Release	Run MarcoIeni/release-plz-action@v0.5	2026-02-21T16:30:01.4533133Z [2m2026-02-21T16:30:01.453085Z[0m [32m INFO[0m Getting packaged files for crate at /tmp/.tmpY4iQvu/waterkit/screen
Release	Run MarcoIeni/release-plz-action@v0.5	2026-02-21T16:30:01.5164445Z [2m2026-02-21T16:30:01.516178Z[0m [32m INFO[0m Getting packaged files for crate at /tmp/.tmpY4iQvu/waterkit/screen
Release	Run MarcoIeni/release-plz-action@v0.5	2026-02-21T16:30:01.5791277Z [2m2026-02-21T16:30:01.578899Z[0m [32m INFO[0m Getting packaged files for crate at /tmp/.tmpY4iQvu/waterkit/screen
Release	Run MarcoIeni/release-plz-action@v0.5	2026-02-21T16:30:01.6448215Z [2m2026-02-21T16:30:01.644607Z[0m [32m INFO[0m Getting packaged files for crate at /tmp/.tmpY4iQvu/waterkit/screen
Release	Run MarcoIeni/release-plz-action@v0.5	2026-02-21T16:30:01.7132883Z [2m2026-02-21T16:30:01.713089Z[0m [32m INFO[0m Getting packaged files for crate at /tmp/.tmpY4iQvu/waterkit/screen
Release	Run MarcoIeni/release-plz-action@v0.5	2026-02-21T16:30:01.7847537Z [2m2026-02-21T16:30:01.784506Z[0m [32m INFO[0m Getting packaged files for crate at /tmp/.tmpY4iQvu/waterkit/screen
Release	Run MarcoIeni/release-plz-action@v0.5	2026-02-21T16:30:01.8546029Z [2m2026-02-21T16:30:01.854402Z[0m [32m INFO[0m Getting packaged files for crate at /tmp/.tmpY4iQvu/waterkit/screen
Release	Run MarcoIeni/release-plz-action@v0.5	2026-02-21T16:30:01.9251248Z [2m2026-02-21T16:30:01.924899Z[0m [32m INFO[0m Getting packaged files for crate at /tmp/.tmpY4iQvu/waterkit/screen
Release	Run MarcoIeni/release-plz-action@v0.5	2026-02-21T16:30:01.9955463Z [2m2026-02-21T16:30:01.995297Z[0m [32m INFO[0m Getting packaged files for crate at /tmp/.tmpY4iQvu/waterkit/screen
Release	Run MarcoIeni/release-plz-action@v0.5	2026-02-21T16:30:02.0644806Z [2m2026-02-21T16:30:02.064264Z[0m [32m INFO[0m Getting packaged files for crate at /tmp/.tmpY4iQvu/waterkit/screen
Release	Run MarcoIeni/release-plz-action@v0.5	2026-02-21T16:30:02.1265059Z [2m2026-02-21T16:30:02.126250Z[0m [32m INFO[0m Getting packaged files for crate at /tmp/.tmpY4iQvu/waterkit/screen
Release	Run MarcoIeni/release-plz-action@v0.5	2026-02-21T16:30:02.1880903Z [2m2026-02-21T16:30:02.187838Z[0m [32m INFO[0m Getting packaged files for crate at /tmp/.tmpY4iQvu/waterkit/screen
Release	Run MarcoIeni/release-plz-action@v0.5	2026-02-21T16:30:02.2489694Z [2m2026-02-21T16:30:02.248716Z[0m [32m INFO[0m Getting packaged files for crate at /tmp/.tmpY4iQvu/waterkit/screen
Release	Run MarcoIeni/release-plz-action@v0.5	2026-02-21T16:30:02.3221495Z [2m2026-02-21T16:30:02.321899Z[0m [32m INFO[0m Getting packaged files for crate at /tmp/.tmpY4iQvu/waterkit/screen
Release	Run MarcoIeni/release-plz-action@v0.5	2026-02-21T16:30:02.3839088Z [2m2026-02-21T16:30:02.383710Z[0m [32m INFO[0m Getting packaged files for crate at /tmp/.tmpY4iQvu/waterkit/screen
Release	Run MarcoIeni/release-plz-action@v0.5	2026-02-21T16:30:02.4456130Z [2m2026-02-21T16:30:02.445365Z[0m [32m INFO[0m Getting packaged files for crate at /tmp/.tmpY4iQvu/waterkit/screen
Release	Run MarcoIeni/release-plz-action@v0.5	2026-02-21T16:30:02.5064213Z [2m2026-02-21T16:30:02.506144Z[0m [32m INFO[0m Getting packaged files for crate at /tmp/.tmpY4iQvu/waterkit/screen
Release	Run MarcoIeni/release-plz-action@v0.5	2026-02-21T16:30:02.5709481Z [2m2026-02-21T16:30:02.570723Z[0m [32m INFO[0m Getting packaged files for crate at /tmp/.tmpY4iQvu/waterkit/screen
Release	Run MarcoIeni/release-plz-action@v0.5	2026-02-21T16:30:02.5857647Z [2m2026-02-21T16:30:02.585556Z[0m [32m INFO[0m Getting packaged files for crate at /tmp/.tmpY4iQvu/waterkit/screen
Release	Run MarcoIeni/release-plz-action@v0.5	2026-02-21T16:30:02.5979627Z [2m2026-02-21T16:30:02.597755Z[0m [32m INFO[0m Getting packaged files for crate at /tmp/.tmpY4iQvu/waterkit/screen
Release	Run MarcoIeni/release-plz-action@v0.5	2026-02-21T16:30:02.7349936Z [2m2026-02-21T16:30:02.734781Z[0m [32m INFO[0m determining next version for waterkit-secret 0.1.0
Release	Run MarcoIeni/release-plz-action@v0.5	2026-02-21T16:30:02.9938334Z [2m2026-02-21T16:30:02.993592Z[0m [32m INFO[0m Getting packaged files for crate at /tmp/.tmpY4iQvu/waterkit/secret
Release	Run MarcoIeni/release-plz-action@v0.5	2026-02-21T16:30:03.1925352Z [2m2026-02-21T16:30:03.192315Z[0m [32m INFO[0m Getting packaged files for crate at /tmp/.tmpY4iQvu/waterkit/secret
Release	Run MarcoIeni/release-plz-action@v0.5	2026-02-21T16:30:03.2727079Z [2m2026-02-21T16:30:03.272516Z[0m [32m INFO[0m Getting packaged files for crate at /tmp/.tmpY4iQvu/waterkit/secret
Release	Run MarcoIeni/release-plz-action@v0.5	2026-02-21T16:30:03.3556726Z [2m2026-02-21T16:30:03.355434Z[0m [32m INFO[0m Getting packaged files for crate at /tmp/.tmpY4iQvu/waterkit/secret
Release	Run MarcoIeni/release-plz-action@v0.5	2026-02-21T16:30:03.4309112Z [2m2026-02-21T16:30:03.430668Z[0m [32m INFO[0m Getting packaged files for crate at /tmp/.tmpY4iQvu/waterkit/secret
Release	Run MarcoIeni/release-plz-action@v0.5	2026-02-21T16:30:03.5144655Z [2m2026-02-21T16:30:03.514217Z[0m [32m INFO[0m Getting packaged files for crate at /tmp/.tmpY4iQvu/waterkit/secret
Release	Run MarcoIeni/release-plz-action@v0.5	2026-02-21T16:30:03.5791627Z [2m2026-02-21T16:30:03.578922Z[0m [32m INFO[0m Getting packaged files for crate at /tmp/.tmpY4iQvu/waterkit/secret
Release	Run MarcoIeni/release-plz-action@v0.5	2026-02-21T16:30:03.6469209Z [2m2026-02-21T16:30:03.646722Z[0m [32m INFO[0m Getting packaged files for crate at /tmp/.tmpY4iQvu/waterkit/secret
Release	Run MarcoIeni/release-plz-action@v0.5	2026-02-21T16:30:03.7184570Z [2m2026-02-21T16:30:03.718223Z[0m [32m INFO[0m Getting packaged files for crate at /tmp/.tmpY4iQvu/waterkit/secret
Release	Run MarcoIeni/release-plz-action@v0.5	2026-02-21T16:30:03.7915893Z [2m2026-02-21T16:30:03.791390Z[0m [32m INFO[0m Getting packaged files for crate at /tmp/.tmpY4iQvu/waterkit/secret
Release	Run MarcoIeni/release-plz-action@v0.5	2026-02-21T16:30:03.8626066Z [2m2026-02-21T16:30:03.862398Z[0m [32m INFO[0m Getting packaged files for crate at /tmp/.tmpY4iQvu/waterkit/secret
Release	Run MarcoIeni/release-plz-action@v0.5	2026-02-21T16:30:03.9427657Z [2m2026-02-21T16:30:03.942573Z[0m [32m INFO[0m Getting packaged files for crate at /tmp/.tmpY4iQvu/waterkit/secret
Release	Run MarcoIeni/release-plz-action@v0.5	2026-02-21T16:30:04.1140189Z [2m2026-02-21T16:30:04.113821Z[0m [32m INFO[0m determining next version for waterkit-sensor 0.1.0
Release	Run MarcoIeni/release-plz-action@v0.5	2026-02-21T16:30:04.3809072Z [2m2026-02-21T16:30:04.380742Z[0m [32m INFO[0m Getting packaged files for crate at /tmp/.tmpY4iQvu/waterkit/sensor
Release	Run MarcoIeni/release-plz-action@v0.5	2026-02-21T16:30:04.5692501Z [2m2026-02-21T16:30:04.569083Z[0m [32m INFO[0m Getting packaged files for crate at /tmp/.tmpY4iQvu/waterkit/sensor
Release	Run MarcoIeni/release-plz-action@v0.5	2026-02-21T16:30:04.7542415Z [2m2026-02-21T16:30:04.754028Z[0m [32m INFO[0m Getting packaged files for crate at /tmp/.tmpY4iQvu/waterkit/sensor
Release	Run MarcoIeni/release-plz-action@v0.5	2026-02-21T16:30:04.9391029Z [2m2026-02-21T16:30:04.938914Z[0m [32m INFO[0m Getting packaged files for crate at /tmp/.tmpY4iQvu/waterkit/sensor
Release	Run MarcoIeni/release-plz-action@v0.5	2026-02-21T16:30:05.1270457Z [2m2026-02-21T16:30:05.126864Z[0m [32m INFO[0m Getting packaged files for crate at /tmp/.tmpY4iQvu/waterkit/sensor
Release	Run MarcoIeni/release-plz-action@v0.5	2026-02-21T16:30:05.1949141Z [2m2026-02-21T16:30:05.194726Z[0m [32m INFO[0m Getting packaged files for crate at /tmp/.tmpY4iQvu/waterkit/sensor
Release	Run MarcoIeni/release-plz-action@v0.5	2026-02-21T16:30:05.2644548Z [2m2026-02-21T16:30:05.264261Z[0m [32m INFO[0m Getting packaged files for crate at /tmp/.tmpY4iQvu/waterkit/sensor
Release	Run MarcoIeni/release-plz-action@v0.5	2026-02-21T16:30:05.3338341Z [2m2026-02-21T16:30:05.333633Z[0m [32m INFO[0m Getting packaged files for crate at /tmp/.tmpY4iQvu/waterkit/sensor
Release	Run MarcoIeni/release-plz-action@v0.5	2026-02-21T16:30:05.4029640Z [2m2026-02-21T16:30:05.402788Z[0m [32m INFO[0m Getting packaged files for crate at /tmp/.tmpY4iQvu/waterkit/sensor
Release	Run MarcoIeni/release-plz-action@v0.5	2026-02-21T16:30:05.4717583Z [2m2026-02-21T16:30:05.471524Z[0m [32m INFO[0m Getting packaged files for crate at /tmp/.tmpY4iQvu/waterkit/sensor
Release	Run MarcoIeni/release-plz-action@v0.5	2026-02-21T16:30:05.5460782Z [2m2026-02-21T16:30:05.545870Z[0m [32m INFO[0m Getting packaged files for crate at /tmp/.tmpY4iQvu/waterkit/sensor
Release	Run MarcoIeni/release-plz-action@v0.5	2026-02-21T16:30:05.6271717Z [2m2026-02-21T16:30:05.627002Z[0m [32m INFO[0m Getting packaged files for crate at /tmp/.tmpY4iQvu/waterkit/sensor
Release	Run MarcoIeni/release-plz-action@v0.5	2026-02-21T16:30:05.7030245Z [2m2026-02-21T16:30:05.702837Z[0m [32m INFO[0m Getting packaged files for crate at /tmp/.tmpY4iQvu/waterkit/sensor
Release	Run MarcoIeni/release-plz-action@v0.5	2026-02-21T16:30:05.7744064Z [2m2026-02-21T16:30:05.774203Z[0m [32m INFO[0m Getting packaged files for crate at /tmp/.tmpY4iQvu/waterkit/sensor
Release	Run MarcoIeni/release-plz-action@v0.5	2026-02-21T16:30:05.8387630Z [2m2026-02-21T16:30:05.838546Z[0m [32m INFO[0m Getting packaged files for crate at /tmp/.tmpY4iQvu/waterkit/sensor
Release	Run MarcoIeni/release-plz-action@v0.5	2026-02-21T16:30:05.9051240Z [2m2026-02-21T16:30:05.904949Z[0m [32m INFO[0m Getting packaged files for crate at /tmp/.tmpY4iQvu/waterkit/sensor
Release	Run MarcoIeni/release-plz-action@v0.5	2026-02-21T16:30:05.9729262Z [2m2026-02-21T16:30:05.972725Z[0m [32m INFO[0m Getting packaged files for crate at /tmp/.tmpY4iQvu/waterkit/sensor
Release	Run MarcoIeni/release-plz-action@v0.5	2026-02-21T16:30:06.0353118Z [2m2026-02-21T16:30:06.035062Z[0m [32m INFO[0m Getting packaged files for crate at /tmp/.tmpY4iQvu/waterkit/sensor
Release	Run MarcoIeni/release-plz-action@v0.5	2026-02-21T16:30:06.0943543Z [2m2026-02-21T16:30:06.094164Z[0m [32m INFO[0m Getting packaged files for crate at /tmp/.tmpY4iQvu/waterkit/sensor
Release	Run MarcoIeni/release-plz-action@v0.5	2026-02-21T16:30:06.1552198Z [2m2026-02-21T16:30:06.155005Z[0m [32m INFO[0m Getting packaged files for crate at /tmp/.tmpY4iQvu/waterkit/sensor
Release	Run MarcoIeni/release-plz-action@v0.5	2026-02-21T16:30:06.2253392Z [2m2026-02-21T16:30:06.225115Z[0m [32m INFO[0m Getting packaged files for crate at /tmp/.tmpY4iQvu/waterkit/sensor
Release	Run MarcoIeni/release-plz-action@v0.5	2026-02-21T16:30:06.2861968Z [2m2026-02-21T16:30:06.285977Z[0m [32m INFO[0m Getting packaged files for crate at /tmp/.tmpY4iQvu/waterkit/sensor
Release	Run MarcoIeni/release-plz-action@v0.5	2026-02-21T16:30:06.3557353Z [2m2026-02-21T16:30:06.355501Z[0m [32m INFO[0m Getting packaged files for crate at /tmp/.tmpY4iQvu/waterkit/sensor
Release	Run MarcoIeni/release-plz-action@v0.5	2026-02-21T16:30:06.4369693Z [2m2026-02-21T16:30:06.436750Z[0m [32m INFO[0m Getting packaged files for crate at /tmp/.tmpY4iQvu/waterkit/sensor
Release	Run MarcoIeni/release-plz-action@v0.5	2026-02-21T16:30:06.6097806Z [2m2026-02-21T16:30:06.609566Z[0m [32m INFO[0m determining next version for waterkit-share 0.1.0
Release	Run MarcoIeni/release-plz-action@v0.5	2026-02-21T16:30:06.7355045Z [2m2026-02-21T16:30:06.735199Z[0m [33m WARN[0m README path '/tmp/.tmpY4iQvu/waterkit/share/README.md' doesn't exist for package 'waterkit-share'. Hint: ensure the path set in Cargo.toml points to a file that exists and is included in the crate.
Release	Run MarcoIeni/release-plz-action@v0.5	2026-02-21T16:30:06.8724838Z [2m2026-02-21T16:30:06.872154Z[0m [33m WARN[0m README path '/tmp/.tmpY4iQvu/waterkit/share/README.md' doesn't exist for package 'waterkit-share'. Hint: ensure the path set in Cargo.toml points to a file that exists and is included in the crate.
Release	Run MarcoIeni/release-plz-action@v0.5	2026-02-21T16:30:06.8754399Z [2m2026-02-21T16:30:06.875274Z[0m [32m INFO[0m Getting packaged files for crate at /tmp/.tmpY4iQvu/waterkit/share
Release	Run MarcoIeni/release-plz-action@v0.5	2026-02-21T16:30:07.0682966Z [2m2026-02-21T16:30:07.068100Z[0m [32m INFO[0m Getting packaged files for crate at /tmp/.tmpY4iQvu/waterkit/share
Release	Run MarcoIeni/release-plz-action@v0.5	2026-02-21T16:30:07.1430876Z [2m2026-02-21T16:30:07.142851Z[0m [32m INFO[0m Getting packaged files for crate at /tmp/.tmpY4iQvu/waterkit/share
Release	Run MarcoIeni/release-plz-action@v0.5	2026-02-21T16:30:07.2257706Z [2m2026-02-21T16:30:07.225548Z[0m [32m INFO[0m determining next version for waterkit-speech 0.1.0
Release	Run MarcoIeni/release-plz-action@v0.5	2026-02-21T16:30:07.2334956Z [2m2026-02-21T16:30:07.233248Z[0m [33m WARN[0m README path '/tmp/.tmpY4iQvu/waterkit/speech/README.md' doesn't exist for package 'waterkit-speech'. Hint: ensure the path set in Cargo.toml points to a file that exists and is included in the crate.
Release	Run MarcoIeni/release-plz-action@v0.5	2026-02-21T16:30:07.2455369Z [2m2026-02-21T16:30:07.245278Z[0m [33m WARN[0m README path '/tmp/.tmpY4iQvu/waterkit/speech/README.md' doesn't exist for package 'waterkit-speech'. Hint: ensure the path set in Cargo.toml points to a file that exists and is included in the crate.
Release	Run MarcoIeni/release-plz-action@v0.5	2026-02-21T16:30:07.2484288Z [2m2026-02-21T16:30:07.248277Z[0m [32m INFO[0m Getting packaged files for crate at /tmp/.tmpY4iQvu/waterkit/speech
Release	Run MarcoIeni/release-plz-action@v0.5	2026-02-21T16:30:07.3235076Z [2m2026-02-21T16:30:07.323295Z[0m [32m INFO[0m Getting packaged files for crate at /tmp/.tmpY4iQvu/waterkit/speech
Release	Run MarcoIeni/release-plz-action@v0.5	2026-02-21T16:30:07.4032654Z [2m2026-02-21T16:30:07.403086Z[0m [32m INFO[0m Getting packaged files for crate at /tmp/.tmpY4iQvu/waterkit/speech
Release	Run MarcoIeni/release-plz-action@v0.5	2026-02-21T16:30:07.4831194Z [2m2026-02-21T16:30:07.482929Z[0m [32m INFO[0m Getting packaged files for crate at /tmp/.tmpY4iQvu/waterkit/speech
Release	Run MarcoIeni/release-plz-action@v0.5	2026-02-21T16:30:07.5581570Z [2m2026-02-21T16:30:07.557961Z[0m [32m INFO[0m Getting packaged files for crate at /tmp/.tmpY4iQvu/waterkit/speech
Release	Run MarcoIeni/release-plz-action@v0.5	2026-02-21T16:30:07.6333702Z [2m2026-02-21T16:30:07.633140Z[0m [32m INFO[0m Getting packaged files for crate at /tmp/.tmpY4iQvu/waterkit/speech
Release	Run MarcoIeni/release-plz-action@v0.5	2026-02-21T16:30:07.7168026Z [2m2026-02-21T16:30:07.716549Z[0m [32m INFO[0m determining next version for waterkit-system 0.1.0
Release	Run MarcoIeni/release-plz-action@v0.5	2026-02-21T16:30:07.7430293Z [2m2026-02-21T16:30:07.742820Z[0m [32m INFO[0m Getting packaged files for crate at /tmp/.tmpY4iQvu/waterkit/system
Release	Run MarcoIeni/release-plz-action@v0.5	2026-02-21T16:30:07.8220297Z [2m2026-02-21T16:30:07.821824Z[0m [32m INFO[0m Getting packaged files for crate at /tmp/.tmpY4iQvu/waterkit/system
Release	Run MarcoIeni/release-plz-action@v0.5	2026-02-21T16:30:07.9054892Z [2m2026-02-21T16:30:07.905278Z[0m [32m INFO[0m Getting packaged files for crate at /tmp/.tmpY4iQvu/waterkit/system
Release	Run MarcoIeni/release-plz-action@v0.5	2026-02-21T16:30:07.9859698Z [2m2026-02-21T16:30:07.985764Z[0m [32m INFO[0m Getting packaged files for crate at /tmp/.tmpY4iQvu/waterkit/system
Release	Run MarcoIeni/release-plz-action@v0.5	2026-02-21T16:30:08.0566733Z [2m2026-02-21T16:30:08.056491Z[0m [32m INFO[0m Getting packaged files for crate at /tmp/.tmpY4iQvu/waterkit/system
Release	Run MarcoIeni/release-plz-action@v0.5	2026-02-21T16:30:08.1262779Z [2m2026-02-21T16:30:08.126074Z[0m [32m INFO[0m Getting packaged files for crate at /tmp/.tmpY4iQvu/waterkit/system
Release	Run MarcoIeni/release-plz-action@v0.5	2026-02-21T16:30:08.1988703Z [2m2026-02-21T16:30:08.198669Z[0m [32m INFO[0m Getting packaged files for crate at /tmp/.tmpY4iQvu/waterkit/system
Release	Run MarcoIeni/release-plz-action@v0.5	2026-02-21T16:30:08.2724287Z [2m2026-02-21T16:30:08.272200Z[0m [32m INFO[0m Getting packaged files for crate at /tmp/.tmpY4iQvu/waterkit/system
Release	Run MarcoIeni/release-plz-action@v0.5	2026-02-21T16:30:08.3455087Z [2m2026-02-21T16:30:08.345270Z[0m [32m INFO[0m Getting packaged files for crate at /tmp/.tmpY4iQvu/waterkit/system
Release	Run MarcoIeni/release-plz-action@v0.5	2026-02-21T16:30:08.4172927Z [2m2026-02-21T16:30:08.417046Z[0m [32m INFO[0m Getting packaged files for crate at /tmp/.tmpY4iQvu/waterkit/system
Release	Run MarcoIeni/release-plz-action@v0.5	2026-02-21T16:30:08.4868957Z [2m2026-02-21T16:30:08.486642Z[0m [32m INFO[0m Getting packaged files for crate at /tmp/.tmpY4iQvu/waterkit/system
Release	Run MarcoIeni/release-plz-action@v0.5	2026-02-21T16:30:08.5512691Z [2m2026-02-21T16:30:08.551025Z[0m [32m INFO[0m Getting packaged files for crate at /tmp/.tmpY4iQvu/waterkit/system
Release	Run MarcoIeni/release-plz-action@v0.5	2026-02-21T16:30:08.6232797Z [2m2026-02-21T16:30:08.623068Z[0m [32m INFO[0m Getting packaged files for crate at /tmp/.tmpY4iQvu/waterkit/system
Release	Run MarcoIeni/release-plz-action@v0.5	2026-02-21T16:30:08.6944589Z [2m2026-02-21T16:30:08.694203Z[0m [32m INFO[0m Getting packaged files for crate at /tmp/.tmpY4iQvu/waterkit/system
Release	Run MarcoIeni/release-plz-action@v0.5	2026-02-21T16:30:08.7647688Z [2m2026-02-21T16:30:08.764603Z[0m [32m INFO[0m Getting packaged files for crate at /tmp/.tmpY4iQvu/waterkit/system
Release	Run MarcoIeni/release-plz-action@v0.5	2026-02-21T16:30:08.8330741Z [2m2026-02-21T16:30:08.832874Z[0m [32m INFO[0m Getting packaged files for crate at /tmp/.tmpY4iQvu/waterkit/system
Release	Run MarcoIeni/release-plz-action@v0.5	2026-02-21T16:30:08.9076577Z [2m2026-02-21T16:30:08.907445Z[0m [32m INFO[0m Getting packaged files for crate at /tmp/.tmpY4iQvu/waterkit/system
Release	Run MarcoIeni/release-plz-action@v0.5	2026-02-21T16:30:09.0798650Z [2m2026-02-21T16:30:09.079644Z[0m [32m INFO[0m determining next version for waterkit-video 0.1.0
Release	Run MarcoIeni/release-plz-action@v0.5	2026-02-21T16:30:09.3357087Z [2m2026-02-21T16:30:09.335469Z[0m [32m INFO[0m Getting packaged files for crate at /tmp/.tmpY4iQvu/waterkit/video
Release	Run MarcoIeni/release-plz-action@v0.5	2026-02-21T16:30:09.5252869Z [2m2026-02-21T16:30:09.525035Z[0m [32m INFO[0m Getting packaged files for crate at /tmp/.tmpY4iQvu/waterkit/video
Release	Run MarcoIeni/release-plz-action@v0.5	2026-02-21T16:30:09.7175394Z [2m2026-02-21T16:30:09.717301Z[0m [32m INFO[0m Getting packaged files for crate at /tmp/.tmpY4iQvu/waterkit/video
Release	Run MarcoIeni/release-plz-action@v0.5	2026-02-21T16:30:09.9045022Z [2m2026-02-21T16:30:09.904302Z[0m [32m INFO[0m Getting packaged files for crate at /tmp/.tmpY4iQvu/waterkit/video
Release	Run MarcoIeni/release-plz-action@v0.5	2026-02-21T16:30:10.1002044Z [2m2026-02-21T16:30:10.099980Z[0m [32m INFO[0m Getting packaged files for crate at /tmp/.tmpY4iQvu/waterkit/video
Release	Run MarcoIeni/release-plz-action@v0.5	2026-02-21T16:30:10.1632779Z [2m2026-02-21T16:30:10.163036Z[0m [32m INFO[0m Getting packaged files for crate at /tmp/.tmpY4iQvu/waterkit/video
Release	Run MarcoIeni/release-plz-action@v0.5	2026-02-21T16:30:10.2336413Z [2m2026-02-21T16:30:10.233426Z[0m [32m INFO[0m Getting packaged files for crate at /tmp/.tmpY4iQvu/waterkit/video
Release	Run MarcoIeni/release-plz-action@v0.5	2026-02-21T16:30:10.3042073Z [2m2026-02-21T16:30:10.303985Z[0m [32m INFO[0m Getting packaged files for crate at /tmp/.tmpY4iQvu/waterkit/video
Release	Run MarcoIeni/release-plz-action@v0.5	2026-02-21T16:30:10.3748834Z [2m2026-02-21T16:30:10.374635Z[0m [32m INFO[0m Getting packaged files for crate at /tmp/.tmpY4iQvu/waterkit/video
Release	Run MarcoIeni/release-plz-action@v0.5	2026-02-21T16:30:10.4443175Z [2m2026-02-21T16:30:10.444076Z[0m [32m INFO[0m Getting packaged files for crate at /tmp/.tmpY4iQvu/waterkit/video
Release	Run MarcoIeni/release-plz-action@v0.5	2026-02-21T16:30:10.5069403Z [2m2026-02-21T16:30:10.506695Z[0m [32m INFO[0m Getting packaged files for crate at /tmp/.tmpY4iQvu/waterkit/video
Release	Run MarcoIeni/release-plz-action@v0.5	2026-02-21T16:30:10.5921214Z [2m2026-02-21T16:30:10.591895Z[0m [32m INFO[0m determining next version for waterkit 0.1.0
Release	Run MarcoIeni/release-plz-action@v0.5	2026-02-21T16:30:10.6203690Z [2m2026-02-21T16:30:10.620193Z[0m [32m INFO[0m Getting packaged files for crate at /tmp/.tmpY4iQvu/waterkit/
Release	Run MarcoIeni/release-plz-action@v0.5	2026-02-21T16:30:10.7116455Z [2m2026-02-21T16:30:10.711410Z[0m [32m INFO[0m Getting packaged files for crate at /tmp/.tmpY4iQvu/waterkit/
Release	Run MarcoIeni/release-plz-action@v0.5	2026-02-21T16:30:10.7981327Z [2m2026-02-21T16:30:10.797904Z[0m [32m INFO[0m Getting packaged files for crate at /tmp/.tmpY4iQvu/waterkit/
Release	Run MarcoIeni/release-plz-action@v0.5	2026-02-21T16:30:10.8851066Z [2m2026-02-21T16:30:10.884930Z[0m [32m INFO[0m Getting packaged files for crate at /tmp/.tmpY4iQvu/waterkit/
Release	Run MarcoIeni/release-plz-action@v0.5	2026-02-21T16:30:10.9706038Z [2m2026-02-21T16:30:10.970380Z[0m [32m INFO[0m Getting packaged files for crate at /tmp/.tmpY4iQvu/waterkit/
Release	Run MarcoIeni/release-plz-action@v0.5	2026-02-21T16:30:11.0555009Z [2m2026-02-21T16:30:11.055299Z[0m [32m INFO[0m Getting packaged files for crate at /tmp/.tmpY4iQvu/waterkit/
Release	Run MarcoIeni/release-plz-action@v0.5	2026-02-21T16:30:11.1297695Z [2m2026-02-21T16:30:11.129536Z[0m [32m INFO[0m Getting packaged files for crate at /tmp/.tmpY4iQvu/waterkit/
Release	Run MarcoIeni/release-plz-action@v0.5	2026-02-21T16:30:11.2036318Z [2m2026-02-21T16:30:11.203400Z[0m [32m INFO[0m Getting packaged files for crate at /tmp/.tmpY4iQvu/waterkit/
Release	Run MarcoIeni/release-plz-action@v0.5	2026-02-21T16:30:11.2781131Z [2m2026-02-21T16:30:11.277869Z[0m [32m INFO[0m Getting packaged files for crate at /tmp/.tmpY4iQvu/waterkit/
Release	Run MarcoIeni/release-plz-action@v0.5	2026-02-21T16:30:11.3528252Z [2m2026-02-21T16:30:11.352586Z[0m [32m INFO[0m Getting packaged files for crate at /tmp/.tmpY4iQvu/waterkit/
Release	Run MarcoIeni/release-plz-action@v0.5	2026-02-21T16:30:11.4282387Z [2m2026-02-21T16:30:11.428005Z[0m [32m INFO[0m Getting packaged files for crate at /tmp/.tmpY4iQvu/waterkit/
Release	Run MarcoIeni/release-plz-action@v0.5	2026-02-21T16:30:11.5043910Z [2m2026-02-21T16:30:11.504144Z[0m [32m INFO[0m Getting packaged files for crate at /tmp/.tmpY4iQvu/waterkit/
Release	Run MarcoIeni/release-plz-action@v0.5	2026-02-21T16:30:11.5793553Z [2m2026-02-21T16:30:11.579118Z[0m [32m INFO[0m Getting packaged files for crate at /tmp/.tmpY4iQvu/waterkit/
Release	Run MarcoIeni/release-plz-action@v0.5	2026-02-21T16:30:11.6550736Z [2m2026-02-21T16:30:11.654845Z[0m [32m INFO[0m Getting packaged files for crate at /tmp/.tmpY4iQvu/waterkit/
Release	Run MarcoIeni/release-plz-action@v0.5	2026-02-21T16:30:11.7305994Z [2m2026-02-21T16:30:11.730375Z[0m [32m INFO[0m Getting packaged files for crate at /tmp/.tmpY4iQvu/waterkit/
Release	Run MarcoIeni/release-plz-action@v0.5	2026-02-21T16:30:11.8052133Z [2m2026-02-21T16:30:11.804973Z[0m [32m INFO[0m Getting packaged files for crate at /tmp/.tmpY4iQvu/waterkit/
Release	Run MarcoIeni/release-plz-action@v0.5	2026-02-21T16:30:11.8805059Z [2m2026-02-21T16:30:11.880251Z[0m [32m INFO[0m Getting packaged files for crate at /tmp/.tmpY4iQvu/waterkit/
Release	Run MarcoIeni/release-plz-action@v0.5	2026-02-21T16:30:11.9560035Z [2m2026-02-21T16:30:11.955765Z[0m [32m INFO[0m Getting packaged files for crate at /tmp/.tmpY4iQvu/waterkit/
Release	Run MarcoIeni/release-plz-action@v0.5	2026-02-21T16:30:12.0334988Z [2m2026-02-21T16:30:12.033242Z[0m [32m INFO[0m Getting packaged files for crate at /tmp/.tmpY4iQvu/waterkit/
Release	Run MarcoIeni/release-plz-action@v0.5	2026-02-21T16:30:12.1119516Z [2m2026-02-21T16:30:12.111719Z[0m [32m INFO[0m Getting packaged files for crate at /tmp/.tmpY4iQvu/waterkit/
Release	Run MarcoIeni/release-plz-action@v0.5	2026-02-21T16:30:12.1878607Z [2m2026-02-21T16:30:12.187625Z[0m [32m INFO[0m Getting packaged files for crate at /tmp/.tmpY4iQvu/waterkit/
Release	Run MarcoIeni/release-plz-action@v0.5	2026-02-21T16:30:12.2633687Z [2m2026-02-21T16:30:12.263107Z[0m [32m INFO[0m Getting packaged files for crate at /tmp/.tmpY4iQvu/waterkit/
Release	Run MarcoIeni/release-plz-action@v0.5	2026-02-21T16:30:12.3395014Z [2m2026-02-21T16:30:12.339256Z[0m [32m INFO[0m Getting packaged files for crate at /tmp/.tmpY4iQvu/waterkit/
Release	Run MarcoIeni/release-plz-action@v0.5	2026-02-21T16:30:12.4157896Z [2m2026-02-21T16:30:12.415554Z[0m [32m INFO[0m Getting packaged files for crate at /tmp/.tmpY4iQvu/waterkit/
Release	Run MarcoIeni/release-plz-action@v0.5	2026-02-21T16:30:12.4919359Z [2m2026-02-21T16:30:12.491703Z[0m [32m INFO[0m Getting packaged files for crate at /tmp/.tmpY4iQvu/waterkit/
Release	Run MarcoIeni/release-plz-action@v0.5	2026-02-21T16:30:12.5699004Z [2m2026-02-21T16:30:12.569668Z[0m [32m INFO[0m Getting packaged files for crate at /tmp/.tmpY4iQvu/waterkit/
Release	Run MarcoIeni/release-plz-action@v0.5	2026-02-21T16:30:12.6461029Z [2m2026-02-21T16:30:12.645869Z[0m [32m INFO[0m Getting packaged files for crate at /tmp/.tmpY4iQvu/waterkit/
Release	Run MarcoIeni/release-plz-action@v0.5	2026-02-21T16:30:12.7233579Z [2m2026-02-21T16:30:12.723123Z[0m [32m INFO[0m Getting packaged files for crate at /tmp/.tmpY4iQvu/waterkit/
Release	Run MarcoIeni/release-plz-action@v0.5	2026-02-21T16:30:12.8037124Z [2m2026-02-21T16:30:12.803467Z[0m [32m INFO[0m Getting packaged files for crate at /tmp/.tmpY4iQvu/waterkit/
Release	Run MarcoIeni/release-plz-action@v0.5	2026-02-21T16:30:12.8860893Z [2m2026-02-21T16:30:12.885904Z[0m [32m INFO[0m Getting packaged files for crate at /tmp/.tmpY4iQvu/waterkit/
Release	Run MarcoIeni/release-plz-action@v0.5	2026-02-21T16:30:12.9651093Z [2m2026-02-21T16:30:12.964869Z[0m [32m INFO[0m Getting packaged files for crate at /tmp/.tmpY4iQvu/waterkit/
Release	Run MarcoIeni/release-plz-action@v0.5	2026-02-21T16:30:13.0433603Z [2m2026-02-21T16:30:13.043120Z[0m [32m INFO[0m Getting packaged files for crate at /tmp/.tmpY4iQvu/waterkit/
Release	Run MarcoIeni/release-plz-action@v0.5	2026-02-21T16:30:13.1186161Z [2m2026-02-21T16:30:13.118387Z[0m [32m INFO[0m Getting packaged files for crate at /tmp/.tmpY4iQvu/waterkit/
Release	Run MarcoIeni/release-plz-action@v0.5	2026-02-21T16:30:13.1950606Z [2m2026-02-21T16:30:13.194813Z[0m [32m INFO[0m Getting packaged files for crate at /tmp/.tmpY4iQvu/waterkit/
Release	Run MarcoIeni/release-plz-action@v0.5	2026-02-21T16:30:13.2728958Z [2m2026-02-21T16:30:13.272666Z[0m [32m INFO[0m Getting packaged files for crate at /tmp/.tmpY4iQvu/waterkit/
Release	Run MarcoIeni/release-plz-action@v0.5	2026-02-21T16:30:13.3500019Z [2m2026-02-21T16:30:13.349776Z[0m [32m INFO[0m Getting packaged files for crate at /tmp/.tmpY4iQvu/waterkit/
Release	Run MarcoIeni/release-plz-action@v0.5	2026-02-21T16:30:13.4270407Z [2m2026-02-21T16:30:13.426818Z[0m [32m INFO[0m Getting packaged files for crate at /tmp/.tmpY4iQvu/waterkit/
Release	Run MarcoIeni/release-plz-action@v0.5	2026-02-21T16:30:13.5051108Z [2m2026-02-21T16:30:13.504880Z[0m [32m INFO[0m Getting packaged files for crate at /tmp/.tmpY4iQvu/waterkit/
Release	Run MarcoIeni/release-plz-action@v0.5	2026-02-21T16:30:13.5771947Z [2m2026-02-21T16:30:13.576968Z[0m [32m INFO[0m Getting packaged files for crate at /tmp/.tmpY4iQvu/waterkit/
Release	Run MarcoIeni/release-plz-action@v0.5	2026-02-21T16:30:13.6494998Z [2m2026-02-21T16:30:13.649231Z[0m [32m INFO[0m Getting packaged files for crate at /tmp/.tmpY4iQvu/waterkit/
Release	Run MarcoIeni/release-plz-action@v0.5	2026-02-21T16:30:13.7212296Z [2m2026-02-21T16:30:13.720996Z[0m [32m INFO[0m Getting packaged files for crate at /tmp/.tmpY4iQvu/waterkit/
Release	Run MarcoIeni/release-plz-action@v0.5	2026-02-21T16:30:13.7949404Z [2m2026-02-21T16:30:13.794697Z[0m [32m INFO[0m Getting packaged files for crate at /tmp/.tmpY4iQvu/waterkit/
Release	Run MarcoIeni/release-plz-action@v0.5	2026-02-21T16:30:13.8666826Z [2m2026-02-21T16:30:13.866452Z[0m [32m INFO[0m Getting packaged files for crate at /tmp/.tmpY4iQvu/waterkit/
Release	Run MarcoIeni/release-plz-action@v0.5	2026-02-21T16:30:13.9383763Z [2m2026-02-21T16:30:13.938118Z[0m [32m INFO[0m Getting packaged files for crate at /tmp/.tmpY4iQvu/waterkit/
Release	Run MarcoIeni/release-plz-action@v0.5	2026-02-21T16:30:14.0099356Z [2m2026-02-21T16:30:14.009707Z[0m [32m INFO[0m Getting packaged files for crate at /tmp/.tmpY4iQvu/waterkit/
Release	Run MarcoIeni/release-plz-action@v0.5	2026-02-21T16:30:14.0810693Z [2m2026-02-21T16:30:14.080813Z[0m [32m INFO[0m Getting packaged files for crate at /tmp/.tmpY4iQvu/waterkit/
Release	Run MarcoIeni/release-plz-action@v0.5	2026-02-21T16:30:14.1514053Z [2m2026-02-21T16:30:14.151162Z[0m [32m INFO[0m Getting packaged files for crate at /tmp/.tmpY4iQvu/waterkit/
Release	Run MarcoIeni/release-plz-action@v0.5	2026-02-21T16:30:14.2222113Z [2m2026-02-21T16:30:14.221964Z[0m [32m INFO[0m Getting packaged files for crate at /tmp/.tmpY4iQvu/waterkit/
Release	Run MarcoIeni/release-plz-action@v0.5	2026-02-21T16:30:14.2933484Z [2m2026-02-21T16:30:14.293106Z[0m [32m INFO[0m Getting packaged files for crate at /tmp/.tmpY4iQvu/waterkit/
Release	Run MarcoIeni/release-plz-action@v0.5	2026-02-21T16:30:14.3651473Z [2m2026-02-21T16:30:14.364908Z[0m [32m INFO[0m Getting packaged files for crate at /tmp/.tmpY4iQvu/waterkit/
Release	Run MarcoIeni/release-plz-action@v0.5	2026-02-21T16:30:14.4362050Z [2m2026-02-21T16:30:14.435962Z[0m [32m INFO[0m Getting packaged files for crate at /tmp/.tmpY4iQvu/waterkit/
Release	Run MarcoIeni/release-plz-action@v0.5	2026-02-21T16:30:14.5071524Z [2m2026-02-21T16:30:14.506960Z[0m [32m INFO[0m Getting packaged files for crate at /tmp/.tmpY4iQvu/waterkit/
Release	Run MarcoIeni/release-plz-action@v0.5	2026-02-21T16:30:14.5782913Z [2m2026-02-21T16:30:14.578117Z[0m [32m INFO[0m Getting packaged files for crate at /tmp/.tmpY4iQvu/waterkit/
Release	Run MarcoIeni/release-plz-action@v0.5	2026-02-21T16:30:14.6494381Z [2m2026-02-21T16:30:14.649201Z[0m [32m INFO[0m Getting packaged files for crate at /tmp/.tmpY4iQvu/waterkit/
Release	Run MarcoIeni/release-plz-action@v0.5	2026-02-21T16:30:14.7207320Z [2m2026-02-21T16:30:14.720501Z[0m [32m INFO[0m Getting packaged files for crate at /tmp/.tmpY4iQvu/waterkit/
Release	Run MarcoIeni/release-plz-action@v0.5	2026-02-21T16:30:14.7925401Z [2m2026-02-21T16:30:14.792331Z[0m [32m INFO[0m Getting packaged files for crate at /tmp/.tmpY4iQvu/waterkit/
Release	Run MarcoIeni/release-plz-action@v0.5	2026-02-21T16:30:14.8645541Z [2m2026-02-21T16:30:14.864371Z[0m [32m INFO[0m Getting packaged files for crate at /tmp/.tmpY4iQvu/waterkit/
Release	Run MarcoIeni/release-plz-action@v0.5	2026-02-21T16:30:14.9360949Z [2m2026-02-21T16:30:14.935866Z[0m [32m INFO[0m Getting packaged files for crate at /tmp/.tmpY4iQvu/waterkit/
Release	Run MarcoIeni/release-plz-action@v0.5	2026-02-21T16:30:15.0078480Z [2m2026-02-21T16:30:15.007623Z[0m [32m INFO[0m Getting packaged files for crate at /tmp/.tmpY4iQvu/waterkit/
Release	Run MarcoIeni/release-plz-action@v0.5	2026-02-21T16:30:15.0788976Z [2m2026-02-21T16:30:15.078718Z[0m [32m INFO[0m Getting packaged files for crate at /tmp/.tmpY4iQvu/waterkit/
Release	Run MarcoIeni/release-plz-action@v0.5	2026-02-21T16:30:15.1492168Z [2m2026-02-21T16:30:15.149029Z[0m [32m INFO[0m Getting packaged files for crate at /tmp/.tmpY4iQvu/waterkit/
Release	Run MarcoIeni/release-plz-action@v0.5	2026-02-21T16:30:15.2204260Z [2m2026-02-21T16:30:15.220230Z[0m [32m INFO[0m Getting packaged files for crate at /tmp/.tmpY4iQvu/waterkit/
Release	Run MarcoIeni/release-plz-action@v0.5	2026-02-21T16:30:15.2913507Z [2m2026-02-21T16:30:15.291148Z[0m [32m INFO[0m Getting packaged files for crate at /tmp/.tmpY4iQvu/waterkit/
Release	Run MarcoIeni/release-plz-action@v0.5	2026-02-21T16:30:15.3639269Z [2m2026-02-21T16:30:15.363742Z[0m [32m INFO[0m Getting packaged files for crate at /tmp/.tmpY4iQvu/waterkit/
Release	Run MarcoIeni/release-plz-action@v0.5	2026-02-21T16:30:15.4355610Z [2m2026-02-21T16:30:15.435380Z[0m [32m INFO[0m Getting packaged files for crate at /tmp/.tmpY4iQvu/waterkit/
Release	Run MarcoIeni/release-plz-action@v0.5	2026-02-21T16:30:15.5074318Z [2m2026-02-21T16:30:15.507236Z[0m [32m INFO[0m Getting packaged files for crate at /tmp/.tmpY4iQvu/waterkit/
Release	Run MarcoIeni/release-plz-action@v0.5	2026-02-21T16:30:15.5796694Z [2m2026-02-21T16:30:15.579451Z[0m [32m INFO[0m Getting packaged files for crate at /tmp/.tmpY4iQvu/waterkit/
Release	Run MarcoIeni/release-plz-action@v0.5	2026-02-21T16:30:15.6514838Z [2m2026-02-21T16:30:15.651263Z[0m [32m INFO[0m Getting packaged files for crate at /tmp/.tmpY4iQvu/waterkit/
Release	Run MarcoIeni/release-plz-action@v0.5	2026-02-21T16:30:15.7221282Z [2m2026-02-21T16:30:15.721898Z[0m [32m INFO[0m Getting packaged files for crate at /tmp/.tmpY4iQvu/waterkit/
Release	Run MarcoIeni/release-plz-action@v0.5	2026-02-21T16:30:15.7975209Z [2m2026-02-21T16:30:15.797342Z[0m [32m INFO[0m Getting packaged files for crate at /tmp/.tmpY4iQvu/waterkit/
Release	Run MarcoIeni/release-plz-action@v0.5	2026-02-21T16:30:15.8696299Z [2m2026-02-21T16:30:15.869444Z[0m [32m INFO[0m Getting packaged files for crate at /tmp/.tmpY4iQvu/waterkit/
Release	Run MarcoIeni/release-plz-action@v0.5	2026-02-21T16:30:15.9419606Z [2m2026-02-21T16:30:15.941775Z[0m [32m INFO[0m Getting packaged files for crate at /tmp/.tmpY4iQvu/waterkit/
Release	Run MarcoIeni/release-plz-action@v0.5	2026-02-21T16:30:16.0134175Z [2m2026-02-21T16:30:16.013204Z[0m [32m INFO[0m Getting packaged files for crate at /tmp/.tmpY4iQvu/waterkit/
Release	Run MarcoIeni/release-plz-action@v0.5	2026-02-21T16:30:16.0846627Z [2m2026-02-21T16:30:16.084435Z[0m [32m INFO[0m Getting packaged files for crate at /tmp/.tmpY4iQvu/waterkit/
Release	Run MarcoIeni/release-plz-action@v0.5	2026-02-21T16:30:16.1555274Z [2m2026-02-21T16:30:16.155294Z[0m [32m INFO[0m Getting packaged files for crate at /tmp/.tmpY4iQvu/waterkit/
Release	Run MarcoIeni/release-plz-action@v0.5	2026-02-21T16:30:16.2265738Z [2m2026-02-21T16:30:16.226388Z[0m [32m INFO[0m Getting packaged files for crate at /tmp/.tmpY4iQvu/waterkit/
Release	Run MarcoIeni/release-plz-action@v0.5	2026-02-21T16:30:16.2975687Z [2m2026-02-21T16:30:16.297337Z[0m [32m INFO[0m Getting packaged files for crate at /tmp/.tmpY4iQvu/waterkit/
Release	Run MarcoIeni/release-plz-action@v0.5	2026-02-21T16:30:16.3685602Z [2m2026-02-21T16:30:16.368303Z[0m [32m INFO[0m Getting packaged files for crate at /tmp/.tmpY4iQvu/waterkit/
Release	Run MarcoIeni/release-plz-action@v0.5	2026-02-21T16:30:16.4383563Z [2m2026-02-21T16:30:16.438139Z[0m [32m INFO[0m Getting packaged files for crate at /tmp/.tmpY4iQvu/waterkit/
Release	Run MarcoIeni/release-plz-action@v0.5	2026-02-21T16:30:16.5089483Z [2m2026-02-21T16:30:16.508715Z[0m [32m INFO[0m Getting packaged files for crate at /tmp/.tmpY4iQvu/waterkit/
Release	Run MarcoIeni/release-plz-action@v0.5	2026-02-21T16:30:16.5798486Z [2m2026-02-21T16:30:16.579620Z[0m [32m INFO[0m Getting packaged files for crate at /tmp/.tmpY4iQvu/waterkit/
Release	Run MarcoIeni/release-plz-action@v0.5	2026-02-21T16:30:16.6501641Z [2m2026-02-21T16:30:16.649927Z[0m [32m INFO[0m Getting packaged files for crate at /tmp/.tmpY4iQvu/waterkit/
Release	Run MarcoIeni/release-plz-action@v0.5	2026-02-21T16:30:16.7212854Z [2m2026-02-21T16:30:16.721108Z[0m [32m INFO[0m Getting packaged files for crate at /tmp/.tmpY4iQvu/waterkit/
Release	Run MarcoIeni/release-plz-action@v0.5	2026-02-21T16:30:16.7920587Z [2m2026-02-21T16:30:16.791870Z[0m [32m INFO[0m Getting packaged files for crate at /tmp/.tmpY4iQvu/waterkit/
Release	Run MarcoIeni/release-plz-action@v0.5	2026-02-21T16:30:16.8632518Z [2m2026-02-21T16:30:16.863064Z[0m [32m INFO[0m Getting packaged files for crate at /tmp/.tmpY4iQvu/waterkit/
Release	Run MarcoIeni/release-plz-action@v0.5	2026-02-21T16:30:16.9345758Z [2m2026-02-21T16:30:16.934366Z[0m [32m INFO[0m Getting packaged files for crate at /tmp/.tmpY4iQvu/waterkit/
Release	Run MarcoIeni/release-plz-action@v0.5	2026-02-21T16:30:17.0050196Z [2m2026-02-21T16:30:17.004829Z[0m [32m INFO[0m Getting packaged files for crate at /tmp/.tmpY4iQvu/waterkit/
Release	Run MarcoIeni/release-plz-action@v0.5	2026-02-21T16:30:17.0763660Z [2m2026-02-21T16:30:17.076121Z[0m [32m INFO[0m Getting packaged files for crate at /tmp/.tmpY4iQvu/waterkit/
Release	Run MarcoIeni/release-plz-action@v0.5	2026-02-21T16:30:17.1470648Z [2m2026-02-21T16:30:17.146870Z[0m [32m INFO[0m Getting packaged files for crate at /tmp/.tmpY4iQvu/waterkit/
Release	Run MarcoIeni/release-plz-action@v0.5	2026-02-21T16:30:17.2179760Z [2m2026-02-21T16:30:17.217748Z[0m [32m INFO[0m Getting packaged files for crate at /tmp/.tmpY4iQvu/waterkit/
Release	Run MarcoIeni/release-plz-action@v0.5	2026-02-21T16:30:17.2893722Z [2m2026-02-21T16:30:17.289146Z[0m [32m INFO[0m Getting packaged files for crate at /tmp/.tmpY4iQvu/waterkit/
Release	Run MarcoIeni/release-plz-action@v0.5	2026-02-21T16:30:17.3609236Z [2m2026-02-21T16:30:17.360741Z[0m [32m INFO[0m Getting packaged files for crate at /tmp/.tmpY4iQvu/waterkit/
Release	Run MarcoIeni/release-plz-action@v0.5	2026-02-21T16:30:17.4318120Z [2m2026-02-21T16:30:17.431622Z[0m [32m INFO[0m Getting packaged files for crate at /tmp/.tmpY4iQvu/waterkit/
Release	Run MarcoIeni/release-plz-action@v0.5	2026-02-21T16:30:17.5024646Z [2m2026-02-21T16:30:17.502252Z[0m [32m INFO[0m Getting packaged files for crate at /tmp/.tmpY4iQvu/waterkit/
Release	Run MarcoIeni/release-plz-action@v0.5	2026-02-21T16:30:17.5738293Z [2m2026-02-21T16:30:17.573614Z[0m [32m INFO[0m Getting packaged files for crate at /tmp/.tmpY4iQvu/waterkit/
Release	Run MarcoIeni/release-plz-action@v0.5	2026-02-21T16:30:17.6446678Z [2m2026-02-21T16:30:17.644496Z[0m [32m INFO[0m Getting packaged files for crate at /tmp/.tmpY4iQvu/waterkit/
Release	Run MarcoIeni/release-plz-action@v0.5	2026-02-21T16:30:17.7185928Z [2m2026-02-21T16:30:17.718402Z[0m [32m INFO[0m Getting packaged files for crate at /tmp/.tmpY4iQvu/waterkit/
Release	Run MarcoIeni/release-plz-action@v0.5	2026-02-21T16:30:17.7916697Z [2m2026-02-21T16:30:17.791487Z[0m [32m INFO[0m Getting packaged files for crate at /tmp/.tmpY4iQvu/waterkit/
Release	Run MarcoIeni/release-plz-action@v0.5	2026-02-21T16:30:17.8674363Z [2m2026-02-21T16:30:17.867201Z[0m [32m INFO[0m Getting packaged files for crate at /tmp/.tmpY4iQvu/waterkit/
Release	Run MarcoIeni/release-plz-action@v0.5	2026-02-21T16:30:17.9408663Z [2m2026-02-21T16:30:17.940667Z[0m [32m INFO[0m Getting packaged files for crate at /tmp/.tmpY4iQvu/waterkit/
Release	Run MarcoIeni/release-plz-action@v0.5	2026-02-21T16:30:18.0178337Z [2m2026-02-21T16:30:18.017574Z[0m [32m INFO[0m Getting packaged files for crate at /tmp/.tmpY4iQvu/waterkit/
Release	Run MarcoIeni/release-plz-action@v0.5	2026-02-21T16:30:18.0914273Z [2m2026-02-21T16:30:18.091178Z[0m [32m INFO[0m Getting packaged files for crate at /tmp/.tmpY4iQvu/waterkit/
Release	Run MarcoIeni/release-plz-action@v0.5	2026-02-21T16:30:18.1641466Z [2m2026-02-21T16:30:18.163923Z[0m [32m INFO[0m Getting packaged files for crate at /tmp/.tmpY4iQvu/waterkit/
Release	Run MarcoIeni/release-plz-action@v0.5	2026-02-21T16:30:18.2357964Z [2m2026-02-21T16:30:18.235601Z[0m [32m INFO[0m Getting packaged files for crate at /tmp/.tmpY4iQvu/waterkit/
Release	Run MarcoIeni/release-plz-action@v0.5	2026-02-21T16:30:18.3072385Z [2m2026-02-21T16:30:18.307054Z[0m [32m INFO[0m Getting packaged files for crate at /tmp/.tmpY4iQvu/waterkit/
Release	Run MarcoIeni/release-plz-action@v0.5	2026-02-21T16:30:18.3794044Z [2m2026-02-21T16:30:18.379164Z[0m [32m INFO[0m Getting packaged files for crate at /tmp/.tmpY4iQvu/waterkit/
Release	Run MarcoIeni/release-plz-action@v0.5	2026-02-21T16:30:18.4397554Z [2m2026-02-21T16:30:18.439512Z[0m [32m INFO[0m Getting packaged files for crate at /tmp/.tmpY4iQvu/waterkit/
Release	Run MarcoIeni/release-plz-action@v0.5	2026-02-21T16:30:18.5026456Z [2m2026-02-21T16:30:18.502411Z[0m [32m INFO[0m Getting packaged files for crate at /tmp/.tmpY4iQvu/waterkit/
Release	Run MarcoIeni/release-plz-action@v0.5	2026-02-21T16:30:18.5642178Z [2m2026-02-21T16:30:18.563995Z[0m [32m INFO[0m Getting packaged files for crate at /tmp/.tmpY4iQvu/waterkit/
Release	Run MarcoIeni/release-plz-action@v0.5	2026-02-21T16:30:18.6286569Z [2m2026-02-21T16:30:18.628428Z[0m [32m INFO[0m Getting packaged files for crate at /tmp/.tmpY4iQvu/waterkit/
Release	Run MarcoIeni/release-plz-action@v0.5	2026-02-21T16:30:18.6902941Z [2m2026-02-21T16:30:18.690054Z[0m [32m INFO[0m Getting packaged files for crate at /tmp/.tmpY4iQvu/waterkit/
Release	Run MarcoIeni/release-plz-action@v0.5	2026-02-21T16:30:18.7523646Z [2m2026-02-21T16:30:18.752118Z[0m [32m INFO[0m Getting packaged files for crate at /tmp/.tmpY4iQvu/waterkit/
Release	Run MarcoIeni/release-plz-action@v0.5	2026-02-21T16:30:18.8154262Z [2m2026-02-21T16:30:18.815164Z[0m [32m INFO[0m Getting packaged files for crate at /tmp/.tmpY4iQvu/waterkit/
Release	Run MarcoIeni/release-plz-action@v0.5	2026-02-21T16:30:18.8778449Z [2m2026-02-21T16:30:18.877585Z[0m [32m INFO[0m Getting packaged files for crate at /tmp/.tmpY4iQvu/waterkit/
Release	Run MarcoIeni/release-plz-action@v0.5	2026-02-21T16:30:18.9412365Z [2m2026-02-21T16:30:18.940977Z[0m [32m INFO[0m Getting packaged files for crate at /tmp/.tmpY4iQvu/waterkit/
Release	Run MarcoIeni/release-plz-action@v0.5	2026-02-21T16:30:19.0044987Z [2m2026-02-21T16:30:19.004243Z[0m [32m INFO[0m Getting packaged files for crate at /tmp/.tmpY4iQvu/waterkit/
Release	Run MarcoIeni/release-plz-action@v0.5	2026-02-21T16:30:19.0666804Z [2m2026-02-21T16:30:19.066454Z[0m [32m INFO[0m Getting packaged files for crate at /tmp/.tmpY4iQvu/waterkit/
Release	Run MarcoIeni/release-plz-action@v0.5	2026-02-21T16:30:19.1277776Z [2m2026-02-21T16:30:19.127531Z[0m [32m INFO[0m Getting packaged files for crate at /tmp/.tmpY4iQvu/waterkit/
Release	Run MarcoIeni/release-plz-action@v0.5	2026-02-21T16:30:19.1888327Z [2m2026-02-21T16:30:19.188573Z[0m [32m INFO[0m Getting packaged files for crate at /tmp/.tmpY4iQvu/waterkit/
Release	Run MarcoIeni/release-plz-action@v0.5	2026-02-21T16:30:19.2487682Z [2m2026-02-21T16:30:19.248526Z[0m [32m INFO[0m Getting packaged files for crate at /tmp/.tmpY4iQvu/waterkit/
Release	Run MarcoIeni/release-plz-action@v0.5	2026-02-21T16:30:19.3092224Z [2m2026-02-21T16:30:19.308980Z[0m [32m INFO[0m Getting packaged files for crate at /tmp/.tmpY4iQvu/waterkit/
Release	Run MarcoIeni/release-plz-action@v0.5	2026-02-21T16:30:19.3700988Z [2m2026-02-21T16:30:19.369858Z[0m [32m INFO[0m Getting packaged files for crate at /tmp/.tmpY4iQvu/waterkit/
Release	Run MarcoIeni/release-plz-action@v0.5	2026-02-21T16:30:19.4307091Z [2m2026-02-21T16:30:19.430464Z[0m [32m INFO[0m Getting packaged files for crate at /tmp/.tmpY4iQvu/waterkit/
Release	Run MarcoIeni/release-plz-action@v0.5	2026-02-21T16:30:19.4915309Z [2m2026-02-21T16:30:19.491269Z[0m [32m INFO[0m Getting packaged files for crate at /tmp/.tmpY4iQvu/waterkit/
Release	Run MarcoIeni/release-plz-action@v0.5	2026-02-21T16:30:19.5519739Z [2m2026-02-21T16:30:19.551740Z[0m [32m INFO[0m Getting packaged files for crate at /tmp/.tmpY4iQvu/waterkit/
Release	Run MarcoIeni/release-plz-action@v0.5	2026-02-21T16:30:19.6130769Z [2m2026-02-21T16:30:19.612828Z[0m [32m INFO[0m Getting packaged files for crate at /tmp/.tmpY4iQvu/waterkit/
Release	Run MarcoIeni/release-plz-action@v0.5	2026-02-21T16:30:19.6764601Z [2m2026-02-21T16:30:19.676207Z[0m [32m INFO[0m Getting packaged files for crate at /tmp/.tmpY4iQvu/waterkit/
Release	Run MarcoIeni/release-plz-action@v0.5	2026-02-21T16:30:19.7376359Z [2m2026-02-21T16:30:19.737415Z[0m [32m INFO[0m Getting packaged files for crate at /tmp/.tmpY4iQvu/waterkit/
Release	Run MarcoIeni/release-plz-action@v0.5	2026-02-21T16:30:19.7998871Z [2m2026-02-21T16:30:19.799645Z[0m [32m INFO[0m Getting packaged files for crate at /tmp/.tmpY4iQvu/waterkit/
Release	Run MarcoIeni/release-plz-action@v0.5	2026-02-21T16:30:19.8618485Z [2m2026-02-21T16:30:19.861604Z[0m [32m INFO[0m Getting packaged files for crate at /tmp/.tmpY4iQvu/waterkit/
Release	Run MarcoIeni/release-plz-action@v0.5	2026-02-21T16:30:19.9232915Z [2m2026-02-21T16:30:19.923037Z[0m [32m INFO[0m Getting packaged files for crate at /tmp/.tmpY4iQvu/waterkit/
Release	Run MarcoIeni/release-plz-action@v0.5	2026-02-21T16:30:19.9851651Z [2m2026-02-21T16:30:19.984967Z[0m [32m INFO[0m Getting packaged files for crate at /tmp/.tmpY4iQvu/waterkit/
Release	Run MarcoIeni/release-plz-action@v0.5	2026-02-21T16:30:20.0472263Z [2m2026-02-21T16:30:20.046993Z[0m [32m INFO[0m Getting packaged files for crate at /tmp/.tmpY4iQvu/waterkit/
Release	Run MarcoIeni/release-plz-action@v0.5	2026-02-21T16:30:20.1068888Z [2m2026-02-21T16:30:20.106657Z[0m [32m INFO[0m Getting packaged files for crate at /tmp/.tmpY4iQvu/waterkit/
Release	Run MarcoIeni/release-plz-action@v0.5	2026-02-21T16:30:20.1670183Z [2m2026-02-21T16:30:20.166757Z[0m [32m INFO[0m Getting packaged files for crate at /tmp/.tmpY4iQvu/waterkit/
Release	Run MarcoIeni/release-plz-action@v0.5	2026-02-21T16:30:20.2263522Z [2m2026-02-21T16:30:20.226086Z[0m [32m INFO[0m Getting packaged files for crate at /tmp/.tmpY4iQvu/waterkit/
Release	Run MarcoIeni/release-plz-action@v0.5	2026-02-21T16:30:20.2859384Z [2m2026-02-21T16:30:20.285695Z[0m [32m INFO[0m Getting packaged files for crate at /tmp/.tmpY4iQvu/waterkit/
Release	Run MarcoIeni/release-plz-action@v0.5	2026-02-21T16:30:20.3462059Z [2m2026-02-21T16:30:20.345966Z[0m [32m INFO[0m Getting packaged files for crate at /tmp/.tmpY4iQvu/waterkit/
Release	Run MarcoIeni/release-plz-action@v0.5	2026-02-21T16:30:20.4072307Z [2m2026-02-21T16:30:20.407020Z[0m [32m INFO[0m Getting packaged files for crate at /tmp/.tmpY4iQvu/waterkit/
Release	Run MarcoIeni/release-plz-action@v0.5	2026-02-21T16:30:20.4673748Z [2m2026-02-21T16:30:20.467108Z[0m [32m INFO[0m Getting packaged files for crate at /tmp/.tmpY4iQvu/waterkit/
Release	Run MarcoIeni/release-plz-action@v0.5	2026-02-21T16:30:20.5269487Z [2m2026-02-21T16:30:20.526691Z[0m [32m INFO[0m Getting packaged files for crate at /tmp/.tmpY4iQvu/waterkit/
Release	Run MarcoIeni/release-plz-action@v0.5	2026-02-21T16:30:20.5878635Z [2m2026-02-21T16:30:20.587626Z[0m [32m INFO[0m Getting packaged files for crate at /tmp/.tmpY4iQvu/waterkit/
Release	Run MarcoIeni/release-plz-action@v0.5	2026-02-21T16:30:20.6581682Z [2m2026-02-21T16:30:20.657936Z[0m [32m INFO[0m Getting packaged files for crate at /tmp/.tmpY4iQvu/waterkit/
Release	Run MarcoIeni/release-plz-action@v0.5	2026-02-21T16:30:20.7294985Z [2m2026-02-21T16:30:20.729247Z[0m [32m INFO[0m Getting packaged files for crate at /tmp/.tmpY4iQvu/waterkit/
Release	Run MarcoIeni/release-plz-action@v0.5	2026-02-21T16:30:20.8020185Z [2m2026-02-21T16:30:20.801790Z[0m [32m INFO[0m Getting packaged files for crate at /tmp/.tmpY4iQvu/waterkit/
Release	Run MarcoIeni/release-plz-action@v0.5	2026-02-21T16:30:20.8736115Z [2m2026-02-21T16:30:20.873381Z[0m [32m INFO[0m Getting packaged files for crate at /tmp/.tmpY4iQvu/waterkit/
Release	Run MarcoIeni/release-plz-action@v0.5	2026-02-21T16:30:20.9468373Z [2m2026-02-21T16:30:20.946607Z[0m [32m INFO[0m Getting packaged files for crate at /tmp/.tmpY4iQvu/waterkit/
Release	Run MarcoIeni/release-plz-action@v0.5	2026-02-21T16:30:21.0182878Z [2m2026-02-21T16:30:21.018051Z[0m [32m INFO[0m Getting packaged files for crate at /tmp/.tmpY4iQvu/waterkit/
Release	Run MarcoIeni/release-plz-action@v0.5	2026-02-21T16:30:21.0789259Z [2m2026-02-21T16:30:21.078677Z[0m [32m INFO[0m Getting packaged files for crate at /tmp/.tmpY4iQvu/waterkit/
Release	Run MarcoIeni/release-plz-action@v0.5	2026-02-21T16:30:21.1474546Z [2m2026-02-21T16:30:21.147175Z[0m [32m INFO[0m Getting packaged files for crate at /tmp/.tmpY4iQvu/waterkit/
Release	Run MarcoIeni/release-plz-action@v0.5	2026-02-21T16:30:21.2161501Z [2m2026-02-21T16:30:21.215914Z[0m [32m INFO[0m Getting packaged files for crate at /tmp/.tmpY4iQvu/waterkit/
Release	Run MarcoIeni/release-plz-action@v0.5	2026-02-21T16:30:21.2806332Z [2m2026-02-21T16:30:21.280437Z[0m [32m INFO[0m Getting packaged files for crate at /tmp/.tmpY4iQvu/waterkit/
Release	Run MarcoIeni/release-plz-action@v0.5	2026-02-21T16:30:21.3427307Z [2m2026-02-21T16:30:21.342543Z[0m [32m INFO[0m Getting packaged files for crate at /tmp/.tmpY4iQvu/waterkit/
Release	Run MarcoIeni/release-plz-action@v0.5	2026-02-21T16:30:21.4039236Z [2m2026-02-21T16:30:21.403746Z[0m [32m INFO[0m Getting packaged files for crate at /tmp/.tmpY4iQvu/waterkit/
Release	Run MarcoIeni/release-plz-action@v0.5	2026-02-21T16:30:21.4658902Z [2m2026-02-21T16:30:21.465681Z[0m [32m INFO[0m Getting packaged files for crate at /tmp/.tmpY4iQvu/waterkit/
Release	Run MarcoIeni/release-plz-action@v0.5	2026-02-21T16:30:21.5407730Z [2m2026-02-21T16:30:21.540592Z[0m [32m INFO[0m Getting packaged files for crate at /tmp/.tmpY4iQvu/waterkit/
Release	Run MarcoIeni/release-plz-action@v0.5	2026-02-21T16:30:21.6035561Z [2m2026-02-21T16:30:21.603297Z[0m [32m INFO[0m Getting packaged files for crate at /tmp/.tmpY4iQvu/waterkit/
Release	Run MarcoIeni/release-plz-action@v0.5	2026-02-21T16:30:21.6646897Z [2m2026-02-21T16:30:21.664439Z[0m [32m INFO[0m Getting packaged files for crate at /tmp/.tmpY4iQvu/waterkit/
Release	Run MarcoIeni/release-plz-action@v0.5	2026-02-21T16:30:21.7260939Z [2m2026-02-21T16:30:21.725892Z[0m [32m INFO[0m Getting packaged files for crate at /tmp/.tmpY4iQvu/waterkit/
Release	Run MarcoIeni/release-plz-action@v0.5	2026-02-21T16:30:21.7875267Z [2m2026-02-21T16:30:21.787308Z[0m [32m INFO[0m Getting packaged files for crate at /tmp/.tmpY4iQvu/waterkit/
Release	Run MarcoIeni/release-plz-action@v0.5	2026-02-21T16:30:21.8489196Z [2m2026-02-21T16:30:21.848725Z[0m [32m INFO[0m Getting packaged files for crate at /tmp/.tmpY4iQvu/waterkit/
Release	Run MarcoIeni/release-plz-action@v0.5	2026-02-21T16:30:21.9096905Z [2m2026-02-21T16:30:21.909517Z[0m [32m INFO[0m Getting packaged files for crate at /tmp/.tmpY4iQvu/waterkit/
Release	Run MarcoIeni/release-plz-action@v0.5	2026-02-21T16:30:21.9701214Z [2m2026-02-21T16:30:21.969935Z[0m [32m INFO[0m Getting packaged files for crate at /tmp/.tmpY4iQvu/waterkit/
Release	Run MarcoIeni/release-plz-action@v0.5	2026-02-21T16:30:22.0292157Z [2m2026-02-21T16:30:22.029017Z[0m [32m INFO[0m Getting packaged files for crate at /tmp/.tmpY4iQvu/waterkit/
Release	Run MarcoIeni/release-plz-action@v0.5	2026-02-21T16:30:22.0878443Z [2m2026-02-21T16:30:22.087649Z[0m [32m INFO[0m Getting packaged files for crate at /tmp/.tmpY4iQvu/waterkit/
Release	Run MarcoIeni/release-plz-action@v0.5	2026-02-21T16:30:22.1468817Z [2m2026-02-21T16:30:22.146679Z[0m [32m INFO[0m Getting packaged files for crate at /tmp/.tmpY4iQvu/waterkit/
Release	Run MarcoIeni/release-plz-action@v0.5	2026-02-21T16:30:22.2036361Z [2m2026-02-21T16:30:22.203389Z[0m [32m INFO[0m Getting packaged files for crate at /tmp/.tmpY4iQvu/waterkit/
Release	Run MarcoIeni/release-plz-action@v0.5	2026-02-21T16:30:22.2634060Z [2m2026-02-21T16:30:22.263183Z[0m [32m INFO[0m Getting packaged files for crate at /tmp/.tmpY4iQvu/waterkit/
Release	Run MarcoIeni/release-plz-action@v0.5	2026-02-21T16:30:22.3281227Z [2m2026-02-21T16:30:22.327885Z[0m [32m INFO[0m Getting packaged files for crate at /tmp/.tmpY4iQvu/waterkit/
Release	Run MarcoIeni/release-plz-action@v0.5	2026-02-21T16:30:22.3939563Z [2m2026-02-21T16:30:22.393827Z[0m [32m INFO[0m Getting packaged files for crate at /tmp/.tmpY4iQvu/waterkit/
Release	Run MarcoIeni/release-plz-action@v0.5	2026-02-21T16:30:22.4592781Z [2m2026-02-21T16:30:22.459075Z[0m [32m INFO[0m Getting packaged files for crate at /tmp/.tmpY4iQvu/waterkit/
Release	Run MarcoIeni/release-plz-action@v0.5	2026-02-21T16:30:22.5236548Z [2m2026-02-21T16:30:22.523468Z[0m [32m INFO[0m Getting packaged files for crate at /tmp/.tmpY4iQvu/waterkit/
Release	Run MarcoIeni/release-plz-action@v0.5	2026-02-21T16:30:22.5817261Z [2m2026-02-21T16:30:22.581499Z[0m [32m INFO[0m Getting packaged files for crate at /tmp/.tmpY4iQvu/waterkit/
Release	Run MarcoIeni/release-plz-action@v0.5	2026-02-21T16:30:22.6394007Z [2m2026-02-21T16:30:22.639176Z[0m [32m INFO[0m Getting packaged files for crate at /tmp/.tmpY4iQvu/waterkit/
Release	Run MarcoIeni/release-plz-action@v0.5	2026-02-21T16:30:22.6994751Z [2m2026-02-21T16:30:22.699252Z[0m [32m INFO[0m Getting packaged files for crate at /tmp/.tmpY4iQvu/waterkit/
Release	Run MarcoIeni/release-plz-action@v0.5	2026-02-21T16:30:22.7650195Z [2m2026-02-21T16:30:22.764808Z[0m [32m INFO[0m Getting packaged files for crate at /tmp/.tmpY4iQvu/waterkit/
Release	Run MarcoIeni/release-plz-action@v0.5	2026-02-21T16:30:22.8292904Z [2m2026-02-21T16:30:22.829058Z[0m [32m INFO[0m Getting packaged files for crate at /tmp/.tmpY4iQvu/waterkit/
Release	Run MarcoIeni/release-plz-action@v0.5	2026-02-21T16:30:22.8930799Z [2m2026-02-21T16:30:22.892925Z[0m [32m INFO[0m Getting packaged files for crate at /tmp/.tmpY4iQvu/waterkit/
Release	Run MarcoIeni/release-plz-action@v0.5	2026-02-21T16:30:22.9566467Z [2m2026-02-21T16:30:22.956437Z[0m [32m INFO[0m Getting packaged files for crate at /tmp/.tmpY4iQvu/waterkit/
Release	Run MarcoIeni/release-plz-action@v0.5	2026-02-21T16:30:23.0187931Z [2m2026-02-21T16:30:23.018580Z[0m [32m INFO[0m Getting packaged files for crate at /tmp/.tmpY4iQvu/waterkit/
Release	Run MarcoIeni/release-plz-action@v0.5	2026-02-21T16:30:23.0799366Z [2m2026-02-21T16:30:23.079754Z[0m [32m INFO[0m Getting packaged files for crate at /tmp/.tmpY4iQvu/waterkit/
Release	Run MarcoIeni/release-plz-action@v0.5	2026-02-21T16:30:23.1428368Z [2m2026-02-21T16:30:23.142658Z[0m [32m INFO[0m Getting packaged files for crate at /tmp/.tmpY4iQvu/waterkit/
Release	Run MarcoIeni/release-plz-action@v0.5	2026-02-21T16:30:23.2042885Z [2m2026-02-21T16:30:23.204066Z[0m [32m INFO[0m Getting packaged files for crate at /tmp/.tmpY4iQvu/waterkit/
Release	Run MarcoIeni/release-plz-action@v0.5	2026-02-21T16:30:23.2663167Z [2m2026-02-21T16:30:23.266088Z[0m [32m INFO[0m Getting packaged files for crate at /tmp/.tmpY4iQvu/waterkit/
Release	Run MarcoIeni/release-plz-action@v0.5	2026-02-21T16:30:23.3281199Z [2m2026-02-21T16:30:23.327890Z[0m [32m INFO[0m Getting packaged files for crate at /tmp/.tmpY4iQvu/waterkit/
Release	Run MarcoIeni/release-plz-action@v0.5	2026-02-21T16:30:23.3901631Z [2m2026-02-21T16:30:23.389936Z[0m [32m INFO[0m Getting packaged files for crate at /tmp/.tmpY4iQvu/waterkit/
Release	Run MarcoIeni/release-plz-action@v0.5	2026-02-21T16:30:23.4514680Z [2m2026-02-21T16:30:23.451208Z[0m [32m INFO[0m Getting packaged files for crate at /tmp/.tmpY4iQvu/waterkit/
Release	Run MarcoIeni/release-plz-action@v0.5	2026-02-21T16:30:23.5131155Z [2m2026-02-21T16:30:23.512886Z[0m [32m INFO[0m Getting packaged files for crate at /tmp/.tmpY4iQvu/waterkit/
Release	Run MarcoIeni/release-plz-action@v0.5	2026-02-21T16:30:23.5756068Z [2m2026-02-21T16:30:23.575394Z[0m [32m INFO[0m Getting packaged files for crate at /tmp/.tmpY4iQvu/waterkit/
Release	Run MarcoIeni/release-plz-action@v0.5	2026-02-21T16:30:23.6362796Z [2m2026-02-21T16:30:23.636048Z[0m [32m INFO[0m Getting packaged files for crate at /tmp/.tmpY4iQvu/waterkit/
Release	Run MarcoIeni/release-plz-action@v0.5	2026-02-21T16:30:23.6976706Z [2m2026-02-21T16:30:23.697436Z[0m [32m INFO[0m Getting packaged files for crate at /tmp/.tmpY4iQvu/waterkit/
Release	Run MarcoIeni/release-plz-action@v0.5	2026-02-21T16:30:23.7584546Z [2m2026-02-21T16:30:23.758221Z[0m [32m INFO[0m Getting packaged files for crate at /tmp/.tmpY4iQvu/waterkit/
Release	Run MarcoIeni/release-plz-action@v0.5	2026-02-21T16:30:23.8196810Z [2m2026-02-21T16:30:23.819457Z[0m [32m INFO[0m Getting packaged files for crate at /tmp/.tmpY4iQvu/waterkit/
Release	Run MarcoIeni/release-plz-action@v0.5	2026-02-21T16:30:23.9967627Z [2m2026-02-21T16:30:23.996518Z[0m [32m INFO[0m Checking API compatibility with cargo-semver-checks...
Release	Run MarcoIeni/release-plz-action@v0.5	2026-02-21T16:30:41.6397657Z [2m2026-02-21T16:30:41.639579Z[0m [32m INFO[0m waterkit-build: next version is 0.1.1 (✓ API compatible changes)
Release	Run MarcoIeni/release-plz-action@v0.5	2026-02-21T16:30:41.6421204Z [2m2026-02-21T16:30:41.642008Z[0m [32m INFO[0m waterkit-dialog: next version is 0.1.1
Release	Run MarcoIeni/release-plz-action@v0.5	2026-02-21T16:30:41.6444417Z [2m2026-02-21T16:30:41.644314Z[0m [32m INFO[0m waterkit-permission: next version is 0.1.1
Release	Run MarcoIeni/release-plz-action@v0.5	2026-02-21T16:30:41.6463496Z [2m2026-02-21T16:30:41.646229Z[0m [32m INFO[0m waterkit-location: next version is 0.1.1
Release	Run MarcoIeni/release-plz-action@v0.5	2026-02-21T16:30:41.6482756Z [2m2026-02-21T16:30:41.648166Z[0m [32m INFO[0m waterkit-audio: next version is 0.1.1
Release	Run MarcoIeni/release-plz-action@v0.5	2026-02-21T16:30:41.6501845Z [2m2026-02-21T16:30:41.650071Z[0m [32m INFO[0m waterkit-background: next version is 0.1.1
Release	Run MarcoIeni/release-plz-action@v0.5	2026-02-21T16:30:41.6520485Z [2m2026-02-21T16:30:41.651940Z[0m [32m INFO[0m waterkit-biometric: next version is 0.1.1
Release	Run MarcoIeni/release-plz-action@v0.5	2026-02-21T16:30:41.6552630Z [2m2026-02-21T16:30:41.655139Z[0m [32m INFO[0m waterkit-bluetooth: next version is 0.1.1
Release	Run MarcoIeni/release-plz-action@v0.5	2026-02-21T16:30:41.6577646Z [2m2026-02-21T16:30:41.657654Z[0m [32m INFO[0m waterkit-calendar: next version is 0.1.1
Release	Run MarcoIeni/release-plz-action@v0.5	2026-02-21T16:30:41.6598035Z [2m2026-02-21T16:30:41.659683Z[0m [32m INFO[0m waterkit-codec: next version is 0.1.1
Release	Run MarcoIeni/release-plz-action@v0.5	2026-02-21T16:30:41.6633765Z [2m2026-02-21T16:30:41.663232Z[0m [32m INFO[0m waterkit-camera: next version is 0.1.1
Release	Run MarcoIeni/release-plz-action@v0.5	2026-02-21T16:30:41.6671096Z [2m2026-02-21T16:30:41.666985Z[0m [32m INFO[0m waterkit-clipboard: next version is 0.1.1
Release	Run MarcoIeni/release-plz-action@v0.5	2026-02-21T16:30:41.6700865Z [2m2026-02-21T16:30:41.669965Z[0m [32m INFO[0m waterkit-contacts: next version is 0.1.1
Release	Run MarcoIeni/release-plz-action@v0.5	2026-02-21T16:30:41.6721181Z [2m2026-02-21T16:30:41.672012Z[0m [32m INFO[0m waterkit-deeplink: next version is 0.1.1
Release	Run MarcoIeni/release-plz-action@v0.5	2026-02-21T16:30:41.6746033Z [2m2026-02-21T16:30:41.674484Z[0m [32m INFO[0m waterkit-fs: next version is 0.1.1
Release	Run MarcoIeni/release-plz-action@v0.5	2026-02-21T16:30:41.6773009Z [2m2026-02-21T16:30:41.677187Z[0m [32m INFO[0m waterkit-haptic: next version is 0.1.1
Release	Run MarcoIeni/release-plz-action@v0.5	2026-02-21T16:30:41.6802376Z [2m2026-02-21T16:30:41.680132Z[0m [32m INFO[0m waterkit-health: next version is 0.1.1
Release	Run MarcoIeni/release-plz-action@v0.5	2026-02-21T16:30:41.6824584Z [2m2026-02-21T16:30:41.682355Z[0m [32m INFO[0m waterkit-nfc: next version is 0.1.1
Release	Run MarcoIeni/release-plz-action@v0.5	2026-02-21T16:30:41.6848599Z [2m2026-02-21T16:30:41.684730Z[0m [32m INFO[0m waterkit-notification: next version is 0.1.1
Release	Run MarcoIeni/release-plz-action@v0.5	2026-02-21T16:30:41.6877166Z [2m2026-02-21T16:30:41.687578Z[0m [32m INFO[0m waterkit-passkey: next version is 0.1.1
Release	Run MarcoIeni/release-plz-action@v0.5	2026-02-21T16:30:41.6900130Z [2m2026-02-21T16:30:41.689892Z[0m [32m INFO[0m waterkit-screen: next version is 0.1.1
Release	Run MarcoIeni/release-plz-action@v0.5	2026-02-21T16:30:41.6938689Z [2m2026-02-21T16:30:41.693752Z[0m [32m INFO[0m waterkit-secret: next version is 0.1.1
Release	Run MarcoIeni/release-plz-action@v0.5	2026-02-21T16:30:41.6967497Z [2m2026-02-21T16:30:41.696633Z[0m [32m INFO[0m waterkit-sensor: next version is 0.1.1
Release	Run MarcoIeni/release-plz-action@v0.5	2026-02-21T16:30:41.7001930Z [2m2026-02-21T16:30:41.700071Z[0m [32m INFO[0m waterkit-share: next version is 0.1.1
Release	Run MarcoIeni/release-plz-action@v0.5	2026-02-21T16:30:41.7023481Z [2m2026-02-21T16:30:41.702224Z[0m [32m INFO[0m waterkit-speech: next version is 0.1.1
Release	Run MarcoIeni/release-plz-action@v0.5	2026-02-21T16:30:41.7046888Z [2m2026-02-21T16:30:41.704583Z[0m [32m INFO[0m waterkit-system: next version is 0.1.1
Release	Run MarcoIeni/release-plz-action@v0.5	2026-02-21T16:30:41.7077449Z [2m2026-02-21T16:30:41.707626Z[0m [32m INFO[0m waterkit-video: next version is 0.1.1
Release	Run MarcoIeni/release-plz-action@v0.5	2026-02-21T16:30:41.7104301Z [2m2026-02-21T16:30:41.710296Z[0m [32m INFO[0m waterkit: next version is 0.1.0
Release	Run MarcoIeni/release-plz-action@v0.5	2026-02-21T16:30:44.5898624Z [2m2026-02-21T16:30:44.589666Z[0m [33m WARN[0m no changes detected in changelog of package waterkit-background
Release	Run MarcoIeni/release-plz-action@v0.5	2026-02-21T16:30:47.7164058Z [2m2026-02-21T16:30:47.716133Z[0m [32m INFO[0m updated pr https://github.com/water-rs/waterkit/pull/18
Release	Run MarcoIeni/release-plz-action@v0.5	2026-02-21T16:30:47.7996042Z release_pr_output: {"prs":[{"base_branch":"main","head_branch":"release-plz-2026-02-20T19-58-35Z","html_url":"https://github.com/water-rs/waterkit/pull/18","number":18,"releases":[{"package_name":"waterkit-build","version":"0.1.1"},{"package_name":"waterkit-dialog","version":"0.1.1"},{"package_name":"waterkit-permission","version":"0.1.1"},{"package_name":"waterkit-location","version":"0.1.1"},{"package_name":"waterkit-audio","version":"0.1.1"},{"package_name":"waterkit-background","version":"0.1.1"},{"package_name":"waterkit-biometric","version":"0.1.1"},{"package_name":"waterkit-bluetooth","version":"0.1.1"},{"package_name":"waterkit-calendar","version":"0.1.1"},{"package_name":"waterkit-codec","version":"0.1.1"},{"package_name":"waterkit-camera","version":"0.1.1"},{"package_name":"waterkit-clipboard","version":"0.1.1"},{"package_name":"waterkit-contacts","version":"0.1.1"},{"package_name":"waterkit-deeplink","version":"0.1.1"},{"package_name":"waterkit-fs","version":"0.1.1"},{"package_name":"waterkit-haptic","version":"0.1.1"},{"package_name":"waterkit-health","version":"0.1.1"},{"package_name":"waterkit-nfc","version":"0.1.1"},{"package_name":"waterkit-notification","version":"0.1.1"},{"package_name":"waterkit-passkey","version":"0.1.1"},{"package_name":"waterkit-screen","version":"0.1.1"},{"package_name":"waterkit-secret","version":"0.1.1"},{"package_name":"waterkit-sensor","version":"0.1.1"},{"package_name":"waterkit-share","version":"0.1.1"},{"package_name":"waterkit-speech","version":"0.1.1"},{"package_name":"waterkit-system","version":"0.1.1"},{"package_name":"waterkit-video","version":"0.1.1"},{"package_name":"waterkit","version":"0.1.0"}]}]}
Release	Run MarcoIeni/release-plz-action@v0.5	2026-02-21T16:30:47.8092438Z -- Running release-plz release --
Release	Run MarcoIeni/release-plz-action@v0.5	2026-02-21T16:30:47.8729197Z [2m2026-02-21T16:30:47.872714Z[0m [32m INFO[0m using release-plz config file release-plz.toml
Release	Run MarcoIeni/release-plz-action@v0.5	2026-02-21T16:30:48.1722152Z [2m2026-02-21T16:30:48.171978Z[0m [32m INFO[0m waterkit-build 0.1.0: Already published - Tag waterkit-build-v0.1.0 already exists
Release	Run MarcoIeni/release-plz-action@v0.5	2026-02-21T16:30:48.1737590Z [2m2026-02-21T16:30:48.173608Z[0m [32m INFO[0m waterkit-dialog 0.1.0: Already published - Tag waterkit-dialog-v0.1.0 already exists
Release	Run MarcoIeni/release-plz-action@v0.5	2026-02-21T16:30:48.1752770Z [2m2026-02-21T16:30:48.175134Z[0m [32m INFO[0m waterkit-permission 0.1.0: Already published - Tag waterkit-permission-v0.1.0 already exists
Release	Run MarcoIeni/release-plz-action@v0.5	2026-02-21T16:30:48.1767923Z [2m2026-02-21T16:30:48.176659Z[0m [32m INFO[0m waterkit-location 0.1.0: Already published - Tag waterkit-location-v0.1.0 already exists
Release	Run MarcoIeni/release-plz-action@v0.5	2026-02-21T16:30:48.1782981Z [2m2026-02-21T16:30:48.178158Z[0m [32m INFO[0m waterkit-audio 0.1.0: Already published - Tag waterkit-audio-v0.1.0 already exists
Release	Run MarcoIeni/release-plz-action@v0.5	2026-02-21T16:30:48.1799636Z [2m2026-02-21T16:30:48.179812Z[0m [32m INFO[0m waterkit-background 0.1.0: Already published - Tag waterkit-background-v0.1.0 already exists
Release	Run MarcoIeni/release-plz-action@v0.5	2026-02-21T16:31:16.6773147Z [2m2026-02-21T16:31:16.677128Z[0m [32m INFO[0m published waterkit-biometric 0.1.0
Release	Run MarcoIeni/release-plz-action@v0.5	2026-02-21T16:31:16.6793897Z [2m2026-02-21T16:31:16.679180Z[0m [33m WARN[0m waterkit-bluetooth: failed to parse changelog at path "/home/runner/work/waterkit/waterkit/bluetooth/CHANGELOG.md": can't read changelog file
Release	Run MarcoIeni/release-plz-action@v0.5	2026-02-21T16:31:16.6794805Z 
Release	Run MarcoIeni/release-plz-action@v0.5	2026-02-21T16:31:16.6794888Z Caused by:
Release	Run MarcoIeni/release-plz-action@v0.5	2026-02-21T16:31:16.6795564Z     failed to open file `/home/runner/work/waterkit/waterkit/bluetooth/CHANGELOG.md`: No such file or directory (os error 2). The git release body will be empty.
Release	Run MarcoIeni/release-plz-action@v0.5	2026-02-21T16:31:16.9407392Z [2m2026-02-21T16:31:16.940593Z[0m [31mERROR[0m failed to release package
Release	Run MarcoIeni/release-plz-action@v0.5	2026-02-21T16:31:16.9407906Z 
Release	Run MarcoIeni/release-plz-action@v0.5	2026-02-21T16:31:16.9407983Z Caused by:
Release	Run MarcoIeni/release-plz-action@v0.5	2026-02-21T16:31:16.9408364Z     failed to publish waterkit-bluetooth: \x1b[1m\x1b[92m    Updating\x1b[0m crates.io index
Release	Run MarcoIeni/release-plz-action@v0.5	2026-02-21T16:31:16.9409073Z     \x1b[1m\x1b[91merror\x1b[0m: readme `README.md` does not appear to exist (relative to `/home/runner/work/waterkit/waterkit/bluetooth`).
Release	Run MarcoIeni/release-plz-action@v0.5	2026-02-21T16:31:16.9409824Z     Please update the readme setting in the manifest at `/home/runner/work/waterkit/waterkit/bluetooth/Cargo.toml`.
Release	Run MarcoIeni/release-plz-action@v0.5	2026-02-21T16:31:16.9410281Z     
Release	Run MarcoIeni/release-plz-action@v0.5	2026-02-21T16:31:16.9410446Z Error: failed to release package
Release	Run MarcoIeni/release-plz-action@v0.5	2026-02-21T16:31:16.9410843Z 
Release	Run MarcoIeni/release-plz-action@v0.5	2026-02-21T16:31:16.9410907Z Caused by:
Release	Run MarcoIeni/release-plz-action@v0.5	2026-02-21T16:31:16.9411336Z     failed to publish waterkit-bluetooth: [1m[92m    Updating[0m crates.io index
Release	Run MarcoIeni/release-plz-action@v0.5	2026-02-21T16:31:16.9412050Z     [1m[91merror[0m: readme `README.md` does not appear to exist (relative to `/home/runner/work/waterkit/waterkit/bluetooth`).
Release	Run MarcoIeni/release-plz-action@v0.5	2026-02-21T16:31:16.9412770Z     Please update the readme setting in the manifest at `/home/runner/work/waterkit/waterkit/bluetooth/Cargo.toml`.
Release	Run MarcoIeni/release-plz-action@v0.5	2026-02-21T16:31:16.9413582Z     
Release	Run MarcoIeni/release-plz-action@v0.5	2026-02-21T16:31:16.9439049Z ##[error]Process completed with exit code 1.
Release	Post Run actions/checkout@v4	﻿2026-02-21T16:31:16.9536518Z Post job cleanup.
Release	Post Run actions/checkout@v4	2026-02-21T16:31:17.0460288Z [command]/usr/bin/git version
Release	Post Run actions/checkout@v4	2026-02-21T16:31:17.0496252Z git version 2.52.0
Release	Post Run actions/checkout@v4	2026-02-21T16:31:17.0534099Z Copying '/home/runner/.gitconfig' to '/home/runner/work/_temp/09c6169a-38b9-4c1d-a40f-b3a63443d644/.gitconfig'
Release	Post Run actions/checkout@v4	2026-02-21T16:31:17.0543775Z Temporarily overriding HOME='/home/runner/work/_temp/09c6169a-38b9-4c1d-a40f-b3a63443d644' before making global git config changes
Release	Post Run actions/checkout@v4	2026-02-21T16:31:17.0545077Z Adding repository directory to the temporary git global config as a safe directory
Release	Post Run actions/checkout@v4	2026-02-21T16:31:17.0556605Z [command]/usr/bin/git config --global --add safe.directory /home/runner/work/waterkit/waterkit
Release	Post Run actions/checkout@v4	2026-02-21T16:31:17.0590142Z [command]/usr/bin/git config --local --name-only --get-regexp core\.sshCommand
Release	Post Run actions/checkout@v4	2026-02-21T16:31:17.0620809Z [command]/usr/bin/git submodule foreach --recursive sh -c "git config --local --name-only --get-regexp 'core\.sshCommand' && git config --local --unset-all 'core.sshCommand' || :"
Release	Post Run actions/checkout@v4	2026-02-21T16:31:17.0842968Z [command]/usr/bin/git config --local --name-only --get-regexp http\.https\:\/\/github\.com\/\.extraheader
Release	Post Run actions/checkout@v4	2026-02-21T16:31:17.0862829Z http.https://github.com/.extraheader
Release	Post Run actions/checkout@v4	2026-02-21T16:31:17.0876627Z [command]/usr/bin/git config --local --unset-all http.https://github.com/.extraheader
Release	Post Run actions/checkout@v4	2026-02-21T16:31:17.0907364Z [command]/usr/bin/git submodule foreach --recursive sh -c "git config --local --name-only --get-regexp 'http\.https\:\/\/github\.com\/\.extraheader' && git config --local --unset-all 'http.https://github.com/.extraheader' || :"
Release	Post Run actions/checkout@v4	2026-02-21T16:31:17.1137489Z [command]/usr/bin/git config --local --name-only --get-regexp ^includeIf\.gitdir:
Release	Post Run actions/checkout@v4	2026-02-21T16:31:17.1168059Z [command]/usr/bin/git submodule foreach --recursive git config --local --show-origin --name-only --get-regexp remote.origin.url
Release	Complete job	﻿2026-02-21T16:31:17.1497608Z Cleaning up orphan processes
