Release	Set up job	﻿2026-02-21T16:17:24.3072673Z Current runner version: '2.331.0'
Release	Set up job	2026-02-21T16:17:24.3107726Z ##[group]Runner Image Provisioner
Release	Set up job	2026-02-21T16:17:24.3109522Z Hosted Compute Agent
Release	Set up job	2026-02-21T16:17:24.3110444Z Version: 20260123.484
Release	Set up job	2026-02-21T16:17:24.3111701Z Commit: 6bd6555ca37d84114959e1c76d2c01448ff61c5d
Release	Set up job	2026-02-21T16:17:24.3112936Z Build Date: 2026-01-23T19:41:17Z
Release	Set up job	2026-02-21T16:17:24.3114136Z Worker ID: {5c05a02f-ea52-4a7b-a957-2faea46411a3}
Release	Set up job	2026-02-21T16:17:24.3115824Z Azure Region: eastus2
Release	Set up job	2026-02-21T16:17:24.3116781Z ##[endgroup]
Release	Set up job	2026-02-21T16:17:24.3119058Z ##[group]Operating System
Release	Set up job	2026-02-21T16:17:24.3120161Z Ubuntu
Release	Set up job	2026-02-21T16:17:24.3121007Z 24.04.3
Release	Set up job	2026-02-21T16:17:24.3121761Z LTS
Release	Set up job	2026-02-21T16:17:24.3122634Z ##[endgroup]
Release	Set up job	2026-02-21T16:17:24.3123564Z ##[group]Runner Image
Release	Set up job	2026-02-21T16:17:24.3124547Z Image: ubuntu-24.04
Release	Set up job	2026-02-21T16:17:24.3125570Z Version: 20260201.15.1
Release	Set up job	2026-02-21T16:17:24.3127390Z Included Software: https://github.com/actions/runner-images/blob/ubuntu24/20260201.15/images/ubuntu/Ubuntu2404-Readme.md
Release	Set up job	2026-02-21T16:17:24.3130403Z Image Release: https://github.com/actions/runner-images/releases/tag/ubuntu24%2F20260201.15
Release	Set up job	2026-02-21T16:17:24.3132070Z ##[endgroup]
Release	Set up job	2026-02-21T16:17:24.3134233Z ##[group]GITHUB_TOKEN Permissions
Release	Set up job	2026-02-21T16:17:24.3137334Z Contents: write
Release	Set up job	2026-02-21T16:17:24.3138391Z Metadata: read
Release	Set up job	2026-02-21T16:17:24.3139280Z PullRequests: write
Release	Set up job	2026-02-21T16:17:24.3140053Z ##[endgroup]
Release	Set up job	2026-02-21T16:17:24.3143029Z Secret source: Actions
Release	Set up job	2026-02-21T16:17:24.3144180Z Prepare workflow directory
Release	Set up job	2026-02-21T16:17:24.3612807Z Prepare all required actions
Release	Set up job	2026-02-21T16:17:24.3669916Z Getting action download info
Release	Set up job	2026-02-21T16:17:24.6322251Z Download action repository 'actions/checkout@v4' (SHA:34e114876b0b11c390a56381ad16ebd13914f8d5)
Release	Set up job	2026-02-21T16:17:24.7535702Z Download action repository 'dtolnay/rust-toolchain@stable' (SHA:631a55b12751854ce901bb631d5902ceb48146f7)
Release	Set up job	2026-02-21T16:17:24.9109270Z Download action repository 'MarcoIeni/release-plz-action@v0.5' (SHA:f708778669256143d984cce4b23592637532e040)
Release	Set up job	2026-02-21T16:17:25.2010775Z Getting action download info
Release	Set up job	2026-02-21T16:17:25.3487999Z Download action repository 'taiki-e/install-action@90b40388b8931b1c39e248959515e295e02e9066' (SHA:90b40388b8931b1c39e248959515e295e02e9066)
Release	Set up job	2026-02-21T16:17:25.6935913Z Download action repository 'cargo-bins/cargo-binstall@e7cc28468cf17df7cb288daea80c0c5437af360b' (SHA:e7cc28468cf17df7cb288daea80c0c5437af360b)
Release	Set up job	2026-02-21T16:17:25.9689342Z Download action repository 'release-plz/git-config@59144859caf016f8b817a2ac9b051578729173c4' (SHA:59144859caf016f8b817a2ac9b051578729173c4)
Release	Set up job	2026-02-21T16:17:26.2255915Z Complete job name: Release
Release	Run actions/checkout@v4	﻿2026-02-21T16:17:26.2946989Z ##[group]Run actions/checkout@v4
Release	Run actions/checkout@v4	2026-02-21T16:17:26.2947741Z with:
Release	Run actions/checkout@v4	2026-02-21T16:17:26.2948022Z   fetch-depth: 0
Release	Run actions/checkout@v4	2026-02-21T16:17:26.2948310Z   repository: water-rs/waterkit
Release	Run actions/checkout@v4	2026-02-21T16:17:26.2948798Z   token: ***
Release	Run actions/checkout@v4	2026-02-21T16:17:26.2949064Z   ssh-strict: true
Release	Run actions/checkout@v4	2026-02-21T16:17:26.2949332Z   ssh-user: git
Release	Run actions/checkout@v4	2026-02-21T16:17:26.2949611Z   persist-credentials: true
Release	Run actions/checkout@v4	2026-02-21T16:17:26.2949933Z   clean: true
Release	Run actions/checkout@v4	2026-02-21T16:17:26.2950215Z   sparse-checkout-cone-mode: true
Release	Run actions/checkout@v4	2026-02-21T16:17:26.2950551Z   fetch-tags: false
Release	Run actions/checkout@v4	2026-02-21T16:17:26.2950840Z   show-progress: true
Release	Run actions/checkout@v4	2026-02-21T16:17:26.2951141Z   lfs: false
Release	Run actions/checkout@v4	2026-02-21T16:17:26.2951409Z   submodules: false
Release	Run actions/checkout@v4	2026-02-21T16:17:26.2951743Z   set-safe-directory: true
Release	Run actions/checkout@v4	2026-02-21T16:17:26.2952277Z ##[endgroup]
Release	Run actions/checkout@v4	2026-02-21T16:17:26.4082587Z Syncing repository: water-rs/waterkit
Release	Run actions/checkout@v4	2026-02-21T16:17:26.4084485Z ##[group]Getting Git version info
Release	Run actions/checkout@v4	2026-02-21T16:17:26.4085049Z Working directory is '/home/runner/work/waterkit/waterkit'
Release	Run actions/checkout@v4	2026-02-21T16:17:26.4086122Z [command]/usr/bin/git version
Release	Run actions/checkout@v4	2026-02-21T16:17:26.4197358Z git version 2.52.0
Release	Run actions/checkout@v4	2026-02-21T16:17:26.4223831Z ##[endgroup]
Release	Run actions/checkout@v4	2026-02-21T16:17:26.4238136Z Temporarily overriding HOME='/home/runner/work/_temp/b5eb496a-b4ed-46a5-8188-7f60b949cca1' before making global git config changes
Release	Run actions/checkout@v4	2026-02-21T16:17:26.4239213Z Adding repository directory to the temporary git global config as a safe directory
Release	Run actions/checkout@v4	2026-02-21T16:17:26.4243176Z [command]/usr/bin/git config --global --add safe.directory /home/runner/work/waterkit/waterkit
Release	Run actions/checkout@v4	2026-02-21T16:17:26.4280615Z Deleting the contents of '/home/runner/work/waterkit/waterkit'
Release	Run actions/checkout@v4	2026-02-21T16:17:26.4284051Z ##[group]Initializing the repository
Release	Run actions/checkout@v4	2026-02-21T16:17:26.4288148Z [command]/usr/bin/git init /home/runner/work/waterkit/waterkit
Release	Run actions/checkout@v4	2026-02-21T16:17:26.4380664Z hint: Using 'master' as the name for the initial branch. This default branch name
Release	Run actions/checkout@v4	2026-02-21T16:17:26.4381947Z hint: will change to "main" in Git 3.0. To configure the initial branch name
Release	Run actions/checkout@v4	2026-02-21T16:17:26.4383284Z hint: to use in all of your new repositories, which will suppress this warning,
Release	Run actions/checkout@v4	2026-02-21T16:17:26.4384403Z hint: call:
Release	Run actions/checkout@v4	2026-02-21T16:17:26.4384996Z hint:
Release	Run actions/checkout@v4	2026-02-21T16:17:26.4386100Z hint: 	git config --global init.defaultBranch <name>
Release	Run actions/checkout@v4	2026-02-21T16:17:26.4387016Z hint:
Release	Run actions/checkout@v4	2026-02-21T16:17:26.4387675Z hint: Names commonly chosen instead of 'master' are 'main', 'trunk' and
Release	Run actions/checkout@v4	2026-02-21T16:17:26.4388498Z hint: 'development'. The just-created branch can be renamed via this command:
Release	Run actions/checkout@v4	2026-02-21T16:17:26.4389118Z hint:
Release	Run actions/checkout@v4	2026-02-21T16:17:26.4389455Z hint: 	git branch -m <name>
Release	Run actions/checkout@v4	2026-02-21T16:17:26.4389859Z hint:
Release	Run actions/checkout@v4	2026-02-21T16:17:26.4390407Z hint: Disable this message with "git config set advice.defaultBranchName false"
Release	Run actions/checkout@v4	2026-02-21T16:17:26.4391270Z Initialized empty Git repository in /home/runner/work/waterkit/waterkit/.git/
Release	Run actions/checkout@v4	2026-02-21T16:17:26.4397610Z [command]/usr/bin/git remote add origin https://github.com/water-rs/waterkit
Release	Run actions/checkout@v4	2026-02-21T16:17:26.4435765Z ##[endgroup]
Release	Run actions/checkout@v4	2026-02-21T16:17:26.4436409Z ##[group]Disabling automatic garbage collection
Release	Run actions/checkout@v4	2026-02-21T16:17:26.4440183Z [command]/usr/bin/git config --local gc.auto 0
Release	Run actions/checkout@v4	2026-02-21T16:17:26.4468736Z ##[endgroup]
Release	Run actions/checkout@v4	2026-02-21T16:17:26.4469724Z ##[group]Setting up auth
Release	Run actions/checkout@v4	2026-02-21T16:17:26.4476125Z [command]/usr/bin/git config --local --name-only --get-regexp core\.sshCommand
Release	Run actions/checkout@v4	2026-02-21T16:17:26.4506400Z [command]/usr/bin/git submodule foreach --recursive sh -c "git config --local --name-only --get-regexp 'core\.sshCommand' && git config --local --unset-all 'core.sshCommand' || :"
Release	Run actions/checkout@v4	2026-02-21T16:17:26.4853516Z [command]/usr/bin/git config --local --name-only --get-regexp http\.https\:\/\/github\.com\/\.extraheader
Release	Run actions/checkout@v4	2026-02-21T16:17:26.4882700Z [command]/usr/bin/git submodule foreach --recursive sh -c "git config --local --name-only --get-regexp 'http\.https\:\/\/github\.com\/\.extraheader' && git config --local --unset-all 'http.https://github.com/.extraheader' || :"
Release	Run actions/checkout@v4	2026-02-21T16:17:26.5099540Z [command]/usr/bin/git config --local --name-only --get-regexp ^includeIf\.gitdir:
Release	Run actions/checkout@v4	2026-02-21T16:17:26.5137961Z [command]/usr/bin/git submodule foreach --recursive git config --local --show-origin --name-only --get-regexp remote.origin.url
Release	Run actions/checkout@v4	2026-02-21T16:17:26.5362781Z [command]/usr/bin/git config --local http.https://github.com/.extraheader AUTHORIZATION: basic ***
Release	Run actions/checkout@v4	2026-02-21T16:17:26.5395673Z ##[endgroup]
Release	Run actions/checkout@v4	2026-02-21T16:17:26.5396378Z ##[group]Fetching the repository
Release	Run actions/checkout@v4	2026-02-21T16:17:26.5404237Z [command]/usr/bin/git -c protocol.version=2 fetch --prune --no-recurse-submodules origin +refs/heads/*:refs/remotes/origin/* +refs/tags/*:refs/tags/*
Release	Run actions/checkout@v4	2026-02-21T16:17:27.4295087Z From https://github.com/water-rs/waterkit
Release	Run actions/checkout@v4	2026-02-21T16:17:27.4296742Z  * [new branch]      dev                   -> origin/dev
Release	Run actions/checkout@v4	2026-02-21T16:17:27.4297904Z  * [new branch]      dev-waterui-sync      -> origin/dev-waterui-sync
Release	Run actions/checkout@v4	2026-02-21T16:17:27.4298777Z  * [new branch]      main                  -> origin/main
Release	Run actions/checkout@v4	2026-02-21T16:17:27.4299762Z  * [new branch]      release-plz-2026-02-20T19-58-35Z -> origin/release-plz-2026-02-20T19-58-35Z
Release	Run actions/checkout@v4	2026-02-21T16:17:27.4300894Z  * [new tag]         waterkit-build-v0.1.0 -> waterkit-build-v0.1.0
Release	Run actions/checkout@v4	2026-02-21T16:17:27.4342813Z [command]/usr/bin/git branch --list --remote origin/main
Release	Run actions/checkout@v4	2026-02-21T16:17:27.4367273Z   origin/main
Release	Run actions/checkout@v4	2026-02-21T16:17:27.4377045Z [command]/usr/bin/git rev-parse refs/remotes/origin/main
Release	Run actions/checkout@v4	2026-02-21T16:17:27.4397110Z 8bf673e81cf1cf32a2c906ee76dba0fa213c7d54
Release	Run actions/checkout@v4	2026-02-21T16:17:27.4402476Z ##[endgroup]
Release	Run actions/checkout@v4	2026-02-21T16:17:27.4403403Z ##[group]Determining the checkout info
Release	Run actions/checkout@v4	2026-02-21T16:17:27.4404354Z ##[endgroup]
Release	Run actions/checkout@v4	2026-02-21T16:17:27.4409041Z [command]/usr/bin/git sparse-checkout disable
Release	Run actions/checkout@v4	2026-02-21T16:17:27.4450505Z [command]/usr/bin/git config --local --unset-all extensions.worktreeConfig
Release	Run actions/checkout@v4	2026-02-21T16:17:27.4478155Z ##[group]Checking out the ref
Release	Run actions/checkout@v4	2026-02-21T16:17:27.4483403Z [command]/usr/bin/git checkout --progress --force -B main refs/remotes/origin/main
Release	Run actions/checkout@v4	2026-02-21T16:17:27.5651283Z Switched to a new branch 'main'
Release	Run actions/checkout@v4	2026-02-21T16:17:27.5652462Z branch 'main' set up to track 'origin/main'.
Release	Run actions/checkout@v4	2026-02-21T16:17:27.5673654Z ##[endgroup]
Release	Run actions/checkout@v4	2026-02-21T16:17:27.5720983Z [command]/usr/bin/git log -1 --format=%H
Release	Run actions/checkout@v4	2026-02-21T16:17:27.5744639Z 8bf673e81cf1cf32a2c906ee76dba0fa213c7d54
Release	Install Linux native dependencies	﻿2026-02-21T16:17:27.5927172Z ##[group]Run sudo apt-get update
Release	Install Linux native dependencies	2026-02-21T16:17:27.5927580Z [36;1msudo apt-get update[0m
Release	Install Linux native dependencies	2026-02-21T16:17:27.5928030Z [36;1mDEBIAN_FRONTEND=noninteractive sudo apt-get install -y --no-install-recommends \[0m
Release	Install Linux native dependencies	2026-02-21T16:17:27.5928498Z [36;1m  pkg-config \[0m
Release	Install Linux native dependencies	2026-02-21T16:17:27.5928722Z [36;1m  libwayland-dev \[0m
Release	Install Linux native dependencies	2026-02-21T16:17:27.5928941Z [36;1m  libxkbcommon-dev \[0m
Release	Install Linux native dependencies	2026-02-21T16:17:27.5929178Z [36;1m  libasound2-dev \[0m
Release	Install Linux native dependencies	2026-02-21T16:17:27.5929389Z [36;1m  libudev-dev \[0m
Release	Install Linux native dependencies	2026-02-21T16:17:27.5929589Z [36;1m  libdav1d-dev \[0m
Release	Install Linux native dependencies	2026-02-21T16:17:27.5929793Z [36;1m  nasm \[0m
Release	Install Linux native dependencies	2026-02-21T16:17:27.5929978Z [36;1m  libavutil-dev \[0m
Release	Install Linux native dependencies	2026-02-21T16:17:27.5930189Z [36;1m  libavcodec-dev \[0m
Release	Install Linux native dependencies	2026-02-21T16:17:27.5930401Z [36;1m  libavformat-dev \[0m
Release	Install Linux native dependencies	2026-02-21T16:17:27.5930612Z [36;1m  libavfilter-dev \[0m
Release	Install Linux native dependencies	2026-02-21T16:17:27.5930821Z [36;1m  libavdevice-dev \[0m
Release	Install Linux native dependencies	2026-02-21T16:17:27.5931024Z [36;1m  libswscale-dev \[0m
Release	Install Linux native dependencies	2026-02-21T16:17:27.5931237Z [36;1m  libswresample-dev \[0m
Release	Install Linux native dependencies	2026-02-21T16:17:27.5931485Z [36;1m  libxcb1-dev \[0m
Release	Install Linux native dependencies	2026-02-21T16:17:27.5931693Z [36;1m  libxcb-render0-dev \[0m
Release	Install Linux native dependencies	2026-02-21T16:17:27.5931922Z [36;1m  libxcb-shape0-dev \[0m
Release	Install Linux native dependencies	2026-02-21T16:17:27.5932144Z [36;1m  libxcb-xfixes0-dev \[0m
Release	Install Linux native dependencies	2026-02-21T16:17:27.5932365Z [36;1m  libdbus-1-dev[0m
Release	Install Linux native dependencies	2026-02-21T16:17:27.5966656Z shell: /usr/bin/bash -e {0}
Release	Install Linux native dependencies	2026-02-21T16:17:27.5966926Z ##[endgroup]
Release	Install Linux native dependencies	2026-02-21T16:17:27.6706789Z Get:1 file:/etc/apt/apt-mirrors.txt Mirrorlist [144 B]
Release	Install Linux native dependencies	2026-02-21T16:17:27.7012267Z Hit:2 http://azure.archive.ubuntu.com/ubuntu noble InRelease
Release	Install Linux native dependencies	2026-02-21T16:17:27.7027675Z Get:3 http://azure.archive.ubuntu.com/ubuntu noble-updates InRelease [126 kB]
Release	Install Linux native dependencies	2026-02-21T16:17:27.7057192Z Get:4 http://azure.archive.ubuntu.com/ubuntu noble-backports InRelease [126 kB]
Release	Install Linux native dependencies	2026-02-21T16:17:27.7129060Z Get:5 http://azure.archive.ubuntu.com/ubuntu noble-security InRelease [126 kB]
Release	Install Linux native dependencies	2026-02-21T16:17:27.7322969Z Get:6 https://packages.microsoft.com/repos/azure-cli noble InRelease [3564 B]
Release	Install Linux native dependencies	2026-02-21T16:17:27.7420382Z Get:7 https://packages.microsoft.com/ubuntu/24.04/prod noble InRelease [3600 B]
Release	Install Linux native dependencies	2026-02-21T16:17:27.8319916Z Get:8 http://azure.archive.ubuntu.com/ubuntu noble-updates/main amd64 Packages [1771 kB]
Release	Install Linux native dependencies	2026-02-21T16:17:27.8489483Z Get:9 http://azure.archive.ubuntu.com/ubuntu noble-updates/main Translation-en [328 kB]
Release	Install Linux native dependencies	2026-02-21T16:17:27.8516705Z Get:10 http://azure.archive.ubuntu.com/ubuntu noble-updates/main amd64 Components [175 kB]
Release	Install Linux native dependencies	2026-02-21T16:17:27.8534041Z Get:11 http://azure.archive.ubuntu.com/ubuntu noble-updates/main amd64 c-n-f Metadata [16.5 kB]
Release	Install Linux native dependencies	2026-02-21T16:17:27.8543622Z Get:12 http://azure.archive.ubuntu.com/ubuntu noble-updates/universe amd64 Packages [1557 kB]
Release	Install Linux native dependencies	2026-02-21T16:17:27.8639448Z Get:13 http://azure.archive.ubuntu.com/ubuntu noble-updates/universe Translation-en [316 kB]
Release	Install Linux native dependencies	2026-02-21T16:17:27.8653294Z Get:14 http://azure.archive.ubuntu.com/ubuntu noble-updates/universe amd64 Components [386 kB]
Release	Install Linux native dependencies	2026-02-21T16:17:27.8680233Z Get:15 http://azure.archive.ubuntu.com/ubuntu noble-updates/universe amd64 c-n-f Metadata [32.6 kB]
Release	Install Linux native dependencies	2026-02-21T16:17:27.8705110Z Get:16 http://azure.archive.ubuntu.com/ubuntu noble-updates/restricted amd64 Packages [2663 kB]
Release	Install Linux native dependencies	2026-02-21T16:17:27.8835408Z Get:17 http://azure.archive.ubuntu.com/ubuntu noble-updates/restricted Translation-en [613 kB]
Release	Install Linux native dependencies	2026-02-21T16:17:27.9289915Z Get:18 http://azure.archive.ubuntu.com/ubuntu noble-updates/restricted amd64 Components [212 B]
Release	Install Linux native dependencies	2026-02-21T16:17:27.9298908Z Get:19 http://azure.archive.ubuntu.com/ubuntu noble-updates/multiverse amd64 Packages [32.1 kB]
Release	Install Linux native dependencies	2026-02-21T16:17:27.9311105Z Get:20 http://azure.archive.ubuntu.com/ubuntu noble-updates/multiverse Translation-en [7044 B]
Release	Install Linux native dependencies	2026-02-21T16:17:27.9319608Z Get:21 http://azure.archive.ubuntu.com/ubuntu noble-updates/multiverse amd64 Components [940 B]
Release	Install Linux native dependencies	2026-02-21T16:17:27.9328600Z Get:22 http://azure.archive.ubuntu.com/ubuntu noble-backports/main amd64 Components [7284 B]
Release	Install Linux native dependencies	2026-02-21T16:17:27.9337487Z Get:23 http://azure.archive.ubuntu.com/ubuntu noble-backports/universe amd64 Components [10.5 kB]
Release	Install Linux native dependencies	2026-02-21T16:17:27.9349032Z Get:24 http://azure.archive.ubuntu.com/ubuntu noble-backports/restricted amd64 Components [216 B]
Release	Install Linux native dependencies	2026-02-21T16:17:27.9415703Z Get:25 http://azure.archive.ubuntu.com/ubuntu noble-backports/multiverse amd64 Components [212 B]
Release	Install Linux native dependencies	2026-02-21T16:17:27.9518189Z Get:26 http://azure.archive.ubuntu.com/ubuntu noble-security/main amd64 Packages [1474 kB]
Release	Install Linux native dependencies	2026-02-21T16:17:27.9572830Z Get:27 http://azure.archive.ubuntu.com/ubuntu noble-security/main Translation-en [237 kB]
Release	Install Linux native dependencies	2026-02-21T16:17:27.9581143Z Get:28 http://azure.archive.ubuntu.com/ubuntu noble-security/main amd64 Components [21.5 kB]
Release	Install Linux native dependencies	2026-02-21T16:17:27.9602436Z Get:29 http://azure.archive.ubuntu.com/ubuntu noble-security/main amd64 c-n-f Metadata [9892 B]
Release	Install Linux native dependencies	2026-02-21T16:17:27.9616721Z Get:30 http://azure.archive.ubuntu.com/ubuntu noble-security/universe amd64 Packages [935 kB]
Release	Install Linux native dependencies	2026-02-21T16:17:27.9688234Z Get:31 http://azure.archive.ubuntu.com/ubuntu noble-security/universe Translation-en [214 kB]
Release	Install Linux native dependencies	2026-02-21T16:17:28.0135151Z Get:38 https://packages.microsoft.com/repos/azure-cli noble/main amd64 Packages [2129 B]
Release	Install Linux native dependencies	2026-02-21T16:17:28.0148958Z Get:32 http://azure.archive.ubuntu.com/ubuntu noble-security/universe amd64 Components [74.2 kB]
Release	Install Linux native dependencies	2026-02-21T16:17:28.0159535Z Get:33 http://azure.archive.ubuntu.com/ubuntu noble-security/universe amd64 c-n-f Metadata [20.0 kB]
Release	Install Linux native dependencies	2026-02-21T16:17:28.0206806Z Get:34 http://azure.archive.ubuntu.com/ubuntu noble-security/restricted amd64 Packages [2516 kB]
Release	Install Linux native dependencies	2026-02-21T16:17:28.0352291Z Get:35 http://azure.archive.ubuntu.com/ubuntu noble-security/restricted Translation-en [582 kB]
Release	Install Linux native dependencies	2026-02-21T16:17:28.0408035Z Get:36 http://azure.archive.ubuntu.com/ubuntu noble-security/restricted amd64 Components [212 B]
Release	Install Linux native dependencies	2026-02-21T16:17:28.0426284Z Get:37 http://azure.archive.ubuntu.com/ubuntu noble-security/multiverse amd64 Components [212 B]
Release	Install Linux native dependencies	2026-02-21T16:17:28.0842059Z Get:39 https://packages.microsoft.com/ubuntu/24.04/prod noble/main armhf Packages [11.4 kB]
Release	Install Linux native dependencies	2026-02-21T16:17:28.0939964Z Get:40 https://packages.microsoft.com/ubuntu/24.04/prod noble/main amd64 Packages [93.3 kB]
Release	Install Linux native dependencies	2026-02-21T16:17:28.1119266Z Get:41 https://packages.microsoft.com/ubuntu/24.04/prod noble/main all Packages [643 B]
Release	Install Linux native dependencies	2026-02-21T16:17:28.1203121Z Get:42 https://packages.microsoft.com/ubuntu/24.04/prod noble/main arm64 Packages [72.7 kB]
Release	Install Linux native dependencies	2026-02-21T16:17:36.8754755Z Fetched 14.6 MB in 2s (8832 kB/s)
Release	Install Linux native dependencies	2026-02-21T16:17:37.6360375Z Reading package lists...
Release	Install Linux native dependencies	2026-02-21T16:17:37.6682669Z Reading package lists...
Release	Install Linux native dependencies	2026-02-21T16:17:37.8316508Z Building dependency tree...
Release	Install Linux native dependencies	2026-02-21T16:17:37.8323779Z Reading state information...
Release	Install Linux native dependencies	2026-02-21T16:17:37.9828581Z pkg-config is already the newest version (1.8.1-2build1).
Release	Install Linux native dependencies	2026-02-21T16:17:37.9829319Z The following additional packages will be installed:
Release	Install Linux native dependencies	2026-02-21T16:17:37.9829980Z   libasound2-data libasound2t64 libass9 libasyncns0 libavc1394-0 libavcodec60
Release	Install Linux native dependencies	2026-02-21T16:17:37.9830978Z   libavdevice60 libavfilter9 libavformat60 libavutil58 libblas3 libbluray2
Release	Install Linux native dependencies	2026-02-21T16:17:37.9831732Z   libbs2b0 libcaca0 libcdio-cdda2t64 libcdio-paranoia2t64 libcdio19t64
Release	Install Linux native dependencies	2026-02-21T16:17:37.9832289Z   libchromaprint1 libcjson1 libcodec2-1.2 libdav1d7 libdc1394-25 libdecor-0-0
Release	Install Linux native dependencies	2026-02-21T16:17:37.9833101Z   libflac12t64 libflite1 libgme0 libgsm1 libhwy1t64 libiec61883-0
Release	Install Linux native dependencies	2026-02-21T16:17:37.9833553Z   libjack-jackd2-0 libjxl0.7 liblapack3 liblilv-0-0 libmbedcrypto7t64
Release	Install Linux native dependencies	2026-02-21T16:17:37.9834019Z   libmp3lame0 libmpg123-0t64 libmysofa1 libopenal-data libopenal1
Release	Install Linux native dependencies	2026-02-21T16:17:37.9834484Z   libopenmpt0t64 libopus0 libplacebo338 libpocketsphinx3 libpostproc-dev
Release	Install Linux native dependencies	2026-02-21T16:17:37.9835400Z   libpostproc57 libpthread-stubs0-dev libpulse0 librav1e0 libraw1394-11
Release	Install Linux native dependencies	2026-02-21T16:17:37.9836166Z   librist4 librsvg2-2 librubberband2 libsamplerate0 libsdl2-2.0-0 libserd-0-0
Release	Install Linux native dependencies	2026-02-21T16:17:37.9836645Z   libshine3 libsndfile1 libsndio7.0 libsord-0-0 libsoxr0 libspeex1
Release	Install Linux native dependencies	2026-02-21T16:17:37.9837127Z   libsphinxbase3t64 libsratom-0-0 libsrt1.5-gnutls libssh-4 libssh-gcrypt-4
Release	Install Linux native dependencies	2026-02-21T16:17:37.9837621Z   libsvtav1enc1d1 libswresample4 libswscale7 libtheora0 libtwolame0
Release	Install Linux native dependencies	2026-02-21T16:17:37.9838331Z   libudfread0 libunibreak5 libva-drm2 libva-x11-2 libva2 libvdpau1
Release	Install Linux native dependencies	2026-02-21T16:17:37.9838755Z   libvidstab1.1 libvorbisenc2 libvpl2 libvpx9 libwayland-bin
Release	Install Linux native dependencies	2026-02-21T16:17:37.9839197Z   libwayland-server0 libx264-164 libx265-199 libxau-dev libxcb-shape0
Release	Install Linux native dependencies	2026-02-21T16:17:37.9839657Z   libxdmcp-dev libxv1 libxvidcore4 libzimg2 libzix-0-0 libzvbi-common
Release	Install Linux native dependencies	2026-02-21T16:17:37.9840116Z   libzvbi0t64 ocl-icd-libopencl1 x11proto-dev xorg-sgml-doctools
Release	Install Linux native dependencies	2026-02-21T16:17:37.9841590Z Suggested packages:
Release	Install Linux native dependencies	2026-02-21T16:17:37.9842092Z   alsa-utils libasound2-doc libasound2-plugins libcuda1 libnvcuvid1
Release	Install Linux native dependencies	2026-02-21T16:17:37.9842893Z   libnvidia-encode1 libbluray-bdj jackd2 libportaudio2 opus-tools pulseaudio
Release	Install Linux native dependencies	2026-02-21T16:17:37.9843392Z   libraw1394-doc librsvg2-bin serdi sndiod sordi speex libwayland-doc
Release	Install Linux native dependencies	2026-02-21T16:17:37.9843732Z   libxcb-doc opencl-icd
Release	Install Linux native dependencies	2026-02-21T16:17:37.9843936Z Recommended packages:
Release	Install Linux native dependencies	2026-02-21T16:17:37.9844243Z   alsa-ucm-conf alsa-topology-conf libaacs0 default-libdecor-0-plugin-1
Release	Install Linux native dependencies	2026-02-21T16:17:37.9844716Z   | libdecor-0-plugin-1 pocketsphinx-en-us librsvg2-common va-driver-all
Release	Install Linux native dependencies	2026-02-21T16:17:37.9845099Z   | va-driver vdpau-driver-all | vdpau-driver
Release	Install Linux native dependencies	2026-02-21T16:17:38.0341112Z The following NEW packages will be installed:
Release	Install Linux native dependencies	2026-02-21T16:17:38.0341785Z   libasound2-dev libass9 libasyncns0 libavc1394-0 libavcodec-dev libavcodec60
Release	Install Linux native dependencies	2026-02-21T16:17:38.0342583Z   libavdevice-dev libavdevice60 libavfilter-dev libavfilter9 libavformat-dev
Release	Install Linux native dependencies	2026-02-21T16:17:38.0343247Z   libavformat60 libavutil-dev libavutil58 libblas3 libbluray2 libbs2b0
Release	Install Linux native dependencies	2026-02-21T16:17:38.0343770Z   libcaca0 libcdio-cdda2t64 libcdio-paranoia2t64 libcdio19t64 libchromaprint1
Release	Install Linux native dependencies	2026-02-21T16:17:38.0344294Z   libcjson1 libcodec2-1.2 libdav1d-dev libdav1d7 libdbus-1-dev libdc1394-25
Release	Install Linux native dependencies	2026-02-21T16:17:38.0344903Z   libdecor-0-0 libflac12t64 libflite1 libgme0 libgsm1 libhwy1t64 libiec61883-0
Release	Install Linux native dependencies	2026-02-21T16:17:38.0345766Z   libjack-jackd2-0 libjxl0.7 liblapack3 liblilv-0-0 libmbedcrypto7t64
Release	Install Linux native dependencies	2026-02-21T16:17:38.0346248Z   libmp3lame0 libmpg123-0t64 libmysofa1 libopenal-data libopenal1
Release	Install Linux native dependencies	2026-02-21T16:17:38.0346725Z   libopenmpt0t64 libopus0 libplacebo338 libpocketsphinx3 libpostproc-dev
Release	Install Linux native dependencies	2026-02-21T16:17:38.0347230Z   libpostproc57 libpthread-stubs0-dev libpulse0 librav1e0 libraw1394-11
Release	Install Linux native dependencies	2026-02-21T16:17:38.0347739Z   librist4 librsvg2-2 librubberband2 libsamplerate0 libsdl2-2.0-0 libserd-0-0
Release	Install Linux native dependencies	2026-02-21T16:17:38.0348329Z   libshine3 libsndfile1 libsndio7.0 libsord-0-0 libsoxr0 libspeex1
Release	Install Linux native dependencies	2026-02-21T16:17:38.0349046Z   libsphinxbase3t64 libsratom-0-0 libsrt1.5-gnutls libssh-gcrypt-4
Release	Install Linux native dependencies	2026-02-21T16:17:38.0349871Z   libsvtav1enc1d1 libswresample-dev libswresample4 libswscale-dev libswscale7
Release	Install Linux native dependencies	2026-02-21T16:17:38.0350737Z   libtheora0 libtwolame0 libudev-dev libudfread0 libunibreak5 libva-drm2
Release	Install Linux native dependencies	2026-02-21T16:17:38.0351547Z   libva-x11-2 libva2 libvdpau1 libvidstab1.1 libvorbisenc2 libvpl2 libvpx9
Release	Install Linux native dependencies	2026-02-21T16:17:38.0352362Z   libwayland-bin libwayland-dev libwayland-server0 libx264-164 libx265-199
Release	Install Linux native dependencies	2026-02-21T16:17:38.0353137Z   libxau-dev libxcb-render0-dev libxcb-shape0 libxcb-shape0-dev
Release	Install Linux native dependencies	2026-02-21T16:17:38.0353871Z   libxcb-xfixes0-dev libxcb1-dev libxdmcp-dev libxkbcommon-dev libxv1
Release	Install Linux native dependencies	2026-02-21T16:17:38.0354957Z   libxvidcore4 libzimg2 libzix-0-0 libzvbi-common libzvbi0t64 nasm
Release	Install Linux native dependencies	2026-02-21T16:17:38.0355683Z   ocl-icd-libopencl1 x11proto-dev xorg-sgml-doctools
Release	Install Linux native dependencies	2026-02-21T16:17:38.0356008Z The following packages will be upgraded:
Release	Install Linux native dependencies	2026-02-21T16:17:38.0359706Z   libasound2-data libasound2t64 libssh-4
Release	Install Linux native dependencies	2026-02-21T16:17:38.0551009Z 3 upgraded, 112 newly installed, 0 to remove and 161 not upgraded.
Release	Install Linux native dependencies	2026-02-21T16:17:38.0551642Z Need to get 74.5 MB of archives.
Release	Install Linux native dependencies	2026-02-21T16:17:38.0551992Z After this operation, 223 MB of additional disk space will be used.
Release	Install Linux native dependencies	2026-02-21T16:17:38.0552401Z Get:1 file:/etc/apt/apt-mirrors.txt Mirrorlist [144 B]
Release	Install Linux native dependencies	2026-02-21T16:17:38.0764420Z Get:2 http://azure.archive.ubuntu.com/ubuntu noble-updates/main amd64 libasound2t64 amd64 1.2.11-1ubuntu0.2 [398 kB]
Release	Install Linux native dependencies	2026-02-21T16:17:38.0850478Z Get:3 http://azure.archive.ubuntu.com/ubuntu noble-updates/main amd64 libasound2-data all 1.2.11-1ubuntu0.2 [21.3 kB]
Release	Install Linux native dependencies	2026-02-21T16:17:38.0874721Z Get:4 http://azure.archive.ubuntu.com/ubuntu noble-updates/main amd64 libasound2-dev amd64 1.2.11-1ubuntu0.2 [115 kB]
Release	Install Linux native dependencies	2026-02-21T16:17:38.0926743Z Get:5 http://azure.archive.ubuntu.com/ubuntu noble/universe amd64 libunibreak5 amd64 5.1-2build1 [25.0 kB]
Release	Install Linux native dependencies	2026-02-21T16:17:38.0954741Z Get:6 http://azure.archive.ubuntu.com/ubuntu noble/universe amd64 libass9 amd64 1:0.17.1-2build1 [104 kB]
Release	Install Linux native dependencies	2026-02-21T16:17:38.0984640Z Get:7 http://azure.archive.ubuntu.com/ubuntu noble/main amd64 libasyncns0 amd64 0.8-6build4 [11.3 kB]
Release	Install Linux native dependencies	2026-02-21T16:17:38.1008931Z Get:8 http://azure.archive.ubuntu.com/ubuntu noble-updates/universe amd64 libva2 amd64 2.20.0-2ubuntu0.1 [66.3 kB]
Release	Install Linux native dependencies	2026-02-21T16:17:38.1036631Z Get:9 http://azure.archive.ubuntu.com/ubuntu noble-updates/universe amd64 libva-drm2 amd64 2.20.0-2ubuntu0.1 [7132 B]
Release	Install Linux native dependencies	2026-02-21T16:17:38.1056945Z Get:10 http://azure.archive.ubuntu.com/ubuntu noble-updates/universe amd64 libva-x11-2 amd64 2.20.0-2ubuntu0.1 [12.0 kB]
Release	Install Linux native dependencies	2026-02-21T16:17:38.1082383Z Get:11 http://azure.archive.ubuntu.com/ubuntu noble/main amd64 libvdpau1 amd64 1.5-2build1 [27.8 kB]
Release	Install Linux native dependencies	2026-02-21T16:17:38.1103572Z Get:12 http://azure.archive.ubuntu.com/ubuntu noble/universe amd64 libvpl2 amd64 2023.3.0-1build1 [99.8 kB]
Release	Install Linux native dependencies	2026-02-21T16:17:38.1133959Z Get:13 http://azure.archive.ubuntu.com/ubuntu noble/universe amd64 ocl-icd-libopencl1 amd64 2.3.2-1build1 [38.5 kB]
Release	Install Linux native dependencies	2026-02-21T16:17:38.1161455Z Get:14 http://azure.archive.ubuntu.com/ubuntu noble/universe amd64 libavutil58 amd64 7:6.1.1-3ubuntu5 [401 kB]
Release	Install Linux native dependencies	2026-02-21T16:17:38.1216996Z Get:15 http://azure.archive.ubuntu.com/ubuntu noble/universe amd64 libcodec2-1.2 amd64 1.2.0-2build1 [8998 kB]
Release	Install Linux native dependencies	2026-02-21T16:17:38.1922828Z Get:16 http://azure.archive.ubuntu.com/ubuntu noble/universe amd64 libdav1d7 amd64 1.4.1-1build1 [604 kB]
Release	Install Linux native dependencies	2026-02-21T16:17:38.1988267Z Get:17 http://azure.archive.ubuntu.com/ubuntu noble/universe amd64 libgsm1 amd64 1.0.22-1build1 [27.8 kB]
Release	Install Linux native dependencies	2026-02-21T16:17:38.2014657Z Get:18 http://azure.archive.ubuntu.com/ubuntu noble/universe amd64 libhwy1t64 amd64 1.0.7-8.1build1 [584 kB]
Release	Install Linux native dependencies	2026-02-21T16:17:38.2113254Z Get:19 http://azure.archive.ubuntu.com/ubuntu noble-updates/universe amd64 libjxl0.7 amd64 0.7.0-10.2ubuntu6.1 [1001 kB]
Release	Install Linux native dependencies	2026-02-21T16:17:38.2634339Z Get:20 http://azure.archive.ubuntu.com/ubuntu noble/main amd64 libmp3lame0 amd64 3.100-6build1 [142 kB]
Release	Install Linux native dependencies	2026-02-21T16:17:38.2670154Z Get:21 http://azure.archive.ubuntu.com/ubuntu noble/main amd64 libopus0 amd64 1.4-1build1 [208 kB]
Release	Install Linux native dependencies	2026-02-21T16:17:38.2712211Z Get:22 http://azure.archive.ubuntu.com/ubuntu noble/universe amd64 librav1e0 amd64 0.7.1-2 [1022 kB]
Release	Install Linux native dependencies	2026-02-21T16:17:38.2817594Z Get:23 http://azure.archive.ubuntu.com/ubuntu noble/main amd64 librsvg2-2 amd64 2.58.0+dfsg-1build1 [2135 kB]
Release	Install Linux native dependencies	2026-02-21T16:17:38.3005611Z Get:24 http://azure.archive.ubuntu.com/ubuntu noble/universe amd64 libshine3 amd64 3.1.1-2build1 [23.2 kB]
Release	Install Linux native dependencies	2026-02-21T16:17:38.3028928Z Get:25 http://azure.archive.ubuntu.com/ubuntu noble-updates/main amd64 libspeex1 amd64 1.2.1-2ubuntu2.24.04.1 [59.6 kB]
Release	Install Linux native dependencies	2026-02-21T16:17:38.3056905Z Get:26 http://azure.archive.ubuntu.com/ubuntu noble/universe amd64 libsvtav1enc1d1 amd64 1.7.0+dfsg-2build1 [2425 kB]
Release	Install Linux native dependencies	2026-02-21T16:17:38.3272726Z Get:27 http://azure.archive.ubuntu.com/ubuntu noble/universe amd64 libsoxr0 amd64 0.1.3-4build3 [80.0 kB]
Release	Install Linux native dependencies	2026-02-21T16:17:38.3303080Z Get:28 http://azure.archive.ubuntu.com/ubuntu noble/universe amd64 libswresample4 amd64 7:6.1.1-3ubuntu5 [63.8 kB]
Release	Install Linux native dependencies	2026-02-21T16:17:38.3335806Z Get:29 http://azure.archive.ubuntu.com/ubuntu noble/main amd64 libtheora0 amd64 1.1.1+dfsg.1-16.1build3 [211 kB]
Release	Install Linux native dependencies	2026-02-21T16:17:38.3372642Z Get:30 http://azure.archive.ubuntu.com/ubuntu noble/main amd64 libtwolame0 amd64 0.4.0-2build3 [52.3 kB]
Release	Install Linux native dependencies	2026-02-21T16:17:38.3399695Z Get:31 http://azure.archive.ubuntu.com/ubuntu noble/main amd64 libvorbisenc2 amd64 1.3.7-1build3 [80.8 kB]
Release	Install Linux native dependencies	2026-02-21T16:17:38.3431450Z Get:32 http://azure.archive.ubuntu.com/ubuntu noble-updates/main amd64 libvpx9 amd64 1.14.0-1ubuntu2.3 [1143 kB]
Release	Install Linux native dependencies	2026-02-21T16:17:38.3544224Z Get:33 http://azure.archive.ubuntu.com/ubuntu noble/universe amd64 libx264-164 amd64 2:0.164.3108+git31e19f9-1 [604 kB]
Release	Install Linux native dependencies	2026-02-21T16:17:38.3624912Z Get:34 http://azure.archive.ubuntu.com/ubuntu noble/universe amd64 libx265-199 amd64 3.5-2build1 [1226 kB]
Release	Install Linux native dependencies	2026-02-21T16:17:38.3744544Z Get:35 http://azure.archive.ubuntu.com/ubuntu noble/universe amd64 libxvidcore4 amd64 2:1.3.7-1build1 [219 kB]
Release	Install Linux native dependencies	2026-02-21T16:17:38.3788458Z Get:36 http://azure.archive.ubuntu.com/ubuntu noble/universe amd64 libzvbi-common all 0.2.42-2 [42.4 kB]
Release	Install Linux native dependencies	2026-02-21T16:17:38.3814822Z Get:37 http://azure.archive.ubuntu.com/ubuntu noble/universe amd64 libzvbi0t64 amd64 0.2.42-2 [261 kB]
Release	Install Linux native dependencies	2026-02-21T16:17:38.3875801Z Get:38 http://azure.archive.ubuntu.com/ubuntu noble/universe amd64 libavcodec60 amd64 7:6.1.1-3ubuntu5 [5851 kB]
Release	Install Linux native dependencies	2026-02-21T16:17:38.4873062Z Get:39 http://azure.archive.ubuntu.com/ubuntu noble/universe amd64 libavutil-dev amd64 7:6.1.1-3ubuntu5 [547 kB]
Release	Install Linux native dependencies	2026-02-21T16:17:38.4935611Z Get:40 http://azure.archive.ubuntu.com/ubuntu noble/universe amd64 libswresample-dev amd64 7:6.1.1-3ubuntu5 [79.7 kB]
Release	Install Linux native dependencies	2026-02-21T16:17:38.4974516Z Get:41 http://azure.archive.ubuntu.com/ubuntu noble/universe amd64 libavcodec-dev amd64 7:6.1.1-3ubuntu5 [6504 kB]
Release	Install Linux native dependencies	2026-02-21T16:17:38.5518331Z Get:42 http://azure.archive.ubuntu.com/ubuntu noble/main amd64 libraw1394-11 amd64 2.1.2-2build3 [26.2 kB]
Release	Install Linux native dependencies	2026-02-21T16:17:38.5541569Z Get:43 http://azure.archive.ubuntu.com/ubuntu noble/main amd64 libavc1394-0 amd64 0.5.4-5build3 [15.4 kB]
Release	Install Linux native dependencies	2026-02-21T16:17:38.5563709Z Get:44 http://azure.archive.ubuntu.com/ubuntu noble/universe amd64 libudfread0 amd64 1.1.2-1build1 [19.0 kB]
Release	Install Linux native dependencies	2026-02-21T16:17:38.5592003Z Get:45 http://azure.archive.ubuntu.com/ubuntu noble/universe amd64 libbluray2 amd64 1:1.3.4-1build1 [159 kB]
Release	Install Linux native dependencies	2026-02-21T16:17:38.5624471Z Get:46 http://azure.archive.ubuntu.com/ubuntu noble/universe amd64 libchromaprint1 amd64 1.5.1-5 [30.5 kB]
Release	Install Linux native dependencies	2026-02-21T16:17:38.5652335Z Get:47 http://azure.archive.ubuntu.com/ubuntu noble/universe amd64 libgme0 amd64 0.6.3-7build1 [134 kB]
Release	Install Linux native dependencies	2026-02-21T16:17:38.5688926Z Get:48 http://azure.archive.ubuntu.com/ubuntu noble-updates/main amd64 libmpg123-0t64 amd64 1.32.5-1ubuntu1.1 [169 kB]
Release	Install Linux native dependencies	2026-02-21T16:17:38.5726345Z Get:49 http://azure.archive.ubuntu.com/ubuntu noble/universe amd64 libopenmpt0t64 amd64 0.7.3-1.1build3 [647 kB]
Release	Install Linux native dependencies	2026-02-21T16:17:38.5823415Z Get:50 http://azure.archive.ubuntu.com/ubuntu noble/universe amd64 libcjson1 amd64 1.7.17-1 [24.8 kB]
Release	Install Linux native dependencies	2026-02-21T16:17:38.5850695Z Get:51 http://azure.archive.ubuntu.com/ubuntu noble/universe amd64 libmbedcrypto7t64 amd64 2.28.8-1 [209 kB]
Release	Install Linux native dependencies	2026-02-21T16:17:38.5892937Z Get:52 http://azure.archive.ubuntu.com/ubuntu noble/universe amd64 librist4 amd64 0.2.10+dfsg-2 [74.9 kB]
Release	Install Linux native dependencies	2026-02-21T16:17:38.5925057Z Get:53 http://azure.archive.ubuntu.com/ubuntu noble/universe amd64 libsrt1.5-gnutls amd64 1.5.3-1build2 [316 kB]
Release	Install Linux native dependencies	2026-02-21T16:17:38.5976552Z Get:54 http://azure.archive.ubuntu.com/ubuntu noble-updates/main amd64 libssh-gcrypt-4 amd64 0.10.6-2ubuntu0.3 [224 kB]
Release	Install Linux native dependencies	2026-02-21T16:17:38.6017314Z Get:55 http://azure.archive.ubuntu.com/ubuntu noble/universe amd64 libavformat60 amd64 7:6.1.1-3ubuntu5 [1153 kB]
Release	Install Linux native dependencies	2026-02-21T16:17:38.6132472Z Get:56 http://azure.archive.ubuntu.com/ubuntu noble/universe amd64 libbs2b0 amd64 3.1.0+dfsg-7build1 [10.6 kB]
Release	Install Linux native dependencies	2026-02-21T16:17:38.6157584Z Get:57 http://azure.archive.ubuntu.com/ubuntu noble/universe amd64 libflite1 amd64 2.2-6build3 [13.6 MB]
Release	Install Linux native dependencies	2026-02-21T16:17:38.7707954Z Get:58 http://azure.archive.ubuntu.com/ubuntu noble/universe amd64 libserd-0-0 amd64 0.32.2-1 [43.6 kB]
Release	Install Linux native dependencies	2026-02-21T16:17:38.7732372Z Get:59 http://azure.archive.ubuntu.com/ubuntu noble/universe amd64 libzix-0-0 amd64 0.4.2-2build1 [23.6 kB]
Release	Install Linux native dependencies	2026-02-21T16:17:38.7753976Z Get:60 http://azure.archive.ubuntu.com/ubuntu noble/universe amd64 libsord-0-0 amd64 0.16.16-2build1 [15.8 kB]
Release	Install Linux native dependencies	2026-02-21T16:17:38.7774520Z Get:61 http://azure.archive.ubuntu.com/ubuntu noble/universe amd64 libsratom-0-0 amd64 0.6.16-1build1 [17.3 kB]
Release	Install Linux native dependencies	2026-02-21T16:17:38.7799207Z Get:62 http://azure.archive.ubuntu.com/ubuntu noble/universe amd64 liblilv-0-0 amd64 0.24.22-1build1 [41.0 kB]
Release	Install Linux native dependencies	2026-02-21T16:17:38.7826279Z Get:63 http://azure.archive.ubuntu.com/ubuntu noble/universe amd64 libmysofa1 amd64 1.3.2+dfsg-2ubuntu2 [1158 kB]
Release	Install Linux native dependencies	2026-02-21T16:17:38.7948321Z Get:64 http://azure.archive.ubuntu.com/ubuntu noble/universe amd64 libplacebo338 amd64 6.338.2-2build1 [2654 kB]
Release	Install Linux native dependencies	2026-02-21T16:17:38.8287046Z Get:65 http://azure.archive.ubuntu.com/ubuntu noble-updates/main amd64 libblas3 amd64 3.12.0-3build1.1 [238 kB]
Release	Install Linux native dependencies	2026-02-21T16:17:38.8340939Z Get:66 http://azure.archive.ubuntu.com/ubuntu noble-updates/main amd64 liblapack3 amd64 3.12.0-3build1.1 [2646 kB]
Release	Install Linux native dependencies	2026-02-21T16:17:38.8624864Z Get:67 http://azure.archive.ubuntu.com/ubuntu noble/main amd64 libflac12t64 amd64 1.4.3+ds-2.1ubuntu2 [197 kB]
Release	Install Linux native dependencies	2026-02-21T16:17:38.8663004Z Get:68 http://azure.archive.ubuntu.com/ubuntu noble-updates/main amd64 libsndfile1 amd64 1.2.2-1ubuntu5.24.04.1 [209 kB]
Release	Install Linux native dependencies	2026-02-21T16:17:38.8734781Z Get:69 http://azure.archive.ubuntu.com/ubuntu noble-updates/main amd64 libpulse0 amd64 1:16.1+dfsg1-2ubuntu10.1 [292 kB]
Release	Install Linux native dependencies	2026-02-21T16:17:38.8782491Z Get:70 http://azure.archive.ubuntu.com/ubuntu noble/universe amd64 libsphinxbase3t64 amd64 0.8+5prealpha+1-17build2 [126 kB]
Release	Install Linux native dependencies	2026-02-21T16:17:38.8818126Z Get:71 http://azure.archive.ubuntu.com/ubuntu noble/universe amd64 libpocketsphinx3 amd64 0.8.0+real5prealpha+1-15ubuntu5 [133 kB]
Release	Install Linux native dependencies	2026-02-21T16:17:38.8852130Z Get:72 http://azure.archive.ubuntu.com/ubuntu noble/universe amd64 libpostproc57 amd64 7:6.1.1-3ubuntu5 [49.9 kB]
Release	Install Linux native dependencies	2026-02-21T16:17:38.8877850Z Get:73 http://azure.archive.ubuntu.com/ubuntu noble/main amd64 libsamplerate0 amd64 0.2.2-4build1 [1344 kB]
Release	Install Linux native dependencies	2026-02-21T16:17:38.9009423Z Get:74 http://azure.archive.ubuntu.com/ubuntu noble/universe amd64 librubberband2 amd64 3.3.0+dfsg-2build1 [130 kB]
Release	Install Linux native dependencies	2026-02-21T16:17:38.9049244Z Get:75 http://azure.archive.ubuntu.com/ubuntu noble/universe amd64 libswscale7 amd64 7:6.1.1-3ubuntu5 [193 kB]
Release	Install Linux native dependencies	2026-02-21T16:17:38.9100898Z Get:76 http://azure.archive.ubuntu.com/ubuntu noble/universe amd64 libvidstab1.1 amd64 1.1.0-2build1 [38.5 kB]
Release	Install Linux native dependencies	2026-02-21T16:17:38.9588167Z Get:77 http://azure.archive.ubuntu.com/ubuntu noble/universe amd64 libzimg2 amd64 3.0.5+ds1-1build1 [254 kB]
Release	Install Linux native dependencies	2026-02-21T16:17:38.9651974Z Get:78 http://azure.archive.ubuntu.com/ubuntu noble/universe amd64 libavfilter9 amd64 7:6.1.1-3ubuntu5 [4235 kB]
Release	Install Linux native dependencies	2026-02-21T16:17:39.0003366Z Get:79 http://azure.archive.ubuntu.com/ubuntu noble-updates/main amd64 libcaca0 amd64 0.99.beta20-4ubuntu0.1 [209 kB]
Release	Install Linux native dependencies	2026-02-21T16:17:39.0045372Z Get:80 http://azure.archive.ubuntu.com/ubuntu noble-updates/main amd64 libcdio19t64 amd64 2.1.0-4.1ubuntu1.2 [62.4 kB]
Release	Install Linux native dependencies	2026-02-21T16:17:39.0071228Z Get:81 http://azure.archive.ubuntu.com/ubuntu noble/main amd64 libcdio-cdda2t64 amd64 10.2+2.0.1-1.1build2 [16.5 kB]
Release	Install Linux native dependencies	2026-02-21T16:17:39.0102294Z Get:82 http://azure.archive.ubuntu.com/ubuntu noble/main amd64 libcdio-paranoia2t64 amd64 10.2+2.0.1-1.1build2 [16.6 kB]
Release	Install Linux native dependencies	2026-02-21T16:17:39.0124215Z Get:83 http://azure.archive.ubuntu.com/ubuntu noble/universe amd64 libdc1394-25 amd64 2.2.6-4build1 [90.1 kB]
Release	Install Linux native dependencies	2026-02-21T16:17:39.0153829Z Get:84 http://azure.archive.ubuntu.com/ubuntu noble/main amd64 libiec61883-0 amd64 1.2.0-6build1 [24.5 kB]
Release	Install Linux native dependencies	2026-02-21T16:17:39.0177361Z Get:85 http://azure.archive.ubuntu.com/ubuntu noble/main amd64 libjack-jackd2-0 amd64 1.9.21~dfsg-3ubuntu3 [289 kB]
Release	Install Linux native dependencies	2026-02-21T16:17:39.0256616Z Get:86 http://azure.archive.ubuntu.com/ubuntu noble/universe amd64 libopenal-data all 1:1.23.1-4build1 [161 kB]
Release	Install Linux native dependencies	2026-02-21T16:17:39.0288757Z Get:87 http://azure.archive.ubuntu.com/ubuntu noble/universe amd64 libsndio7.0 amd64 1.9.0-0.3build3 [29.6 kB]
Release	Install Linux native dependencies	2026-02-21T16:17:39.0311995Z Get:88 http://azure.archive.ubuntu.com/ubuntu noble/universe amd64 libopenal1 amd64 1:1.23.1-4build1 [540 kB]
Release	Install Linux native dependencies	2026-02-21T16:17:39.0375782Z Get:89 http://azure.archive.ubuntu.com/ubuntu noble/main amd64 libdecor-0-0 amd64 0.2.2-1build2 [16.5 kB]
Release	Install Linux native dependencies	2026-02-21T16:17:39.0400025Z Get:90 http://azure.archive.ubuntu.com/ubuntu noble-updates/main amd64 libsdl2-2.0-0 amd64 2.30.0+dfsg-1ubuntu3.1 [686 kB]
Release	Install Linux native dependencies	2026-02-21T16:17:39.0477635Z Get:91 http://azure.archive.ubuntu.com/ubuntu noble/main amd64 libxcb-shape0 amd64 1.15-1ubuntu2 [6100 B]
Release	Install Linux native dependencies	2026-02-21T16:17:39.0497941Z Get:92 http://azure.archive.ubuntu.com/ubuntu noble/main amd64 libxv1 amd64 2:1.0.11-1.1build1 [10.7 kB]
Release	Install Linux native dependencies	2026-02-21T16:17:39.0524086Z Get:93 http://azure.archive.ubuntu.com/ubuntu noble/universe amd64 libavdevice60 amd64 7:6.1.1-3ubuntu5 [82.3 kB]
Release	Install Linux native dependencies	2026-02-21T16:17:39.0555511Z Get:94 http://azure.archive.ubuntu.com/ubuntu noble/universe amd64 libavformat-dev amd64 7:6.1.1-3ubuntu5 [1398 kB]
Release	Install Linux native dependencies	2026-02-21T16:17:39.1191122Z Get:95 http://azure.archive.ubuntu.com/ubuntu noble/universe amd64 libpostproc-dev amd64 7:6.1.1-3ubuntu5 [50.3 kB]
Release	Install Linux native dependencies	2026-02-21T16:17:39.1223072Z Get:96 http://azure.archive.ubuntu.com/ubuntu noble/universe amd64 libswscale-dev amd64 7:6.1.1-3ubuntu5 [224 kB]
Release	Install Linux native dependencies	2026-02-21T16:17:39.1270773Z Get:97 http://azure.archive.ubuntu.com/ubuntu noble/universe amd64 libavfilter-dev amd64 7:6.1.1-3ubuntu5 [2265 kB]
Release	Install Linux native dependencies	2026-02-21T16:17:39.1485142Z Get:98 http://azure.archive.ubuntu.com/ubuntu noble/universe amd64 libavdevice-dev amd64 7:6.1.1-3ubuntu5 [94.6 kB]
Release	Install Linux native dependencies	2026-02-21T16:17:39.1516331Z Get:99 http://azure.archive.ubuntu.com/ubuntu noble/universe amd64 libdav1d-dev amd64 1.4.1-1build1 [25.3 kB]
Release	Install Linux native dependencies	2026-02-21T16:17:39.1543196Z Get:100 http://azure.archive.ubuntu.com/ubuntu noble-updates/main amd64 libdbus-1-dev amd64 1.14.10-4ubuntu4.1 [190 kB]
Release	Install Linux native dependencies	2026-02-21T16:17:39.1578622Z Get:101 http://azure.archive.ubuntu.com/ubuntu noble/main amd64 libpthread-stubs0-dev amd64 0.4-1build3 [4746 B]
Release	Install Linux native dependencies	2026-02-21T16:17:39.1606752Z Get:102 http://azure.archive.ubuntu.com/ubuntu noble-updates/main amd64 libssh-4 amd64 0.10.6-2ubuntu0.3 [190 kB]
Release	Install Linux native dependencies	2026-02-21T16:17:39.1659944Z Get:103 http://azure.archive.ubuntu.com/ubuntu noble-updates/main amd64 libudev-dev amd64 255.4-1ubuntu8.12 [22.0 kB]
Release	Install Linux native dependencies	2026-02-21T16:17:39.1689733Z Get:104 http://azure.archive.ubuntu.com/ubuntu noble/main amd64 libwayland-server0 amd64 1.22.0-2.1build1 [33.9 kB]
Release	Install Linux native dependencies	2026-02-21T16:17:39.1713312Z Get:105 http://azure.archive.ubuntu.com/ubuntu noble/main amd64 xorg-sgml-doctools all 1:1.11-1.1 [10.9 kB]
Release	Install Linux native dependencies	2026-02-21T16:17:39.1741880Z Get:106 http://azure.archive.ubuntu.com/ubuntu noble/main amd64 x11proto-dev all 2023.2-1 [602 kB]
Release	Install Linux native dependencies	2026-02-21T16:17:39.1830000Z Get:107 http://azure.archive.ubuntu.com/ubuntu noble/main amd64 libxau-dev amd64 1:1.0.9-1build6 [9570 B]
Release	Install Linux native dependencies	2026-02-21T16:17:39.1853308Z Get:108 http://azure.archive.ubuntu.com/ubuntu noble/main amd64 libxdmcp-dev amd64 1:1.1.3-0ubuntu6 [26.5 kB]
Release	Install Linux native dependencies	2026-02-21T16:17:39.1880009Z Get:109 http://azure.archive.ubuntu.com/ubuntu noble/main amd64 libxcb1-dev amd64 1.15-1ubuntu2 [85.8 kB]
Release	Install Linux native dependencies	2026-02-21T16:17:39.1907034Z Get:110 http://azure.archive.ubuntu.com/ubuntu noble/main amd64 libxcb-render0-dev amd64 1.15-1ubuntu2 [19.6 kB]
Release	Install Linux native dependencies	2026-02-21T16:17:39.1928236Z Get:111 http://azure.archive.ubuntu.com/ubuntu noble/main amd64 libxcb-shape0-dev amd64 1.15-1ubuntu2 [7310 B]
Release	Install Linux native dependencies	2026-02-21T16:17:39.1951257Z Get:112 http://azure.archive.ubuntu.com/ubuntu noble/main amd64 libxcb-xfixes0-dev amd64 1.15-1ubuntu2 [12.6 kB]
Release	Install Linux native dependencies	2026-02-21T16:17:39.1975610Z Get:113 http://azure.archive.ubuntu.com/ubuntu noble/main amd64 libxkbcommon-dev amd64 1.6.0-1build1 [56.3 kB]
Release	Install Linux native dependencies	2026-02-21T16:17:39.2006178Z Get:114 http://azure.archive.ubuntu.com/ubuntu noble/universe amd64 nasm amd64 2.16.01-1build1 [459 kB]
Release	Install Linux native dependencies	2026-02-21T16:17:39.2070841Z Get:115 http://azure.archive.ubuntu.com/ubuntu noble/main amd64 libwayland-bin amd64 1.22.0-2.1build1 [20.6 kB]
Release	Install Linux native dependencies	2026-02-21T16:17:39.2093134Z Get:116 http://azure.archive.ubuntu.com/ubuntu noble/main amd64 libwayland-dev amd64 1.22.0-2.1build1 [71.3 kB]
Release	Install Linux native dependencies	2026-02-21T16:17:39.5676000Z Fetched 74.5 MB in 1s (63.9 MB/s)
Release	Install Linux native dependencies	2026-02-21T16:17:39.6263186Z (Reading database ... 
Release	Install Linux native dependencies	2026-02-21T16:17:39.6263695Z (Reading database ... 5%
Release	Install Linux native dependencies	2026-02-21T16:17:39.6264016Z (Reading database ... 10%
Release	Install Linux native dependencies	2026-02-21T16:17:39.6264321Z (Reading database ... 15%
Release	Install Linux native dependencies	2026-02-21T16:17:39.6264606Z (Reading database ... 20%
Release	Install Linux native dependencies	2026-02-21T16:17:39.6264882Z (Reading database ... 25%
Release	Install Linux native dependencies	2026-02-21T16:17:39.6266116Z (Reading database ... 30%
Release	Install Linux native dependencies	2026-02-21T16:17:39.6266609Z (Reading database ... 35%
Release	Install Linux native dependencies	2026-02-21T16:17:39.6267086Z (Reading database ... 40%
Release	Install Linux native dependencies	2026-02-21T16:17:39.6267568Z (Reading database ... 45%
Release	Install Linux native dependencies	2026-02-21T16:17:39.6267906Z (Reading database ... 50%
Release	Install Linux native dependencies	2026-02-21T16:17:39.6383614Z (Reading database ... 55%
Release	Install Linux native dependencies	2026-02-21T16:17:39.7144428Z (Reading database ... 60%
Release	Install Linux native dependencies	2026-02-21T16:17:39.7782250Z (Reading database ... 65%
Release	Install Linux native dependencies	2026-02-21T16:17:39.8313378Z (Reading database ... 70%
Release	Install Linux native dependencies	2026-02-21T16:17:39.9122037Z (Reading database ... 75%
Release	Install Linux native dependencies	2026-02-21T16:17:40.0453281Z (Reading database ... 80%
Release	Install Linux native dependencies	2026-02-21T16:17:40.1563620Z (Reading database ... 85%
Release	Install Linux native dependencies	2026-02-21T16:17:40.3488990Z (Reading database ... 90%
Release	Install Linux native dependencies	2026-02-21T16:17:40.4593350Z (Reading database ... 95%
Release	Install Linux native dependencies	2026-02-21T16:17:40.4593766Z (Reading database ... 100%
Release	Install Linux native dependencies	2026-02-21T16:17:40.4594218Z (Reading database ... 217745 files and directories currently installed.)
Release	Install Linux native dependencies	2026-02-21T16:17:40.4635724Z Preparing to unpack .../000-libasound2t64_1.2.11-1ubuntu0.2_amd64.deb ...
Release	Install Linux native dependencies	2026-02-21T16:17:40.4707050Z Unpacking libasound2t64:amd64 (1.2.11-1ubuntu0.2) over (1.2.11-1ubuntu0.1) ...
Release	Install Linux native dependencies	2026-02-21T16:17:40.5163015Z Preparing to unpack .../001-libasound2-data_1.2.11-1ubuntu0.2_all.deb ...
Release	Install Linux native dependencies	2026-02-21T16:17:40.5202674Z Unpacking libasound2-data (1.2.11-1ubuntu0.2) over (1.2.11-1ubuntu0.1) ...
Release	Install Linux native dependencies	2026-02-21T16:17:40.5640753Z Selecting previously unselected package libasound2-dev:amd64.
Release	Install Linux native dependencies	2026-02-21T16:17:40.5773751Z Preparing to unpack .../002-libasound2-dev_1.2.11-1ubuntu0.2_amd64.deb ...
Release	Install Linux native dependencies	2026-02-21T16:17:40.5809356Z Unpacking libasound2-dev:amd64 (1.2.11-1ubuntu0.2) ...
Release	Install Linux native dependencies	2026-02-21T16:17:40.6197177Z Selecting previously unselected package libunibreak5:amd64.
Release	Install Linux native dependencies	2026-02-21T16:17:40.6329491Z Preparing to unpack .../003-libunibreak5_5.1-2build1_amd64.deb ...
Release	Install Linux native dependencies	2026-02-21T16:17:40.6341664Z Unpacking libunibreak5:amd64 (5.1-2build1) ...
Release	Install Linux native dependencies	2026-02-21T16:17:40.6581180Z Selecting previously unselected package libass9:amd64.
Release	Install Linux native dependencies	2026-02-21T16:17:40.6712052Z Preparing to unpack .../004-libass9_1%3a0.17.1-2build1_amd64.deb ...
Release	Install Linux native dependencies	2026-02-21T16:17:40.6723500Z Unpacking libass9:amd64 (1:0.17.1-2build1) ...
Release	Install Linux native dependencies	2026-02-21T16:17:40.6994525Z Selecting previously unselected package libasyncns0:amd64.
Release	Install Linux native dependencies	2026-02-21T16:17:40.7128245Z Preparing to unpack .../005-libasyncns0_0.8-6build4_amd64.deb ...
Release	Install Linux native dependencies	2026-02-21T16:17:40.7144246Z Unpacking libasyncns0:amd64 (0.8-6build4) ...
Release	Install Linux native dependencies	2026-02-21T16:17:40.7378466Z Selecting previously unselected package libva2:amd64.
Release	Install Linux native dependencies	2026-02-21T16:17:40.7511079Z Preparing to unpack .../006-libva2_2.20.0-2ubuntu0.1_amd64.deb ...
Release	Install Linux native dependencies	2026-02-21T16:17:40.7524918Z Unpacking libva2:amd64 (2.20.0-2ubuntu0.1) ...
Release	Install Linux native dependencies	2026-02-21T16:17:40.7767335Z Selecting previously unselected package libva-drm2:amd64.
Release	Install Linux native dependencies	2026-02-21T16:17:40.7915584Z Preparing to unpack .../007-libva-drm2_2.20.0-2ubuntu0.1_amd64.deb ...
Release	Install Linux native dependencies	2026-02-21T16:17:40.7928961Z Unpacking libva-drm2:amd64 (2.20.0-2ubuntu0.1) ...
Release	Install Linux native dependencies	2026-02-21T16:17:40.8157184Z Selecting previously unselected package libva-x11-2:amd64.
Release	Install Linux native dependencies	2026-02-21T16:17:40.8287973Z Preparing to unpack .../008-libva-x11-2_2.20.0-2ubuntu0.1_amd64.deb ...
Release	Install Linux native dependencies	2026-02-21T16:17:40.8301458Z Unpacking libva-x11-2:amd64 (2.20.0-2ubuntu0.1) ...
Release	Install Linux native dependencies	2026-02-21T16:17:40.8549202Z Selecting previously unselected package libvdpau1:amd64.
Release	Install Linux native dependencies	2026-02-21T16:17:40.8679163Z Preparing to unpack .../009-libvdpau1_1.5-2build1_amd64.deb ...
Release	Install Linux native dependencies	2026-02-21T16:17:40.8691978Z Unpacking libvdpau1:amd64 (1.5-2build1) ...
Release	Install Linux native dependencies	2026-02-21T16:17:40.8942807Z Selecting previously unselected package libvpl2.
Release	Install Linux native dependencies	2026-02-21T16:17:40.9073314Z Preparing to unpack .../010-libvpl2_2023.3.0-1build1_amd64.deb ...
Release	Install Linux native dependencies	2026-02-21T16:17:40.9086274Z Unpacking libvpl2 (2023.3.0-1build1) ...
Release	Install Linux native dependencies	2026-02-21T16:17:40.9342329Z Selecting previously unselected package ocl-icd-libopencl1:amd64.
Release	Install Linux native dependencies	2026-02-21T16:17:40.9473873Z Preparing to unpack .../011-ocl-icd-libopencl1_2.3.2-1build1_amd64.deb ...
Release	Install Linux native dependencies	2026-02-21T16:17:40.9486419Z Unpacking ocl-icd-libopencl1:amd64 (2.3.2-1build1) ...
Release	Install Linux native dependencies	2026-02-21T16:17:40.9763596Z Selecting previously unselected package libavutil58:amd64.
Release	Install Linux native dependencies	2026-02-21T16:17:40.9896178Z Preparing to unpack .../012-libavutil58_7%3a6.1.1-3ubuntu5_amd64.deb ...
Release	Install Linux native dependencies	2026-02-21T16:17:40.9908450Z Unpacking libavutil58:amd64 (7:6.1.1-3ubuntu5) ...
Release	Install Linux native dependencies	2026-02-21T16:17:41.0178802Z Selecting previously unselected package libcodec2-1.2:amd64.
Release	Install Linux native dependencies	2026-02-21T16:17:41.0312332Z Preparing to unpack .../013-libcodec2-1.2_1.2.0-2build1_amd64.deb ...
Release	Install Linux native dependencies	2026-02-21T16:17:41.0324423Z Unpacking libcodec2-1.2:amd64 (1.2.0-2build1) ...
Release	Install Linux native dependencies	2026-02-21T16:17:41.1155766Z Selecting previously unselected package libdav1d7:amd64.
Release	Install Linux native dependencies	2026-02-21T16:17:41.1288324Z Preparing to unpack .../014-libdav1d7_1.4.1-1build1_amd64.deb ...
Release	Install Linux native dependencies	2026-02-21T16:17:41.1299685Z Unpacking libdav1d7:amd64 (1.4.1-1build1) ...
Release	Install Linux native dependencies	2026-02-21T16:17:41.1609993Z Selecting previously unselected package libgsm1:amd64.
Release	Install Linux native dependencies	2026-02-21T16:17:41.1743145Z Preparing to unpack .../015-libgsm1_1.0.22-1build1_amd64.deb ...
Release	Install Linux native dependencies	2026-02-21T16:17:41.1754659Z Unpacking libgsm1:amd64 (1.0.22-1build1) ...
Release	Install Linux native dependencies	2026-02-21T16:17:41.2012059Z Selecting previously unselected package libhwy1t64:amd64.
Release	Install Linux native dependencies	2026-02-21T16:17:41.2145838Z Preparing to unpack .../016-libhwy1t64_1.0.7-8.1build1_amd64.deb ...
Release	Install Linux native dependencies	2026-02-21T16:17:41.2167278Z Unpacking libhwy1t64:amd64 (1.0.7-8.1build1) ...
Release	Install Linux native dependencies	2026-02-21T16:17:41.2524081Z Selecting previously unselected package libjxl0.7:amd64.
Release	Install Linux native dependencies	2026-02-21T16:17:41.2656857Z Preparing to unpack .../017-libjxl0.7_0.7.0-10.2ubuntu6.1_amd64.deb ...
Release	Install Linux native dependencies	2026-02-21T16:17:41.2669480Z Unpacking libjxl0.7:amd64 (0.7.0-10.2ubuntu6.1) ...
Release	Install Linux native dependencies	2026-02-21T16:17:41.3058275Z Selecting previously unselected package libmp3lame0:amd64.
Release	Install Linux native dependencies	2026-02-21T16:17:41.3190551Z Preparing to unpack .../018-libmp3lame0_3.100-6build1_amd64.deb ...
Release	Install Linux native dependencies	2026-02-21T16:17:41.3203303Z Unpacking libmp3lame0:amd64 (3.100-6build1) ...
Release	Install Linux native dependencies	2026-02-21T16:17:41.3450070Z Selecting previously unselected package libopus0:amd64.
Release	Install Linux native dependencies	2026-02-21T16:17:41.3583636Z Preparing to unpack .../019-libopus0_1.4-1build1_amd64.deb ...
Release	Install Linux native dependencies	2026-02-21T16:17:41.3596224Z Unpacking libopus0:amd64 (1.4-1build1) ...
Release	Install Linux native dependencies	2026-02-21T16:17:41.3840037Z Selecting previously unselected package librav1e0:amd64.
Release	Install Linux native dependencies	2026-02-21T16:17:41.3973656Z Preparing to unpack .../020-librav1e0_0.7.1-2_amd64.deb ...
Release	Install Linux native dependencies	2026-02-21T16:17:41.3987162Z Unpacking librav1e0:amd64 (0.7.1-2) ...
Release	Install Linux native dependencies	2026-02-21T16:17:41.4348940Z Selecting previously unselected package librsvg2-2:amd64.
Release	Install Linux native dependencies	2026-02-21T16:17:41.4481692Z Preparing to unpack .../021-librsvg2-2_2.58.0+dfsg-1build1_amd64.deb ...
Release	Install Linux native dependencies	2026-02-21T16:17:41.4494089Z Unpacking librsvg2-2:amd64 (2.58.0+dfsg-1build1) ...
Release	Install Linux native dependencies	2026-02-21T16:17:41.5002279Z Selecting previously unselected package libshine3:amd64.
Release	Install Linux native dependencies	2026-02-21T16:17:41.5133943Z Preparing to unpack .../022-libshine3_3.1.1-2build1_amd64.deb ...
Release	Install Linux native dependencies	2026-02-21T16:17:41.5145859Z Unpacking libshine3:amd64 (3.1.1-2build1) ...
Release	Install Linux native dependencies	2026-02-21T16:17:41.5403669Z Selecting previously unselected package libspeex1:amd64.
Release	Install Linux native dependencies	2026-02-21T16:17:41.5537011Z Preparing to unpack .../023-libspeex1_1.2.1-2ubuntu2.24.04.1_amd64.deb ...
Release	Install Linux native dependencies	2026-02-21T16:17:41.5551220Z Unpacking libspeex1:amd64 (1.2.1-2ubuntu2.24.04.1) ...
Release	Install Linux native dependencies	2026-02-21T16:17:41.5788043Z Selecting previously unselected package libsvtav1enc1d1:amd64.
Release	Install Linux native dependencies	2026-02-21T16:17:41.5921608Z Preparing to unpack .../024-libsvtav1enc1d1_1.7.0+dfsg-2build1_amd64.deb ...
Release	Install Linux native dependencies	2026-02-21T16:17:41.5933896Z Unpacking libsvtav1enc1d1:amd64 (1.7.0+dfsg-2build1) ...
Release	Install Linux native dependencies	2026-02-21T16:17:41.6508538Z Selecting previously unselected package libsoxr0:amd64.
Release	Install Linux native dependencies	2026-02-21T16:17:41.6640260Z Preparing to unpack .../025-libsoxr0_0.1.3-4build3_amd64.deb ...
Release	Install Linux native dependencies	2026-02-21T16:17:41.6650760Z Unpacking libsoxr0:amd64 (0.1.3-4build3) ...
Release	Install Linux native dependencies	2026-02-21T16:17:41.6898813Z Selecting previously unselected package libswresample4:amd64.
Release	Install Linux native dependencies	2026-02-21T16:17:41.7030986Z Preparing to unpack .../026-libswresample4_7%3a6.1.1-3ubuntu5_amd64.deb ...
Release	Install Linux native dependencies	2026-02-21T16:17:41.7047303Z Unpacking libswresample4:amd64 (7:6.1.1-3ubuntu5) ...
Release	Install Linux native dependencies	2026-02-21T16:17:41.7299947Z Selecting previously unselected package libtheora0:amd64.
Release	Install Linux native dependencies	2026-02-21T16:17:41.7431888Z Preparing to unpack .../027-libtheora0_1.1.1+dfsg.1-16.1build3_amd64.deb ...
Release	Install Linux native dependencies	2026-02-21T16:17:41.7453224Z Unpacking libtheora0:amd64 (1.1.1+dfsg.1-16.1build3) ...
Release	Install Linux native dependencies	2026-02-21T16:17:41.7720412Z Selecting previously unselected package libtwolame0:amd64.
Release	Install Linux native dependencies	2026-02-21T16:17:41.7849543Z Preparing to unpack .../028-libtwolame0_0.4.0-2build3_amd64.deb ...
Release	Install Linux native dependencies	2026-02-21T16:17:41.7860290Z Unpacking libtwolame0:amd64 (0.4.0-2build3) ...
Release	Install Linux native dependencies	2026-02-21T16:17:41.8106341Z Selecting previously unselected package libvorbisenc2:amd64.
Release	Install Linux native dependencies	2026-02-21T16:17:41.8236359Z Preparing to unpack .../029-libvorbisenc2_1.3.7-1build3_amd64.deb ...
Release	Install Linux native dependencies	2026-02-21T16:17:41.8253428Z Unpacking libvorbisenc2:amd64 (1.3.7-1build3) ...
Release	Install Linux native dependencies	2026-02-21T16:17:41.8516450Z Selecting previously unselected package libvpx9:amd64.
Release	Install Linux native dependencies	2026-02-21T16:17:41.8646953Z Preparing to unpack .../030-libvpx9_1.14.0-1ubuntu2.3_amd64.deb ...
Release	Install Linux native dependencies	2026-02-21T16:17:41.8660496Z Unpacking libvpx9:amd64 (1.14.0-1ubuntu2.3) ...
Release	Install Linux native dependencies	2026-02-21T16:17:41.9041186Z Selecting previously unselected package libx264-164:amd64.
Release	Install Linux native dependencies	2026-02-21T16:17:41.9173201Z Preparing to unpack .../031-libx264-164_2%3a0.164.3108+git31e19f9-1_amd64.deb ...
Release	Install Linux native dependencies	2026-02-21T16:17:41.9189994Z Unpacking libx264-164:amd64 (2:0.164.3108+git31e19f9-1) ...
Release	Install Linux native dependencies	2026-02-21T16:17:41.9532728Z Selecting previously unselected package libx265-199:amd64.
Release	Install Linux native dependencies	2026-02-21T16:17:41.9665117Z Preparing to unpack .../032-libx265-199_3.5-2build1_amd64.deb ...
Release	Install Linux native dependencies	2026-02-21T16:17:41.9693748Z Unpacking libx265-199:amd64 (3.5-2build1) ...
Release	Install Linux native dependencies	2026-02-21T16:17:42.0501036Z Selecting previously unselected package libxvidcore4:amd64.
Release	Install Linux native dependencies	2026-02-21T16:17:42.0635493Z Preparing to unpack .../033-libxvidcore4_2%3a1.3.7-1build1_amd64.deb ...
Release	Install Linux native dependencies	2026-02-21T16:17:42.0650421Z Unpacking libxvidcore4:amd64 (2:1.3.7-1build1) ...
Release	Install Linux native dependencies	2026-02-21T16:17:42.0930146Z Selecting previously unselected package libzvbi-common.
Release	Install Linux native dependencies	2026-02-21T16:17:42.1062985Z Preparing to unpack .../034-libzvbi-common_0.2.42-2_all.deb ...
Release	Install Linux native dependencies	2026-02-21T16:17:42.1077241Z Unpacking libzvbi-common (0.2.42-2) ...
Release	Install Linux native dependencies	2026-02-21T16:17:42.1457971Z Selecting previously unselected package libzvbi0t64:amd64.
Release	Install Linux native dependencies	2026-02-21T16:17:42.1590755Z Preparing to unpack .../035-libzvbi0t64_0.2.42-2_amd64.deb ...
Release	Install Linux native dependencies	2026-02-21T16:17:42.1601884Z Unpacking libzvbi0t64:amd64 (0.2.42-2) ...
Release	Install Linux native dependencies	2026-02-21T16:17:42.1890976Z Selecting previously unselected package libavcodec60:amd64.
Release	Install Linux native dependencies	2026-02-21T16:17:42.2025622Z Preparing to unpack .../036-libavcodec60_7%3a6.1.1-3ubuntu5_amd64.deb ...
Release	Install Linux native dependencies	2026-02-21T16:17:42.2040860Z Unpacking libavcodec60:amd64 (7:6.1.1-3ubuntu5) ...
Release	Install Linux native dependencies	2026-02-21T16:17:42.2953162Z Selecting previously unselected package libavutil-dev:amd64.
Release	Install Linux native dependencies	2026-02-21T16:17:42.3089393Z Preparing to unpack .../037-libavutil-dev_7%3a6.1.1-3ubuntu5_amd64.deb ...
Release	Install Linux native dependencies	2026-02-21T16:17:42.3102157Z Unpacking libavutil-dev:amd64 (7:6.1.1-3ubuntu5) ...
Release	Install Linux native dependencies	2026-02-21T16:17:42.3574701Z Selecting previously unselected package libswresample-dev:amd64.
Release	Install Linux native dependencies	2026-02-21T16:17:42.3707684Z Preparing to unpack .../038-libswresample-dev_7%3a6.1.1-3ubuntu5_amd64.deb ...
Release	Install Linux native dependencies	2026-02-21T16:17:42.3724922Z Unpacking libswresample-dev:amd64 (7:6.1.1-3ubuntu5) ...
Release	Install Linux native dependencies	2026-02-21T16:17:42.3962145Z Selecting previously unselected package libavcodec-dev:amd64.
Release	Install Linux native dependencies	2026-02-21T16:17:42.4094453Z Preparing to unpack .../039-libavcodec-dev_7%3a6.1.1-3ubuntu5_amd64.deb ...
Release	Install Linux native dependencies	2026-02-21T16:17:42.4107236Z Unpacking libavcodec-dev:amd64 (7:6.1.1-3ubuntu5) ...
Release	Install Linux native dependencies	2026-02-21T16:17:42.5253640Z Selecting previously unselected package libraw1394-11:amd64.
Release	Install Linux native dependencies	2026-02-21T16:17:42.5388433Z Preparing to unpack .../040-libraw1394-11_2.1.2-2build3_amd64.deb ...
Release	Install Linux native dependencies	2026-02-21T16:17:42.5402062Z Unpacking libraw1394-11:amd64 (2.1.2-2build3) ...
Release	Install Linux native dependencies	2026-02-21T16:17:42.5661994Z Selecting previously unselected package libavc1394-0:amd64.
Release	Install Linux native dependencies	2026-02-21T16:17:42.5797757Z Preparing to unpack .../041-libavc1394-0_0.5.4-5build3_amd64.deb ...
Release	Install Linux native dependencies	2026-02-21T16:17:42.5813538Z Unpacking libavc1394-0:amd64 (0.5.4-5build3) ...
Release	Install Linux native dependencies	2026-02-21T16:17:42.6076840Z Selecting previously unselected package libudfread0:amd64.
Release	Install Linux native dependencies	2026-02-21T16:17:42.6209147Z Preparing to unpack .../042-libudfread0_1.1.2-1build1_amd64.deb ...
Release	Install Linux native dependencies	2026-02-21T16:17:42.6220578Z Unpacking libudfread0:amd64 (1.1.2-1build1) ...
Release	Install Linux native dependencies	2026-02-21T16:17:42.6461376Z Selecting previously unselected package libbluray2:amd64.
Release	Install Linux native dependencies	2026-02-21T16:17:42.6594696Z Preparing to unpack .../043-libbluray2_1%3a1.3.4-1build1_amd64.deb ...
Release	Install Linux native dependencies	2026-02-21T16:17:42.6607777Z Unpacking libbluray2:amd64 (1:1.3.4-1build1) ...
Release	Install Linux native dependencies	2026-02-21T16:17:42.6887962Z Selecting previously unselected package libchromaprint1:amd64.
Release	Install Linux native dependencies	2026-02-21T16:17:42.7020125Z Preparing to unpack .../044-libchromaprint1_1.5.1-5_amd64.deb ...
Release	Install Linux native dependencies	2026-02-21T16:17:42.7035964Z Unpacking libchromaprint1:amd64 (1.5.1-5) ...
Release	Install Linux native dependencies	2026-02-21T16:17:42.7269811Z Selecting previously unselected package libgme0:amd64.
Release	Install Linux native dependencies	2026-02-21T16:17:42.7401292Z Preparing to unpack .../045-libgme0_0.6.3-7build1_amd64.deb ...
Release	Install Linux native dependencies	2026-02-21T16:17:42.7411537Z Unpacking libgme0:amd64 (0.6.3-7build1) ...
Release	Install Linux native dependencies	2026-02-21T16:17:42.7691572Z Selecting previously unselected package libmpg123-0t64:amd64.
Release	Install Linux native dependencies	2026-02-21T16:17:42.7823711Z Preparing to unpack .../046-libmpg123-0t64_1.32.5-1ubuntu1.1_amd64.deb ...
Release	Install Linux native dependencies	2026-02-21T16:17:42.7836478Z Unpacking libmpg123-0t64:amd64 (1.32.5-1ubuntu1.1) ...
Release	Install Linux native dependencies	2026-02-21T16:17:42.8079018Z Selecting previously unselected package libopenmpt0t64:amd64.
Release	Install Linux native dependencies	2026-02-21T16:17:42.8209786Z Preparing to unpack .../047-libopenmpt0t64_0.7.3-1.1build3_amd64.deb ...
Release	Install Linux native dependencies	2026-02-21T16:17:42.8221002Z Unpacking libopenmpt0t64:amd64 (0.7.3-1.1build3) ...
Release	Install Linux native dependencies	2026-02-21T16:17:42.8525566Z Selecting previously unselected package libcjson1:amd64.
Release	Install Linux native dependencies	2026-02-21T16:17:42.8658612Z Preparing to unpack .../048-libcjson1_1.7.17-1_amd64.deb ...
Release	Install Linux native dependencies	2026-02-21T16:17:42.8670806Z Unpacking libcjson1:amd64 (1.7.17-1) ...
Release	Install Linux native dependencies	2026-02-21T16:17:42.8912626Z Selecting previously unselected package libmbedcrypto7t64:amd64.
Release	Install Linux native dependencies	2026-02-21T16:17:42.9044498Z Preparing to unpack .../049-libmbedcrypto7t64_2.28.8-1_amd64.deb ...
Release	Install Linux native dependencies	2026-02-21T16:17:42.9056576Z Unpacking libmbedcrypto7t64:amd64 (2.28.8-1) ...
Release	Install Linux native dependencies	2026-02-21T16:17:42.9317487Z Selecting previously unselected package librist4:amd64.
Release	Install Linux native dependencies	2026-02-21T16:17:42.9449774Z Preparing to unpack .../050-librist4_0.2.10+dfsg-2_amd64.deb ...
Release	Install Linux native dependencies	2026-02-21T16:17:42.9461996Z Unpacking librist4:amd64 (0.2.10+dfsg-2) ...
Release	Install Linux native dependencies	2026-02-21T16:17:42.9697285Z Selecting previously unselected package libsrt1.5-gnutls:amd64.
Release	Install Linux native dependencies	2026-02-21T16:17:42.9828919Z Preparing to unpack .../051-libsrt1.5-gnutls_1.5.3-1build2_amd64.deb ...
Release	Install Linux native dependencies	2026-02-21T16:17:42.9846939Z Unpacking libsrt1.5-gnutls:amd64 (1.5.3-1build2) ...
Release	Install Linux native dependencies	2026-02-21T16:17:43.0113474Z Selecting previously unselected package libssh-gcrypt-4:amd64.
Release	Install Linux native dependencies	2026-02-21T16:17:43.0243161Z Preparing to unpack .../052-libssh-gcrypt-4_0.10.6-2ubuntu0.3_amd64.deb ...
Release	Install Linux native dependencies	2026-02-21T16:17:43.0257077Z Unpacking libssh-gcrypt-4:amd64 (0.10.6-2ubuntu0.3) ...
Release	Install Linux native dependencies	2026-02-21T16:17:43.0528603Z Selecting previously unselected package libavformat60:amd64.
Release	Install Linux native dependencies	2026-02-21T16:17:43.0676397Z Preparing to unpack .../053-libavformat60_7%3a6.1.1-3ubuntu5_amd64.deb ...
Release	Install Linux native dependencies	2026-02-21T16:17:43.0686962Z Unpacking libavformat60:amd64 (7:6.1.1-3ubuntu5) ...
Release	Install Linux native dependencies	2026-02-21T16:17:43.1056192Z Selecting previously unselected package libbs2b0:amd64.
Release	Install Linux native dependencies	2026-02-21T16:17:43.1187494Z Preparing to unpack .../054-libbs2b0_3.1.0+dfsg-7build1_amd64.deb ...
Release	Install Linux native dependencies	2026-02-21T16:17:43.1202773Z Unpacking libbs2b0:amd64 (3.1.0+dfsg-7build1) ...
Release	Install Linux native dependencies	2026-02-21T16:17:43.1439155Z Selecting previously unselected package libflite1:amd64.
Release	Install Linux native dependencies	2026-02-21T16:17:43.1572158Z Preparing to unpack .../055-libflite1_2.2-6build3_amd64.deb ...
Release	Install Linux native dependencies	2026-02-21T16:17:43.1580736Z Unpacking libflite1:amd64 (2.2-6build3) ...
Release	Install Linux native dependencies	2026-02-21T16:17:43.2812260Z Selecting previously unselected package libserd-0-0:amd64.
Release	Install Linux native dependencies	2026-02-21T16:17:43.2949507Z Preparing to unpack .../056-libserd-0-0_0.32.2-1_amd64.deb ...
Release	Install Linux native dependencies	2026-02-21T16:17:43.2958687Z Unpacking libserd-0-0:amd64 (0.32.2-1) ...
Release	Install Linux native dependencies	2026-02-21T16:17:43.3178187Z Selecting previously unselected package libzix-0-0:amd64.
Release	Install Linux native dependencies	2026-02-21T16:17:43.3311070Z Preparing to unpack .../057-libzix-0-0_0.4.2-2build1_amd64.deb ...
Release	Install Linux native dependencies	2026-02-21T16:17:43.3319813Z Unpacking libzix-0-0:amd64 (0.4.2-2build1) ...
Release	Install Linux native dependencies	2026-02-21T16:17:43.3527043Z Selecting previously unselected package libsord-0-0:amd64.
Release	Install Linux native dependencies	2026-02-21T16:17:43.3659913Z Preparing to unpack .../058-libsord-0-0_0.16.16-2build1_amd64.deb ...
Release	Install Linux native dependencies	2026-02-21T16:17:43.3669037Z Unpacking libsord-0-0:amd64 (0.16.16-2build1) ...
Release	Install Linux native dependencies	2026-02-21T16:17:43.3894846Z Selecting previously unselected package libsratom-0-0:amd64.
Release	Install Linux native dependencies	2026-02-21T16:17:43.4027491Z Preparing to unpack .../059-libsratom-0-0_0.6.16-1build1_amd64.deb ...
Release	Install Linux native dependencies	2026-02-21T16:17:43.4038178Z Unpacking libsratom-0-0:amd64 (0.6.16-1build1) ...
Release	Install Linux native dependencies	2026-02-21T16:17:43.4260065Z Selecting previously unselected package liblilv-0-0:amd64.
Release	Install Linux native dependencies	2026-02-21T16:17:43.4392100Z Preparing to unpack .../060-liblilv-0-0_0.24.22-1build1_amd64.deb ...
Release	Install Linux native dependencies	2026-02-21T16:17:43.4401138Z Unpacking liblilv-0-0:amd64 (0.24.22-1build1) ...
Release	Install Linux native dependencies	2026-02-21T16:17:43.4631684Z Selecting previously unselected package libmysofa1:amd64.
Release	Install Linux native dependencies	2026-02-21T16:17:43.4763154Z Preparing to unpack .../061-libmysofa1_1.3.2+dfsg-2ubuntu2_amd64.deb ...
Release	Install Linux native dependencies	2026-02-21T16:17:43.4773630Z Unpacking libmysofa1:amd64 (1.3.2+dfsg-2ubuntu2) ...
Release	Install Linux native dependencies	2026-02-21T16:17:43.5054397Z Selecting previously unselected package libplacebo338:amd64.
Release	Install Linux native dependencies	2026-02-21T16:17:43.5187032Z Preparing to unpack .../062-libplacebo338_6.338.2-2build1_amd64.deb ...
Release	Install Linux native dependencies	2026-02-21T16:17:43.5197367Z Unpacking libplacebo338:amd64 (6.338.2-2build1) ...
Release	Install Linux native dependencies	2026-02-21T16:17:43.5815782Z Selecting previously unselected package libblas3:amd64.
Release	Install Linux native dependencies	2026-02-21T16:17:43.5948770Z Preparing to unpack .../063-libblas3_3.12.0-3build1.1_amd64.deb ...
Release	Install Linux native dependencies	2026-02-21T16:17:43.5982106Z Unpacking libblas3:amd64 (3.12.0-3build1.1) ...
Release	Install Linux native dependencies	2026-02-21T16:17:43.6239482Z Selecting previously unselected package liblapack3:amd64.
Release	Install Linux native dependencies	2026-02-21T16:17:43.6373613Z Preparing to unpack .../064-liblapack3_3.12.0-3build1.1_amd64.deb ...
Release	Install Linux native dependencies	2026-02-21T16:17:43.6407711Z Unpacking liblapack3:amd64 (3.12.0-3build1.1) ...
Release	Install Linux native dependencies	2026-02-21T16:17:43.6929447Z Selecting previously unselected package libflac12t64:amd64.
Release	Install Linux native dependencies	2026-02-21T16:17:43.7063199Z Preparing to unpack .../065-libflac12t64_1.4.3+ds-2.1ubuntu2_amd64.deb ...
Release	Install Linux native dependencies	2026-02-21T16:17:43.7073671Z Unpacking libflac12t64:amd64 (1.4.3+ds-2.1ubuntu2) ...
Release	Install Linux native dependencies	2026-02-21T16:17:43.7337172Z Selecting previously unselected package libsndfile1:amd64.
Release	Install Linux native dependencies	2026-02-21T16:17:43.7470700Z Preparing to unpack .../066-libsndfile1_1.2.2-1ubuntu5.24.04.1_amd64.deb ...
Release	Install Linux native dependencies	2026-02-21T16:17:43.7487476Z Unpacking libsndfile1:amd64 (1.2.2-1ubuntu5.24.04.1) ...
Release	Install Linux native dependencies	2026-02-21T16:17:43.7824923Z Selecting previously unselected package libpulse0:amd64.
Release	Install Linux native dependencies	2026-02-21T16:17:43.7960239Z Preparing to unpack .../067-libpulse0_1%3a16.1+dfsg1-2ubuntu10.1_amd64.deb ...
Release	Install Linux native dependencies	2026-02-21T16:17:43.8038581Z Unpacking libpulse0:amd64 (1:16.1+dfsg1-2ubuntu10.1) ...
Release	Install Linux native dependencies	2026-02-21T16:17:43.8309992Z Selecting previously unselected package libsphinxbase3t64:amd64.
Release	Install Linux native dependencies	2026-02-21T16:17:43.8444248Z Preparing to unpack .../068-libsphinxbase3t64_0.8+5prealpha+1-17build2_amd64.deb ...
Release	Install Linux native dependencies	2026-02-21T16:17:43.8456199Z Unpacking libsphinxbase3t64:amd64 (0.8+5prealpha+1-17build2) ...
Release	Install Linux native dependencies	2026-02-21T16:17:43.8690365Z Selecting previously unselected package libpocketsphinx3:amd64.
Release	Install Linux native dependencies	2026-02-21T16:17:43.8824081Z Preparing to unpack .../069-libpocketsphinx3_0.8.0+real5prealpha+1-15ubuntu5_amd64.deb ...
Release	Install Linux native dependencies	2026-02-21T16:17:43.8835192Z Unpacking libpocketsphinx3:amd64 (0.8.0+real5prealpha+1-15ubuntu5) ...
Release	Install Linux native dependencies	2026-02-21T16:17:43.9106383Z Selecting previously unselected package libpostproc57:amd64.
Release	Install Linux native dependencies	2026-02-21T16:17:43.9240582Z Preparing to unpack .../070-libpostproc57_7%3a6.1.1-3ubuntu5_amd64.deb ...
Release	Install Linux native dependencies	2026-02-21T16:17:43.9255851Z Unpacking libpostproc57:amd64 (7:6.1.1-3ubuntu5) ...
Release	Install Linux native dependencies	2026-02-21T16:17:43.9523884Z Selecting previously unselected package libsamplerate0:amd64.
Release	Install Linux native dependencies	2026-02-21T16:17:43.9657844Z Preparing to unpack .../071-libsamplerate0_0.2.2-4build1_amd64.deb ...
Release	Install Linux native dependencies	2026-02-21T16:17:43.9673276Z Unpacking libsamplerate0:amd64 (0.2.2-4build1) ...
Release	Install Linux native dependencies	2026-02-21T16:17:43.9987706Z Selecting previously unselected package librubberband2:amd64.
Release	Install Linux native dependencies	2026-02-21T16:17:44.0122842Z Preparing to unpack .../072-librubberband2_3.3.0+dfsg-2build1_amd64.deb ...
Release	Install Linux native dependencies	2026-02-21T16:17:44.0132701Z Unpacking librubberband2:amd64 (3.3.0+dfsg-2build1) ...
Release	Install Linux native dependencies	2026-02-21T16:17:44.0367894Z Selecting previously unselected package libswscale7:amd64.
Release	Install Linux native dependencies	2026-02-21T16:17:44.0502449Z Preparing to unpack .../073-libswscale7_7%3a6.1.1-3ubuntu5_amd64.deb ...
Release	Install Linux native dependencies	2026-02-21T16:17:44.0513767Z Unpacking libswscale7:amd64 (7:6.1.1-3ubuntu5) ...
Release	Install Linux native dependencies	2026-02-21T16:17:44.0799085Z Selecting previously unselected package libvidstab1.1:amd64.
Release	Install Linux native dependencies	2026-02-21T16:17:44.0931284Z Preparing to unpack .../074-libvidstab1.1_1.1.0-2build1_amd64.deb ...
Release	Install Linux native dependencies	2026-02-21T16:17:44.0944780Z Unpacking libvidstab1.1:amd64 (1.1.0-2build1) ...
Release	Install Linux native dependencies	2026-02-21T16:17:44.1182798Z Selecting previously unselected package libzimg2:amd64.
Release	Install Linux native dependencies	2026-02-21T16:17:44.1316172Z Preparing to unpack .../075-libzimg2_3.0.5+ds1-1build1_amd64.deb ...
Release	Install Linux native dependencies	2026-02-21T16:17:44.1326244Z Unpacking libzimg2:amd64 (3.0.5+ds1-1build1) ...
Release	Install Linux native dependencies	2026-02-21T16:17:44.1600943Z Selecting previously unselected package libavfilter9:amd64.
Release	Install Linux native dependencies	2026-02-21T16:17:44.1733945Z Preparing to unpack .../076-libavfilter9_7%3a6.1.1-3ubuntu5_amd64.deb ...
Release	Install Linux native dependencies	2026-02-21T16:17:44.1749668Z Unpacking libavfilter9:amd64 (7:6.1.1-3ubuntu5) ...
Release	Install Linux native dependencies	2026-02-21T16:17:44.2510224Z Selecting previously unselected package libcaca0:amd64.
Release	Install Linux native dependencies	2026-02-21T16:17:44.2644372Z Preparing to unpack .../077-libcaca0_0.99.beta20-4ubuntu0.1_amd64.deb ...
Release	Install Linux native dependencies	2026-02-21T16:17:44.2660193Z Unpacking libcaca0:amd64 (0.99.beta20-4ubuntu0.1) ...
Release	Install Linux native dependencies	2026-02-21T16:17:44.2922790Z Selecting previously unselected package libcdio19t64:amd64.
Release	Install Linux native dependencies	2026-02-21T16:17:44.3058391Z Preparing to unpack .../078-libcdio19t64_2.1.0-4.1ubuntu1.2_amd64.deb ...
Release	Install Linux native dependencies	2026-02-21T16:17:44.3074124Z Unpacking libcdio19t64:amd64 (2.1.0-4.1ubuntu1.2) ...
Release	Install Linux native dependencies	2026-02-21T16:17:44.3338040Z Selecting previously unselected package libcdio-cdda2t64:amd64.
Release	Install Linux native dependencies	2026-02-21T16:17:44.3471069Z Preparing to unpack .../079-libcdio-cdda2t64_10.2+2.0.1-1.1build2_amd64.deb ...
Release	Install Linux native dependencies	2026-02-21T16:17:44.3481894Z Unpacking libcdio-cdda2t64:amd64 (10.2+2.0.1-1.1build2) ...
Release	Install Linux native dependencies	2026-02-21T16:17:44.3709220Z Selecting previously unselected package libcdio-paranoia2t64:amd64.
Release	Install Linux native dependencies	2026-02-21T16:17:44.3842782Z Preparing to unpack .../080-libcdio-paranoia2t64_10.2+2.0.1-1.1build2_amd64.deb ...
Release	Install Linux native dependencies	2026-02-21T16:17:44.3856484Z Unpacking libcdio-paranoia2t64:amd64 (10.2+2.0.1-1.1build2) ...
Release	Install Linux native dependencies	2026-02-21T16:17:44.4198538Z Selecting previously unselected package libdc1394-25:amd64.
Release	Install Linux native dependencies	2026-02-21T16:17:44.4333801Z Preparing to unpack .../081-libdc1394-25_2.2.6-4build1_amd64.deb ...
Release	Install Linux native dependencies	2026-02-21T16:17:44.4351450Z Unpacking libdc1394-25:amd64 (2.2.6-4build1) ...
Release	Install Linux native dependencies	2026-02-21T16:17:44.4582822Z Selecting previously unselected package libiec61883-0:amd64.
Release	Install Linux native dependencies	2026-02-21T16:17:44.4717038Z Preparing to unpack .../082-libiec61883-0_1.2.0-6build1_amd64.deb ...
Release	Install Linux native dependencies	2026-02-21T16:17:44.4741086Z Unpacking libiec61883-0:amd64 (1.2.0-6build1) ...
Release	Install Linux native dependencies	2026-02-21T16:17:44.4951198Z Selecting previously unselected package libjack-jackd2-0:amd64.
Release	Install Linux native dependencies	2026-02-21T16:17:44.5084377Z Preparing to unpack .../083-libjack-jackd2-0_1.9.21~dfsg-3ubuntu3_amd64.deb ...
Release	Install Linux native dependencies	2026-02-21T16:17:44.5093645Z Unpacking libjack-jackd2-0:amd64 (1.9.21~dfsg-3ubuntu3) ...
Release	Install Linux native dependencies	2026-02-21T16:17:44.5360280Z Selecting previously unselected package libopenal-data.
Release	Install Linux native dependencies	2026-02-21T16:17:44.5494253Z Preparing to unpack .../084-libopenal-data_1%3a1.23.1-4build1_all.deb ...
Release	Install Linux native dependencies	2026-02-21T16:17:44.5505499Z Unpacking libopenal-data (1:1.23.1-4build1) ...
Release	Install Linux native dependencies	2026-02-21T16:17:44.5787590Z Selecting previously unselected package libsndio7.0:amd64.
Release	Install Linux native dependencies	2026-02-21T16:17:44.5921201Z Preparing to unpack .../085-libsndio7.0_1.9.0-0.3build3_amd64.deb ...
Release	Install Linux native dependencies	2026-02-21T16:17:44.5934178Z Unpacking libsndio7.0:amd64 (1.9.0-0.3build3) ...
Release	Install Linux native dependencies	2026-02-21T16:17:44.6175707Z Selecting previously unselected package libopenal1:amd64.
Release	Install Linux native dependencies	2026-02-21T16:17:44.6309563Z Preparing to unpack .../086-libopenal1_1%3a1.23.1-4build1_amd64.deb ...
Release	Install Linux native dependencies	2026-02-21T16:17:44.6319927Z Unpacking libopenal1:amd64 (1:1.23.1-4build1) ...
Release	Install Linux native dependencies	2026-02-21T16:17:44.6626542Z Selecting previously unselected package libdecor-0-0:amd64.
Release	Install Linux native dependencies	2026-02-21T16:17:44.6766029Z Preparing to unpack .../087-libdecor-0-0_0.2.2-1build2_amd64.deb ...
Release	Install Linux native dependencies	2026-02-21T16:17:44.6777143Z Unpacking libdecor-0-0:amd64 (0.2.2-1build2) ...
Release	Install Linux native dependencies	2026-02-21T16:17:44.7010918Z Selecting previously unselected package libsdl2-2.0-0:amd64.
Release	Install Linux native dependencies	2026-02-21T16:17:44.7143478Z Preparing to unpack .../088-libsdl2-2.0-0_2.30.0+dfsg-1ubuntu3.1_amd64.deb ...
Release	Install Linux native dependencies	2026-02-21T16:17:44.7159905Z Unpacking libsdl2-2.0-0:amd64 (2.30.0+dfsg-1ubuntu3.1) ...
Release	Install Linux native dependencies	2026-02-21T16:17:44.7501474Z Selecting previously unselected package libxcb-shape0:amd64.
Release	Install Linux native dependencies	2026-02-21T16:17:44.7636049Z Preparing to unpack .../089-libxcb-shape0_1.15-1ubuntu2_amd64.deb ...
Release	Install Linux native dependencies	2026-02-21T16:17:44.7650386Z Unpacking libxcb-shape0:amd64 (1.15-1ubuntu2) ...
Release	Install Linux native dependencies	2026-02-21T16:17:44.7867564Z Selecting previously unselected package libxv1:amd64.
Release	Install Linux native dependencies	2026-02-21T16:17:44.8001477Z Preparing to unpack .../090-libxv1_2%3a1.0.11-1.1build1_amd64.deb ...
Release	Install Linux native dependencies	2026-02-21T16:17:44.8014653Z Unpacking libxv1:amd64 (2:1.0.11-1.1build1) ...
Release	Install Linux native dependencies	2026-02-21T16:17:44.8246316Z Selecting previously unselected package libavdevice60:amd64.
Release	Install Linux native dependencies	2026-02-21T16:17:44.8379335Z Preparing to unpack .../091-libavdevice60_7%3a6.1.1-3ubuntu5_amd64.deb ...
Release	Install Linux native dependencies	2026-02-21T16:17:44.8392513Z Unpacking libavdevice60:amd64 (7:6.1.1-3ubuntu5) ...
Release	Install Linux native dependencies	2026-02-21T16:17:44.8619696Z Selecting previously unselected package libavformat-dev:amd64.
Release	Install Linux native dependencies	2026-02-21T16:17:44.8752331Z Preparing to unpack .../092-libavformat-dev_7%3a6.1.1-3ubuntu5_amd64.deb ...
Release	Install Linux native dependencies	2026-02-21T16:17:44.8764181Z Unpacking libavformat-dev:amd64 (7:6.1.1-3ubuntu5) ...
Release	Install Linux native dependencies	2026-02-21T16:17:44.9206078Z Selecting previously unselected package libpostproc-dev:amd64.
Release	Install Linux native dependencies	2026-02-21T16:17:44.9338613Z Preparing to unpack .../093-libpostproc-dev_7%3a6.1.1-3ubuntu5_amd64.deb ...
Release	Install Linux native dependencies	2026-02-21T16:17:44.9352792Z Unpacking libpostproc-dev:amd64 (7:6.1.1-3ubuntu5) ...
Release	Install Linux native dependencies	2026-02-21T16:17:44.9579116Z Selecting previously unselected package libswscale-dev:amd64.
Release	Install Linux native dependencies	2026-02-21T16:17:44.9711983Z Preparing to unpack .../094-libswscale-dev_7%3a6.1.1-3ubuntu5_amd64.deb ...
Release	Install Linux native dependencies	2026-02-21T16:17:44.9722207Z Unpacking libswscale-dev:amd64 (7:6.1.1-3ubuntu5) ...
Release	Install Linux native dependencies	2026-02-21T16:17:44.9991025Z Selecting previously unselected package libavfilter-dev:amd64.
Release	Install Linux native dependencies	2026-02-21T16:17:45.0124167Z Preparing to unpack .../095-libavfilter-dev_7%3a6.1.1-3ubuntu5_amd64.deb ...
Release	Install Linux native dependencies	2026-02-21T16:17:45.0132539Z Unpacking libavfilter-dev:amd64 (7:6.1.1-3ubuntu5) ...
Release	Install Linux native dependencies	2026-02-21T16:17:45.0735118Z Selecting previously unselected package libavdevice-dev:amd64.
Release	Install Linux native dependencies	2026-02-21T16:17:45.0869673Z Preparing to unpack .../096-libavdevice-dev_7%3a6.1.1-3ubuntu5_amd64.deb ...
Release	Install Linux native dependencies	2026-02-21T16:17:45.0882928Z Unpacking libavdevice-dev:amd64 (7:6.1.1-3ubuntu5) ...
Release	Install Linux native dependencies	2026-02-21T16:17:45.1122698Z Selecting previously unselected package libdav1d-dev:amd64.
Release	Install Linux native dependencies	2026-02-21T16:17:45.1258136Z Preparing to unpack .../097-libdav1d-dev_1.4.1-1build1_amd64.deb ...
Release	Install Linux native dependencies	2026-02-21T16:17:45.1272576Z Unpacking libdav1d-dev:amd64 (1.4.1-1build1) ...
Release	Install Linux native dependencies	2026-02-21T16:17:45.1527643Z Selecting previously unselected package libdbus-1-dev:amd64.
Release	Install Linux native dependencies	2026-02-21T16:17:45.1661969Z Preparing to unpack .../098-libdbus-1-dev_1.14.10-4ubuntu4.1_amd64.deb ...
Release	Install Linux native dependencies	2026-02-21T16:17:45.1675921Z Unpacking libdbus-1-dev:amd64 (1.14.10-4ubuntu4.1) ...
Release	Install Linux native dependencies	2026-02-21T16:17:45.1982357Z Selecting previously unselected package libpthread-stubs0-dev:amd64.
Release	Install Linux native dependencies	2026-02-21T16:17:45.2118094Z Preparing to unpack .../099-libpthread-stubs0-dev_0.4-1build3_amd64.deb ...
Release	Install Linux native dependencies	2026-02-21T16:17:45.2127370Z Unpacking libpthread-stubs0-dev:amd64 (0.4-1build3) ...
Release	Install Linux native dependencies	2026-02-21T16:17:45.2488730Z Preparing to unpack .../100-libssh-4_0.10.6-2ubuntu0.3_amd64.deb ...
Release	Install Linux native dependencies	2026-02-21T16:17:45.2565131Z Unpacking libssh-4:amd64 (0.10.6-2ubuntu0.3) over (0.10.6-2ubuntu0.1) ...
Release	Install Linux native dependencies	2026-02-21T16:17:45.2871728Z Selecting previously unselected package libudev-dev:amd64.
Release	Install Linux native dependencies	2026-02-21T16:17:45.3008155Z Preparing to unpack .../101-libudev-dev_255.4-1ubuntu8.12_amd64.deb ...
Release	Install Linux native dependencies	2026-02-21T16:17:45.3019276Z Unpacking libudev-dev:amd64 (255.4-1ubuntu8.12) ...
Release	Install Linux native dependencies	2026-02-21T16:17:45.3332385Z Selecting previously unselected package libwayland-server0:amd64.
Release	Install Linux native dependencies	2026-02-21T16:17:45.3464318Z Preparing to unpack .../102-libwayland-server0_1.22.0-2.1build1_amd64.deb ...
Release	Install Linux native dependencies	2026-02-21T16:17:45.3477805Z Unpacking libwayland-server0:amd64 (1.22.0-2.1build1) ...
Release	Install Linux native dependencies	2026-02-21T16:17:45.3699491Z Selecting previously unselected package xorg-sgml-doctools.
Release	Install Linux native dependencies	2026-02-21T16:17:45.3831733Z Preparing to unpack .../103-xorg-sgml-doctools_1%3a1.11-1.1_all.deb ...
Release	Install Linux native dependencies	2026-02-21T16:17:45.3845725Z Unpacking xorg-sgml-doctools (1:1.11-1.1) ...
Release	Install Linux native dependencies	2026-02-21T16:17:45.4111111Z Selecting previously unselected package x11proto-dev.
Release	Install Linux native dependencies	2026-02-21T16:17:45.4242750Z Preparing to unpack .../104-x11proto-dev_2023.2-1_all.deb ...
Release	Install Linux native dependencies	2026-02-21T16:17:45.4267339Z Unpacking x11proto-dev (2023.2-1) ...
Release	Install Linux native dependencies	2026-02-21T16:17:45.4824716Z Selecting previously unselected package libxau-dev:amd64.
Release	Install Linux native dependencies	2026-02-21T16:17:45.4957432Z Preparing to unpack .../105-libxau-dev_1%3a1.0.9-1build6_amd64.deb ...
Release	Install Linux native dependencies	2026-02-21T16:17:45.4967633Z Unpacking libxau-dev:amd64 (1:1.0.9-1build6) ...
Release	Install Linux native dependencies	2026-02-21T16:17:45.5189125Z Selecting previously unselected package libxdmcp-dev:amd64.
Release	Install Linux native dependencies	2026-02-21T16:17:45.5319634Z Preparing to unpack .../106-libxdmcp-dev_1%3a1.1.3-0ubuntu6_amd64.deb ...
Release	Install Linux native dependencies	2026-02-21T16:17:45.5333984Z Unpacking libxdmcp-dev:amd64 (1:1.1.3-0ubuntu6) ...
Release	Install Linux native dependencies	2026-02-21T16:17:45.5580214Z Selecting previously unselected package libxcb1-dev:amd64.
Release	Install Linux native dependencies	2026-02-21T16:17:45.5710264Z Preparing to unpack .../107-libxcb1-dev_1.15-1ubuntu2_amd64.deb ...
Release	Install Linux native dependencies	2026-02-21T16:17:45.5718499Z Unpacking libxcb1-dev:amd64 (1.15-1ubuntu2) ...
Release	Install Linux native dependencies	2026-02-21T16:17:45.5958598Z Selecting previously unselected package libxcb-render0-dev:amd64.
Release	Install Linux native dependencies	2026-02-21T16:17:45.6089038Z Preparing to unpack .../108-libxcb-render0-dev_1.15-1ubuntu2_amd64.deb ...
Release	Install Linux native dependencies	2026-02-21T16:17:45.6100995Z Unpacking libxcb-render0-dev:amd64 (1.15-1ubuntu2) ...
Release	Install Linux native dependencies	2026-02-21T16:17:45.6329518Z Selecting previously unselected package libxcb-shape0-dev:amd64.
Release	Install Linux native dependencies	2026-02-21T16:17:45.6466156Z Preparing to unpack .../109-libxcb-shape0-dev_1.15-1ubuntu2_amd64.deb ...
Release	Install Linux native dependencies	2026-02-21T16:17:45.6474201Z Unpacking libxcb-shape0-dev:amd64 (1.15-1ubuntu2) ...
Release	Install Linux native dependencies	2026-02-21T16:17:45.6710748Z Selecting previously unselected package libxcb-xfixes0-dev:amd64.
Release	Install Linux native dependencies	2026-02-21T16:17:45.6845028Z Preparing to unpack .../110-libxcb-xfixes0-dev_1.15-1ubuntu2_amd64.deb ...
Release	Install Linux native dependencies	2026-02-21T16:17:45.6854939Z Unpacking libxcb-xfixes0-dev:amd64 (1.15-1ubuntu2) ...
Release	Install Linux native dependencies	2026-02-21T16:17:45.7075177Z Selecting previously unselected package libxkbcommon-dev:amd64.
Release	Install Linux native dependencies	2026-02-21T16:17:45.7207078Z Preparing to unpack .../111-libxkbcommon-dev_1.6.0-1build1_amd64.deb ...
Release	Install Linux native dependencies	2026-02-21T16:17:45.7224031Z Unpacking libxkbcommon-dev:amd64 (1.6.0-1build1) ...
Release	Install Linux native dependencies	2026-02-21T16:17:45.7458065Z Selecting previously unselected package nasm.
Release	Install Linux native dependencies	2026-02-21T16:17:45.7592648Z Preparing to unpack .../112-nasm_2.16.01-1build1_amd64.deb ...
Release	Install Linux native dependencies	2026-02-21T16:17:45.7601581Z Unpacking nasm (2.16.01-1build1) ...
Release	Install Linux native dependencies	2026-02-21T16:17:45.7910943Z Selecting previously unselected package libwayland-bin.
Release	Install Linux native dependencies	2026-02-21T16:17:45.8044786Z Preparing to unpack .../113-libwayland-bin_1.22.0-2.1build1_amd64.deb ...
Release	Install Linux native dependencies	2026-02-21T16:17:45.8056967Z Unpacking libwayland-bin (1.22.0-2.1build1) ...
Release	Install Linux native dependencies	2026-02-21T16:17:45.8270073Z Selecting previously unselected package libwayland-dev:amd64.
Release	Install Linux native dependencies	2026-02-21T16:17:45.8401675Z Preparing to unpack .../114-libwayland-dev_1.22.0-2.1build1_amd64.deb ...
Release	Install Linux native dependencies	2026-02-21T16:17:45.8417168Z Unpacking libwayland-dev:amd64 (1.22.0-2.1build1) ...
Release	Install Linux native dependencies	2026-02-21T16:17:45.8931869Z Setting up libgme0:amd64 (0.6.3-7build1) ...
Release	Install Linux native dependencies	2026-02-21T16:17:45.8962131Z Setting up libchromaprint1:amd64 (1.5.1-5) ...
Release	Install Linux native dependencies	2026-02-21T16:17:45.8989895Z Setting up libssh-gcrypt-4:amd64 (0.10.6-2ubuntu0.3) ...
Release	Install Linux native dependencies	2026-02-21T16:17:45.9023038Z Setting up libhwy1t64:amd64 (1.0.7-8.1build1) ...
Release	Install Linux native dependencies	2026-02-21T16:17:45.9054685Z Setting up libudfread0:amd64 (1.1.2-1build1) ...
Release	Install Linux native dependencies	2026-02-21T16:17:45.9085038Z Setting up libwayland-server0:amd64 (1.22.0-2.1build1) ...
Release	Install Linux native dependencies	2026-02-21T16:17:45.9112652Z Setting up libraw1394-11:amd64 (2.1.2-2build3) ...
Release	Install Linux native dependencies	2026-02-21T16:17:45.9139449Z Setting up libspeex1:amd64 (1.2.1-2ubuntu2.24.04.1) ...
Release	Install Linux native dependencies	2026-02-21T16:17:45.9162346Z Setting up libshine3:amd64 (3.1.1-2build1) ...
Release	Install Linux native dependencies	2026-02-21T16:17:45.9198205Z Setting up libcaca0:amd64 (0.99.beta20-4ubuntu0.1) ...
Release	Install Linux native dependencies	2026-02-21T16:17:45.9236852Z Setting up libvpl2 (2023.3.0-1build1) ...
Release	Install Linux native dependencies	2026-02-21T16:17:45.9267388Z Setting up libx264-164:amd64 (2:0.164.3108+git31e19f9-1) ...
Release	Install Linux native dependencies	2026-02-21T16:17:45.9297359Z Setting up libtwolame0:amd64 (0.4.0-2build3) ...
Release	Install Linux native dependencies	2026-02-21T16:17:45.9333011Z Setting up libmbedcrypto7t64:amd64 (2.28.8-1) ...
Release	Install Linux native dependencies	2026-02-21T16:17:45.9361031Z Setting up libgsm1:amd64 (1.0.22-1build1) ...
Release	Install Linux native dependencies	2026-02-21T16:17:45.9397935Z Setting up libsoxr0:amd64 (0.1.3-4build3) ...
Release	Install Linux native dependencies	2026-02-21T16:17:45.9423646Z Setting up libzix-0-0:amd64 (0.4.2-2build1) ...
Release	Install Linux native dependencies	2026-02-21T16:17:45.9448429Z Setting up libcodec2-1.2:amd64 (1.2.0-2build1) ...
Release	Install Linux native dependencies	2026-02-21T16:17:45.9474913Z Setting up libxkbcommon-dev:amd64 (1.6.0-1build1) ...
Release	Install Linux native dependencies	2026-02-21T16:17:45.9503812Z Setting up libmysofa1:amd64 (1.3.2+dfsg-2ubuntu2) ...
Release	Install Linux native dependencies	2026-02-21T16:17:45.9544781Z Setting up libxcb-shape0:amd64 (1.15-1ubuntu2) ...
Release	Install Linux native dependencies	2026-02-21T16:17:45.9582007Z Setting up libcdio19t64:amd64 (2.1.0-4.1ubuntu1.2) ...
Release	Install Linux native dependencies	2026-02-21T16:17:45.9622039Z Setting up libsvtav1enc1d1:amd64 (1.7.0+dfsg-2build1) ...
Release	Install Linux native dependencies	2026-02-21T16:17:45.9662816Z Setting up libmpg123-0t64:amd64 (1.32.5-1ubuntu1.1) ...
Release	Install Linux native dependencies	2026-02-21T16:17:45.9697750Z Setting up libcjson1:amd64 (1.7.17-1) ...
Release	Install Linux native dependencies	2026-02-21T16:17:45.9758460Z Setting up libxvidcore4:amd64 (2:1.3.7-1build1) ...
Release	Install Linux native dependencies	2026-02-21T16:17:45.9784675Z Setting up libpthread-stubs0-dev:amd64 (0.4-1build3) ...
Release	Install Linux native dependencies	2026-02-21T16:17:45.9826325Z Setting up librav1e0:amd64 (0.7.1-2) ...
Release	Install Linux native dependencies	2026-02-21T16:17:45.9857194Z Setting up libcdio-cdda2t64:amd64 (10.2+2.0.1-1.1build2) ...
Release	Install Linux native dependencies	2026-02-21T16:17:45.9885160Z Setting up librist4:amd64 (0.2.10+dfsg-2) ...
Release	Install Linux native dependencies	2026-02-21T16:17:45.9913170Z Setting up librsvg2-2:amd64 (2.58.0+dfsg-1build1) ...
Release	Install Linux native dependencies	2026-02-21T16:17:45.9943856Z Setting up libasound2-data (1.2.11-1ubuntu0.2) ...
Release	Install Linux native dependencies	2026-02-21T16:17:45.9977194Z Setting up libwayland-bin (1.22.0-2.1build1) ...
Release	Install Linux native dependencies	2026-02-21T16:17:46.0014279Z Setting up libblas3:amd64 (3.12.0-3build1.1) ...
Release	Install Linux native dependencies	2026-02-21T16:17:46.0082057Z update-alternatives: using /usr/lib/x86_64-linux-gnu/blas/libblas.so.3 to provide /usr/lib/x86_64-linux-gnu/libblas.so.3 (libblas.so.3-x86_64-linux-gnu) in auto mode
Release	Install Linux native dependencies	2026-02-21T16:17:46.0110568Z Setting up libplacebo338:amd64 (6.338.2-2build1) ...
Release	Install Linux native dependencies	2026-02-21T16:17:46.0143870Z Setting up libasound2t64:amd64 (1.2.11-1ubuntu0.2) ...
Release	Install Linux native dependencies	2026-02-21T16:17:46.0175819Z Setting up libva2:amd64 (2.20.0-2ubuntu0.1) ...
Release	Install Linux native dependencies	2026-02-21T16:17:46.0205560Z Setting up libdbus-1-dev:amd64 (1.14.10-4ubuntu4.1) ...
Release	Install Linux native dependencies	2026-02-21T16:17:46.1689240Z Setting up libopus0:amd64 (1.4-1build1) ...
Release	Install Linux native dependencies	2026-02-21T16:17:46.1730160Z Setting up libcdio-paranoia2t64:amd64 (10.2+2.0.1-1.1build2) ...
Release	Install Linux native dependencies	2026-02-21T16:17:46.1765471Z Setting up libdc1394-25:amd64 (2.2.6-4build1) ...
Release	Install Linux native dependencies	2026-02-21T16:17:46.1791820Z Setting up libxv1:amd64 (2:1.0.11-1.1build1) ...
Release	Install Linux native dependencies	2026-02-21T16:17:46.1833652Z Setting up libunibreak5:amd64 (5.1-2build1) ...
Release	Install Linux native dependencies	2026-02-21T16:17:46.1867280Z Setting up libudev-dev:amd64 (255.4-1ubuntu8.12) ...
Release	Install Linux native dependencies	2026-02-21T16:17:46.1903492Z Setting up libjxl0.7:amd64 (0.7.0-10.2ubuntu6.1) ...
Release	Install Linux native dependencies	2026-02-21T16:17:46.1929648Z Setting up nasm (2.16.01-1build1) ...
Release	Install Linux native dependencies	2026-02-21T16:17:46.1972121Z Setting up libssh-4:amd64 (0.10.6-2ubuntu0.3) ...
Release	Install Linux native dependencies	2026-02-21T16:17:46.2004308Z Setting up libx265-199:amd64 (3.5-2build1) ...
Release	Install Linux native dependencies	2026-02-21T16:17:46.2039972Z Setting up libsndio7.0:amd64 (1.9.0-0.3build3) ...
Release	Install Linux native dependencies	2026-02-21T16:17:46.2070713Z Setting up libvidstab1.1:amd64 (1.1.0-2build1) ...
Release	Install Linux native dependencies	2026-02-21T16:17:46.2097252Z Setting up libvpx9:amd64 (1.14.0-1ubuntu2.3) ...
Release	Install Linux native dependencies	2026-02-21T16:17:46.2126228Z Setting up libsrt1.5-gnutls:amd64 (1.5.3-1build2) ...
Release	Install Linux native dependencies	2026-02-21T16:17:46.2158328Z Setting up libflite1:amd64 (2.2-6build3) ...
Release	Install Linux native dependencies	2026-02-21T16:17:46.2183946Z Setting up libdav1d7:amd64 (1.4.1-1build1) ...
Release	Install Linux native dependencies	2026-02-21T16:17:46.2215109Z Setting up libva-drm2:amd64 (2.20.0-2ubuntu0.1) ...
Release	Install Linux native dependencies	2026-02-21T16:17:46.2243088Z Setting up ocl-icd-libopencl1:amd64 (2.3.2-1build1) ...
Release	Install Linux native dependencies	2026-02-21T16:17:46.2271283Z Setting up libasyncns0:amd64 (0.8-6build4) ...
Release	Install Linux native dependencies	2026-02-21T16:17:46.2298531Z Setting up libvdpau1:amd64 (1.5-2build1) ...
Release	Install Linux native dependencies	2026-02-21T16:17:46.2333846Z Setting up libbs2b0:amd64 (3.1.0+dfsg-7build1) ...
Release	Install Linux native dependencies	2026-02-21T16:17:46.2362720Z Setting up libtheora0:amd64 (1.1.1+dfsg.1-16.1build3) ...
Release	Install Linux native dependencies	2026-02-21T16:17:46.2393188Z Setting up libdecor-0-0:amd64 (0.2.2-1build2) ...
Release	Install Linux native dependencies	2026-02-21T16:17:46.2417422Z Setting up libzimg2:amd64 (3.0.5+ds1-1build1) ...
Release	Install Linux native dependencies	2026-02-21T16:17:46.2448087Z Setting up libopenal-data (1:1.23.1-4build1) ...
Release	Install Linux native dependencies	2026-02-21T16:17:46.2485110Z Setting up xorg-sgml-doctools (1:1.11-1.1) ...
Release	Install Linux native dependencies	2026-02-21T16:17:46.2512324Z Setting up libflac12t64:amd64 (1.4.3+ds-2.1ubuntu2) ...
Release	Install Linux native dependencies	2026-02-21T16:17:46.2544653Z Setting up libasound2-dev:amd64 (1.2.11-1ubuntu0.2) ...
Release	Install Linux native dependencies	2026-02-21T16:17:46.2570301Z Setting up libbluray2:amd64 (1:1.3.4-1build1) ...
Release	Install Linux native dependencies	2026-02-21T16:17:46.2603937Z Setting up libsamplerate0:amd64 (0.2.2-4build1) ...
Release	Install Linux native dependencies	2026-02-21T16:17:46.2637091Z Setting up libva-x11-2:amd64 (2.20.0-2ubuntu0.1) ...
Release	Install Linux native dependencies	2026-02-21T16:17:46.2668177Z Setting up libopenmpt0t64:amd64 (0.7.3-1.1build3) ...
Release	Install Linux native dependencies	2026-02-21T16:17:46.2695928Z Setting up libzvbi-common (0.2.42-2) ...
Release	Install Linux native dependencies	2026-02-21T16:17:46.2723769Z Setting up libmp3lame0:amd64 (3.100-6build1) ...
Release	Install Linux native dependencies	2026-02-21T16:17:46.2752646Z Setting up libvorbisenc2:amd64 (1.3.7-1build3) ...
Release	Install Linux native dependencies	2026-02-21T16:17:46.2784277Z Setting up libiec61883-0:amd64 (1.2.0-6build1) ...
Release	Install Linux native dependencies	2026-02-21T16:17:46.2812258Z Setting up libserd-0-0:amd64 (0.32.2-1) ...
Release	Install Linux native dependencies	2026-02-21T16:17:46.2843158Z Setting up libavc1394-0:amd64 (0.5.4-5build3) ...
Release	Install Linux native dependencies	2026-02-21T16:17:46.2872943Z Setting up liblapack3:amd64 (3.12.0-3build1.1) ...
Release	Install Linux native dependencies	2026-02-21T16:17:46.2944725Z update-alternatives: using /usr/lib/x86_64-linux-gnu/lapack/liblapack.so.3 to provide /usr/lib/x86_64-linux-gnu/liblapack.so.3 (liblapack.so.3-x86_64-linux-gnu) in auto mode
Release	Install Linux native dependencies	2026-02-21T16:17:46.2970950Z Setting up libzvbi0t64:amd64 (0.2.42-2) ...
Release	Install Linux native dependencies	2026-02-21T16:17:46.3003541Z Setting up libavutil58:amd64 (7:6.1.1-3ubuntu5) ...
Release	Install Linux native dependencies	2026-02-21T16:17:46.3030239Z Setting up libopenal1:amd64 (1:1.23.1-4build1) ...
Release	Install Linux native dependencies	2026-02-21T16:17:46.3059091Z Setting up libwayland-dev:amd64 (1.22.0-2.1build1) ...
Release	Install Linux native dependencies	2026-02-21T16:17:46.3108474Z Setting up libass9:amd64 (1:0.17.1-2build1) ...
Release	Install Linux native dependencies	2026-02-21T16:17:46.3140411Z Setting up libswresample4:amd64 (7:6.1.1-3ubuntu5) ...
Release	Install Linux native dependencies	2026-02-21T16:17:46.3291967Z Setting up libdav1d-dev:amd64 (1.4.1-1build1) ...
Release	Install Linux native dependencies	2026-02-21T16:17:46.3327292Z Setting up libavcodec60:amd64 (7:6.1.1-3ubuntu5) ...
Release	Install Linux native dependencies	2026-02-21T16:17:46.3354111Z Setting up librubberband2:amd64 (3.3.0+dfsg-2build1) ...
Release	Install Linux native dependencies	2026-02-21T16:17:46.3389666Z Setting up libjack-jackd2-0:amd64 (1.9.21~dfsg-3ubuntu3) ...
Release	Install Linux native dependencies	2026-02-21T16:17:46.3421088Z Setting up libsord-0-0:amd64 (0.16.16-2build1) ...
Release	Install Linux native dependencies	2026-02-21T16:17:46.3452279Z Setting up libpostproc57:amd64 (7:6.1.1-3ubuntu5) ...
Release	Install Linux native dependencies	2026-02-21T16:17:46.3478239Z Setting up libsratom-0-0:amd64 (0.6.16-1build1) ...
Release	Install Linux native dependencies	2026-02-21T16:17:46.3501136Z Setting up libsndfile1:amd64 (1.2.2-1ubuntu5.24.04.1) ...
Release	Install Linux native dependencies	2026-02-21T16:17:46.3537277Z Setting up liblilv-0-0:amd64 (0.24.22-1build1) ...
Release	Install Linux native dependencies	2026-02-21T16:17:46.3581901Z Setting up libswscale7:amd64 (7:6.1.1-3ubuntu5) ...
Release	Install Linux native dependencies	2026-02-21T16:17:46.3606935Z Setting up libavutil-dev:amd64 (7:6.1.1-3ubuntu5) ...
Release	Install Linux native dependencies	2026-02-21T16:17:46.3631566Z Setting up libpulse0:amd64 (1:16.1+dfsg1-2ubuntu10.1) ...
Release	Install Linux native dependencies	2026-02-21T16:17:46.3710930Z Setting up libswresample-dev:amd64 (7:6.1.1-3ubuntu5) ...
Release	Install Linux native dependencies	2026-02-21T16:17:46.3737574Z Setting up libavcodec-dev:amd64 (7:6.1.1-3ubuntu5) ...
Release	Install Linux native dependencies	2026-02-21T16:17:46.3758482Z Setting up libpostproc-dev:amd64 (7:6.1.1-3ubuntu5) ...
Release	Install Linux native dependencies	2026-02-21T16:17:46.3782011Z Setting up libavformat60:amd64 (7:6.1.1-3ubuntu5) ...
Release	Install Linux native dependencies	2026-02-21T16:17:46.3807415Z Setting up libsphinxbase3t64:amd64 (0.8+5prealpha+1-17build2) ...
Release	Install Linux native dependencies	2026-02-21T16:17:46.3828763Z Setting up libswscale-dev:amd64 (7:6.1.1-3ubuntu5) ...
Release	Install Linux native dependencies	2026-02-21T16:17:46.3851834Z Setting up libsdl2-2.0-0:amd64 (2.30.0+dfsg-1ubuntu3.1) ...
Release	Install Linux native dependencies	2026-02-21T16:17:46.3879166Z Setting up libavformat-dev:amd64 (7:6.1.1-3ubuntu5) ...
Release	Install Linux native dependencies	2026-02-21T16:17:46.3904425Z Setting up libpocketsphinx3:amd64 (0.8.0+real5prealpha+1-15ubuntu5) ...
Release	Install Linux native dependencies	2026-02-21T16:17:46.3928358Z Setting up libavfilter9:amd64 (7:6.1.1-3ubuntu5) ...
Release	Install Linux native dependencies	2026-02-21T16:17:46.3952028Z Setting up libavfilter-dev:amd64 (7:6.1.1-3ubuntu5) ...
Release	Install Linux native dependencies	2026-02-21T16:17:46.3976891Z Setting up libavdevice60:amd64 (7:6.1.1-3ubuntu5) ...
Release	Install Linux native dependencies	2026-02-21T16:17:46.4002344Z Setting up libavdevice-dev:amd64 (7:6.1.1-3ubuntu5) ...
Release	Install Linux native dependencies	2026-02-21T16:17:46.4050303Z Processing triggers for libc-bin (2.39-0ubuntu8.6) ...
Release	Install Linux native dependencies	2026-02-21T16:17:46.4473374Z Processing triggers for man-db (2.12.0-4build2) ...
Release	Install Linux native dependencies	2026-02-21T16:17:46.4496636Z Not building database; man-db/auto-update is not 'true'.
Release	Install Linux native dependencies	2026-02-21T16:17:46.4517182Z Processing triggers for sgml-base (1.31) ...
Release	Install Linux native dependencies	2026-02-21T16:17:46.4693895Z Setting up x11proto-dev (2023.2-1) ...
Release	Install Linux native dependencies	2026-02-21T16:17:46.4724159Z Setting up libxau-dev:amd64 (1:1.0.9-1build6) ...
Release	Install Linux native dependencies	2026-02-21T16:17:46.4749713Z Setting up libxdmcp-dev:amd64 (1:1.1.3-0ubuntu6) ...
Release	Install Linux native dependencies	2026-02-21T16:17:46.4782343Z Setting up libxcb1-dev:amd64 (1.15-1ubuntu2) ...
Release	Install Linux native dependencies	2026-02-21T16:17:46.4814707Z Setting up libxcb-render0-dev:amd64 (1.15-1ubuntu2) ...
Release	Install Linux native dependencies	2026-02-21T16:17:46.4849642Z Setting up libxcb-shape0-dev:amd64 (1.15-1ubuntu2) ...
Release	Install Linux native dependencies	2026-02-21T16:17:46.4879265Z Setting up libxcb-xfixes0-dev:amd64 (1.15-1ubuntu2) ...
Release	Install Linux native dependencies	2026-02-21T16:17:47.1441398Z 
Release	Install Linux native dependencies	2026-02-21T16:17:47.1441888Z Running kernel seems to be up-to-date.
Release	Install Linux native dependencies	2026-02-21T16:17:47.1442275Z 
Release	Install Linux native dependencies	2026-02-21T16:17:47.1442416Z Restarting services...
Release	Install Linux native dependencies	2026-02-21T16:17:47.1619729Z  systemctl restart packagekit.service php8.3-fpm.service
Release	Install Linux native dependencies	2026-02-21T16:17:47.2640643Z 
Release	Install Linux native dependencies	2026-02-21T16:17:47.2642330Z No containers need to be restarted.
Release	Install Linux native dependencies	2026-02-21T16:17:47.2642701Z 
Release	Install Linux native dependencies	2026-02-21T16:17:47.2642934Z No user sessions are running outdated binaries.
Release	Install Linux native dependencies	2026-02-21T16:17:47.2643282Z 
Release	Install Linux native dependencies	2026-02-21T16:17:47.2643596Z No VM guests are running outdated hypervisor (qemu) binaries on this host.
Release	Run dtolnay/rust-toolchain@stable	﻿2026-02-21T16:17:48.2171215Z ##[group]Run dtolnay/rust-toolchain@stable
Release	Run dtolnay/rust-toolchain@stable	2026-02-21T16:17:48.2171530Z with:
Release	Run dtolnay/rust-toolchain@stable	2026-02-21T16:17:48.2171706Z   toolchain: stable
Release	Run dtolnay/rust-toolchain@stable	2026-02-21T16:17:48.2171895Z ##[endgroup]
Release	Run dtolnay/rust-toolchain@stable	2026-02-21T16:17:48.2269304Z ##[group]Run : parse toolchain version
Release	Run dtolnay/rust-toolchain@stable	2026-02-21T16:17:48.2269631Z [36;1m: parse toolchain version[0m
Release	Run dtolnay/rust-toolchain@stable	2026-02-21T16:17:48.2269898Z [36;1mif [[ -z $toolchain ]]; then[0m
Release	Run dtolnay/rust-toolchain@stable	2026-02-21T16:17:48.2270392Z [36;1m  # GitHub does not enforce `required: true` inputs itself. https://github.com/actions/runner/issues/1070[0m
Release	Run dtolnay/rust-toolchain@stable	2026-02-21T16:17:48.2270921Z [36;1m  echo "'toolchain' is a required input" >&2[0m
Release	Run dtolnay/rust-toolchain@stable	2026-02-21T16:17:48.2271196Z [36;1m  exit 1[0m
Release	Run dtolnay/rust-toolchain@stable	2026-02-21T16:17:48.2271510Z [36;1melif [[ $toolchain =~ ^stable' '[0-9]+' '(year|month|week|day)s?' 'ago$ ]]; then[0m
Release	Run dtolnay/rust-toolchain@stable	2026-02-21T16:17:48.2271900Z [36;1m  if [[ Linux == macOS ]]; then[0m
Release	Run dtolnay/rust-toolchain@stable	2026-02-21T16:17:48.2272421Z [36;1m    echo "toolchain=1.$((($(date -v-$(sed 's/stable \([0-9]*\) \(.\).*/\1\2/' <<< $toolchain) +%s)/60/60/24-16569)/7/6))" >> $GITHUB_OUTPUT[0m
Release	Run dtolnay/rust-toolchain@stable	2026-02-21T16:17:48.2272937Z [36;1m  else[0m
Release	Run dtolnay/rust-toolchain@stable	2026-02-21T16:17:48.2273316Z [36;1m    echo "toolchain=1.$((($(date --date "${toolchain#stable }" +%s)/60/60/24-16569)/7/6))" >> $GITHUB_OUTPUT[0m
Release	Run dtolnay/rust-toolchain@stable	2026-02-21T16:17:48.2273754Z [36;1m  fi[0m
Release	Run dtolnay/rust-toolchain@stable	2026-02-21T16:17:48.2274022Z [36;1melif [[ $toolchain =~ ^stable' 'minus' '[0-9]+' 'releases?$ ]]; then[0m
Release	Run dtolnay/rust-toolchain@stable	2026-02-21T16:17:48.2274533Z [36;1m  echo "toolchain=1.$((($(date +%s)/60/60/24-16569)/7/6-${toolchain//[^0-9]/}))" >> $GITHUB_OUTPUT[0m
Release	Run dtolnay/rust-toolchain@stable	2026-02-21T16:17:48.2274974Z [36;1melif [[ $toolchain =~ ^1\.[0-9]+$ ]]; then[0m
Release	Run dtolnay/rust-toolchain@stable	2026-02-21T16:17:48.2275654Z [36;1m  echo "toolchain=1.$((i=${toolchain#1.}, c=($(date +%s)/60/60/24-16569)/7/6, i+9*i*(10*i<=c)+90*i*(100*i<=c)))" >> $GITHUB_OUTPUT[0m
Release	Run dtolnay/rust-toolchain@stable	2026-02-21T16:17:48.2276132Z [36;1melse[0m
Release	Run dtolnay/rust-toolchain@stable	2026-02-21T16:17:48.2276556Z [36;1m  echo "toolchain=$toolchain" >> $GITHUB_OUTPUT[0m
Release	Run dtolnay/rust-toolchain@stable	2026-02-21T16:17:48.2276825Z [36;1mfi[0m
Release	Run dtolnay/rust-toolchain@stable	2026-02-21T16:17:48.2308784Z shell: /usr/bin/bash --noprofile --norc -e -o pipefail {0}
Release	Run dtolnay/rust-toolchain@stable	2026-02-21T16:17:48.2309123Z env:
Release	Run dtolnay/rust-toolchain@stable	2026-02-21T16:17:48.2309291Z   toolchain: stable
Release	Run dtolnay/rust-toolchain@stable	2026-02-21T16:17:48.2309483Z ##[endgroup]
Release	Run dtolnay/rust-toolchain@stable	2026-02-21T16:17:48.2415474Z ##[group]Run : construct rustup command line
Release	Run dtolnay/rust-toolchain@stable	2026-02-21T16:17:48.2415792Z [36;1m: construct rustup command line[0m
Release	Run dtolnay/rust-toolchain@stable	2026-02-21T16:17:48.2416221Z [36;1mecho "targets=$(for t in ${targets//,/ }; do echo -n ' --target' $t; done)" >> $GITHUB_OUTPUT[0m
Release	Run dtolnay/rust-toolchain@stable	2026-02-21T16:17:48.2416823Z [36;1mecho "components=$(for c in ${components//,/ }; do echo -n ' --component' $c; done)" >> $GITHUB_OUTPUT[0m
Release	Run dtolnay/rust-toolchain@stable	2026-02-21T16:17:48.2417287Z [36;1mecho "downgrade=" >> $GITHUB_OUTPUT[0m
Release	Run dtolnay/rust-toolchain@stable	2026-02-21T16:17:48.2444829Z shell: /usr/bin/bash --noprofile --norc -e -o pipefail {0}
Release	Run dtolnay/rust-toolchain@stable	2026-02-21T16:17:48.2445151Z env:
Release	Run dtolnay/rust-toolchain@stable	2026-02-21T16:17:48.2445475Z   targets: 
Release	Run dtolnay/rust-toolchain@stable	2026-02-21T16:17:48.2445648Z   components: 
Release	Run dtolnay/rust-toolchain@stable	2026-02-21T16:17:48.2445833Z ##[endgroup]
Release	Run dtolnay/rust-toolchain@stable	2026-02-21T16:17:48.2519232Z ##[group]Run : set $CARGO_HOME
Release	Run dtolnay/rust-toolchain@stable	2026-02-21T16:17:48.2519477Z [36;1m: set $CARGO_HOME[0m
Release	Run dtolnay/rust-toolchain@stable	2026-02-21T16:17:48.2519771Z [36;1mecho CARGO_HOME=${CARGO_HOME:-"$HOME/.cargo"} >> $GITHUB_ENV[0m
Release	Run dtolnay/rust-toolchain@stable	2026-02-21T16:17:48.2547193Z shell: /usr/bin/bash --noprofile --norc -e -o pipefail {0}
Release	Run dtolnay/rust-toolchain@stable	2026-02-21T16:17:48.2547521Z ##[endgroup]
Release	Run dtolnay/rust-toolchain@stable	2026-02-21T16:17:48.2618004Z ##[group]Run : install rustup if needed
Release	Run dtolnay/rust-toolchain@stable	2026-02-21T16:17:48.2618303Z [36;1m: install rustup if needed[0m
Release	Run dtolnay/rust-toolchain@stable	2026-02-21T16:17:48.2618571Z [36;1mif ! command -v rustup &>/dev/null; then[0m
Release	Run dtolnay/rust-toolchain@stable	2026-02-21T16:17:48.2619296Z [36;1m  curl --proto '=https' --tlsv1.2 --retry 10 --retry-connrefused --location --silent --show-error --fail https://sh.rustup.rs | sh -s -- --default-toolchain none -y[0m
Release	Run dtolnay/rust-toolchain@stable	2026-02-21T16:17:48.2620034Z [36;1m  echo "$CARGO_HOME/bin" >> $GITHUB_PATH[0m
Release	Run dtolnay/rust-toolchain@stable	2026-02-21T16:17:48.2620293Z [36;1mfi[0m
Release	Run dtolnay/rust-toolchain@stable	2026-02-21T16:17:48.2647413Z shell: /usr/bin/bash --noprofile --norc -e -o pipefail {0}
Release	Run dtolnay/rust-toolchain@stable	2026-02-21T16:17:48.2647729Z env:
Release	Run dtolnay/rust-toolchain@stable	2026-02-21T16:17:48.2647902Z   CARGO_HOME: /home/runner/.cargo
Release	Run dtolnay/rust-toolchain@stable	2026-02-21T16:17:48.2648118Z ##[endgroup]
Release	Run dtolnay/rust-toolchain@stable	2026-02-21T16:17:48.2719327Z ##[group]Run rustup toolchain install stable --profile minimal --no-self-update
Release	Run dtolnay/rust-toolchain@stable	2026-02-21T16:17:48.2720060Z [36;1mrustup toolchain install stable --profile minimal --no-self-update[0m
Release	Run dtolnay/rust-toolchain@stable	2026-02-21T16:17:48.2747366Z shell: /usr/bin/bash --noprofile --norc -e -o pipefail {0}
Release	Run dtolnay/rust-toolchain@stable	2026-02-21T16:17:48.2747680Z env:
Release	Run dtolnay/rust-toolchain@stable	2026-02-21T16:17:48.2747859Z   CARGO_HOME: /home/runner/.cargo
Release	Run dtolnay/rust-toolchain@stable	2026-02-21T16:17:48.2748104Z   RUSTUP_PERMIT_COPY_RENAME: 1
Release	Run dtolnay/rust-toolchain@stable	2026-02-21T16:17:48.2748319Z ##[endgroup]
Release	Run dtolnay/rust-toolchain@stable	2026-02-21T16:17:48.5174227Z info: syncing channel updates for 'stable-x86_64-unknown-linux-gnu'
Release	Run dtolnay/rust-toolchain@stable	2026-02-21T16:17:48.6306943Z info: latest update on 2026-02-12, rust version 1.93.1 (01f6ddf75 2026-02-11)
Release	Run dtolnay/rust-toolchain@stable	2026-02-21T16:17:48.6557997Z info: downloading component 'clippy'
Release	Run dtolnay/rust-toolchain@stable	2026-02-21T16:17:48.7150352Z info: downloading component 'rustfmt'
Release	Run dtolnay/rust-toolchain@stable	2026-02-21T16:17:48.7641745Z info: downloading component 'cargo'
Release	Run dtolnay/rust-toolchain@stable	2026-02-21T16:17:48.8469810Z info: downloading component 'rust-std'
Release	Run dtolnay/rust-toolchain@stable	2026-02-21T16:17:49.0240708Z info: downloading component 'rustc'
Release	Run dtolnay/rust-toolchain@stable	2026-02-21T16:17:49.4714427Z info: removing previous version of component 'clippy'
Release	Run dtolnay/rust-toolchain@stable	2026-02-21T16:17:49.4730739Z info: removing previous version of component 'rustfmt'
Release	Run dtolnay/rust-toolchain@stable	2026-02-21T16:17:49.4743151Z info: removing previous version of component 'cargo'
Release	Run dtolnay/rust-toolchain@stable	2026-02-21T16:17:49.4790772Z info: removing previous version of component 'rust-std'
Release	Run dtolnay/rust-toolchain@stable	2026-02-21T16:17:49.4823090Z info: removing previous version of component 'rustc'
Release	Run dtolnay/rust-toolchain@stable	2026-02-21T16:17:49.4903357Z info: installing component 'clippy'
Release	Run dtolnay/rust-toolchain@stable	2026-02-21T16:17:49.8612755Z info: installing component 'rustfmt'
Release	Run dtolnay/rust-toolchain@stable	2026-02-21T16:17:50.0911111Z info: installing component 'cargo'
Release	Run dtolnay/rust-toolchain@stable	2026-02-21T16:17:50.7982959Z info: installing component 'rust-std'
Release	Run dtolnay/rust-toolchain@stable	2026-02-21T16:17:52.6857331Z info: installing component 'rustc'
Release	Run dtolnay/rust-toolchain@stable	2026-02-21T16:17:57.2416913Z 
Release	Run dtolnay/rust-toolchain@stable	2026-02-21T16:17:57.2508708Z   stable-x86_64-unknown-linux-gnu updated - rustc 1.93.1 (01f6ddf75 2026-02-11) (from rustc 1.93.0 (254b59607 2026-01-19))
Release	Run dtolnay/rust-toolchain@stable	2026-02-21T16:17:57.2509883Z 
Release	Run dtolnay/rust-toolchain@stable	2026-02-21T16:17:57.2558408Z ##[group]Run rustup default stable
Release	Run dtolnay/rust-toolchain@stable	2026-02-21T16:17:57.2558688Z [36;1mrustup default stable[0m
Release	Run dtolnay/rust-toolchain@stable	2026-02-21T16:17:57.2589575Z shell: /usr/bin/bash --noprofile --norc -e -o pipefail {0}
Release	Run dtolnay/rust-toolchain@stable	2026-02-21T16:17:57.2589892Z env:
Release	Run dtolnay/rust-toolchain@stable	2026-02-21T16:17:57.2590071Z   CARGO_HOME: /home/runner/.cargo
Release	Run dtolnay/rust-toolchain@stable	2026-02-21T16:17:57.2590303Z ##[endgroup]
Release	Run dtolnay/rust-toolchain@stable	2026-02-21T16:17:57.2689267Z info: using existing install for 'stable-x86_64-unknown-linux-gnu'
Release	Run dtolnay/rust-toolchain@stable	2026-02-21T16:17:57.2981433Z info: default toolchain set to 'stable-x86_64-unknown-linux-gnu'
Release	Run dtolnay/rust-toolchain@stable	2026-02-21T16:17:57.2981920Z 
Release	Run dtolnay/rust-toolchain@stable	2026-02-21T16:17:57.3068113Z   stable-x86_64-unknown-linux-gnu unchanged - rustc 1.93.1 (01f6ddf75 2026-02-11)
Release	Run dtolnay/rust-toolchain@stable	2026-02-21T16:17:57.3068680Z 
Release	Run dtolnay/rust-toolchain@stable	2026-02-21T16:17:57.3111579Z ##[group]Run : create cachekey
Release	Run dtolnay/rust-toolchain@stable	2026-02-21T16:17:57.3111847Z [36;1m: create cachekey[0m
Release	Run dtolnay/rust-toolchain@stable	2026-02-21T16:17:57.3112327Z [36;1mDATE=$(rustc +stable --version --verbose | sed -ne 's/^commit-date: \(20[0-9][0-9]\)-\([01][0-9]\)-\([0-3][0-9]\)$/\1\2\3/p')[0m
Release	Run dtolnay/rust-toolchain@stable	2026-02-21T16:17:57.3112988Z [36;1mHASH=$(rustc +stable --version --verbose | sed -ne 's/^commit-hash: //p')[0m
Release	Run dtolnay/rust-toolchain@stable	2026-02-21T16:17:57.3113466Z [36;1mecho "cachekey=$(echo $DATE$HASH | head -c12)" >> $GITHUB_OUTPUT[0m
Release	Run dtolnay/rust-toolchain@stable	2026-02-21T16:17:57.3144213Z shell: /usr/bin/bash --noprofile --norc -e -o pipefail {0}
Release	Run dtolnay/rust-toolchain@stable	2026-02-21T16:17:57.3144531Z env:
Release	Run dtolnay/rust-toolchain@stable	2026-02-21T16:17:57.3144706Z   CARGO_HOME: /home/runner/.cargo
Release	Run dtolnay/rust-toolchain@stable	2026-02-21T16:17:57.3144939Z ##[endgroup]
Release	Run dtolnay/rust-toolchain@stable	2026-02-21T16:17:57.3515192Z ##[group]Run : disable incremental compilation
Release	Run dtolnay/rust-toolchain@stable	2026-02-21T16:17:57.3515759Z [36;1m: disable incremental compilation[0m
Release	Run dtolnay/rust-toolchain@stable	2026-02-21T16:17:57.3516061Z [36;1mif [ -z "${CARGO_INCREMENTAL+set}" ]; then[0m
Release	Run dtolnay/rust-toolchain@stable	2026-02-21T16:17:57.3516381Z [36;1m  echo CARGO_INCREMENTAL=0 >> $GITHUB_ENV[0m
Release	Run dtolnay/rust-toolchain@stable	2026-02-21T16:17:57.3516643Z [36;1mfi[0m
Release	Run dtolnay/rust-toolchain@stable	2026-02-21T16:17:57.3547248Z shell: /usr/bin/bash --noprofile --norc -e -o pipefail {0}
Release	Run dtolnay/rust-toolchain@stable	2026-02-21T16:17:57.3547563Z env:
Release	Run dtolnay/rust-toolchain@stable	2026-02-21T16:17:57.3547746Z   CARGO_HOME: /home/runner/.cargo
Release	Run dtolnay/rust-toolchain@stable	2026-02-21T16:17:57.3547986Z ##[endgroup]
Release	Run dtolnay/rust-toolchain@stable	2026-02-21T16:17:57.3612005Z ##[group]Run : enable colors in Cargo output
Release	Run dtolnay/rust-toolchain@stable	2026-02-21T16:17:57.3612331Z [36;1m: enable colors in Cargo output[0m
Release	Run dtolnay/rust-toolchain@stable	2026-02-21T16:17:57.3612812Z [36;1mif [ -z "${CARGO_TERM_COLOR+set}" ]; then[0m
Release	Run dtolnay/rust-toolchain@stable	2026-02-21T16:17:57.3613151Z [36;1m  echo CARGO_TERM_COLOR=always >> $GITHUB_ENV[0m
Release	Run dtolnay/rust-toolchain@stable	2026-02-21T16:17:57.3613437Z [36;1mfi[0m
Release	Run dtolnay/rust-toolchain@stable	2026-02-21T16:17:57.3640639Z shell: /usr/bin/bash --noprofile --norc -e -o pipefail {0}
Release	Run dtolnay/rust-toolchain@stable	2026-02-21T16:17:57.3640950Z env:
Release	Run dtolnay/rust-toolchain@stable	2026-02-21T16:17:57.3641125Z   CARGO_HOME: /home/runner/.cargo
Release	Run dtolnay/rust-toolchain@stable	2026-02-21T16:17:57.3641350Z   CARGO_INCREMENTAL: 0
Release	Run dtolnay/rust-toolchain@stable	2026-02-21T16:17:57.3641541Z ##[endgroup]
Release	Run dtolnay/rust-toolchain@stable	2026-02-21T16:17:57.3704922Z ##[group]Run : enable Cargo sparse registry
Release	Run dtolnay/rust-toolchain@stable	2026-02-21T16:17:57.3705461Z [36;1m: enable Cargo sparse registry[0m
Release	Run dtolnay/rust-toolchain@stable	2026-02-21T16:17:57.3705826Z [36;1m# implemented in 1.66, stabilized in 1.68, made default in 1.70[0m
Release	Run dtolnay/rust-toolchain@stable	2026-02-21T16:17:57.3706520Z [36;1mif [ -z "${CARGO_REGISTRIES_CRATES_IO_PROTOCOL+set}" -o -f "/home/runner/work/_temp"/.implicit_cargo_registries_crates_io_protocol ]; then[0m
Release	Run dtolnay/rust-toolchain@stable	2026-02-21T16:17:57.3707273Z [36;1m  if rustc +stable --version --verbose | grep -q '^release: 1\.6[89]\.'; then[0m
Release	Run dtolnay/rust-toolchain@stable	2026-02-21T16:17:57.3707836Z [36;1m    touch "/home/runner/work/_temp"/.implicit_cargo_registries_crates_io_protocol || true[0m
Release	Run dtolnay/rust-toolchain@stable	2026-02-21T16:17:57.3708348Z [36;1m    echo CARGO_REGISTRIES_CRATES_IO_PROTOCOL=sparse >> $GITHUB_ENV[0m
Release	Run dtolnay/rust-toolchain@stable	2026-02-21T16:17:57.3708824Z [36;1m  elif rustc +stable --version --verbose | grep -q '^release: 1\.6[67]\.'; then[0m
Release	Run dtolnay/rust-toolchain@stable	2026-02-21T16:17:57.3709362Z [36;1m    touch "/home/runner/work/_temp"/.implicit_cargo_registries_crates_io_protocol || true[0m
Release	Run dtolnay/rust-toolchain@stable	2026-02-21T16:17:57.3709853Z [36;1m    echo CARGO_REGISTRIES_CRATES_IO_PROTOCOL=git >> $GITHUB_ENV[0m
Release	Run dtolnay/rust-toolchain@stable	2026-02-21T16:17:57.3710172Z [36;1m  fi[0m
Release	Run dtolnay/rust-toolchain@stable	2026-02-21T16:17:57.3710343Z [36;1mfi[0m
Release	Run dtolnay/rust-toolchain@stable	2026-02-21T16:17:57.3738081Z shell: /usr/bin/bash --noprofile --norc -e -o pipefail {0}
Release	Run dtolnay/rust-toolchain@stable	2026-02-21T16:17:57.3738395Z env:
Release	Run dtolnay/rust-toolchain@stable	2026-02-21T16:17:57.3738742Z   CARGO_HOME: /home/runner/.cargo
Release	Run dtolnay/rust-toolchain@stable	2026-02-21T16:17:57.3738973Z   CARGO_INCREMENTAL: 0
Release	Run dtolnay/rust-toolchain@stable	2026-02-21T16:17:57.3739166Z   CARGO_TERM_COLOR: always
Release	Run dtolnay/rust-toolchain@stable	2026-02-21T16:17:57.3739367Z ##[endgroup]
Release	Run dtolnay/rust-toolchain@stable	2026-02-21T16:17:57.4090764Z ##[group]Run : work around spurious network errors in curl 8.0
Release	Run dtolnay/rust-toolchain@stable	2026-02-21T16:17:57.4091190Z [36;1m: work around spurious network errors in curl 8.0[0m
Release	Run dtolnay/rust-toolchain@stable	2026-02-21T16:17:57.4091715Z [36;1m# https://rust-lang.zulipchat.com/#narrow/stream/246057-t-cargo/topic/timeout.20investigation[0m
Release	Run dtolnay/rust-toolchain@stable	2026-02-21T16:17:57.4092295Z [36;1mif rustc +stable --version --verbose | grep -q '^release: 1\.7[01]\.'; then[0m
Release	Run dtolnay/rust-toolchain@stable	2026-02-21T16:17:57.4092750Z [36;1m  echo CARGO_HTTP_MULTIPLEXING=false >> $GITHUB_ENV[0m
Release	Run dtolnay/rust-toolchain@stable	2026-02-21T16:17:57.4093041Z [36;1mfi[0m
Release	Run dtolnay/rust-toolchain@stable	2026-02-21T16:17:57.4123115Z shell: /usr/bin/bash --noprofile --norc -e -o pipefail {0}
Release	Run dtolnay/rust-toolchain@stable	2026-02-21T16:17:57.4123427Z env:
Release	Run dtolnay/rust-toolchain@stable	2026-02-21T16:17:57.4123608Z   CARGO_HOME: /home/runner/.cargo
Release	Run dtolnay/rust-toolchain@stable	2026-02-21T16:17:57.4123840Z   CARGO_INCREMENTAL: 0
Release	Run dtolnay/rust-toolchain@stable	2026-02-21T16:17:57.4124054Z   CARGO_TERM_COLOR: always
Release	Run dtolnay/rust-toolchain@stable	2026-02-21T16:17:57.4124249Z ##[endgroup]
Release	Run dtolnay/rust-toolchain@stable	2026-02-21T16:17:57.4333640Z ##[group]Run rustc +stable --version --verbose
Release	Run dtolnay/rust-toolchain@stable	2026-02-21T16:17:57.4333976Z [36;1mrustc +stable --version --verbose[0m
Release	Run dtolnay/rust-toolchain@stable	2026-02-21T16:17:57.4363013Z shell: /usr/bin/bash --noprofile --norc -e -o pipefail {0}
Release	Run dtolnay/rust-toolchain@stable	2026-02-21T16:17:57.4363318Z env:
Release	Run dtolnay/rust-toolchain@stable	2026-02-21T16:17:57.4363493Z   CARGO_HOME: /home/runner/.cargo
Release	Run dtolnay/rust-toolchain@stable	2026-02-21T16:17:57.4363722Z   CARGO_INCREMENTAL: 0
Release	Run dtolnay/rust-toolchain@stable	2026-02-21T16:17:57.4364038Z   CARGO_TERM_COLOR: always
Release	Run dtolnay/rust-toolchain@stable	2026-02-21T16:17:57.4364258Z ##[endgroup]
Release	Run dtolnay/rust-toolchain@stable	2026-02-21T16:17:57.4530141Z rustc 1.93.1 (01f6ddf75 2026-02-11)
Release	Run dtolnay/rust-toolchain@stable	2026-02-21T16:17:57.4530783Z binary: rustc
Release	Run dtolnay/rust-toolchain@stable	2026-02-21T16:17:57.4531337Z commit-hash: 01f6ddf7588f42ae2d7eb0a2f21d44e8e96674cf
Release	Run dtolnay/rust-toolchain@stable	2026-02-21T16:17:57.4532020Z commit-date: 2026-02-11
Release	Run dtolnay/rust-toolchain@stable	2026-02-21T16:17:57.4532517Z host: x86_64-unknown-linux-gnu
Release	Run dtolnay/rust-toolchain@stable	2026-02-21T16:17:57.4533036Z release: 1.93.1
Release	Run dtolnay/rust-toolchain@stable	2026-02-21T16:17:57.4533412Z LLVM version: 21.1.8
Release	Run MarcoIeni/release-plz-action@v0.5	﻿2026-02-21T16:17:57.4696232Z ##[group]Run MarcoIeni/release-plz-action@v0.5
Release	Run MarcoIeni/release-plz-action@v0.5	2026-02-21T16:17:57.4696564Z with:
Release	Run MarcoIeni/release-plz-action@v0.5	2026-02-21T16:17:57.4696737Z   forge: github
Release	Run MarcoIeni/release-plz-action@v0.5	2026-02-21T16:17:57.4696910Z   backend: github
Release	Run MarcoIeni/release-plz-action@v0.5	2026-02-21T16:17:57.4697087Z   version: 0.3.156
Release	Run MarcoIeni/release-plz-action@v0.5	2026-02-21T16:17:57.4697251Z env:
Release	Run MarcoIeni/release-plz-action@v0.5	2026-02-21T16:17:57.4697424Z   CARGO_HOME: /home/runner/.cargo
Release	Run MarcoIeni/release-plz-action@v0.5	2026-02-21T16:17:57.4697658Z   CARGO_INCREMENTAL: 0
Release	Run MarcoIeni/release-plz-action@v0.5	2026-02-21T16:17:57.4697850Z   CARGO_TERM_COLOR: always
Release	Run MarcoIeni/release-plz-action@v0.5	2026-02-21T16:17:57.4698336Z   GITHUB_TOKEN: ***
Release	Run MarcoIeni/release-plz-action@v0.5	2026-02-21T16:17:57.4698626Z   CARGO_REGISTRY_TOKEN: ***
Release	Run MarcoIeni/release-plz-action@v0.5	2026-02-21T16:17:57.4698831Z ##[endgroup]
Release	Run MarcoIeni/release-plz-action@v0.5	2026-02-21T16:17:57.4741956Z ##[group]Run taiki-e/install-action@90b40388b8931b1c39e248959515e295e02e9066
Release	Run MarcoIeni/release-plz-action@v0.5	2026-02-21T16:17:57.4742313Z with:
Release	Run MarcoIeni/release-plz-action@v0.5	2026-02-21T16:17:57.4742494Z   tool: cargo-semver-checks@0.46
Release	Run MarcoIeni/release-plz-action@v0.5	2026-02-21T16:17:57.4742721Z   checksum: true
Release	Run MarcoIeni/release-plz-action@v0.5	2026-02-21T16:17:57.4742905Z   fallback: cargo-binstall
Release	Run MarcoIeni/release-plz-action@v0.5	2026-02-21T16:17:57.4743113Z env:
Release	Run MarcoIeni/release-plz-action@v0.5	2026-02-21T16:17:57.4743275Z   CARGO_HOME: /home/runner/.cargo
Release	Run MarcoIeni/release-plz-action@v0.5	2026-02-21T16:17:57.4743509Z   CARGO_INCREMENTAL: 0
Release	Run MarcoIeni/release-plz-action@v0.5	2026-02-21T16:17:57.4743730Z   CARGO_TERM_COLOR: always
Release	Run MarcoIeni/release-plz-action@v0.5	2026-02-21T16:17:57.4744071Z   GITHUB_TOKEN: ***
Release	Run MarcoIeni/release-plz-action@v0.5	2026-02-21T16:17:57.4744349Z   CARGO_REGISTRY_TOKEN: ***
Release	Run MarcoIeni/release-plz-action@v0.5	2026-02-21T16:17:57.4744548Z ##[endgroup]
Release	Run MarcoIeni/release-plz-action@v0.5	2026-02-21T16:17:57.4759638Z ##[group]Run set -eu
Release	Run MarcoIeni/release-plz-action@v0.5	2026-02-21T16:17:57.4759884Z [36;1mset -eu[0m
Release	Run MarcoIeni/release-plz-action@v0.5	2026-02-21T16:17:57.4760100Z [36;1mif ! command -v bash >/dev/null; then[0m
Release	Run MarcoIeni/release-plz-action@v0.5	2026-02-21T16:17:57.4760430Z [36;1m  if grep -Eq '^ID=alpine' /etc/os-release; then[0m
Release	Run MarcoIeni/release-plz-action@v0.5	2026-02-21T16:17:57.4760851Z [36;1m    printf '::group::Install packages required for install-action (bash)\n'[0m
Release	Run MarcoIeni/release-plz-action@v0.5	2026-02-21T16:17:57.4761259Z [36;1m    # NB: sync with apk_install in main.sh[0m
Release	Run MarcoIeni/release-plz-action@v0.5	2026-02-21T16:17:57.4761552Z [36;1m    if command -v sudo >/dev/null; then[0m
Release	Run MarcoIeni/release-plz-action@v0.5	2026-02-21T16:17:57.4761847Z [36;1m      sudo apk --no-cache add bash[0m
Release	Run MarcoIeni/release-plz-action@v0.5	2026-02-21T16:17:57.4762127Z [36;1m    elif command -v doas >/dev/null; then[0m
Release	Run MarcoIeni/release-plz-action@v0.5	2026-02-21T16:17:57.4762408Z [36;1m      doas apk --no-cache add bash[0m
Release	Run MarcoIeni/release-plz-action@v0.5	2026-02-21T16:17:57.4762649Z [36;1m    else[0m
Release	Run MarcoIeni/release-plz-action@v0.5	2026-02-21T16:17:57.4763019Z [36;1m      apk --no-cache add bash[0m
Release	Run MarcoIeni/release-plz-action@v0.5	2026-02-21T16:17:57.4763356Z [36;1m    fi[0m
Release	Run MarcoIeni/release-plz-action@v0.5	2026-02-21T16:17:57.4763600Z [36;1m    printf '::endgroup::\n'[0m
Release	Run MarcoIeni/release-plz-action@v0.5	2026-02-21T16:17:57.4763919Z [36;1m  else[0m
Release	Run MarcoIeni/release-plz-action@v0.5	2026-02-21T16:17:57.4764328Z [36;1m    printf '::error::install-action requires bash\n'[0m
Release	Run MarcoIeni/release-plz-action@v0.5	2026-02-21T16:17:57.4764760Z [36;1m    exit 1[0m
Release	Run MarcoIeni/release-plz-action@v0.5	2026-02-21T16:17:57.4764999Z [36;1m  fi[0m
Release	Run MarcoIeni/release-plz-action@v0.5	2026-02-21T16:17:57.4765460Z [36;1mfi[0m
Release	Run MarcoIeni/release-plz-action@v0.5	2026-02-21T16:17:57.4945886Z shell: /usr/bin/sh -e {0}
Release	Run MarcoIeni/release-plz-action@v0.5	2026-02-21T16:17:57.4946311Z env:
Release	Run MarcoIeni/release-plz-action@v0.5	2026-02-21T16:17:57.4946651Z   CARGO_HOME: /home/runner/.cargo
Release	Run MarcoIeni/release-plz-action@v0.5	2026-02-21T16:17:57.4947029Z   CARGO_INCREMENTAL: 0
Release	Run MarcoIeni/release-plz-action@v0.5	2026-02-21T16:17:57.4947415Z   CARGO_TERM_COLOR: always
Release	Run MarcoIeni/release-plz-action@v0.5	2026-02-21T16:17:57.4947913Z   GITHUB_TOKEN: ***
Release	Run MarcoIeni/release-plz-action@v0.5	2026-02-21T16:17:57.4948324Z   CARGO_REGISTRY_TOKEN: ***
Release	Run MarcoIeni/release-plz-action@v0.5	2026-02-21T16:17:57.4948697Z ##[endgroup]
Release	Run MarcoIeni/release-plz-action@v0.5	2026-02-21T16:17:57.5052519Z ##[group]Run bash --noprofile --norc "${GITHUB_ACTION_PATH:?}/main.sh"
Release	Run MarcoIeni/release-plz-action@v0.5	2026-02-21T16:17:57.5052963Z [36;1mbash --noprofile --norc "${GITHUB_ACTION_PATH:?}/main.sh"[0m
Release	Run MarcoIeni/release-plz-action@v0.5	2026-02-21T16:17:57.5080635Z shell: /usr/bin/bash --noprofile --norc -e -o pipefail {0}
Release	Run MarcoIeni/release-plz-action@v0.5	2026-02-21T16:17:57.5080952Z env:
Release	Run MarcoIeni/release-plz-action@v0.5	2026-02-21T16:17:57.5081122Z   CARGO_HOME: /home/runner/.cargo
Release	Run MarcoIeni/release-plz-action@v0.5	2026-02-21T16:17:57.5081354Z   CARGO_INCREMENTAL: 0
Release	Run MarcoIeni/release-plz-action@v0.5	2026-02-21T16:17:57.5081546Z   CARGO_TERM_COLOR: always
Release	Run MarcoIeni/release-plz-action@v0.5	2026-02-21T16:17:57.5081907Z   GITHUB_TOKEN: ***
Release	Run MarcoIeni/release-plz-action@v0.5	2026-02-21T16:17:57.5082189Z   CARGO_REGISTRY_TOKEN: ***
Release	Run MarcoIeni/release-plz-action@v0.5	2026-02-21T16:17:57.5082414Z   INPUT_TOOL: cargo-semver-checks@0.46
Release	Run MarcoIeni/release-plz-action@v0.5	2026-02-21T16:17:57.5082663Z   INPUT_CHECKSUM: true
Release	Run MarcoIeni/release-plz-action@v0.5	2026-02-21T16:17:57.5082866Z   INPUT_FALLBACK: cargo-binstall
Release	Run MarcoIeni/release-plz-action@v0.5	2026-02-21T16:17:57.5083190Z   DEFAULT_GITHUB_TOKEN: ***
Release	Run MarcoIeni/release-plz-action@v0.5	2026-02-21T16:17:57.5083453Z   ACTION_USER_AGENT: MarcoIeni/release-plz-action (v0.5)
Release	Run MarcoIeni/release-plz-action@v0.5	2026-02-21T16:17:57.5083747Z ##[endgroup]
Release	Run MarcoIeni/release-plz-action@v0.5	2026-02-21T16:17:57.5296483Z info: host platform: x86_64_linux
Release	Run MarcoIeni/release-plz-action@v0.5	2026-02-21T16:17:57.5459553Z info: installing cargo-semver-checks@0.46
Release	Run MarcoIeni/release-plz-action@v0.5	2026-02-21T16:17:57.5639752Z info: downloading https://github.com/obi1kenobi/cargo-semver-checks/releases/download/v0.46.0/cargo-semver-checks-x86_64-unknown-linux-musl.tar.gz
Release	Run MarcoIeni/release-plz-action@v0.5	2026-02-21T16:17:57.7750562Z info: verifying sha256 checksum for cargo-semver-checks-x86_64-unknown-linux-musl.tar.gz
Release	Run MarcoIeni/release-plz-action@v0.5	2026-02-21T16:17:57.9527169Z info: cargo-semver-checks installed at /home/runner/.cargo/bin/cargo-semver-checks
Release	Run MarcoIeni/release-plz-action@v0.5	2026-02-21T16:17:57.9531196Z + cargo-semver-checks semver-checks --version
Release	Run MarcoIeni/release-plz-action@v0.5	2026-02-21T16:17:57.9541955Z cargo-semver-checks 0.46.0
Release	Run MarcoIeni/release-plz-action@v0.5	2026-02-21T16:17:57.9544485Z 
Release	Run MarcoIeni/release-plz-action@v0.5	2026-02-21T16:17:57.9593581Z ##[group]Run cargo-bins/cargo-binstall@e7cc28468cf17df7cb288daea80c0c5437af360b
Release	Run MarcoIeni/release-plz-action@v0.5	2026-02-21T16:17:57.9593977Z env:
Release	Run MarcoIeni/release-plz-action@v0.5	2026-02-21T16:17:57.9594153Z   CARGO_HOME: /home/runner/.cargo
Release	Run MarcoIeni/release-plz-action@v0.5	2026-02-21T16:17:57.9594384Z   CARGO_INCREMENTAL: 0
Release	Run MarcoIeni/release-plz-action@v0.5	2026-02-21T16:17:57.9594585Z   CARGO_TERM_COLOR: always
Release	Run MarcoIeni/release-plz-action@v0.5	2026-02-21T16:17:57.9595143Z   GITHUB_TOKEN: ***
Release	Run MarcoIeni/release-plz-action@v0.5	2026-02-21T16:17:57.9595766Z   CARGO_REGISTRY_TOKEN: ***
Release	Run MarcoIeni/release-plz-action@v0.5	2026-02-21T16:17:57.9595991Z   BINSTALL_VERSION: 1.16.7
Release	Run MarcoIeni/release-plz-action@v0.5	2026-02-21T16:17:57.9596188Z ##[endgroup]
Release	Run MarcoIeni/release-plz-action@v0.5	2026-02-21T16:17:57.9612983Z ##[group]Run set -eu
Release	Run MarcoIeni/release-plz-action@v0.5	2026-02-21T16:17:57.9613208Z [36;1mset -eu[0m
Release	Run MarcoIeni/release-plz-action@v0.5	2026-02-21T16:17:57.9613764Z [36;1mbash "/home/runner/work/_actions/cargo-bins/cargo-binstall/e7cc28468cf17df7cb288daea80c0c5437af360b/install-from-binstall-release.sh"[0m
Release	Run MarcoIeni/release-plz-action@v0.5	2026-02-21T16:17:57.9664085Z shell: /usr/bin/sh -e {0}
Release	Run MarcoIeni/release-plz-action@v0.5	2026-02-21T16:17:57.9664315Z env:
Release	Run MarcoIeni/release-plz-action@v0.5	2026-02-21T16:17:57.9664499Z   CARGO_HOME: /home/runner/.cargo
Release	Run MarcoIeni/release-plz-action@v0.5	2026-02-21T16:17:57.9664741Z   CARGO_INCREMENTAL: 0
Release	Run MarcoIeni/release-plz-action@v0.5	2026-02-21T16:17:57.9664950Z   CARGO_TERM_COLOR: always
Release	Run MarcoIeni/release-plz-action@v0.5	2026-02-21T16:17:57.9665485Z   GITHUB_TOKEN: ***
Release	Run MarcoIeni/release-plz-action@v0.5	2026-02-21T16:17:57.9665778Z   CARGO_REGISTRY_TOKEN: ***
Release	Run MarcoIeni/release-plz-action@v0.5	2026-02-21T16:17:57.9665998Z   BINSTALL_VERSION: 1.16.7
Release	Run MarcoIeni/release-plz-action@v0.5	2026-02-21T16:17:57.9666191Z ##[endgroup]
Release	Run MarcoIeni/release-plz-action@v0.5	2026-02-21T16:17:57.9737596Z + set -o pipefail
Release	Run MarcoIeni/release-plz-action@v0.5	2026-02-21T16:17:57.9739893Z + set -o pipefail
Release	Run MarcoIeni/release-plz-action@v0.5	2026-02-21T16:17:57.9740291Z + case "${BINSTALL_VERSION:-}" in
Release	Run MarcoIeni/release-plz-action@v0.5	2026-02-21T16:17:57.9740775Z + BINSTALL_VERSION=v1.16.7
Release	Run MarcoIeni/release-plz-action@v0.5	2026-02-21T16:17:57.9743197Z ++ mktemp -d
Release	Run MarcoIeni/release-plz-action@v0.5	2026-02-21T16:17:57.9753548Z + cd /tmp/tmp.0gk9xrkHjI
Release	Run MarcoIeni/release-plz-action@v0.5	2026-02-21T16:17:57.9754159Z + '[' -z v1.16.7 ']'
Release	Run MarcoIeni/release-plz-action@v0.5	2026-02-21T16:17:57.9754691Z + base_url=https://github.com/cargo-bins/cargo-binstall/releases/download/v1.16.7/cargo-binstall-
Release	Run MarcoIeni/release-plz-action@v0.5	2026-02-21T16:17:57.9757404Z ++ uname -s
Release	Run MarcoIeni/release-plz-action@v0.5	2026-02-21T16:17:57.9767030Z + os=Linux
Release	Run MarcoIeni/release-plz-action@v0.5	2026-02-21T16:17:57.9767554Z + '[' Linux = Darwin ']'
Release	Run MarcoIeni/release-plz-action@v0.5	2026-02-21T16:17:57.9767913Z + '[' Linux = Linux ']'
Release	Run MarcoIeni/release-plz-action@v0.5	2026-02-21T16:17:57.9770484Z ++ uname -m
Release	Run MarcoIeni/release-plz-action@v0.5	2026-02-21T16:17:57.9780104Z + machine=x86_64
Release	Run MarcoIeni/release-plz-action@v0.5	2026-02-21T16:17:57.9780480Z + '[' x86_64 = armv7l ']'
Release	Run MarcoIeni/release-plz-action@v0.5	2026-02-21T16:17:57.9780773Z + target=x86_64-unknown-linux-musl
Release	Run MarcoIeni/release-plz-action@v0.5	2026-02-21T16:17:57.9781025Z + '[' x86_64 = armv7 ']'
Release	Run MarcoIeni/release-plz-action@v0.5	2026-02-21T16:17:57.9781842Z + url=https://github.com/cargo-bins/cargo-binstall/releases/download/v1.16.7/cargo-binstall-x86_64-unknown-linux-musl.tgz
Release	Run MarcoIeni/release-plz-action@v0.5	2026-02-21T16:17:57.9784666Z + do_curl https://github.com/cargo-bins/cargo-binstall/releases/download/v1.16.7/cargo-binstall-x86_64-unknown-linux-musl.tgz
Release	Run MarcoIeni/release-plz-action@v0.5	2026-02-21T16:17:57.9787063Z + curl --retry 10 -A 'Mozilla/5.0 (X11; Linux x86_64; rv:60.0) Gecko/20100101 Firefox/81.0' -L --proto =https --tlsv1.2 -sSf https://github.com/cargo-bins/cargo-binstall/releases/download/v1.16.7/cargo-binstall-x86_64-unknown-linux-musl.tgz
Release	Run MarcoIeni/release-plz-action@v0.5	2026-02-21T16:17:57.9788663Z + tar -xvzf -
Release	Run MarcoIeni/release-plz-action@v0.5	2026-02-21T16:17:58.1471578Z cargo-binstall
Release	Run MarcoIeni/release-plz-action@v0.5	2026-02-21T16:17:58.2987196Z + ./cargo-binstall --self-install
Release	Run MarcoIeni/release-plz-action@v0.5	2026-02-21T16:17:58.3003354Z + CARGO_HOME=/home/runner/.cargo
Release	Run MarcoIeni/release-plz-action@v0.5	2026-02-21T16:17:58.3003806Z + case ":$PATH:" in
Release	Run MarcoIeni/release-plz-action@v0.5	2026-02-21T16:17:58.3004139Z + '[' -n '' ']'
Release	Run MarcoIeni/release-plz-action@v0.5	2026-02-21T16:17:58.3034592Z ##[group]Run cargo-binstall \
Release	Run MarcoIeni/release-plz-action@v0.5	2026-02-21T16:17:58.3034857Z [36;1mcargo-binstall \[0m
Release	Run MarcoIeni/release-plz-action@v0.5	2026-02-21T16:17:58.3035070Z [36;1m    release-plz@0.3.156\[0m
Release	Run MarcoIeni/release-plz-action@v0.5	2026-02-21T16:17:58.3035509Z [36;1m    --force\[0m
Release	Run MarcoIeni/release-plz-action@v0.5	2026-02-21T16:17:58.3035754Z [36;1m    --strategies=crate-meta-data,compile\[0m
Release	Run MarcoIeni/release-plz-action@v0.5	2026-02-21T16:17:58.3036031Z [36;1m    --no-confirm[0m
Release	Run MarcoIeni/release-plz-action@v0.5	2026-02-21T16:17:58.3066879Z shell: /usr/bin/bash --noprofile --norc -e -o pipefail {0}
Release	Run MarcoIeni/release-plz-action@v0.5	2026-02-21T16:17:58.3067209Z env:
Release	Run MarcoIeni/release-plz-action@v0.5	2026-02-21T16:17:58.3067386Z   CARGO_HOME: /home/runner/.cargo
Release	Run MarcoIeni/release-plz-action@v0.5	2026-02-21T16:17:58.3067860Z   CARGO_INCREMENTAL: 0
Release	Run MarcoIeni/release-plz-action@v0.5	2026-02-21T16:17:58.3068067Z   CARGO_TERM_COLOR: always
Release	Run MarcoIeni/release-plz-action@v0.5	2026-02-21T16:17:58.3068478Z   GITHUB_TOKEN: ***
Release	Run MarcoIeni/release-plz-action@v0.5	2026-02-21T16:17:58.3068852Z   CARGO_REGISTRY_TOKEN: ***
Release	Run MarcoIeni/release-plz-action@v0.5	2026-02-21T16:17:58.3069081Z ##[endgroup]
Release	Run MarcoIeni/release-plz-action@v0.5	2026-02-21T16:17:58.3267255Z  INFO resolve: Resolving package: 'release-plz@=0.3.156'
Release	Run MarcoIeni/release-plz-action@v0.5	2026-02-21T16:18:00.2149362Z  WARN The package release-plz v0.3.156 (x86_64-unknown-linux-gnu) has been downloaded from github.com
Release	Run MarcoIeni/release-plz-action@v0.5	2026-02-21T16:18:00.2150219Z  INFO This will install the following binaries:
Release	Run MarcoIeni/release-plz-action@v0.5	2026-02-21T16:18:00.2150813Z  INFO   - release-plz => /home/runner/.cargo/bin/release-plz
Release	Run MarcoIeni/release-plz-action@v0.5	2026-02-21T16:18:00.2151308Z  INFO Installing binaries...
Release	Run MarcoIeni/release-plz-action@v0.5	2026-02-21T16:18:00.2164552Z  INFO Done in 1.903876631s
Release	Run MarcoIeni/release-plz-action@v0.5	2026-02-21T16:18:00.2222599Z ##[group]Run release-plz/git-config@59144859caf016f8b817a2ac9b051578729173c4
Release	Run MarcoIeni/release-plz-action@v0.5	2026-02-21T16:18:00.2222966Z env:
Release	Run MarcoIeni/release-plz-action@v0.5	2026-02-21T16:18:00.2223151Z   CARGO_HOME: /home/runner/.cargo
Release	Run MarcoIeni/release-plz-action@v0.5	2026-02-21T16:18:00.2223381Z   CARGO_INCREMENTAL: 0
Release	Run MarcoIeni/release-plz-action@v0.5	2026-02-21T16:18:00.2223607Z   CARGO_TERM_COLOR: always
Release	Run MarcoIeni/release-plz-action@v0.5	2026-02-21T16:18:00.2224041Z   GITHUB_TOKEN: ***
Release	Run MarcoIeni/release-plz-action@v0.5	2026-02-21T16:18:00.2224356Z   CARGO_REGISTRY_TOKEN: ***
Release	Run MarcoIeni/release-plz-action@v0.5	2026-02-21T16:18:00.2224568Z ##[endgroup]
Release	Run MarcoIeni/release-plz-action@v0.5	2026-02-21T16:18:00.2238042Z ##[group]Run if [ -z "${GITHUB_TOKEN+x}" ]; then
Release	Run MarcoIeni/release-plz-action@v0.5	2026-02-21T16:18:00.2238390Z [36;1mif [ -z "${GITHUB_TOKEN+x}" ]; then[0m
Release	Run MarcoIeni/release-plz-action@v0.5	2026-02-21T16:18:00.2238744Z [36;1m  echo "Error: environment variable GITHUB_TOKEN is undefined"[0m
Release	Run MarcoIeni/release-plz-action@v0.5	2026-02-21T16:18:00.2239076Z [36;1m  exit 1[0m
Release	Run MarcoIeni/release-plz-action@v0.5	2026-02-21T16:18:00.2239242Z [36;1mfi[0m
Release	Run MarcoIeni/release-plz-action@v0.5	2026-02-21T16:18:00.2239402Z [36;1m[0m
Release	Run MarcoIeni/release-plz-action@v0.5	2026-02-21T16:18:00.2239576Z [36;1mif [ -z "$GITHUB_TOKEN" ]; then[0m
Release	Run MarcoIeni/release-plz-action@v0.5	2026-02-21T16:18:00.2239908Z [36;1m  echo "Error: environment variable GITHUB_TOKEN is empty"[0m
Release	Run MarcoIeni/release-plz-action@v0.5	2026-02-21T16:18:00.2240223Z [36;1m  exit 1[0m
Release	Run MarcoIeni/release-plz-action@v0.5	2026-02-21T16:18:00.2240391Z [36;1mfi[0m
Release	Run MarcoIeni/release-plz-action@v0.5	2026-02-21T16:18:00.2240549Z [36;1m[0m
Release	Run MarcoIeni/release-plz-action@v0.5	2026-02-21T16:18:00.2240804Z [36;1m# The environment variable GITHUB_TOKEN is read by the `gh` cli[0m
Release	Run MarcoIeni/release-plz-action@v0.5	2026-02-21T16:18:00.2241576Z [36;1mVIEWER_JSON=$(gh api graphql -f query='query { viewer { name login databaseId }}' --jq '.data.viewer')[0m
Release	Run MarcoIeni/release-plz-action@v0.5	2026-02-21T16:18:00.2242147Z [36;1mVIEWER_NAME=$(jq --raw-output '.name | values' <<< "${VIEWER_JSON}")[0m
Release	Run MarcoIeni/release-plz-action@v0.5	2026-02-21T16:18:00.2242582Z [36;1mVIEWER_LOGIN=$(jq --raw-output '.login' <<< "${VIEWER_JSON}")[0m
Release	Run MarcoIeni/release-plz-action@v0.5	2026-02-21T16:18:00.2243035Z [36;1mVIEWER_DATABASE_ID=$(jq --raw-output '.databaseId' <<< "${VIEWER_JSON}")[0m
Release	Run MarcoIeni/release-plz-action@v0.5	2026-02-21T16:18:00.2243393Z [36;1m[0m
Release	Run MarcoIeni/release-plz-action@v0.5	2026-02-21T16:18:00.2243724Z [36;1m# Set the variable USER_NAME to the value of VIEWER_NAME if VIEWER_NAME is set and not null.[0m
Release	Run MarcoIeni/release-plz-action@v0.5	2026-02-21T16:18:00.2244223Z [36;1m# Otherwise, set USER_NAME to the value of VIEWER_LOGIN.[0m
Release	Run MarcoIeni/release-plz-action@v0.5	2026-02-21T16:18:00.2244580Z [36;1mUSER_NAME="${VIEWER_NAME:-${VIEWER_LOGIN}}"[0m
Release	Run MarcoIeni/release-plz-action@v0.5	2026-02-21T16:18:00.2244981Z [36;1mUSER_EMAIL="${VIEWER_DATABASE_ID}+${VIEWER_LOGIN}@users.noreply.github.com"[0m
Release	Run MarcoIeni/release-plz-action@v0.5	2026-02-21T16:18:00.2245483Z [36;1m[0m
Release	Run MarcoIeni/release-plz-action@v0.5	2026-02-21T16:18:00.2245690Z [36;1mgit config --global user.name "${USER_NAME}"[0m
Release	Run MarcoIeni/release-plz-action@v0.5	2026-02-21T16:18:00.2246020Z [36;1mgit config --global user.email "${USER_EMAIL}"[0m
Release	Run MarcoIeni/release-plz-action@v0.5	2026-02-21T16:18:00.2246288Z [36;1m[0m
Release	Run MarcoIeni/release-plz-action@v0.5	2026-02-21T16:18:00.2246493Z [36;1mecho "name=${USER_NAME}" >> "${GITHUB_OUTPUT}"[0m
Release	Run MarcoIeni/release-plz-action@v0.5	2026-02-21T16:18:00.2246812Z [36;1mecho "email=${USER_EMAIL}" >> "${GITHUB_OUTPUT}"[0m
Release	Run MarcoIeni/release-plz-action@v0.5	2026-02-21T16:18:00.2277289Z shell: /usr/bin/bash --noprofile --norc -e -o pipefail {0}
Release	Run MarcoIeni/release-plz-action@v0.5	2026-02-21T16:18:00.2277607Z env:
Release	Run MarcoIeni/release-plz-action@v0.5	2026-02-21T16:18:00.2277778Z   CARGO_HOME: /home/runner/.cargo
Release	Run MarcoIeni/release-plz-action@v0.5	2026-02-21T16:18:00.2278017Z   CARGO_INCREMENTAL: 0
Release	Run MarcoIeni/release-plz-action@v0.5	2026-02-21T16:18:00.2278215Z   CARGO_TERM_COLOR: always
Release	Run MarcoIeni/release-plz-action@v0.5	2026-02-21T16:18:00.2278559Z   GITHUB_TOKEN: ***
Release	Run MarcoIeni/release-plz-action@v0.5	2026-02-21T16:18:00.2278842Z   CARGO_REGISTRY_TOKEN: ***
Release	Run MarcoIeni/release-plz-action@v0.5	2026-02-21T16:18:00.2279045Z ##[endgroup]
Release	Run MarcoIeni/release-plz-action@v0.5	2026-02-21T16:18:00.5179840Z ##[group]Run if [[ -n "" ]]
Release	Run MarcoIeni/release-plz-action@v0.5	2026-02-21T16:18:00.5180344Z [36;1mif [[ -n "" ]][0m
Release	Run MarcoIeni/release-plz-action@v0.5	2026-02-21T16:18:00.5180693Z [36;1mthen[0m
Release	Run MarcoIeni/release-plz-action@v0.5	2026-02-21T16:18:00.5181038Z [36;1m    echo "using config from ''"[0m
Release	Run MarcoIeni/release-plz-action@v0.5	2026-02-21T16:18:00.5181888Z [36;1m    # Use arrays so that inputs can contain spaces[0m
Release	Run MarcoIeni/release-plz-action@v0.5	2026-02-21T16:18:00.5182443Z [36;1m    CONFIG_PATH=("--config" "")[0m
Release	Run MarcoIeni/release-plz-action@v0.5	2026-02-21T16:18:00.5182870Z [36;1melse[0m
Release	Run MarcoIeni/release-plz-action@v0.5	2026-02-21T16:18:00.5183182Z [36;1m    CONFIG_PATH=()[0m
Release	Run MarcoIeni/release-plz-action@v0.5	2026-02-21T16:18:00.5183544Z [36;1mfi[0m
Release	Run MarcoIeni/release-plz-action@v0.5	2026-02-21T16:18:00.5183829Z [36;1m[0m
Release	Run MarcoIeni/release-plz-action@v0.5	2026-02-21T16:18:00.5184109Z [36;1mif [[ -n "" ]][0m
Release	Run MarcoIeni/release-plz-action@v0.5	2026-02-21T16:18:00.5184447Z [36;1mthen[0m
Release	Run MarcoIeni/release-plz-action@v0.5	2026-02-21T16:18:00.5184761Z [36;1m    VERBOSE=("-v")[0m
Release	Run MarcoIeni/release-plz-action@v0.5	2026-02-21T16:18:00.5185121Z [36;1melse[0m
Release	Run MarcoIeni/release-plz-action@v0.5	2026-02-21T16:18:00.5185612Z [36;1m    VERBOSE=()[0m
Release	Run MarcoIeni/release-plz-action@v0.5	2026-02-21T16:18:00.5185938Z [36;1mfi[0m
Release	Run MarcoIeni/release-plz-action@v0.5	2026-02-21T16:18:00.5186203Z [36;1m[0m
Release	Run MarcoIeni/release-plz-action@v0.5	2026-02-21T16:18:00.5186482Z [36;1mif [[ -n "" ]][0m
Release	Run MarcoIeni/release-plz-action@v0.5	2026-02-21T16:18:00.5186818Z [36;1mthen[0m
Release	Run MarcoIeni/release-plz-action@v0.5	2026-02-21T16:18:00.5187136Z [36;1m    DRY_RUN=("--dry-run")[0m
Release	Run MarcoIeni/release-plz-action@v0.5	2026-02-21T16:18:00.5187534Z [36;1melse[0m
Release	Run MarcoIeni/release-plz-action@v0.5	2026-02-21T16:18:00.5187862Z [36;1m    DRY_RUN=()[0m
Release	Run MarcoIeni/release-plz-action@v0.5	2026-02-21T16:18:00.5188225Z [36;1mfi[0m
Release	Run MarcoIeni/release-plz-action@v0.5	2026-02-21T16:18:00.5188515Z [36;1m[0m
Release	Run MarcoIeni/release-plz-action@v0.5	2026-02-21T16:18:00.5188833Z [36;1mif [[ -n "" ]][0m
Release	Run MarcoIeni/release-plz-action@v0.5	2026-02-21T16:18:00.5189171Z [36;1mthen[0m
Release	Run MarcoIeni/release-plz-action@v0.5	2026-02-21T16:18:00.5189620Z [36;1m    echo "using custom registry token'"[0m
Release	Run MarcoIeni/release-plz-action@v0.5	2026-02-21T16:18:00.5190160Z [36;1m    TOKEN=("--token" "")[0m
Release	Run MarcoIeni/release-plz-action@v0.5	2026-02-21T16:18:00.5190574Z [36;1melse[0m
Release	Run MarcoIeni/release-plz-action@v0.5	2026-02-21T16:18:00.5190898Z [36;1m    TOKEN=()[0m
Release	Run MarcoIeni/release-plz-action@v0.5	2026-02-21T16:18:00.5191229Z [36;1mfi[0m
Release	Run MarcoIeni/release-plz-action@v0.5	2026-02-21T16:18:00.5191525Z [36;1m[0m
Release	Run MarcoIeni/release-plz-action@v0.5	2026-02-21T16:18:00.5191832Z [36;1mif [[ -n "github" ]][0m
Release	Run MarcoIeni/release-plz-action@v0.5	2026-02-21T16:18:00.5192227Z [36;1mthen[0m
Release	Run MarcoIeni/release-plz-action@v0.5	2026-02-21T16:18:00.5192581Z [36;1m  echo "Using forge 'github'"[0m
Release	Run MarcoIeni/release-plz-action@v0.5	2026-02-21T16:18:00.5193051Z [36;1m  FORGE=("--forge" "github")[0m
Release	Run MarcoIeni/release-plz-action@v0.5	2026-02-21T16:18:00.5193522Z [36;1melif [[ -n "github" ]][0m
Release	Run MarcoIeni/release-plz-action@v0.5	2026-02-21T16:18:00.5193933Z [36;1mthen[0m
Release	Run MarcoIeni/release-plz-action@v0.5	2026-02-21T16:18:00.5194568Z [36;1m  echo "'backend' input is supported for backward compatibility. Use 'forge' instead."[0m
Release	Run MarcoIeni/release-plz-action@v0.5	2026-02-21T16:18:00.5195640Z [36;1m  echo "Using backend 'github'"[0m
Release	Run MarcoIeni/release-plz-action@v0.5	2026-02-21T16:18:00.5196141Z [36;1m  FORGE=("--forge" "github")[0m
Release	Run MarcoIeni/release-plz-action@v0.5	2026-02-21T16:18:00.5196805Z [36;1melse[0m
Release	Run MarcoIeni/release-plz-action@v0.5	2026-02-21T16:18:00.5197109Z [36;1m  FORGE=()[0m
Release	Run MarcoIeni/release-plz-action@v0.5	2026-02-21T16:18:00.5197429Z [36;1mfi[0m
Release	Run MarcoIeni/release-plz-action@v0.5	2026-02-21T16:18:00.5197713Z [36;1m[0m
Release	Run MarcoIeni/release-plz-action@v0.5	2026-02-21T16:18:00.5197985Z [36;1mif [[ -n "" ]][0m
Release	Run MarcoIeni/release-plz-action@v0.5	2026-02-21T16:18:00.5198307Z [36;1mthen[0m
Release	Run MarcoIeni/release-plz-action@v0.5	2026-02-21T16:18:00.5198644Z [36;1m    echo "using registry ''"[0m
Release	Run MarcoIeni/release-plz-action@v0.5	2026-02-21T16:18:00.5199113Z [36;1m    ALT_REGISTRY=("--registry" "")[0m
Release	Run MarcoIeni/release-plz-action@v0.5	2026-02-21T16:18:00.5199566Z [36;1melse[0m
Release	Run MarcoIeni/release-plz-action@v0.5	2026-02-21T16:18:00.5199887Z [36;1m    ALT_REGISTRY=()[0m
Release	Run MarcoIeni/release-plz-action@v0.5	2026-02-21T16:18:00.5200254Z [36;1mfi[0m
Release	Run MarcoIeni/release-plz-action@v0.5	2026-02-21T16:18:00.5200541Z [36;1m[0m
Release	Run MarcoIeni/release-plz-action@v0.5	2026-02-21T16:18:00.5200901Z [36;1mif [[ -n "" ]][0m
Release	Run MarcoIeni/release-plz-action@v0.5	2026-02-21T16:18:00.5201233Z [36;1mthen[0m
Release	Run MarcoIeni/release-plz-action@v0.5	2026-02-21T16:18:00.5201577Z [36;1m    echo "using manifest path ''"[0m
Release	Run MarcoIeni/release-plz-action@v0.5	2026-02-21T16:18:00.5202071Z [36;1m    MANIFEST_PATH=("--manifest-path" "")[0m
Release	Run MarcoIeni/release-plz-action@v0.5	2026-02-21T16:18:00.5202533Z [36;1melif [[ -n "" ]][0m
Release	Run MarcoIeni/release-plz-action@v0.5	2026-02-21T16:18:00.5202873Z [36;1mthen[0m
Release	Run MarcoIeni/release-plz-action@v0.5	2026-02-21T16:18:00.5203200Z [36;1m    echo "using manifest path ''"[0m
Release	Run MarcoIeni/release-plz-action@v0.5	2026-02-21T16:18:00.5203712Z [36;1m    MANIFEST_PATH=("--project-manifest" "")[0m
Release	Run MarcoIeni/release-plz-action@v0.5	2026-02-21T16:18:00.5204174Z [36;1melse[0m
Release	Run MarcoIeni/release-plz-action@v0.5	2026-02-21T16:18:00.5204472Z [36;1m    MANIFEST_PATH=()[0m
Release	Run MarcoIeni/release-plz-action@v0.5	2026-02-21T16:18:00.5204829Z [36;1mfi[0m
Release	Run MarcoIeni/release-plz-action@v0.5	2026-02-21T16:18:00.5205091Z [36;1m[0m
Release	Run MarcoIeni/release-plz-action@v0.5	2026-02-21T16:18:00.5205670Z [36;1mif [[ -z "" || "" == "release-pr" ]][0m
Release	Run MarcoIeni/release-plz-action@v0.5	2026-02-21T16:18:00.5206114Z [36;1mthen[0m
Release	Run MarcoIeni/release-plz-action@v0.5	2026-02-21T16:18:00.5206495Z [36;1m    echo "-- Running release-plz release-pr --"[0m
Release	Run MarcoIeni/release-plz-action@v0.5	2026-02-21T16:18:00.5207104Z [36;1m    release_pr_output=$(release-plz release-pr\[0m
Release	Run MarcoIeni/release-plz-action@v0.5	2026-02-21T16:18:00.5207657Z [36;1m        --git-token "${GITHUB_TOKEN}"\[0m
Release	Run MarcoIeni/release-plz-action@v0.5	2026-02-21T16:18:00.5208273Z [36;1m        --repo-url "https://github.com/${GITHUB_REPOSITORY}"\[0m
Release	Run MarcoIeni/release-plz-action@v0.5	2026-02-21T16:18:00.5208803Z [36;1m        "${CONFIG_PATH[@]}"\[0m
Release	Run MarcoIeni/release-plz-action@v0.5	2026-02-21T16:18:00.5209161Z [36;1m        "${ALT_REGISTRY[@]}"\[0m
Release	Run MarcoIeni/release-plz-action@v0.5	2026-02-21T16:18:00.5209537Z [36;1m        "${MANIFEST_PATH[@]}"\[0m
Release	Run MarcoIeni/release-plz-action@v0.5	2026-02-21T16:18:00.5210129Z [36;1m        "${FORGE[@]}"\[0m
Release	Run MarcoIeni/release-plz-action@v0.5	2026-02-21T16:18:00.5210471Z [36;1m        "${VERBOSE[@]}"\[0m
Release	Run MarcoIeni/release-plz-action@v0.5	2026-02-21T16:18:00.5210818Z [36;1m        -o json)[0m
Release	Run MarcoIeni/release-plz-action@v0.5	2026-02-21T16:18:00.5211205Z [36;1m    echo "release_pr_output: $release_pr_output"[0m
Release	Run MarcoIeni/release-plz-action@v0.5	2026-02-21T16:18:00.5211745Z [36;1m    prs=$(echo $release_pr_output | jq -c .prs)[0m
Release	Run MarcoIeni/release-plz-action@v0.5	2026-02-21T16:18:00.5212247Z [36;1m    echo "prs=$prs" >> "$GITHUB_OUTPUT"[0m
Release	Run MarcoIeni/release-plz-action@v0.5	2026-02-21T16:18:00.5212714Z [36;1m    prs_length=$(echo "$prs" | jq 'length')[0m
Release	Run MarcoIeni/release-plz-action@v0.5	2026-02-21T16:18:00.5213178Z [36;1m    if [ "$prs_length" != "0" ]; then[0m
Release	Run MarcoIeni/release-plz-action@v0.5	2026-02-21T16:18:00.5213603Z [36;1m        prs_created=true[0m
Release	Run MarcoIeni/release-plz-action@v0.5	2026-02-21T16:18:00.5214057Z [36;1m        first_pr=$(echo $prs | jq -c .[0])[0m
Release	Run MarcoIeni/release-plz-action@v0.5	2026-02-21T16:18:00.5214519Z [36;1m    else[0m
Release	Run MarcoIeni/release-plz-action@v0.5	2026-02-21T16:18:00.5214838Z [36;1m        prs_created=false[0m
Release	Run MarcoIeni/release-plz-action@v0.5	2026-02-21T16:18:00.5215562Z [36;1m        first_pr="{}"[0m
Release	Run MarcoIeni/release-plz-action@v0.5	2026-02-21T16:18:00.5215944Z [36;1m    fi[0m
Release	Run MarcoIeni/release-plz-action@v0.5	2026-02-21T16:18:00.5216308Z [36;1m    echo "pr=$first_pr" >> "$GITHUB_OUTPUT"[0m
Release	Run MarcoIeni/release-plz-action@v0.5	2026-02-21T16:18:00.5216921Z [36;1m    echo "prs_created=$prs_created" >> "$GITHUB_OUTPUT"[0m
Release	Run MarcoIeni/release-plz-action@v0.5	2026-02-21T16:18:00.5217451Z [36;1mfi[0m
Release	Run MarcoIeni/release-plz-action@v0.5	2026-02-21T16:18:00.5217720Z [36;1m[0m
Release	Run MarcoIeni/release-plz-action@v0.5	2026-02-21T16:18:00.5218025Z [36;1mif [[ -z "" || "" == "release" ]][0m
Release	Run MarcoIeni/release-plz-action@v0.5	2026-02-21T16:18:00.5218437Z [36;1mthen[0m
Release	Run MarcoIeni/release-plz-action@v0.5	2026-02-21T16:18:00.5218813Z [36;1m    echo "-- Running release-plz release --"[0m
Release	Run MarcoIeni/release-plz-action@v0.5	2026-02-21T16:18:00.5219368Z [36;1m    release_output=$(release-plz release\[0m
Release	Run MarcoIeni/release-plz-action@v0.5	2026-02-21T16:18:00.5219883Z [36;1m        --git-token "${GITHUB_TOKEN}"\[0m
Release	Run MarcoIeni/release-plz-action@v0.5	2026-02-21T16:18:00.5220357Z [36;1m        "${CONFIG_PATH[@]}"\[0m
Release	Run MarcoIeni/release-plz-action@v0.5	2026-02-21T16:18:00.5220784Z [36;1m        "${ALT_REGISTRY[@]}"\[0m
Release	Run MarcoIeni/release-plz-action@v0.5	2026-02-21T16:18:00.5221208Z [36;1m        "${MANIFEST_PATH[@]}"\[0m
Release	Run MarcoIeni/release-plz-action@v0.5	2026-02-21T16:18:00.5221628Z [36;1m        "${FORGE[@]}"\[0m
Release	Run MarcoIeni/release-plz-action@v0.5	2026-02-21T16:18:00.5222004Z [36;1m        "${TOKEN[@]}"\[0m
Release	Run MarcoIeni/release-plz-action@v0.5	2026-02-21T16:18:00.5222386Z [36;1m        "${VERBOSE[@]}"\[0m
Release	Run MarcoIeni/release-plz-action@v0.5	2026-02-21T16:18:00.5222782Z [36;1m        "${DRY_RUN[@]}"\[0m
Release	Run MarcoIeni/release-plz-action@v0.5	2026-02-21T16:18:00.5223361Z [36;1m        -o json)[0m
Release	Run MarcoIeni/release-plz-action@v0.5	2026-02-21T16:18:00.5223787Z [36;1m    echo "release_output: $release_output"[0m
Release	Run MarcoIeni/release-plz-action@v0.5	2026-02-21T16:18:00.5224387Z [36;1m    releases=$(echo $release_output | jq -c .releases)[0m
Release	Run MarcoIeni/release-plz-action@v0.5	2026-02-21T16:18:00.5225016Z [36;1m    echo "releases=$releases" >> "$GITHUB_OUTPUT"[0m
Release	Run MarcoIeni/release-plz-action@v0.5	2026-02-21T16:18:00.5225798Z [36;1m    releases_length=$(echo "$releases" | jq 'length')[0m
Release	Run MarcoIeni/release-plz-action@v0.5	2026-02-21T16:18:00.5226371Z [36;1m    if [ "$releases_length" != "0" ]; then[0m
Release	Run MarcoIeni/release-plz-action@v0.5	2026-02-21T16:18:00.5226861Z [36;1m        releases_created=true[0m
Release	Run MarcoIeni/release-plz-action@v0.5	2026-02-21T16:18:00.5227280Z [36;1m    else[0m
Release	Run MarcoIeni/release-plz-action@v0.5	2026-02-21T16:18:00.5227605Z [36;1m        releases_created=false[0m
Release	Run MarcoIeni/release-plz-action@v0.5	2026-02-21T16:18:00.5228023Z [36;1m    fi[0m
Release	Run MarcoIeni/release-plz-action@v0.5	2026-02-21T16:18:00.5228510Z [36;1m    echo "releases_created=$releases_created" >> "$GITHUB_OUTPUT"[0m
Release	Run MarcoIeni/release-plz-action@v0.5	2026-02-21T16:18:00.5229087Z [36;1mfi[0m
Release	Run MarcoIeni/release-plz-action@v0.5	2026-02-21T16:18:00.5273130Z shell: /usr/bin/bash --noprofile --norc -e -o pipefail {0}
Release	Run MarcoIeni/release-plz-action@v0.5	2026-02-21T16:18:00.5273711Z env:
Release	Run MarcoIeni/release-plz-action@v0.5	2026-02-21T16:18:00.5274037Z   CARGO_HOME: /home/runner/.cargo
Release	Run MarcoIeni/release-plz-action@v0.5	2026-02-21T16:18:00.5274471Z   CARGO_INCREMENTAL: 0
Release	Run MarcoIeni/release-plz-action@v0.5	2026-02-21T16:18:00.5274836Z   CARGO_TERM_COLOR: always
Release	Run MarcoIeni/release-plz-action@v0.5	2026-02-21T16:18:00.5275744Z   GITHUB_TOKEN: ***
Release	Run MarcoIeni/release-plz-action@v0.5	2026-02-21T16:18:00.5276272Z   CARGO_REGISTRY_TOKEN: ***
Release	Run MarcoIeni/release-plz-action@v0.5	2026-02-21T16:18:00.5276650Z ##[endgroup]
Release	Run MarcoIeni/release-plz-action@v0.5	2026-02-21T16:18:00.5333331Z Using forge 'github'
Release	Run MarcoIeni/release-plz-action@v0.5	2026-02-21T16:18:00.5334390Z -- Running release-plz release-pr --
Release	Run MarcoIeni/release-plz-action@v0.5	2026-02-21T16:18:00.5974640Z [2m2026-02-21T16:18:00.597273Z[0m [32m INFO[0m using release-plz config file release-plz.toml
Release	Run MarcoIeni/release-plz-action@v0.5	2026-02-21T16:18:00.6928315Z [2m2026-02-21T16:18:00.692607Z[0m [32m INFO[0m downloading packages from cargo registry crates.io
Release	Run MarcoIeni/release-plz-action@v0.5	2026-02-21T16:18:00.7021758Z     Updating crates.io index
Release	Run MarcoIeni/release-plz-action@v0.5	2026-02-21T16:18:01.0277474Z [2m2026-02-21T16:18:01.027504Z[0m [33m WARN[0m Package `waterkit-dialog@*.*.*` not found
Release	Run MarcoIeni/release-plz-action@v0.5	2026-02-21T16:18:01.3541923Z  Downloading crates ...
Release	Run MarcoIeni/release-plz-action@v0.5	2026-02-21T16:18:01.4028829Z   Downloaded waterkit-build v0.1.0
Release	Run MarcoIeni/release-plz-action@v0.5	2026-02-21T16:18:01.6900074Z [2m2026-02-21T16:18:01.689784Z[0m [33m WARN[0m Package `waterkit-permission@*.*.*` not found
Release	Run MarcoIeni/release-plz-action@v0.5	2026-02-21T16:18:01.9886044Z [2m2026-02-21T16:18:01.988383Z[0m [33m WARN[0m Package `waterkit-location@*.*.*` not found
Release	Run MarcoIeni/release-plz-action@v0.5	2026-02-21T16:18:02.2867013Z [2m2026-02-21T16:18:02.286506Z[0m [33m WARN[0m Package `waterkit-audio@*.*.*` not found
Release	Run MarcoIeni/release-plz-action@v0.5	2026-02-21T16:18:02.5748979Z [2m2026-02-21T16:18:02.574672Z[0m [33m WARN[0m Package `waterkit@*.*.*` not found
Release	Run MarcoIeni/release-plz-action@v0.5	2026-02-21T16:18:02.8725507Z [2m2026-02-21T16:18:02.872301Z[0m [33m WARN[0m Package `waterkit-background@*.*.*` not found
Release	Run MarcoIeni/release-plz-action@v0.5	2026-02-21T16:18:03.1690816Z [2m2026-02-21T16:18:03.168893Z[0m [33m WARN[0m Package `waterkit-biometric@*.*.*` not found
Release	Run MarcoIeni/release-plz-action@v0.5	2026-02-21T16:18:03.4647776Z [2m2026-02-21T16:18:03.464574Z[0m [33m WARN[0m Package `waterkit-bluetooth@*.*.*` not found
Release	Run MarcoIeni/release-plz-action@v0.5	2026-02-21T16:18:03.7604659Z [2m2026-02-21T16:18:03.760253Z[0m [33m WARN[0m Package `waterkit-calendar@*.*.*` not found
Release	Run MarcoIeni/release-plz-action@v0.5	2026-02-21T16:18:04.0530289Z [2m2026-02-21T16:18:04.052787Z[0m [33m WARN[0m Package `waterkit-camera@*.*.*` not found
Release	Run MarcoIeni/release-plz-action@v0.5	2026-02-21T16:18:04.3498958Z [2m2026-02-21T16:18:04.349667Z[0m [33m WARN[0m Package `waterkit-codec@*.*.*` not found
Release	Run MarcoIeni/release-plz-action@v0.5	2026-02-21T16:18:04.6352188Z [2m2026-02-21T16:18:04.634977Z[0m [33m WARN[0m Package `waterkit-clipboard@*.*.*` not found
Release	Run MarcoIeni/release-plz-action@v0.5	2026-02-21T16:18:04.9308371Z [2m2026-02-21T16:18:04.930680Z[0m [33m WARN[0m Package `waterkit-contacts@*.*.*` not found
Release	Run MarcoIeni/release-plz-action@v0.5	2026-02-21T16:18:05.2283027Z [2m2026-02-21T16:18:05.228093Z[0m [33m WARN[0m Package `waterkit-deeplink@*.*.*` not found
Release	Run MarcoIeni/release-plz-action@v0.5	2026-02-21T16:18:05.5229990Z [2m2026-02-21T16:18:05.522792Z[0m [33m WARN[0m Package `waterkit-fs@*.*.*` not found
Release	Run MarcoIeni/release-plz-action@v0.5	2026-02-21T16:18:05.8159134Z [2m2026-02-21T16:18:05.815760Z[0m [33m WARN[0m Package `waterkit-haptic@*.*.*` not found
Release	Run MarcoIeni/release-plz-action@v0.5	2026-02-21T16:18:06.1106866Z [2m2026-02-21T16:18:06.110459Z[0m [33m WARN[0m Package `waterkit-health@*.*.*` not found
Release	Run MarcoIeni/release-plz-action@v0.5	2026-02-21T16:18:06.4120814Z [2m2026-02-21T16:18:06.411909Z[0m [33m WARN[0m Package `waterkit-nfc@*.*.*` not found
Release	Run MarcoIeni/release-plz-action@v0.5	2026-02-21T16:18:06.7124395Z [2m2026-02-21T16:18:06.712213Z[0m [33m WARN[0m Package `waterkit-notification@*.*.*` not found
Release	Run MarcoIeni/release-plz-action@v0.5	2026-02-21T16:18:07.0072644Z [2m2026-02-21T16:18:07.007027Z[0m [33m WARN[0m Package `waterkit-passkey@*.*.*` not found
Release	Run MarcoIeni/release-plz-action@v0.5	2026-02-21T16:18:07.3002991Z [2m2026-02-21T16:18:07.300096Z[0m [33m WARN[0m Package `waterkit-screen@*.*.*` not found
Release	Run MarcoIeni/release-plz-action@v0.5	2026-02-21T16:18:07.5975087Z [2m2026-02-21T16:18:07.597268Z[0m [33m WARN[0m Package `waterkit-secret@*.*.*` not found
Release	Run MarcoIeni/release-plz-action@v0.5	2026-02-21T16:18:07.8936358Z [2m2026-02-21T16:18:07.893432Z[0m [33m WARN[0m Package `waterkit-sensor@*.*.*` not found
Release	Run MarcoIeni/release-plz-action@v0.5	2026-02-21T16:18:08.1920487Z [2m2026-02-21T16:18:08.191840Z[0m [33m WARN[0m Package `waterkit-share@*.*.*` not found
Release	Run MarcoIeni/release-plz-action@v0.5	2026-02-21T16:18:08.4909485Z [2m2026-02-21T16:18:08.490730Z[0m [33m WARN[0m Package `waterkit-speech@*.*.*` not found
Release	Run MarcoIeni/release-plz-action@v0.5	2026-02-21T16:18:08.7772163Z [2m2026-02-21T16:18:08.777002Z[0m [33m WARN[0m Package `waterkit-system@*.*.*` not found
Release	Run MarcoIeni/release-plz-action@v0.5	2026-02-21T16:18:09.0707124Z [2m2026-02-21T16:18:09.070468Z[0m [33m WARN[0m Package `waterkit-video@*.*.*` not found
Release	Run MarcoIeni/release-plz-action@v0.5	2026-02-21T16:18:09.3432454Z [2m2026-02-21T16:18:09.343086Z[0m [32m INFO[0m determining next version for waterkit-build 0.1.0
Release	Run MarcoIeni/release-plz-action@v0.5	2026-02-21T16:18:09.6603599Z [2m2026-02-21T16:18:09.660158Z[0m [32m INFO[0m Getting packaged files for crate at /tmp/.tmpF1MW61/waterkit/waterkit-build
Release	Run MarcoIeni/release-plz-action@v0.5	2026-02-21T16:18:09.7208394Z [2m2026-02-21T16:18:09.720652Z[0m [32m INFO[0m Getting packaged files for crate at /tmp/.tmpQYZjIu/waterkit-build
Release	Run MarcoIeni/release-plz-action@v0.5	2026-02-21T16:18:09.9173403Z [2m2026-02-21T16:18:09.917102Z[0m [32m INFO[0m Getting packaged files for crate at /tmp/.tmpF1MW61/waterkit/waterkit-build
Release	Run MarcoIeni/release-plz-action@v0.5	2026-02-21T16:18:10.1749149Z [2m2026-02-21T16:18:10.174673Z[0m [32m INFO[0m Getting packaged files for crate at /tmp/.tmpF1MW61/waterkit/waterkit-build
Release	Run MarcoIeni/release-plz-action@v0.5	2026-02-21T16:18:10.2323452Z [2m2026-02-21T16:18:10.232184Z[0m [32m INFO[0m Getting packaged files for crate at /tmp/.tmpQYZjIu/waterkit-build
Release	Run MarcoIeni/release-plz-action@v0.5	2026-02-21T16:18:10.3108037Z [2m2026-02-21T16:18:10.310614Z[0m [32m INFO[0m determining next version for waterkit-dialog 0.1.0
Release	Run MarcoIeni/release-plz-action@v0.5	2026-02-21T16:18:10.3382148Z [2m2026-02-21T16:18:10.338063Z[0m [32m INFO[0m Getting packaged files for crate at /tmp/.tmpF1MW61/waterkit/dialog
Release	Run MarcoIeni/release-plz-action@v0.5	2026-02-21T16:18:10.4158920Z [2m2026-02-21T16:18:10.415700Z[0m [32m INFO[0m Getting packaged files for crate at /tmp/.tmpF1MW61/waterkit/dialog
Release	Run MarcoIeni/release-plz-action@v0.5	2026-02-21T16:18:10.5032350Z [2m2026-02-21T16:18:10.503053Z[0m [32m INFO[0m Getting packaged files for crate at /tmp/.tmpF1MW61/waterkit/dialog
Release	Run MarcoIeni/release-plz-action@v0.5	2026-02-21T16:18:10.5754193Z [2m2026-02-21T16:18:10.575271Z[0m [32m INFO[0m Getting packaged files for crate at /tmp/.tmpF1MW61/waterkit/dialog
Release	Run MarcoIeni/release-plz-action@v0.5	2026-02-21T16:18:10.6485192Z [2m2026-02-21T16:18:10.648334Z[0m [32m INFO[0m Getting packaged files for crate at /tmp/.tmpF1MW61/waterkit/dialog
Release	Run MarcoIeni/release-plz-action@v0.5	2026-02-21T16:18:10.7188537Z [2m2026-02-21T16:18:10.718664Z[0m [32m INFO[0m Getting packaged files for crate at /tmp/.tmpF1MW61/waterkit/dialog
Release	Run MarcoIeni/release-plz-action@v0.5	2026-02-21T16:18:10.7923403Z [2m2026-02-21T16:18:10.792146Z[0m [32m INFO[0m Getting packaged files for crate at /tmp/.tmpF1MW61/waterkit/dialog
Release	Run MarcoIeni/release-plz-action@v0.5	2026-02-21T16:18:10.8626339Z [2m2026-02-21T16:18:10.862410Z[0m [32m INFO[0m Getting packaged files for crate at /tmp/.tmpF1MW61/waterkit/dialog
Release	Run MarcoIeni/release-plz-action@v0.5	2026-02-21T16:18:10.9238994Z [2m2026-02-21T16:18:10.923728Z[0m [32m INFO[0m Getting packaged files for crate at /tmp/.tmpF1MW61/waterkit/dialog
Release	Run MarcoIeni/release-plz-action@v0.5	2026-02-21T16:18:10.9863816Z [2m2026-02-21T16:18:10.986181Z[0m [32m INFO[0m Getting packaged files for crate at /tmp/.tmpF1MW61/waterkit/dialog
Release	Run MarcoIeni/release-plz-action@v0.5	2026-02-21T16:18:11.0506236Z [2m2026-02-21T16:18:11.050370Z[0m [32m INFO[0m Getting packaged files for crate at /tmp/.tmpF1MW61/waterkit/dialog
Release	Run MarcoIeni/release-plz-action@v0.5	2026-02-21T16:18:11.1148389Z [2m2026-02-21T16:18:11.114669Z[0m [32m INFO[0m Getting packaged files for crate at /tmp/.tmpF1MW61/waterkit/dialog
Release	Run MarcoIeni/release-plz-action@v0.5	2026-02-21T16:18:11.1836998Z [2m2026-02-21T16:18:11.183452Z[0m [32m INFO[0m Getting packaged files for crate at /tmp/.tmpF1MW61/waterkit/dialog
Release	Run MarcoIeni/release-plz-action@v0.5	2026-02-21T16:18:11.2526116Z [2m2026-02-21T16:18:11.252366Z[0m [32m INFO[0m Getting packaged files for crate at /tmp/.tmpF1MW61/waterkit/dialog
Release	Run MarcoIeni/release-plz-action@v0.5	2026-02-21T16:18:11.3203588Z [2m2026-02-21T16:18:11.320189Z[0m [32m INFO[0m Getting packaged files for crate at /tmp/.tmpF1MW61/waterkit/dialog
Release	Run MarcoIeni/release-plz-action@v0.5	2026-02-21T16:18:11.3990791Z [2m2026-02-21T16:18:11.398871Z[0m [32m INFO[0m Getting packaged files for crate at /tmp/.tmpF1MW61/waterkit/dialog
Release	Run MarcoIeni/release-plz-action@v0.5	2026-02-21T16:18:11.4655471Z [2m2026-02-21T16:18:11.465339Z[0m [32m INFO[0m Getting packaged files for crate at /tmp/.tmpF1MW61/waterkit/dialog
Release	Run MarcoIeni/release-plz-action@v0.5	2026-02-21T16:18:11.6373778Z [2m2026-02-21T16:18:11.637191Z[0m [32m INFO[0m determining next version for waterkit-permission 0.1.0
Release	Run MarcoIeni/release-plz-action@v0.5	2026-02-21T16:18:11.8958059Z [2m2026-02-21T16:18:11.895642Z[0m [32m INFO[0m Getting packaged files for crate at /tmp/.tmpF1MW61/waterkit/permission
Release	Run MarcoIeni/release-plz-action@v0.5	2026-02-21T16:18:12.0938596Z [2m2026-02-21T16:18:12.093674Z[0m [32m INFO[0m Getting packaged files for crate at /tmp/.tmpF1MW61/waterkit/permission
Release	Run MarcoIeni/release-plz-action@v0.5	2026-02-21T16:18:12.1662683Z [2m2026-02-21T16:18:12.166104Z[0m [32m INFO[0m Getting packaged files for crate at /tmp/.tmpF1MW61/waterkit/permission
Release	Run MarcoIeni/release-plz-action@v0.5	2026-02-21T16:18:12.2426197Z [2m2026-02-21T16:18:12.242366Z[0m [32m INFO[0m Getting packaged files for crate at /tmp/.tmpF1MW61/waterkit/permission
Release	Run MarcoIeni/release-plz-action@v0.5	2026-02-21T16:18:12.3104554Z [2m2026-02-21T16:18:12.310243Z[0m [32m INFO[0m Getting packaged files for crate at /tmp/.tmpF1MW61/waterkit/permission
Release	Run MarcoIeni/release-plz-action@v0.5	2026-02-21T16:18:12.3785865Z [2m2026-02-21T16:18:12.378331Z[0m [32m INFO[0m Getting packaged files for crate at /tmp/.tmpF1MW61/waterkit/permission
Release	Run MarcoIeni/release-plz-action@v0.5	2026-02-21T16:18:12.4495875Z [2m2026-02-21T16:18:12.449345Z[0m [32m INFO[0m Getting packaged files for crate at /tmp/.tmpF1MW61/waterkit/permission
Release	Run MarcoIeni/release-plz-action@v0.5	2026-02-21T16:18:12.5186091Z [2m2026-02-21T16:18:12.518376Z[0m [32m INFO[0m Getting packaged files for crate at /tmp/.tmpF1MW61/waterkit/permission
Release	Run MarcoIeni/release-plz-action@v0.5	2026-02-21T16:18:12.5913895Z [2m2026-02-21T16:18:12.591149Z[0m [32m INFO[0m Getting packaged files for crate at /tmp/.tmpF1MW61/waterkit/permission
Release	Run MarcoIeni/release-plz-action@v0.5	2026-02-21T16:18:12.6637131Z [2m2026-02-21T16:18:12.663459Z[0m [32m INFO[0m Getting packaged files for crate at /tmp/.tmpF1MW61/waterkit/permission
Release	Run MarcoIeni/release-plz-action@v0.5	2026-02-21T16:18:12.7374227Z [2m2026-02-21T16:18:12.737177Z[0m [32m INFO[0m Getting packaged files for crate at /tmp/.tmpF1MW61/waterkit/permission
Release	Run MarcoIeni/release-plz-action@v0.5	2026-02-21T16:18:12.8080259Z [2m2026-02-21T16:18:12.807791Z[0m [32m INFO[0m Getting packaged files for crate at /tmp/.tmpF1MW61/waterkit/permission
Release	Run MarcoIeni/release-plz-action@v0.5	2026-02-21T16:18:12.8714509Z [2m2026-02-21T16:18:12.871216Z[0m [32m INFO[0m Getting packaged files for crate at /tmp/.tmpF1MW61/waterkit/permission
Release	Run MarcoIeni/release-plz-action@v0.5	2026-02-21T16:18:12.9363156Z [2m2026-02-21T16:18:12.936110Z[0m [32m INFO[0m Getting packaged files for crate at /tmp/.tmpF1MW61/waterkit/permission
Release	Run MarcoIeni/release-plz-action@v0.5	2026-02-21T16:18:13.0019100Z [2m2026-02-21T16:18:13.001674Z[0m [32m INFO[0m Getting packaged files for crate at /tmp/.tmpF1MW61/waterkit/permission
Release	Run MarcoIeni/release-plz-action@v0.5	2026-02-21T16:18:13.0652210Z [2m2026-02-21T16:18:13.064998Z[0m [32m INFO[0m Getting packaged files for crate at /tmp/.tmpF1MW61/waterkit/permission
Release	Run MarcoIeni/release-plz-action@v0.5	2026-02-21T16:18:13.1351964Z [2m2026-02-21T16:18:13.134963Z[0m [32m INFO[0m Getting packaged files for crate at /tmp/.tmpF1MW61/waterkit/permission
Release	Run MarcoIeni/release-plz-action@v0.5	2026-02-21T16:18:13.2019468Z [2m2026-02-21T16:18:13.201731Z[0m [32m INFO[0m Getting packaged files for crate at /tmp/.tmpF1MW61/waterkit/permission
Release	Run MarcoIeni/release-plz-action@v0.5	2026-02-21T16:18:13.2684311Z [2m2026-02-21T16:18:13.268213Z[0m [32m INFO[0m Getting packaged files for crate at /tmp/.tmpF1MW61/waterkit/permission
Release	Run MarcoIeni/release-plz-action@v0.5	2026-02-21T16:18:13.3446813Z [2m2026-02-21T16:18:13.344495Z[0m [32m INFO[0m Getting packaged files for crate at /tmp/.tmpF1MW61/waterkit/permission
Release	Run MarcoIeni/release-plz-action@v0.5	2026-02-21T16:18:13.4066129Z [2m2026-02-21T16:18:13.406355Z[0m [32m INFO[0m Getting packaged files for crate at /tmp/.tmpF1MW61/waterkit/permission
Release	Run MarcoIeni/release-plz-action@v0.5	2026-02-21T16:18:13.4690020Z [2m2026-02-21T16:18:13.468787Z[0m [32m INFO[0m Getting packaged files for crate at /tmp/.tmpF1MW61/waterkit/permission
Release	Run MarcoIeni/release-plz-action@v0.5	2026-02-21T16:18:13.5293136Z [2m2026-02-21T16:18:13.529103Z[0m [32m INFO[0m Getting packaged files for crate at /tmp/.tmpF1MW61/waterkit/permission
Release	Run MarcoIeni/release-plz-action@v0.5	2026-02-21T16:18:13.6989799Z [2m2026-02-21T16:18:13.698756Z[0m [32m INFO[0m determining next version for waterkit-location 0.1.0
Release	Run MarcoIeni/release-plz-action@v0.5	2026-02-21T16:18:13.9555520Z [2m2026-02-21T16:18:13.955318Z[0m [32m INFO[0m Getting packaged files for crate at /tmp/.tmpF1MW61/waterkit/location
Release	Run MarcoIeni/release-plz-action@v0.5	2026-02-21T16:18:14.1531654Z [2m2026-02-21T16:18:14.152956Z[0m [32m INFO[0m Getting packaged files for crate at /tmp/.tmpF1MW61/waterkit/location
Release	Run MarcoIeni/release-plz-action@v0.5	2026-02-21T16:18:14.2308908Z [2m2026-02-21T16:18:14.230667Z[0m [32m INFO[0m Getting packaged files for crate at /tmp/.tmpF1MW61/waterkit/location
Release	Run MarcoIeni/release-plz-action@v0.5	2026-02-21T16:18:14.3066559Z [2m2026-02-21T16:18:14.306435Z[0m [32m INFO[0m Getting packaged files for crate at /tmp/.tmpF1MW61/waterkit/location
Release	Run MarcoIeni/release-plz-action@v0.5	2026-02-21T16:18:14.3744378Z [2m2026-02-21T16:18:14.374211Z[0m [32m INFO[0m Getting packaged files for crate at /tmp/.tmpF1MW61/waterkit/location
Release	Run MarcoIeni/release-plz-action@v0.5	2026-02-21T16:18:14.4430315Z [2m2026-02-21T16:18:14.442820Z[0m [32m INFO[0m Getting packaged files for crate at /tmp/.tmpF1MW61/waterkit/location
Release	Run MarcoIeni/release-plz-action@v0.5	2026-02-21T16:18:14.5111182Z [2m2026-02-21T16:18:14.510884Z[0m [32m INFO[0m Getting packaged files for crate at /tmp/.tmpF1MW61/waterkit/location
Release	Run MarcoIeni/release-plz-action@v0.5	2026-02-21T16:18:14.5796182Z [2m2026-02-21T16:18:14.579423Z[0m [32m INFO[0m Getting packaged files for crate at /tmp/.tmpF1MW61/waterkit/location
Release	Run MarcoIeni/release-plz-action@v0.5	2026-02-21T16:18:14.6492067Z [2m2026-02-21T16:18:14.648966Z[0m [32m INFO[0m Getting packaged files for crate at /tmp/.tmpF1MW61/waterkit/location
Release	Run MarcoIeni/release-plz-action@v0.5	2026-02-21T16:18:14.7174121Z [2m2026-02-21T16:18:14.717187Z[0m [32m INFO[0m Getting packaged files for crate at /tmp/.tmpF1MW61/waterkit/location
Release	Run MarcoIeni/release-plz-action@v0.5	2026-02-21T16:18:14.7851075Z [2m2026-02-21T16:18:14.784899Z[0m [32m INFO[0m Getting packaged files for crate at /tmp/.tmpF1MW61/waterkit/location
Release	Run MarcoIeni/release-plz-action@v0.5	2026-02-21T16:18:14.8561204Z [2m2026-02-21T16:18:14.855908Z[0m [32m INFO[0m Getting packaged files for crate at /tmp/.tmpF1MW61/waterkit/location
Release	Run MarcoIeni/release-plz-action@v0.5	2026-02-21T16:18:14.9280225Z [2m2026-02-21T16:18:14.927821Z[0m [32m INFO[0m Getting packaged files for crate at /tmp/.tmpF1MW61/waterkit/location
Release	Run MarcoIeni/release-plz-action@v0.5	2026-02-21T16:18:15.0035022Z [2m2026-02-21T16:18:15.003262Z[0m [32m INFO[0m Getting packaged files for crate at /tmp/.tmpF1MW61/waterkit/location
Release	Run MarcoIeni/release-plz-action@v0.5	2026-02-21T16:18:15.0723810Z [2m2026-02-21T16:18:15.072154Z[0m [32m INFO[0m Getting packaged files for crate at /tmp/.tmpF1MW61/waterkit/location
Release	Run MarcoIeni/release-plz-action@v0.5	2026-02-21T16:18:15.1342184Z [2m2026-02-21T16:18:15.133999Z[0m [32m INFO[0m Getting packaged files for crate at /tmp/.tmpF1MW61/waterkit/location
Release	Run MarcoIeni/release-plz-action@v0.5	2026-02-21T16:18:15.1951781Z [2m2026-02-21T16:18:15.194989Z[0m [32m INFO[0m Getting packaged files for crate at /tmp/.tmpF1MW61/waterkit/location
Release	Run MarcoIeni/release-plz-action@v0.5	2026-02-21T16:18:15.2586817Z [2m2026-02-21T16:18:15.258407Z[0m [32m INFO[0m Getting packaged files for crate at /tmp/.tmpF1MW61/waterkit/location
Release	Run MarcoIeni/release-plz-action@v0.5	2026-02-21T16:18:15.3241657Z [2m2026-02-21T16:18:15.323961Z[0m [32m INFO[0m Getting packaged files for crate at /tmp/.tmpF1MW61/waterkit/location
Release	Run MarcoIeni/release-plz-action@v0.5	2026-02-21T16:18:15.3864067Z [2m2026-02-21T16:18:15.386186Z[0m [32m INFO[0m Getting packaged files for crate at /tmp/.tmpF1MW61/waterkit/location
Release	Run MarcoIeni/release-plz-action@v0.5	2026-02-21T16:18:15.4585646Z [2m2026-02-21T16:18:15.458326Z[0m [32m INFO[0m Getting packaged files for crate at /tmp/.tmpF1MW61/waterkit/location
Release	Run MarcoIeni/release-plz-action@v0.5	2026-02-21T16:18:15.5276880Z [2m2026-02-21T16:18:15.527437Z[0m [32m INFO[0m Getting packaged files for crate at /tmp/.tmpF1MW61/waterkit/location
Release	Run MarcoIeni/release-plz-action@v0.5	2026-02-21T16:18:15.5951225Z [2m2026-02-21T16:18:15.594933Z[0m [32m INFO[0m Getting packaged files for crate at /tmp/.tmpF1MW61/waterkit/location
Release	Run MarcoIeni/release-plz-action@v0.5	2026-02-21T16:18:15.6725900Z [2m2026-02-21T16:18:15.672339Z[0m [32m INFO[0m Getting packaged files for crate at /tmp/.tmpF1MW61/waterkit/location
Release	Run MarcoIeni/release-plz-action@v0.5	2026-02-21T16:18:15.7347930Z [2m2026-02-21T16:18:15.734563Z[0m [32m INFO[0m Getting packaged files for crate at /tmp/.tmpF1MW61/waterkit/location
Release	Run MarcoIeni/release-plz-action@v0.5	2026-02-21T16:18:15.7969229Z [2m2026-02-21T16:18:15.796679Z[0m [32m INFO[0m Getting packaged files for crate at /tmp/.tmpF1MW61/waterkit/location
Release	Run MarcoIeni/release-plz-action@v0.5	2026-02-21T16:18:15.8594301Z [2m2026-02-21T16:18:15.859192Z[0m [32m INFO[0m Getting packaged files for crate at /tmp/.tmpF1MW61/waterkit/location
Release	Run MarcoIeni/release-plz-action@v0.5	2026-02-21T16:18:15.9220275Z [2m2026-02-21T16:18:15.921827Z[0m [32m INFO[0m Getting packaged files for crate at /tmp/.tmpF1MW61/waterkit/location
Release	Run MarcoIeni/release-plz-action@v0.5	2026-02-21T16:18:16.0932102Z [2m2026-02-21T16:18:16.093033Z[0m [32m INFO[0m determining next version for waterkit-audio 0.1.0
Release	Run MarcoIeni/release-plz-action@v0.5	2026-02-21T16:18:16.3388516Z [2m2026-02-21T16:18:16.338683Z[0m [32m INFO[0m Getting packaged files for crate at /tmp/.tmpF1MW61/waterkit/audio
Release	Run MarcoIeni/release-plz-action@v0.5	2026-02-21T16:18:16.5290622Z [2m2026-02-21T16:18:16.528839Z[0m [32m INFO[0m Getting packaged files for crate at /tmp/.tmpF1MW61/waterkit/audio
Release	Run MarcoIeni/release-plz-action@v0.5	2026-02-21T16:18:16.7167715Z [2m2026-02-21T16:18:16.716537Z[0m [32m INFO[0m Getting packaged files for crate at /tmp/.tmpF1MW61/waterkit/audio
Release	Run MarcoIeni/release-plz-action@v0.5	2026-02-21T16:18:16.9089872Z [2m2026-02-21T16:18:16.908782Z[0m [32m INFO[0m Getting packaged files for crate at /tmp/.tmpF1MW61/waterkit/audio
Release	Run MarcoIeni/release-plz-action@v0.5	2026-02-21T16:18:17.0980970Z [2m2026-02-21T16:18:17.097904Z[0m [32m INFO[0m Getting packaged files for crate at /tmp/.tmpF1MW61/waterkit/audio
Release	Run MarcoIeni/release-plz-action@v0.5	2026-02-21T16:18:17.1740907Z [2m2026-02-21T16:18:17.173849Z[0m [32m INFO[0m Getting packaged files for crate at /tmp/.tmpF1MW61/waterkit/audio
Release	Run MarcoIeni/release-plz-action@v0.5	2026-02-21T16:18:17.2424750Z [2m2026-02-21T16:18:17.242278Z[0m [32m INFO[0m Getting packaged files for crate at /tmp/.tmpF1MW61/waterkit/audio
Release	Run MarcoIeni/release-plz-action@v0.5	2026-02-21T16:18:17.3098168Z [2m2026-02-21T16:18:17.309622Z[0m [32m INFO[0m Getting packaged files for crate at /tmp/.tmpF1MW61/waterkit/audio
Release	Run MarcoIeni/release-plz-action@v0.5	2026-02-21T16:18:17.3770989Z [2m2026-02-21T16:18:17.376952Z[0m [32m INFO[0m Getting packaged files for crate at /tmp/.tmpF1MW61/waterkit/audio
Release	Run MarcoIeni/release-plz-action@v0.5	2026-02-21T16:18:17.4452476Z [2m2026-02-21T16:18:17.445082Z[0m [32m INFO[0m Getting packaged files for crate at /tmp/.tmpF1MW61/waterkit/audio
Release	Run MarcoIeni/release-plz-action@v0.5	2026-02-21T16:18:17.5129063Z [2m2026-02-21T16:18:17.512733Z[0m [32m INFO[0m Getting packaged files for crate at /tmp/.tmpF1MW61/waterkit/audio
Release	Run MarcoIeni/release-plz-action@v0.5	2026-02-21T16:18:17.5801557Z [2m2026-02-21T16:18:17.580024Z[0m [32m INFO[0m Getting packaged files for crate at /tmp/.tmpF1MW61/waterkit/audio
Release	Run MarcoIeni/release-plz-action@v0.5	2026-02-21T16:18:17.6480736Z [2m2026-02-21T16:18:17.647903Z[0m [32m INFO[0m Getting packaged files for crate at /tmp/.tmpF1MW61/waterkit/audio
Release	Run MarcoIeni/release-plz-action@v0.5	2026-02-21T16:18:17.7143805Z [2m2026-02-21T16:18:17.714196Z[0m [32m INFO[0m Getting packaged files for crate at /tmp/.tmpF1MW61/waterkit/audio
Release	Run MarcoIeni/release-plz-action@v0.5	2026-02-21T16:18:17.7820413Z [2m2026-02-21T16:18:17.781871Z[0m [32m INFO[0m Getting packaged files for crate at /tmp/.tmpF1MW61/waterkit/audio
Release	Run MarcoIeni/release-plz-action@v0.5	2026-02-21T16:18:17.8501369Z [2m2026-02-21T16:18:17.849967Z[0m [32m INFO[0m Getting packaged files for crate at /tmp/.tmpF1MW61/waterkit/audio
Release	Run MarcoIeni/release-plz-action@v0.5	2026-02-21T16:18:17.9182725Z [2m2026-02-21T16:18:17.918061Z[0m [32m INFO[0m Getting packaged files for crate at /tmp/.tmpF1MW61/waterkit/audio
Release	Run MarcoIeni/release-plz-action@v0.5	2026-02-21T16:18:17.9860928Z [2m2026-02-21T16:18:17.985880Z[0m [32m INFO[0m Getting packaged files for crate at /tmp/.tmpF1MW61/waterkit/audio
Release	Run MarcoIeni/release-plz-action@v0.5	2026-02-21T16:18:18.0560063Z [2m2026-02-21T16:18:18.055821Z[0m [32m INFO[0m Getting packaged files for crate at /tmp/.tmpF1MW61/waterkit/audio
Release	Run MarcoIeni/release-plz-action@v0.5	2026-02-21T16:18:18.1234364Z [2m2026-02-21T16:18:18.123261Z[0m [32m INFO[0m Getting packaged files for crate at /tmp/.tmpF1MW61/waterkit/audio
Release	Run MarcoIeni/release-plz-action@v0.5	2026-02-21T16:18:18.1918038Z [2m2026-02-21T16:18:18.191626Z[0m [32m INFO[0m Getting packaged files for crate at /tmp/.tmpF1MW61/waterkit/audio
Release	Run MarcoIeni/release-plz-action@v0.5	2026-02-21T16:18:18.2596795Z [2m2026-02-21T16:18:18.259492Z[0m [32m INFO[0m Getting packaged files for crate at /tmp/.tmpF1MW61/waterkit/audio
Release	Run MarcoIeni/release-plz-action@v0.5	2026-02-21T16:18:18.3284578Z [2m2026-02-21T16:18:18.328239Z[0m [32m INFO[0m Getting packaged files for crate at /tmp/.tmpF1MW61/waterkit/audio
Release	Run MarcoIeni/release-plz-action@v0.5	2026-02-21T16:18:18.3993303Z [2m2026-02-21T16:18:18.399123Z[0m [32m INFO[0m Getting packaged files for crate at /tmp/.tmpF1MW61/waterkit/audio
Release	Run MarcoIeni/release-plz-action@v0.5	2026-02-21T16:18:18.4716905Z [2m2026-02-21T16:18:18.471501Z[0m [32m INFO[0m Getting packaged files for crate at /tmp/.tmpF1MW61/waterkit/audio
Release	Run MarcoIeni/release-plz-action@v0.5	2026-02-21T16:18:18.5444862Z [2m2026-02-21T16:18:18.544258Z[0m [32m INFO[0m Getting packaged files for crate at /tmp/.tmpF1MW61/waterkit/audio
Release	Run MarcoIeni/release-plz-action@v0.5	2026-02-21T16:18:18.6150557Z [2m2026-02-21T16:18:18.614831Z[0m [32m INFO[0m Getting packaged files for crate at /tmp/.tmpF1MW61/waterkit/audio
Release	Run MarcoIeni/release-plz-action@v0.5	2026-02-21T16:18:18.6771033Z [2m2026-02-21T16:18:18.676938Z[0m [32m INFO[0m Getting packaged files for crate at /tmp/.tmpF1MW61/waterkit/audio
Release	Run MarcoIeni/release-plz-action@v0.5	2026-02-21T16:18:18.7381276Z [2m2026-02-21T16:18:18.737949Z[0m [32m INFO[0m Getting packaged files for crate at /tmp/.tmpF1MW61/waterkit/audio
Release	Run MarcoIeni/release-plz-action@v0.5	2026-02-21T16:18:18.7990487Z [2m2026-02-21T16:18:18.798840Z[0m [32m INFO[0m Getting packaged files for crate at /tmp/.tmpF1MW61/waterkit/audio
Release	Run MarcoIeni/release-plz-action@v0.5	2026-02-21T16:18:18.8616739Z [2m2026-02-21T16:18:18.861449Z[0m [32m INFO[0m Getting packaged files for crate at /tmp/.tmpF1MW61/waterkit/audio
Release	Run MarcoIeni/release-plz-action@v0.5	2026-02-21T16:18:18.9262878Z [2m2026-02-21T16:18:18.926097Z[0m [32m INFO[0m Getting packaged files for crate at /tmp/.tmpF1MW61/waterkit/audio
Release	Run MarcoIeni/release-plz-action@v0.5	2026-02-21T16:18:18.9900785Z [2m2026-02-21T16:18:18.989847Z[0m [32m INFO[0m Getting packaged files for crate at /tmp/.tmpF1MW61/waterkit/audio
Release	Run MarcoIeni/release-plz-action@v0.5	2026-02-21T16:18:19.0517064Z [2m2026-02-21T16:18:19.051502Z[0m [32m INFO[0m Getting packaged files for crate at /tmp/.tmpF1MW61/waterkit/audio
Release	Run MarcoIeni/release-plz-action@v0.5	2026-02-21T16:18:19.1123591Z [2m2026-02-21T16:18:19.112149Z[0m [32m INFO[0m Getting packaged files for crate at /tmp/.tmpF1MW61/waterkit/audio
Release	Run MarcoIeni/release-plz-action@v0.5	2026-02-21T16:18:19.1751048Z [2m2026-02-21T16:18:19.174877Z[0m [32m INFO[0m Getting packaged files for crate at /tmp/.tmpF1MW61/waterkit/audio
Release	Run MarcoIeni/release-plz-action@v0.5	2026-02-21T16:18:19.2457671Z [2m2026-02-21T16:18:19.245536Z[0m [32m INFO[0m Getting packaged files for crate at /tmp/.tmpF1MW61/waterkit/audio
Release	Run MarcoIeni/release-plz-action@v0.5	2026-02-21T16:18:19.3135061Z [2m2026-02-21T16:18:19.313271Z[0m [32m INFO[0m Getting packaged files for crate at /tmp/.tmpF1MW61/waterkit/audio
Release	Run MarcoIeni/release-plz-action@v0.5	2026-02-21T16:18:19.3920414Z [2m2026-02-21T16:18:19.391805Z[0m [32m INFO[0m Getting packaged files for crate at /tmp/.tmpF1MW61/waterkit/audio
Release	Run MarcoIeni/release-plz-action@v0.5	2026-02-21T16:18:19.5622705Z [2m2026-02-21T16:18:19.562040Z[0m [32m INFO[0m determining next version for waterkit-background 0.1.0
Release	Run MarcoIeni/release-plz-action@v0.5	2026-02-21T16:18:19.8189544Z [2m2026-02-21T16:18:19.818773Z[0m [32m INFO[0m Getting packaged files for crate at /tmp/.tmpF1MW61/waterkit/background
Release	Run MarcoIeni/release-plz-action@v0.5	2026-02-21T16:18:20.0115038Z [2m2026-02-21T16:18:20.011291Z[0m [32m INFO[0m Getting packaged files for crate at /tmp/.tmpF1MW61/waterkit/background
Release	Run MarcoIeni/release-plz-action@v0.5	2026-02-21T16:18:20.0841178Z [2m2026-02-21T16:18:20.083956Z[0m [32m INFO[0m Getting packaged files for crate at /tmp/.tmpF1MW61/waterkit/background
Release	Run MarcoIeni/release-plz-action@v0.5	2026-02-21T16:18:20.1561133Z [2m2026-02-21T16:18:20.155924Z[0m [32m INFO[0m Getting packaged files for crate at /tmp/.tmpF1MW61/waterkit/background
Release	Run MarcoIeni/release-plz-action@v0.5	2026-02-21T16:18:20.2309478Z [2m2026-02-21T16:18:20.230735Z[0m [32m INFO[0m Getting packaged files for crate at /tmp/.tmpF1MW61/waterkit/background
Release	Run MarcoIeni/release-plz-action@v0.5	2026-02-21T16:18:20.3092509Z [2m2026-02-21T16:18:20.309094Z[0m [32m INFO[0m determining next version for waterkit-biometric 0.1.0
Release	Run MarcoIeni/release-plz-action@v0.5	2026-02-21T16:18:20.3291467Z [2m2026-02-21T16:18:20.329001Z[0m [32m INFO[0m Getting packaged files for crate at /tmp/.tmpF1MW61/waterkit/biometric
Release	Run MarcoIeni/release-plz-action@v0.5	2026-02-21T16:18:20.4050831Z [2m2026-02-21T16:18:20.404905Z[0m [32m INFO[0m Getting packaged files for crate at /tmp/.tmpF1MW61/waterkit/biometric
Release	Run MarcoIeni/release-plz-action@v0.5	2026-02-21T16:18:20.4837004Z [2m2026-02-21T16:18:20.483473Z[0m [32m INFO[0m Getting packaged files for crate at /tmp/.tmpF1MW61/waterkit/biometric
Release	Run MarcoIeni/release-plz-action@v0.5	2026-02-21T16:18:20.5550896Z [2m2026-02-21T16:18:20.554854Z[0m [32m INFO[0m Getting packaged files for crate at /tmp/.tmpF1MW61/waterkit/biometric
Release	Run MarcoIeni/release-plz-action@v0.5	2026-02-21T16:18:20.6316570Z [2m2026-02-21T16:18:20.631440Z[0m [32m INFO[0m Getting packaged files for crate at /tmp/.tmpF1MW61/waterkit/biometric
Release	Run MarcoIeni/release-plz-action@v0.5	2026-02-21T16:18:20.7024104Z [2m2026-02-21T16:18:20.702166Z[0m [32m INFO[0m Getting packaged files for crate at /tmp/.tmpF1MW61/waterkit/biometric
Release	Run MarcoIeni/release-plz-action@v0.5	2026-02-21T16:18:20.7704325Z [2m2026-02-21T16:18:20.770235Z[0m [32m INFO[0m Getting packaged files for crate at /tmp/.tmpF1MW61/waterkit/biometric
Release	Run MarcoIeni/release-plz-action@v0.5	2026-02-21T16:18:20.8414230Z [2m2026-02-21T16:18:20.841226Z[0m [32m INFO[0m Getting packaged files for crate at /tmp/.tmpF1MW61/waterkit/biometric
Release	Run MarcoIeni/release-plz-action@v0.5	2026-02-21T16:18:20.9132402Z [2m2026-02-21T16:18:20.913019Z[0m [32m INFO[0m Getting packaged files for crate at /tmp/.tmpF1MW61/waterkit/biometric
Release	Run MarcoIeni/release-plz-action@v0.5	2026-02-21T16:18:20.9858275Z [2m2026-02-21T16:18:20.985636Z[0m [32m INFO[0m Getting packaged files for crate at /tmp/.tmpF1MW61/waterkit/biometric
Release	Run MarcoIeni/release-plz-action@v0.5	2026-02-21T16:18:21.0562653Z [2m2026-02-21T16:18:21.056072Z[0m [32m INFO[0m Getting packaged files for crate at /tmp/.tmpF1MW61/waterkit/biometric
Release	Run MarcoIeni/release-plz-action@v0.5	2026-02-21T16:18:21.1257406Z [2m2026-02-21T16:18:21.125489Z[0m [32m INFO[0m Getting packaged files for crate at /tmp/.tmpF1MW61/waterkit/biometric
Release	Run MarcoIeni/release-plz-action@v0.5	2026-02-21T16:18:21.1941121Z [2m2026-02-21T16:18:21.193903Z[0m [32m INFO[0m Getting packaged files for crate at /tmp/.tmpF1MW61/waterkit/biometric
Release	Run MarcoIeni/release-plz-action@v0.5	2026-02-21T16:18:21.2558398Z [2m2026-02-21T16:18:21.255609Z[0m [32m INFO[0m Getting packaged files for crate at /tmp/.tmpF1MW61/waterkit/biometric
Release	Run MarcoIeni/release-plz-action@v0.5	2026-02-21T16:18:21.3202714Z [2m2026-02-21T16:18:21.320098Z[0m [32m INFO[0m Getting packaged files for crate at /tmp/.tmpF1MW61/waterkit/biometric
Release	Run MarcoIeni/release-plz-action@v0.5	2026-02-21T16:18:21.3860102Z [2m2026-02-21T16:18:21.385831Z[0m [32m INFO[0m Getting packaged files for crate at /tmp/.tmpF1MW61/waterkit/biometric
Release	Run MarcoIeni/release-plz-action@v0.5	2026-02-21T16:18:21.4486912Z [2m2026-02-21T16:18:21.448508Z[0m [32m INFO[0m Getting packaged files for crate at /tmp/.tmpF1MW61/waterkit/biometric
Release	Run MarcoIeni/release-plz-action@v0.5	2026-02-21T16:18:21.5205633Z [2m2026-02-21T16:18:21.520322Z[0m [32m INFO[0m Getting packaged files for crate at /tmp/.tmpF1MW61/waterkit/biometric
Release	Run MarcoIeni/release-plz-action@v0.5	2026-02-21T16:18:21.5899430Z [2m2026-02-21T16:18:21.589768Z[0m [32m INFO[0m Getting packaged files for crate at /tmp/.tmpF1MW61/waterkit/biometric
Release	Run MarcoIeni/release-plz-action@v0.5	2026-02-21T16:18:21.6578922Z [2m2026-02-21T16:18:21.657698Z[0m [32m INFO[0m Getting packaged files for crate at /tmp/.tmpF1MW61/waterkit/biometric
Release	Run MarcoIeni/release-plz-action@v0.5	2026-02-21T16:18:21.7360549Z [2m2026-02-21T16:18:21.735874Z[0m [32m INFO[0m Getting packaged files for crate at /tmp/.tmpF1MW61/waterkit/biometric
Release	Run MarcoIeni/release-plz-action@v0.5	2026-02-21T16:18:21.9060507Z [2m2026-02-21T16:18:21.905852Z[0m [32m INFO[0m determining next version for waterkit-bluetooth 0.1.0
Release	Run MarcoIeni/release-plz-action@v0.5	2026-02-21T16:18:22.0308610Z [2m2026-02-21T16:18:22.030574Z[0m [33m WARN[0m README path '/tmp/.tmpF1MW61/waterkit/bluetooth/README.md' doesn't exist for package 'waterkit-bluetooth'. Hint: ensure the path set in Cargo.toml points to a file that exists and is included in the crate.
Release	Run MarcoIeni/release-plz-action@v0.5	2026-02-21T16:18:22.0383154Z [2m2026-02-21T16:18:22.038072Z[0m [33m WARN[0m README path '/tmp/.tmpF1MW61/waterkit/bluetooth/README.md' doesn't exist for package 'waterkit-bluetooth'. Hint: ensure the path set in Cargo.toml points to a file that exists and is included in the crate.
Release	Run MarcoIeni/release-plz-action@v0.5	2026-02-21T16:18:22.0411961Z [2m2026-02-21T16:18:22.041068Z[0m [32m INFO[0m Getting packaged files for crate at /tmp/.tmpF1MW61/waterkit/bluetooth
Release	Run MarcoIeni/release-plz-action@v0.5	2026-02-21T16:18:22.1126652Z [2m2026-02-21T16:18:22.112500Z[0m [32m INFO[0m Getting packaged files for crate at /tmp/.tmpF1MW61/waterkit/bluetooth
Release	Run MarcoIeni/release-plz-action@v0.5	2026-02-21T16:18:22.1839396Z [2m2026-02-21T16:18:22.183697Z[0m [32m INFO[0m Getting packaged files for crate at /tmp/.tmpF1MW61/waterkit/bluetooth
Release	Run MarcoIeni/release-plz-action@v0.5	2026-02-21T16:18:22.2543485Z [2m2026-02-21T16:18:22.254131Z[0m [32m INFO[0m Getting packaged files for crate at /tmp/.tmpF1MW61/waterkit/bluetooth
Release	Run MarcoIeni/release-plz-action@v0.5	2026-02-21T16:18:22.3262993Z [2m2026-02-21T16:18:22.326132Z[0m [32m INFO[0m Getting packaged files for crate at /tmp/.tmpF1MW61/waterkit/bluetooth
Release	Run MarcoIeni/release-plz-action@v0.5	2026-02-21T16:18:22.4009562Z [2m2026-02-21T16:18:22.400783Z[0m [32m INFO[0m Getting packaged files for crate at /tmp/.tmpF1MW61/waterkit/bluetooth
Release	Run MarcoIeni/release-plz-action@v0.5	2026-02-21T16:18:22.4786334Z [2m2026-02-21T16:18:22.478432Z[0m [32m INFO[0m Getting packaged files for crate at /tmp/.tmpF1MW61/waterkit/bluetooth
Release	Run MarcoIeni/release-plz-action@v0.5	2026-02-21T16:18:22.5520045Z [2m2026-02-21T16:18:22.551810Z[0m [32m INFO[0m Getting packaged files for crate at /tmp/.tmpF1MW61/waterkit/bluetooth
Release	Run MarcoIeni/release-plz-action@v0.5	2026-02-21T16:18:22.6258355Z [2m2026-02-21T16:18:22.625657Z[0m [32m INFO[0m Getting packaged files for crate at /tmp/.tmpF1MW61/waterkit/bluetooth
Release	Run MarcoIeni/release-plz-action@v0.5	2026-02-21T16:18:22.7065528Z [2m2026-02-21T16:18:22.706364Z[0m [32m INFO[0m determining next version for waterkit-calendar 0.1.0
Release	Run MarcoIeni/release-plz-action@v0.5	2026-02-21T16:18:22.7139811Z [2m2026-02-21T16:18:22.713777Z[0m [33m WARN[0m README path '/tmp/.tmpF1MW61/waterkit/calendar/README.md' doesn't exist for package 'waterkit-calendar'. Hint: ensure the path set in Cargo.toml points to a file that exists and is included in the crate.
Release	Run MarcoIeni/release-plz-action@v0.5	2026-02-21T16:18:22.7329751Z [2m2026-02-21T16:18:22.732812Z[0m [33m WARN[0m README path '/tmp/.tmpF1MW61/waterkit/calendar/README.md' doesn't exist for package 'waterkit-calendar'. Hint: ensure the path set in Cargo.toml points to a file that exists and is included in the crate.
Release	Run MarcoIeni/release-plz-action@v0.5	2026-02-21T16:18:22.7358678Z [2m2026-02-21T16:18:22.735738Z[0m [32m INFO[0m Getting packaged files for crate at /tmp/.tmpF1MW61/waterkit/calendar
Release	Run MarcoIeni/release-plz-action@v0.5	2026-02-21T16:18:22.8176779Z [2m2026-02-21T16:18:22.817431Z[0m [32m INFO[0m determining next version for waterkit-codec 0.1.0
Release	Run MarcoIeni/release-plz-action@v0.5	2026-02-21T16:18:22.8481549Z [2m2026-02-21T16:18:22.848031Z[0m [32m INFO[0m Getting packaged files for crate at /tmp/.tmpF1MW61/waterkit/codec
Release	Run MarcoIeni/release-plz-action@v0.5	2026-02-21T16:18:22.9164299Z [2m2026-02-21T16:18:22.916242Z[0m [32m INFO[0m Getting packaged files for crate at /tmp/.tmpF1MW61/waterkit/codec
Release	Run MarcoIeni/release-plz-action@v0.5	2026-02-21T16:18:22.9837193Z [2m2026-02-21T16:18:22.983502Z[0m [32m INFO[0m Getting packaged files for crate at /tmp/.tmpF1MW61/waterkit/codec
Release	Run MarcoIeni/release-plz-action@v0.5	2026-02-21T16:18:23.0522054Z [2m2026-02-21T16:18:23.052022Z[0m [32m INFO[0m Getting packaged files for crate at /tmp/.tmpF1MW61/waterkit/codec
Release	Run MarcoIeni/release-plz-action@v0.5	2026-02-21T16:18:23.1206118Z [2m2026-02-21T16:18:23.120446Z[0m [32m INFO[0m Getting packaged files for crate at /tmp/.tmpF1MW61/waterkit/codec
Release	Run MarcoIeni/release-plz-action@v0.5	2026-02-21T16:18:23.1887875Z [2m2026-02-21T16:18:23.188615Z[0m [32m INFO[0m Getting packaged files for crate at /tmp/.tmpF1MW61/waterkit/codec
Release	Run MarcoIeni/release-plz-action@v0.5	2026-02-21T16:18:23.2561157Z [2m2026-02-21T16:18:23.255943Z[0m [32m INFO[0m Getting packaged files for crate at /tmp/.tmpF1MW61/waterkit/codec
Release	Run MarcoIeni/release-plz-action@v0.5	2026-02-21T16:18:23.3228690Z [2m2026-02-21T16:18:23.322699Z[0m [32m INFO[0m Getting packaged files for crate at /tmp/.tmpF1MW61/waterkit/codec
Release	Run MarcoIeni/release-plz-action@v0.5	2026-02-21T16:18:23.3928873Z [2m2026-02-21T16:18:23.392727Z[0m [32m INFO[0m Getting packaged files for crate at /tmp/.tmpF1MW61/waterkit/codec
Release	Run MarcoIeni/release-plz-action@v0.5	2026-02-21T16:18:23.4636286Z [2m2026-02-21T16:18:23.463419Z[0m [32m INFO[0m Getting packaged files for crate at /tmp/.tmpF1MW61/waterkit/codec
Release	Run MarcoIeni/release-plz-action@v0.5	2026-02-21T16:18:23.5350940Z [2m2026-02-21T16:18:23.534895Z[0m [32m INFO[0m Getting packaged files for crate at /tmp/.tmpF1MW61/waterkit/codec
Release	Run MarcoIeni/release-plz-action@v0.5	2026-02-21T16:18:23.6058992Z [2m2026-02-21T16:18:23.605733Z[0m [32m INFO[0m Getting packaged files for crate at /tmp/.tmpF1MW61/waterkit/codec
Release	Run MarcoIeni/release-plz-action@v0.5	2026-02-21T16:18:23.6790906Z [2m2026-02-21T16:18:23.678871Z[0m [32m INFO[0m Getting packaged files for crate at /tmp/.tmpF1MW61/waterkit/codec
Release	Run MarcoIeni/release-plz-action@v0.5	2026-02-21T16:18:23.7484939Z [2m2026-02-21T16:18:23.748332Z[0m [32m INFO[0m Getting packaged files for crate at /tmp/.tmpF1MW61/waterkit/codec
Release	Run MarcoIeni/release-plz-action@v0.5	2026-02-21T16:18:23.8115413Z [2m2026-02-21T16:18:23.811346Z[0m [32m INFO[0m Getting packaged files for crate at /tmp/.tmpF1MW61/waterkit/codec
Release	Run MarcoIeni/release-plz-action@v0.5	2026-02-21T16:18:23.8770024Z [2m2026-02-21T16:18:23.876846Z[0m [32m INFO[0m Getting packaged files for crate at /tmp/.tmpF1MW61/waterkit/codec
Release	Run MarcoIeni/release-plz-action@v0.5	2026-02-21T16:18:23.9431840Z [2m2026-02-21T16:18:23.943022Z[0m [32m INFO[0m Getting packaged files for crate at /tmp/.tmpF1MW61/waterkit/codec
Release	Run MarcoIeni/release-plz-action@v0.5	2026-02-21T16:18:24.0080697Z [2m2026-02-21T16:18:24.007878Z[0m [32m INFO[0m Getting packaged files for crate at /tmp/.tmpF1MW61/waterkit/codec
Release	Run MarcoIeni/release-plz-action@v0.5	2026-02-21T16:18:24.0774148Z [2m2026-02-21T16:18:24.077193Z[0m [32m INFO[0m Getting packaged files for crate at /tmp/.tmpF1MW61/waterkit/codec
Release	Run MarcoIeni/release-plz-action@v0.5	2026-02-21T16:18:24.1466037Z [2m2026-02-21T16:18:24.146344Z[0m [32m INFO[0m Getting packaged files for crate at /tmp/.tmpF1MW61/waterkit/codec
Release	Run MarcoIeni/release-plz-action@v0.5	2026-02-21T16:18:24.2144781Z [2m2026-02-21T16:18:24.214272Z[0m [32m INFO[0m Getting packaged files for crate at /tmp/.tmpF1MW61/waterkit/codec
Release	Run MarcoIeni/release-plz-action@v0.5	2026-02-21T16:18:24.2813153Z [2m2026-02-21T16:18:24.281152Z[0m [32m INFO[0m Getting packaged files for crate at /tmp/.tmpF1MW61/waterkit/codec
Release	Run MarcoIeni/release-plz-action@v0.5	2026-02-21T16:18:24.3454365Z [2m2026-02-21T16:18:24.345257Z[0m [32m INFO[0m Getting packaged files for crate at /tmp/.tmpF1MW61/waterkit/codec
Release	Run MarcoIeni/release-plz-action@v0.5	2026-02-21T16:18:24.5536731Z [2m2026-02-21T16:18:24.553452Z[0m [32m INFO[0m Getting packaged files for crate at /tmp/.tmpF1MW61/waterkit/codec
Release	Run MarcoIeni/release-plz-action@v0.5	2026-02-21T16:18:24.6507972Z [2m2026-02-21T16:18:24.650557Z[0m [32m INFO[0m Getting packaged files for crate at /tmp/.tmpF1MW61/waterkit/codec
Release	Run MarcoIeni/release-plz-action@v0.5	2026-02-21T16:18:24.8439697Z [2m2026-02-21T16:18:24.843789Z[0m [32m INFO[0m Getting packaged files for crate at /tmp/.tmpF1MW61/waterkit/codec
Release	Run MarcoIeni/release-plz-action@v0.5	2026-02-21T16:18:25.0166174Z [2m2026-02-21T16:18:25.016379Z[0m [32m INFO[0m determining next version for waterkit-camera 0.1.0
Release	Run MarcoIeni/release-plz-action@v0.5	2026-02-21T16:18:25.2214435Z [2m2026-02-21T16:18:25.221225Z[0m [32m INFO[0m Getting packaged files for crate at /tmp/.tmpF1MW61/waterkit/camera
Release	Run MarcoIeni/release-plz-action@v0.5	2026-02-21T16:18:25.3613059Z [2m2026-02-21T16:18:25.361118Z[0m [32m INFO[0m Getting packaged files for crate at /tmp/.tmpF1MW61/waterkit/camera
Release	Run MarcoIeni/release-plz-action@v0.5	2026-02-21T16:18:25.5000280Z [2m2026-02-21T16:18:25.499816Z[0m [32m INFO[0m Getting packaged files for crate at /tmp/.tmpF1MW61/waterkit/camera
Release	Run MarcoIeni/release-plz-action@v0.5	2026-02-21T16:18:25.6412781Z [2m2026-02-21T16:18:25.641089Z[0m [32m INFO[0m Getting packaged files for crate at /tmp/.tmpF1MW61/waterkit/camera
Release	Run MarcoIeni/release-plz-action@v0.5	2026-02-21T16:18:25.7856344Z [2m2026-02-21T16:18:25.785412Z[0m [32m INFO[0m Getting packaged files for crate at /tmp/.tmpF1MW61/waterkit/camera
Release	Run MarcoIeni/release-plz-action@v0.5	2026-02-21T16:18:25.9320744Z [2m2026-02-21T16:18:25.931864Z[0m [32m INFO[0m Getting packaged files for crate at /tmp/.tmpF1MW61/waterkit/camera
Release	Run MarcoIeni/release-plz-action@v0.5	2026-02-21T16:18:26.0660596Z [2m2026-02-21T16:18:26.065822Z[0m [32m INFO[0m Getting packaged files for crate at /tmp/.tmpF1MW61/waterkit/camera
Release	Run MarcoIeni/release-plz-action@v0.5	2026-02-21T16:18:26.1334858Z [2m2026-02-21T16:18:26.133276Z[0m [32m INFO[0m Getting packaged files for crate at /tmp/.tmpF1MW61/waterkit/camera
Release	Run MarcoIeni/release-plz-action@v0.5	2026-02-21T16:18:26.2014212Z [2m2026-02-21T16:18:26.201218Z[0m [32m INFO[0m Getting packaged files for crate at /tmp/.tmpF1MW61/waterkit/camera
Release	Run MarcoIeni/release-plz-action@v0.5	2026-02-21T16:18:26.2688681Z [2m2026-02-21T16:18:26.268713Z[0m [32m INFO[0m Getting packaged files for crate at /tmp/.tmpF1MW61/waterkit/camera
Release	Run MarcoIeni/release-plz-action@v0.5	2026-02-21T16:18:26.3390356Z [2m2026-02-21T16:18:26.338837Z[0m [32m INFO[0m Getting packaged files for crate at /tmp/.tmpF1MW61/waterkit/camera
Release	Run MarcoIeni/release-plz-action@v0.5	2026-02-21T16:18:26.4103251Z [2m2026-02-21T16:18:26.410114Z[0m [32m INFO[0m Getting packaged files for crate at /tmp/.tmpF1MW61/waterkit/camera
Release	Run MarcoIeni/release-plz-action@v0.5	2026-02-21T16:18:26.4820897Z [2m2026-02-21T16:18:26.481913Z[0m [32m INFO[0m Getting packaged files for crate at /tmp/.tmpF1MW61/waterkit/camera
Release	Run MarcoIeni/release-plz-action@v0.5	2026-02-21T16:18:26.5499013Z [2m2026-02-21T16:18:26.549723Z[0m [32m INFO[0m Getting packaged files for crate at /tmp/.tmpF1MW61/waterkit/camera
Release	Run MarcoIeni/release-plz-action@v0.5	2026-02-21T16:18:26.6119777Z [2m2026-02-21T16:18:26.611770Z[0m [32m INFO[0m Getting packaged files for crate at /tmp/.tmpF1MW61/waterkit/camera
Release	Run MarcoIeni/release-plz-action@v0.5	2026-02-21T16:18:26.6796783Z [2m2026-02-21T16:18:26.679462Z[0m [32m INFO[0m Getting packaged files for crate at /tmp/.tmpF1MW61/waterkit/camera
Release	Run MarcoIeni/release-plz-action@v0.5	2026-02-21T16:18:26.7418686Z [2m2026-02-21T16:18:26.741692Z[0m [32m INFO[0m Getting packaged files for crate at /tmp/.tmpF1MW61/waterkit/camera
Release	Run MarcoIeni/release-plz-action@v0.5	2026-02-21T16:18:26.8067342Z [2m2026-02-21T16:18:26.806552Z[0m [32m INFO[0m Getting packaged files for crate at /tmp/.tmpF1MW61/waterkit/camera
Release	Run MarcoIeni/release-plz-action@v0.5	2026-02-21T16:18:26.8712238Z [2m2026-02-21T16:18:26.871028Z[0m [32m INFO[0m Getting packaged files for crate at /tmp/.tmpF1MW61/waterkit/camera
Release	Run MarcoIeni/release-plz-action@v0.5	2026-02-21T16:18:26.9334167Z [2m2026-02-21T16:18:26.933219Z[0m [32m INFO[0m Getting packaged files for crate at /tmp/.tmpF1MW61/waterkit/camera
Release	Run MarcoIeni/release-plz-action@v0.5	2026-02-21T16:18:26.9946410Z [2m2026-02-21T16:18:26.994431Z[0m [32m INFO[0m Getting packaged files for crate at /tmp/.tmpF1MW61/waterkit/camera
Release	Run MarcoIeni/release-plz-action@v0.5	2026-02-21T16:18:27.0594319Z [2m2026-02-21T16:18:27.059220Z[0m [32m INFO[0m Getting packaged files for crate at /tmp/.tmpF1MW61/waterkit/camera
Release	Run MarcoIeni/release-plz-action@v0.5	2026-02-21T16:18:27.1281553Z [2m2026-02-21T16:18:27.127925Z[0m [32m INFO[0m Getting packaged files for crate at /tmp/.tmpF1MW61/waterkit/camera
Release	Run MarcoIeni/release-plz-action@v0.5	2026-02-21T16:18:27.1967877Z [2m2026-02-21T16:18:27.196573Z[0m [32m INFO[0m Getting packaged files for crate at /tmp/.tmpF1MW61/waterkit/camera
Release	Run MarcoIeni/release-plz-action@v0.5	2026-02-21T16:18:27.2654551Z [2m2026-02-21T16:18:27.265272Z[0m [32m INFO[0m Getting packaged files for crate at /tmp/.tmpF1MW61/waterkit/camera
Release	Run MarcoIeni/release-plz-action@v0.5	2026-02-21T16:18:27.3328201Z [2m2026-02-21T16:18:27.332601Z[0m [32m INFO[0m Getting packaged files for crate at /tmp/.tmpF1MW61/waterkit/camera
Release	Run MarcoIeni/release-plz-action@v0.5	2026-02-21T16:18:27.4077444Z [2m2026-02-21T16:18:27.407491Z[0m [32m INFO[0m Getting packaged files for crate at /tmp/.tmpF1MW61/waterkit/camera
Release	Run MarcoIeni/release-plz-action@v0.5	2026-02-21T16:18:27.4688526Z [2m2026-02-21T16:18:27.468632Z[0m [32m INFO[0m Getting packaged files for crate at /tmp/.tmpF1MW61/waterkit/camera
Release	Run MarcoIeni/release-plz-action@v0.5	2026-02-21T16:18:27.5291661Z [2m2026-02-21T16:18:27.528958Z[0m [32m INFO[0m Getting packaged files for crate at /tmp/.tmpF1MW61/waterkit/camera
Release	Run MarcoIeni/release-plz-action@v0.5	2026-02-21T16:18:27.6973298Z [2m2026-02-21T16:18:27.697127Z[0m [32m INFO[0m determining next version for waterkit-clipboard 0.1.0
Release	Run MarcoIeni/release-plz-action@v0.5	2026-02-21T16:18:27.9566651Z [2m2026-02-21T16:18:27.956480Z[0m [32m INFO[0m Getting packaged files for crate at /tmp/.tmpF1MW61/waterkit/clipboard
Release	Run MarcoIeni/release-plz-action@v0.5	2026-02-21T16:18:28.1501894Z [2m2026-02-21T16:18:28.150005Z[0m [32m INFO[0m Getting packaged files for crate at /tmp/.tmpF1MW61/waterkit/clipboard
Release	Run MarcoIeni/release-plz-action@v0.5	2026-02-21T16:18:28.2329533Z [2m2026-02-21T16:18:28.232771Z[0m [32m INFO[0m Getting packaged files for crate at /tmp/.tmpF1MW61/waterkit/clipboard
Release	Run MarcoIeni/release-plz-action@v0.5	2026-02-21T16:18:28.3051620Z [2m2026-02-21T16:18:28.304971Z[0m [32m INFO[0m Getting packaged files for crate at /tmp/.tmpF1MW61/waterkit/clipboard
Release	Run MarcoIeni/release-plz-action@v0.5	2026-02-21T16:18:28.3774557Z [2m2026-02-21T16:18:28.377290Z[0m [32m INFO[0m Getting packaged files for crate at /tmp/.tmpF1MW61/waterkit/clipboard
Release	Run MarcoIeni/release-plz-action@v0.5	2026-02-21T16:18:28.4538908Z [2m2026-02-21T16:18:28.453732Z[0m [32m INFO[0m Getting packaged files for crate at /tmp/.tmpF1MW61/waterkit/clipboard
Release	Run MarcoIeni/release-plz-action@v0.5	2026-02-21T16:18:28.5203751Z [2m2026-02-21T16:18:28.520145Z[0m [32m INFO[0m Getting packaged files for crate at /tmp/.tmpF1MW61/waterkit/clipboard
Release	Run MarcoIeni/release-plz-action@v0.5	2026-02-21T16:18:28.5842037Z [2m2026-02-21T16:18:28.583989Z[0m [32m INFO[0m Getting packaged files for crate at /tmp/.tmpF1MW61/waterkit/clipboard
Release	Run MarcoIeni/release-plz-action@v0.5	2026-02-21T16:18:28.6482750Z [2m2026-02-21T16:18:28.648028Z[0m [32m INFO[0m Getting packaged files for crate at /tmp/.tmpF1MW61/waterkit/clipboard
Release	Run MarcoIeni/release-plz-action@v0.5	2026-02-21T16:18:28.7164575Z [2m2026-02-21T16:18:28.716222Z[0m [32m INFO[0m Getting packaged files for crate at /tmp/.tmpF1MW61/waterkit/clipboard
Release	Run MarcoIeni/release-plz-action@v0.5	2026-02-21T16:18:28.7801147Z [2m2026-02-21T16:18:28.779896Z[0m [32m INFO[0m Getting packaged files for crate at /tmp/.tmpF1MW61/waterkit/clipboard
Release	Run MarcoIeni/release-plz-action@v0.5	2026-02-21T16:18:28.8523607Z [2m2026-02-21T16:18:28.852174Z[0m [32m INFO[0m Getting packaged files for crate at /tmp/.tmpF1MW61/waterkit/clipboard
Release	Run MarcoIeni/release-plz-action@v0.5	2026-02-21T16:18:28.9224835Z [2m2026-02-21T16:18:28.922245Z[0m [32m INFO[0m Getting packaged files for crate at /tmp/.tmpF1MW61/waterkit/clipboard
Release	Run MarcoIeni/release-plz-action@v0.5	2026-02-21T16:18:28.9909512Z [2m2026-02-21T16:18:28.990721Z[0m [32m INFO[0m Getting packaged files for crate at /tmp/.tmpF1MW61/waterkit/clipboard
Release	Run MarcoIeni/release-plz-action@v0.5	2026-02-21T16:18:29.0676729Z [2m2026-02-21T16:18:29.067407Z[0m [32m INFO[0m Getting packaged files for crate at /tmp/.tmpF1MW61/waterkit/clipboard
Release	Run MarcoIeni/release-plz-action@v0.5	2026-02-21T16:18:29.1344723Z [2m2026-02-21T16:18:29.134238Z[0m [32m INFO[0m Getting packaged files for crate at /tmp/.tmpF1MW61/waterkit/clipboard
Release	Run MarcoIeni/release-plz-action@v0.5	2026-02-21T16:18:29.3057029Z [2m2026-02-21T16:18:29.305468Z[0m [32m INFO[0m determining next version for waterkit-contacts 0.1.0
Release	Run MarcoIeni/release-plz-action@v0.5	2026-02-21T16:18:29.4309254Z [2m2026-02-21T16:18:29.430675Z[0m [33m WARN[0m README path '/tmp/.tmpF1MW61/waterkit/contacts/README.md' doesn't exist for package 'waterkit-contacts'. Hint: ensure the path set in Cargo.toml points to a file that exists and is included in the crate.
Release	Run MarcoIeni/release-plz-action@v0.5	2026-02-21T16:18:29.5677217Z [2m2026-02-21T16:18:29.567443Z[0m [33m WARN[0m README path '/tmp/.tmpF1MW61/waterkit/contacts/README.md' doesn't exist for package 'waterkit-contacts'. Hint: ensure the path set in Cargo.toml points to a file that exists and is included in the crate.
Release	Run MarcoIeni/release-plz-action@v0.5	2026-02-21T16:18:29.5707083Z [2m2026-02-21T16:18:29.570564Z[0m [32m INFO[0m Getting packaged files for crate at /tmp/.tmpF1MW61/waterkit/contacts
Release	Run MarcoIeni/release-plz-action@v0.5	2026-02-21T16:18:29.7730248Z [2m2026-02-21T16:18:29.772822Z[0m [32m INFO[0m determining next version for waterkit-deeplink 0.1.0
Release	Run MarcoIeni/release-plz-action@v0.5	2026-02-21T16:18:29.8979574Z [2m2026-02-21T16:18:29.897651Z[0m [33m WARN[0m README path '/tmp/.tmpF1MW61/waterkit/deeplink/README.md' doesn't exist for package 'waterkit-deeplink'. Hint: ensure the path set in Cargo.toml points to a file that exists and is included in the crate.
Release	Run MarcoIeni/release-plz-action@v0.5	2026-02-21T16:18:30.0361505Z [2m2026-02-21T16:18:30.035814Z[0m [33m WARN[0m README path '/tmp/.tmpF1MW61/waterkit/deeplink/README.md' doesn't exist for package 'waterkit-deeplink'. Hint: ensure the path set in Cargo.toml points to a file that exists and is included in the crate.
Release	Run MarcoIeni/release-plz-action@v0.5	2026-02-21T16:18:30.0391285Z [2m2026-02-21T16:18:30.038984Z[0m [32m INFO[0m Getting packaged files for crate at /tmp/.tmpF1MW61/waterkit/deeplink
Release	Run MarcoIeni/release-plz-action@v0.5	2026-02-21T16:18:30.1645003Z [2m2026-02-21T16:18:30.164253Z[0m [32m INFO[0m Getting packaged files for crate at /tmp/.tmpF1MW61/waterkit/deeplink
Release	Run MarcoIeni/release-plz-action@v0.5	2026-02-21T16:18:30.2350874Z [2m2026-02-21T16:18:30.234864Z[0m [32m INFO[0m Getting packaged files for crate at /tmp/.tmpF1MW61/waterkit/deeplink
Release	Run MarcoIeni/release-plz-action@v0.5	2026-02-21T16:18:30.3050095Z [2m2026-02-21T16:18:30.304798Z[0m [32m INFO[0m Getting packaged files for crate at /tmp/.tmpF1MW61/waterkit/deeplink
Release	Run MarcoIeni/release-plz-action@v0.5	2026-02-21T16:18:30.3760116Z [2m2026-02-21T16:18:30.375831Z[0m [32m INFO[0m Getting packaged files for crate at /tmp/.tmpF1MW61/waterkit/deeplink
Release	Run MarcoIeni/release-plz-action@v0.5	2026-02-21T16:18:30.4518486Z [2m2026-02-21T16:18:30.451630Z[0m [32m INFO[0m Getting packaged files for crate at /tmp/.tmpF1MW61/waterkit/deeplink
Release	Run MarcoIeni/release-plz-action@v0.5	2026-02-21T16:18:30.5294623Z [2m2026-02-21T16:18:30.529224Z[0m [32m INFO[0m Getting packaged files for crate at /tmp/.tmpF1MW61/waterkit/deeplink
Release	Run MarcoIeni/release-plz-action@v0.5	2026-02-21T16:18:30.6038217Z [2m2026-02-21T16:18:30.603588Z[0m [32m INFO[0m Getting packaged files for crate at /tmp/.tmpF1MW61/waterkit/deeplink
Release	Run MarcoIeni/release-plz-action@v0.5	2026-02-21T16:18:30.6870438Z [2m2026-02-21T16:18:30.686824Z[0m [32m INFO[0m determining next version for waterkit-fs 0.1.0
Release	Run MarcoIeni/release-plz-action@v0.5	2026-02-21T16:18:30.7171022Z [2m2026-02-21T16:18:30.716950Z[0m [32m INFO[0m Getting packaged files for crate at /tmp/.tmpF1MW61/waterkit/fs
Release	Run MarcoIeni/release-plz-action@v0.5	2026-02-21T16:18:30.7924640Z [2m2026-02-21T16:18:30.792265Z[0m [32m INFO[0m Getting packaged files for crate at /tmp/.tmpF1MW61/waterkit/fs
Release	Run MarcoIeni/release-plz-action@v0.5	2026-02-21T16:18:30.8659808Z [2m2026-02-21T16:18:30.865774Z[0m [32m INFO[0m Getting packaged files for crate at /tmp/.tmpF1MW61/waterkit/fs
Release	Run MarcoIeni/release-plz-action@v0.5	2026-02-21T16:18:30.9472885Z [2m2026-02-21T16:18:30.947083Z[0m [32m INFO[0m Getting packaged files for crate at /tmp/.tmpF1MW61/waterkit/fs
Release	Run MarcoIeni/release-plz-action@v0.5	2026-02-21T16:18:31.0110477Z [2m2026-02-21T16:18:31.010819Z[0m [32m INFO[0m Getting packaged files for crate at /tmp/.tmpF1MW61/waterkit/fs
Release	Run MarcoIeni/release-plz-action@v0.5	2026-02-21T16:18:31.0732527Z [2m2026-02-21T16:18:31.073043Z[0m [32m INFO[0m Getting packaged files for crate at /tmp/.tmpF1MW61/waterkit/fs
Release	Run MarcoIeni/release-plz-action@v0.5	2026-02-21T16:18:31.1382244Z [2m2026-02-21T16:18:31.138017Z[0m [32m INFO[0m Getting packaged files for crate at /tmp/.tmpF1MW61/waterkit/fs
Release	Run MarcoIeni/release-plz-action@v0.5	2026-02-21T16:18:31.2083121Z [2m2026-02-21T16:18:31.208076Z[0m [32m INFO[0m Getting packaged files for crate at /tmp/.tmpF1MW61/waterkit/fs
Release	Run MarcoIeni/release-plz-action@v0.5	2026-02-21T16:18:31.2772679Z [2m2026-02-21T16:18:31.277085Z[0m [32m INFO[0m Getting packaged files for crate at /tmp/.tmpF1MW61/waterkit/fs
Release	Run MarcoIeni/release-plz-action@v0.5	2026-02-21T16:18:31.3461883Z [2m2026-02-21T16:18:31.346018Z[0m [32m INFO[0m Getting packaged files for crate at /tmp/.tmpF1MW61/waterkit/fs
Release	Run MarcoIeni/release-plz-action@v0.5	2026-02-21T16:18:31.4147205Z [2m2026-02-21T16:18:31.414469Z[0m [32m INFO[0m Getting packaged files for crate at /tmp/.tmpF1MW61/waterkit/fs
Release	Run MarcoIeni/release-plz-action@v0.5	2026-02-21T16:18:31.4914000Z [2m2026-02-21T16:18:31.491173Z[0m [32m INFO[0m Getting packaged files for crate at /tmp/.tmpF1MW61/waterkit/fs
Release	Run MarcoIeni/release-plz-action@v0.5	2026-02-21T16:18:31.6606586Z [2m2026-02-21T16:18:31.660401Z[0m [32m INFO[0m determining next version for waterkit-haptic 0.1.0
Release	Run MarcoIeni/release-plz-action@v0.5	2026-02-21T16:18:31.9253492Z [2m2026-02-21T16:18:31.925135Z[0m [32m INFO[0m Getting packaged files for crate at /tmp/.tmpF1MW61/waterkit/haptic
Release	Run MarcoIeni/release-plz-action@v0.5	2026-02-21T16:18:32.1114385Z [2m2026-02-21T16:18:32.111219Z[0m [32m INFO[0m Getting packaged files for crate at /tmp/.tmpF1MW61/waterkit/haptic
Release	Run MarcoIeni/release-plz-action@v0.5	2026-02-21T16:18:32.1782933Z [2m2026-02-21T16:18:32.178065Z[0m [32m INFO[0m Getting packaged files for crate at /tmp/.tmpF1MW61/waterkit/haptic
Release	Run MarcoIeni/release-plz-action@v0.5	2026-02-21T16:18:32.2469520Z [2m2026-02-21T16:18:32.246720Z[0m [32m INFO[0m Getting packaged files for crate at /tmp/.tmpF1MW61/waterkit/haptic
Release	Run MarcoIeni/release-plz-action@v0.5	2026-02-21T16:18:32.3190680Z [2m2026-02-21T16:18:32.318864Z[0m [32m INFO[0m Getting packaged files for crate at /tmp/.tmpF1MW61/waterkit/haptic
Release	Run MarcoIeni/release-plz-action@v0.5	2026-02-21T16:18:32.3916844Z [2m2026-02-21T16:18:32.391460Z[0m [32m INFO[0m Getting packaged files for crate at /tmp/.tmpF1MW61/waterkit/haptic
Release	Run MarcoIeni/release-plz-action@v0.5	2026-02-21T16:18:32.4642136Z [2m2026-02-21T16:18:32.464008Z[0m [32m INFO[0m Getting packaged files for crate at /tmp/.tmpF1MW61/waterkit/haptic
Release	Run MarcoIeni/release-plz-action@v0.5	2026-02-21T16:18:32.5331717Z [2m2026-02-21T16:18:32.532961Z[0m [32m INFO[0m Getting packaged files for crate at /tmp/.tmpF1MW61/waterkit/haptic
Release	Run MarcoIeni/release-plz-action@v0.5	2026-02-21T16:18:32.5974016Z [2m2026-02-21T16:18:32.597156Z[0m [32m INFO[0m Getting packaged files for crate at /tmp/.tmpF1MW61/waterkit/haptic
Release	Run MarcoIeni/release-plz-action@v0.5	2026-02-21T16:18:32.6604933Z [2m2026-02-21T16:18:32.660246Z[0m [32m INFO[0m Getting packaged files for crate at /tmp/.tmpF1MW61/waterkit/haptic
Release	Run MarcoIeni/release-plz-action@v0.5	2026-02-21T16:18:32.7247078Z [2m2026-02-21T16:18:32.724494Z[0m [32m INFO[0m Getting packaged files for crate at /tmp/.tmpF1MW61/waterkit/haptic
Release	Run MarcoIeni/release-plz-action@v0.5	2026-02-21T16:18:32.7918285Z [2m2026-02-21T16:18:32.791666Z[0m [32m INFO[0m Getting packaged files for crate at /tmp/.tmpF1MW61/waterkit/haptic
Release	Run MarcoIeni/release-plz-action@v0.5	2026-02-21T16:18:32.8636450Z [2m2026-02-21T16:18:32.863442Z[0m [32m INFO[0m Getting packaged files for crate at /tmp/.tmpF1MW61/waterkit/haptic
Release	Run MarcoIeni/release-plz-action@v0.5	2026-02-21T16:18:32.9337495Z [2m2026-02-21T16:18:32.933592Z[0m [32m INFO[0m Getting packaged files for crate at /tmp/.tmpF1MW61/waterkit/haptic
Release	Run MarcoIeni/release-plz-action@v0.5	2026-02-21T16:18:33.0019881Z [2m2026-02-21T16:18:33.001817Z[0m [32m INFO[0m Getting packaged files for crate at /tmp/.tmpF1MW61/waterkit/haptic
Release	Run MarcoIeni/release-plz-action@v0.5	2026-02-21T16:18:33.0780821Z [2m2026-02-21T16:18:33.077871Z[0m [32m INFO[0m Getting packaged files for crate at /tmp/.tmpF1MW61/waterkit/haptic
Release	Run MarcoIeni/release-plz-action@v0.5	2026-02-21T16:18:33.2482287Z [2m2026-02-21T16:18:33.248012Z[0m [32m INFO[0m determining next version for waterkit-health 0.1.0
Release	Run MarcoIeni/release-plz-action@v0.5	2026-02-21T16:18:33.3727484Z [2m2026-02-21T16:18:33.372461Z[0m [33m WARN[0m README path '/tmp/.tmpF1MW61/waterkit/health/README.md' doesn't exist for package 'waterkit-health'. Hint: ensure the path set in Cargo.toml points to a file that exists and is included in the crate.
Release	Run MarcoIeni/release-plz-action@v0.5	2026-02-21T16:18:33.5021770Z [2m2026-02-21T16:18:33.501927Z[0m [33m WARN[0m README path '/tmp/.tmpF1MW61/waterkit/health/README.md' doesn't exist for package 'waterkit-health'. Hint: ensure the path set in Cargo.toml points to a file that exists and is included in the crate.
Release	Run MarcoIeni/release-plz-action@v0.5	2026-02-21T16:18:33.5050877Z [2m2026-02-21T16:18:33.504981Z[0m [32m INFO[0m Getting packaged files for crate at /tmp/.tmpF1MW61/waterkit/health
Release	Run MarcoIeni/release-plz-action@v0.5	2026-02-21T16:18:33.6953757Z [2m2026-02-21T16:18:33.695161Z[0m [32m INFO[0m Getting packaged files for crate at /tmp/.tmpF1MW61/waterkit/health
Release	Run MarcoIeni/release-plz-action@v0.5	2026-02-21T16:18:33.8936584Z [2m2026-02-21T16:18:33.893438Z[0m [32m INFO[0m Getting packaged files for crate at /tmp/.tmpF1MW61/waterkit/health
Release	Run MarcoIeni/release-plz-action@v0.5	2026-02-21T16:18:34.0901862Z [2m2026-02-21T16:18:34.090000Z[0m [32m INFO[0m determining next version for waterkit-nfc 0.1.0
Release	Run MarcoIeni/release-plz-action@v0.5	2026-02-21T16:18:34.0979162Z [2m2026-02-21T16:18:34.097699Z[0m [33m WARN[0m README path '/tmp/.tmpF1MW61/waterkit/nfc/README.md' doesn't exist for package 'waterkit-nfc'. Hint: ensure the path set in Cargo.toml points to a file that exists and is included in the crate.
Release	Run MarcoIeni/release-plz-action@v0.5	2026-02-21T16:18:34.1088132Z [2m2026-02-21T16:18:34.108650Z[0m [33m WARN[0m README path '/tmp/.tmpF1MW61/waterkit/nfc/README.md' doesn't exist for package 'waterkit-nfc'. Hint: ensure the path set in Cargo.toml points to a file that exists and is included in the crate.
Release	Run MarcoIeni/release-plz-action@v0.5	2026-02-21T16:18:34.1118017Z [2m2026-02-21T16:18:34.111661Z[0m [32m INFO[0m Getting packaged files for crate at /tmp/.tmpF1MW61/waterkit/nfc
Release	Run MarcoIeni/release-plz-action@v0.5	2026-02-21T16:18:34.1864101Z [2m2026-02-21T16:18:34.186181Z[0m [32m INFO[0m Getting packaged files for crate at /tmp/.tmpF1MW61/waterkit/nfc
Release	Run MarcoIeni/release-plz-action@v0.5	2026-02-21T16:18:34.2597208Z [2m2026-02-21T16:18:34.259539Z[0m [32m INFO[0m Getting packaged files for crate at /tmp/.tmpF1MW61/waterkit/nfc
Release	Run MarcoIeni/release-plz-action@v0.5	2026-02-21T16:18:34.3343631Z [2m2026-02-21T16:18:34.334171Z[0m [32m INFO[0m Getting packaged files for crate at /tmp/.tmpF1MW61/waterkit/nfc
Release	Run MarcoIeni/release-plz-action@v0.5	2026-02-21T16:18:34.4171098Z [2m2026-02-21T16:18:34.416914Z[0m [32m INFO[0m Getting packaged files for crate at /tmp/.tmpF1MW61/waterkit/nfc
Release	Run MarcoIeni/release-plz-action@v0.5	2026-02-21T16:18:34.4906720Z [2m2026-02-21T16:18:34.490473Z[0m [32m INFO[0m Getting packaged files for crate at /tmp/.tmpF1MW61/waterkit/nfc
Release	Run MarcoIeni/release-plz-action@v0.5	2026-02-21T16:18:34.5632969Z [2m2026-02-21T16:18:34.563123Z[0m [32m INFO[0m Getting packaged files for crate at /tmp/.tmpF1MW61/waterkit/nfc
Release	Run MarcoIeni/release-plz-action@v0.5	2026-02-21T16:18:34.6444737Z [2m2026-02-21T16:18:34.644288Z[0m [32m INFO[0m determining next version for waterkit-notification 0.1.0
Release	Run MarcoIeni/release-plz-action@v0.5	2026-02-21T16:18:34.6692039Z [2m2026-02-21T16:18:34.669080Z[0m [32m INFO[0m Getting packaged files for crate at /tmp/.tmpF1MW61/waterkit/notification
Release	Run MarcoIeni/release-plz-action@v0.5	2026-02-21T16:18:34.7459769Z [2m2026-02-21T16:18:34.745805Z[0m [32m INFO[0m Getting packaged files for crate at /tmp/.tmpF1MW61/waterkit/notification
Release	Run MarcoIeni/release-plz-action@v0.5	2026-02-21T16:18:34.8305897Z [2m2026-02-21T16:18:34.830365Z[0m [32m INFO[0m Getting packaged files for crate at /tmp/.tmpF1MW61/waterkit/notification
Release	Run MarcoIeni/release-plz-action@v0.5	2026-02-21T16:18:34.9043567Z [2m2026-02-21T16:18:34.904139Z[0m [32m INFO[0m Getting packaged files for crate at /tmp/.tmpF1MW61/waterkit/notification
Release	Run MarcoIeni/release-plz-action@v0.5	2026-02-21T16:18:34.9822018Z [2m2026-02-21T16:18:34.982014Z[0m [32m INFO[0m Getting packaged files for crate at /tmp/.tmpF1MW61/waterkit/notification
Release	Run MarcoIeni/release-plz-action@v0.5	2026-02-21T16:18:35.0455871Z [2m2026-02-21T16:18:35.045401Z[0m [32m INFO[0m Getting packaged files for crate at /tmp/.tmpF1MW61/waterkit/notification
Release	Run MarcoIeni/release-plz-action@v0.5	2026-02-21T16:18:35.1190291Z [2m2026-02-21T16:18:35.118827Z[0m [32m INFO[0m Getting packaged files for crate at /tmp/.tmpF1MW61/waterkit/notification
Release	Run MarcoIeni/release-plz-action@v0.5	2026-02-21T16:18:35.1797770Z [2m2026-02-21T16:18:35.179571Z[0m [32m INFO[0m Getting packaged files for crate at /tmp/.tmpF1MW61/waterkit/notification
Release	Run MarcoIeni/release-plz-action@v0.5	2026-02-21T16:18:35.2441841Z [2m2026-02-21T16:18:35.243979Z[0m [32m INFO[0m Getting packaged files for crate at /tmp/.tmpF1MW61/waterkit/notification
Release	Run MarcoIeni/release-plz-action@v0.5	2026-02-21T16:18:35.3081171Z [2m2026-02-21T16:18:35.307955Z[0m [32m INFO[0m Getting packaged files for crate at /tmp/.tmpF1MW61/waterkit/notification
Release	Run MarcoIeni/release-plz-action@v0.5	2026-02-21T16:18:35.3796086Z [2m2026-02-21T16:18:35.379435Z[0m [32m INFO[0m Getting packaged files for crate at /tmp/.tmpF1MW61/waterkit/notification
Release	Run MarcoIeni/release-plz-action@v0.5	2026-02-21T16:18:35.4489857Z [2m2026-02-21T16:18:35.448821Z[0m [32m INFO[0m Getting packaged files for crate at /tmp/.tmpF1MW61/waterkit/notification
Release	Run MarcoIeni/release-plz-action@v0.5	2026-02-21T16:18:35.5165102Z [2m2026-02-21T16:18:35.516336Z[0m [32m INFO[0m Getting packaged files for crate at /tmp/.tmpF1MW61/waterkit/notification
Release	Run MarcoIeni/release-plz-action@v0.5	2026-02-21T16:18:35.5928665Z [2m2026-02-21T16:18:35.592615Z[0m [32m INFO[0m Getting packaged files for crate at /tmp/.tmpF1MW61/waterkit/notification
Release	Run MarcoIeni/release-plz-action@v0.5	2026-02-21T16:18:35.7635520Z [2m2026-02-21T16:18:35.763347Z[0m [32m INFO[0m determining next version for waterkit-passkey 0.1.0
Release	Run MarcoIeni/release-plz-action@v0.5	2026-02-21T16:18:36.0215744Z [2m2026-02-21T16:18:36.021331Z[0m [32m INFO[0m Getting packaged files for crate at /tmp/.tmpF1MW61/waterkit/passkey
Release	Run MarcoIeni/release-plz-action@v0.5	2026-02-21T16:18:36.0939565Z [2m2026-02-21T16:18:36.093739Z[0m [32m INFO[0m Getting packaged files for crate at /tmp/.tmpF1MW61/waterkit/passkey
Release	Run MarcoIeni/release-plz-action@v0.5	2026-02-21T16:18:36.1658023Z [2m2026-02-21T16:18:36.165567Z[0m [32m INFO[0m Getting packaged files for crate at /tmp/.tmpF1MW61/waterkit/passkey
Release	Run MarcoIeni/release-plz-action@v0.5	2026-02-21T16:18:36.2384181Z [2m2026-02-21T16:18:36.238207Z[0m [32m INFO[0m Getting packaged files for crate at /tmp/.tmpF1MW61/waterkit/passkey
Release	Run MarcoIeni/release-plz-action@v0.5	2026-02-21T16:18:36.3135871Z [2m2026-02-21T16:18:36.313396Z[0m [32m INFO[0m Getting packaged files for crate at /tmp/.tmpF1MW61/waterkit/passkey
Release	Run MarcoIeni/release-plz-action@v0.5	2026-02-21T16:18:36.3925885Z [2m2026-02-21T16:18:36.392386Z[0m [32m INFO[0m determining next version for waterkit-screen 0.1.0
Release	Run MarcoIeni/release-plz-action@v0.5	2026-02-21T16:18:36.4140469Z [2m2026-02-21T16:18:36.413916Z[0m [32m INFO[0m Getting packaged files for crate at /tmp/.tmpF1MW61/waterkit/screen
Release	Run MarcoIeni/release-plz-action@v0.5	2026-02-21T16:18:36.4878766Z [2m2026-02-21T16:18:36.487657Z[0m [32m INFO[0m Getting packaged files for crate at /tmp/.tmpF1MW61/waterkit/screen
Release	Run MarcoIeni/release-plz-action@v0.5	2026-02-21T16:18:36.5614678Z [2m2026-02-21T16:18:36.561262Z[0m [32m INFO[0m Getting packaged files for crate at /tmp/.tmpF1MW61/waterkit/screen
Release	Run MarcoIeni/release-plz-action@v0.5	2026-02-21T16:18:36.6362322Z [2m2026-02-21T16:18:36.636037Z[0m [32m INFO[0m Getting packaged files for crate at /tmp/.tmpF1MW61/waterkit/screen
Release	Run MarcoIeni/release-plz-action@v0.5	2026-02-21T16:18:36.7189797Z [2m2026-02-21T16:18:36.718805Z[0m [32m INFO[0m Getting packaged files for crate at /tmp/.tmpF1MW61/waterkit/screen
Release	Run MarcoIeni/release-plz-action@v0.5	2026-02-21T16:18:36.7890545Z [2m2026-02-21T16:18:36.788882Z[0m [32m INFO[0m Getting packaged files for crate at /tmp/.tmpF1MW61/waterkit/screen
Release	Run MarcoIeni/release-plz-action@v0.5	2026-02-21T16:18:36.8593615Z [2m2026-02-21T16:18:36.859227Z[0m [32m INFO[0m Getting packaged files for crate at /tmp/.tmpF1MW61/waterkit/screen
Release	Run MarcoIeni/release-plz-action@v0.5	2026-02-21T16:18:36.9289809Z [2m2026-02-21T16:18:36.928770Z[0m [32m INFO[0m Getting packaged files for crate at /tmp/.tmpF1MW61/waterkit/screen
Release	Run MarcoIeni/release-plz-action@v0.5	2026-02-21T16:18:37.0011121Z [2m2026-02-21T16:18:37.000940Z[0m [32m INFO[0m Getting packaged files for crate at /tmp/.tmpF1MW61/waterkit/screen
Release	Run MarcoIeni/release-plz-action@v0.5	2026-02-21T16:18:37.0753906Z [2m2026-02-21T16:18:37.075193Z[0m [32m INFO[0m Getting packaged files for crate at /tmp/.tmpF1MW61/waterkit/screen
Release	Run MarcoIeni/release-plz-action@v0.5	2026-02-21T16:18:37.1495051Z [2m2026-02-21T16:18:37.149324Z[0m [32m INFO[0m Getting packaged files for crate at /tmp/.tmpF1MW61/waterkit/screen
Release	Run MarcoIeni/release-plz-action@v0.5	2026-02-21T16:18:37.2171551Z [2m2026-02-21T16:18:37.216953Z[0m [32m INFO[0m Getting packaged files for crate at /tmp/.tmpF1MW61/waterkit/screen
Release	Run MarcoIeni/release-plz-action@v0.5	2026-02-21T16:18:37.2790778Z [2m2026-02-21T16:18:37.278878Z[0m [32m INFO[0m Getting packaged files for crate at /tmp/.tmpF1MW61/waterkit/screen
Release	Run MarcoIeni/release-plz-action@v0.5	2026-02-21T16:18:37.3400823Z [2m2026-02-21T16:18:37.339915Z[0m [32m INFO[0m Getting packaged files for crate at /tmp/.tmpF1MW61/waterkit/screen
Release	Run MarcoIeni/release-plz-action@v0.5	2026-02-21T16:18:37.4020036Z [2m2026-02-21T16:18:37.401834Z[0m [32m INFO[0m Getting packaged files for crate at /tmp/.tmpF1MW61/waterkit/screen
Release	Run MarcoIeni/release-plz-action@v0.5	2026-02-21T16:18:37.4668603Z [2m2026-02-21T16:18:37.466691Z[0m [32m INFO[0m Getting packaged files for crate at /tmp/.tmpF1MW61/waterkit/screen
Release	Run MarcoIeni/release-plz-action@v0.5	2026-02-21T16:18:37.5343932Z [2m2026-02-21T16:18:37.534226Z[0m [32m INFO[0m Getting packaged files for crate at /tmp/.tmpF1MW61/waterkit/screen
Release	Run MarcoIeni/release-plz-action@v0.5	2026-02-21T16:18:37.6045778Z [2m2026-02-21T16:18:37.604371Z[0m [32m INFO[0m Getting packaged files for crate at /tmp/.tmpF1MW61/waterkit/screen
Release	Run MarcoIeni/release-plz-action@v0.5	2026-02-21T16:18:37.6734990Z [2m2026-02-21T16:18:37.673283Z[0m [32m INFO[0m Getting packaged files for crate at /tmp/.tmpF1MW61/waterkit/screen
Release	Run MarcoIeni/release-plz-action@v0.5	2026-02-21T16:18:37.7431798Z [2m2026-02-21T16:18:37.742969Z[0m [32m INFO[0m Getting packaged files for crate at /tmp/.tmpF1MW61/waterkit/screen
Release	Run MarcoIeni/release-plz-action@v0.5	2026-02-21T16:18:37.8126719Z [2m2026-02-21T16:18:37.812463Z[0m [32m INFO[0m Getting packaged files for crate at /tmp/.tmpF1MW61/waterkit/screen
Release	Run MarcoIeni/release-plz-action@v0.5	2026-02-21T16:18:37.8794247Z [2m2026-02-21T16:18:37.879251Z[0m [32m INFO[0m Getting packaged files for crate at /tmp/.tmpF1MW61/waterkit/screen
Release	Run MarcoIeni/release-plz-action@v0.5	2026-02-21T16:18:37.9417887Z [2m2026-02-21T16:18:37.941591Z[0m [32m INFO[0m Getting packaged files for crate at /tmp/.tmpF1MW61/waterkit/screen
Release	Run MarcoIeni/release-plz-action@v0.5	2026-02-21T16:18:38.0036242Z [2m2026-02-21T16:18:38.003438Z[0m [32m INFO[0m Getting packaged files for crate at /tmp/.tmpF1MW61/waterkit/screen
Release	Run MarcoIeni/release-plz-action@v0.5	2026-02-21T16:18:38.0649939Z [2m2026-02-21T16:18:38.064823Z[0m [32m INFO[0m Getting packaged files for crate at /tmp/.tmpF1MW61/waterkit/screen
Release	Run MarcoIeni/release-plz-action@v0.5	2026-02-21T16:18:38.1365563Z [2m2026-02-21T16:18:38.136345Z[0m [32m INFO[0m Getting packaged files for crate at /tmp/.tmpF1MW61/waterkit/screen
Release	Run MarcoIeni/release-plz-action@v0.5	2026-02-21T16:18:38.1953950Z [2m2026-02-21T16:18:38.195189Z[0m [32m INFO[0m Getting packaged files for crate at /tmp/.tmpF1MW61/waterkit/screen
Release	Run MarcoIeni/release-plz-action@v0.5	2026-02-21T16:18:38.2548490Z [2m2026-02-21T16:18:38.254638Z[0m [32m INFO[0m Getting packaged files for crate at /tmp/.tmpF1MW61/waterkit/screen
Release	Run MarcoIeni/release-plz-action@v0.5	2026-02-21T16:18:38.3128905Z [2m2026-02-21T16:18:38.312727Z[0m [32m INFO[0m Getting packaged files for crate at /tmp/.tmpF1MW61/waterkit/screen
Release	Run MarcoIeni/release-plz-action@v0.5	2026-02-21T16:18:38.3742773Z [2m2026-02-21T16:18:38.374102Z[0m [32m INFO[0m Getting packaged files for crate at /tmp/.tmpF1MW61/waterkit/screen
Release	Run MarcoIeni/release-plz-action@v0.5	2026-02-21T16:18:38.3889066Z [2m2026-02-21T16:18:38.388783Z[0m [32m INFO[0m Getting packaged files for crate at /tmp/.tmpF1MW61/waterkit/screen
Release	Run MarcoIeni/release-plz-action@v0.5	2026-02-21T16:18:38.4006727Z [2m2026-02-21T16:18:38.400534Z[0m [32m INFO[0m Getting packaged files for crate at /tmp/.tmpF1MW61/waterkit/screen
Release	Run MarcoIeni/release-plz-action@v0.5	2026-02-21T16:18:38.5212325Z [2m2026-02-21T16:18:38.521012Z[0m [32m INFO[0m determining next version for waterkit-secret 0.1.0
Release	Run MarcoIeni/release-plz-action@v0.5	2026-02-21T16:18:38.7783968Z [2m2026-02-21T16:18:38.778182Z[0m [32m INFO[0m Getting packaged files for crate at /tmp/.tmpF1MW61/waterkit/secret
Release	Run MarcoIeni/release-plz-action@v0.5	2026-02-21T16:18:38.9762561Z [2m2026-02-21T16:18:38.976038Z[0m [32m INFO[0m Getting packaged files for crate at /tmp/.tmpF1MW61/waterkit/secret
Release	Run MarcoIeni/release-plz-action@v0.5	2026-02-21T16:18:39.1733637Z [2m2026-02-21T16:18:39.173131Z[0m [32m INFO[0m Getting packaged files for crate at /tmp/.tmpF1MW61/waterkit/secret
Release	Run MarcoIeni/release-plz-action@v0.5	2026-02-21T16:18:39.2538269Z [2m2026-02-21T16:18:39.253598Z[0m [32m INFO[0m Getting packaged files for crate at /tmp/.tmpF1MW61/waterkit/secret
Release	Run MarcoIeni/release-plz-action@v0.5	2026-02-21T16:18:39.3269743Z [2m2026-02-21T16:18:39.326757Z[0m [32m INFO[0m Getting packaged files for crate at /tmp/.tmpF1MW61/waterkit/secret
Release	Run MarcoIeni/release-plz-action@v0.5	2026-02-21T16:18:39.4077883Z [2m2026-02-21T16:18:39.407564Z[0m [32m INFO[0m Getting packaged files for crate at /tmp/.tmpF1MW61/waterkit/secret
Release	Run MarcoIeni/release-plz-action@v0.5	2026-02-21T16:18:39.4725138Z [2m2026-02-21T16:18:39.472292Z[0m [32m INFO[0m Getting packaged files for crate at /tmp/.tmpF1MW61/waterkit/secret
Release	Run MarcoIeni/release-plz-action@v0.5	2026-02-21T16:18:39.5373422Z [2m2026-02-21T16:18:39.537123Z[0m [32m INFO[0m Getting packaged files for crate at /tmp/.tmpF1MW61/waterkit/secret
Release	Run MarcoIeni/release-plz-action@v0.5	2026-02-21T16:18:39.6077080Z [2m2026-02-21T16:18:39.607464Z[0m [32m INFO[0m Getting packaged files for crate at /tmp/.tmpF1MW61/waterkit/secret
Release	Run MarcoIeni/release-plz-action@v0.5	2026-02-21T16:18:39.6784186Z [2m2026-02-21T16:18:39.678175Z[0m [32m INFO[0m Getting packaged files for crate at /tmp/.tmpF1MW61/waterkit/secret
Release	Run MarcoIeni/release-plz-action@v0.5	2026-02-21T16:18:39.7460532Z [2m2026-02-21T16:18:39.745807Z[0m [32m INFO[0m Getting packaged files for crate at /tmp/.tmpF1MW61/waterkit/secret
Release	Run MarcoIeni/release-plz-action@v0.5	2026-02-21T16:18:39.8216785Z [2m2026-02-21T16:18:39.821471Z[0m [32m INFO[0m Getting packaged files for crate at /tmp/.tmpF1MW61/waterkit/secret
Release	Run MarcoIeni/release-plz-action@v0.5	2026-02-21T16:18:39.9903053Z [2m2026-02-21T16:18:39.990082Z[0m [32m INFO[0m determining next version for waterkit-sensor 0.1.0
Release	Run MarcoIeni/release-plz-action@v0.5	2026-02-21T16:18:40.1350170Z [2m2026-02-21T16:18:40.134795Z[0m [32m INFO[0m Getting packaged files for crate at /tmp/.tmpF1MW61/waterkit/sensor
Release	Run MarcoIeni/release-plz-action@v0.5	2026-02-21T16:18:40.2079558Z [2m2026-02-21T16:18:40.207725Z[0m [32m INFO[0m Getting packaged files for crate at /tmp/.tmpF1MW61/waterkit/sensor
Release	Run MarcoIeni/release-plz-action@v0.5	2026-02-21T16:18:40.2766943Z [2m2026-02-21T16:18:40.276499Z[0m [32m INFO[0m Getting packaged files for crate at /tmp/.tmpF1MW61/waterkit/sensor
Release	Run MarcoIeni/release-plz-action@v0.5	2026-02-21T16:18:40.3454115Z [2m2026-02-21T16:18:40.345178Z[0m [32m INFO[0m Getting packaged files for crate at /tmp/.tmpF1MW61/waterkit/sensor
Release	Run MarcoIeni/release-plz-action@v0.5	2026-02-21T16:18:40.4151982Z [2m2026-02-21T16:18:40.414995Z[0m [32m INFO[0m Getting packaged files for crate at /tmp/.tmpF1MW61/waterkit/sensor
Release	Run MarcoIeni/release-plz-action@v0.5	2026-02-21T16:18:40.4838069Z [2m2026-02-21T16:18:40.483598Z[0m [32m INFO[0m Getting packaged files for crate at /tmp/.tmpF1MW61/waterkit/sensor
Release	Run MarcoIeni/release-plz-action@v0.5	2026-02-21T16:18:40.5525648Z [2m2026-02-21T16:18:40.552310Z[0m [32m INFO[0m Getting packaged files for crate at /tmp/.tmpF1MW61/waterkit/sensor
Release	Run MarcoIeni/release-plz-action@v0.5	2026-02-21T16:18:40.6212770Z [2m2026-02-21T16:18:40.621045Z[0m [32m INFO[0m Getting packaged files for crate at /tmp/.tmpF1MW61/waterkit/sensor
Release	Run MarcoIeni/release-plz-action@v0.5	2026-02-21T16:18:40.6926546Z [2m2026-02-21T16:18:40.692413Z[0m [32m INFO[0m Getting packaged files for crate at /tmp/.tmpF1MW61/waterkit/sensor
Release	Run MarcoIeni/release-plz-action@v0.5	2026-02-21T16:18:40.7614932Z [2m2026-02-21T16:18:40.761293Z[0m [32m INFO[0m Getting packaged files for crate at /tmp/.tmpF1MW61/waterkit/sensor
Release	Run MarcoIeni/release-plz-action@v0.5	2026-02-21T16:18:40.8349055Z [2m2026-02-21T16:18:40.834680Z[0m [32m INFO[0m Getting packaged files for crate at /tmp/.tmpF1MW61/waterkit/sensor
Release	Run MarcoIeni/release-plz-action@v0.5	2026-02-21T16:18:40.9081172Z [2m2026-02-21T16:18:40.907911Z[0m [32m INFO[0m Getting packaged files for crate at /tmp/.tmpF1MW61/waterkit/sensor
Release	Run MarcoIeni/release-plz-action@v0.5	2026-02-21T16:18:40.9829761Z [2m2026-02-21T16:18:40.982755Z[0m [32m INFO[0m Getting packaged files for crate at /tmp/.tmpF1MW61/waterkit/sensor
Release	Run MarcoIeni/release-plz-action@v0.5	2026-02-21T16:18:41.0532948Z [2m2026-02-21T16:18:41.053072Z[0m [32m INFO[0m Getting packaged files for crate at /tmp/.tmpF1MW61/waterkit/sensor
Release	Run MarcoIeni/release-plz-action@v0.5	2026-02-21T16:18:41.1155564Z [2m2026-02-21T16:18:41.115297Z[0m [32m INFO[0m Getting packaged files for crate at /tmp/.tmpF1MW61/waterkit/sensor
Release	Run MarcoIeni/release-plz-action@v0.5	2026-02-21T16:18:41.1793928Z [2m2026-02-21T16:18:41.179164Z[0m [32m INFO[0m Getting packaged files for crate at /tmp/.tmpF1MW61/waterkit/sensor
Release	Run MarcoIeni/release-plz-action@v0.5	2026-02-21T16:18:41.2456052Z [2m2026-02-21T16:18:41.245372Z[0m [32m INFO[0m Getting packaged files for crate at /tmp/.tmpF1MW61/waterkit/sensor
Release	Run MarcoIeni/release-plz-action@v0.5	2026-02-21T16:18:41.3065973Z [2m2026-02-21T16:18:41.306380Z[0m [32m INFO[0m Getting packaged files for crate at /tmp/.tmpF1MW61/waterkit/sensor
Release	Run MarcoIeni/release-plz-action@v0.5	2026-02-21T16:18:41.3668682Z [2m2026-02-21T16:18:41.366714Z[0m [32m INFO[0m Getting packaged files for crate at /tmp/.tmpF1MW61/waterkit/sensor
Release	Run MarcoIeni/release-plz-action@v0.5	2026-02-21T16:18:41.4291178Z [2m2026-02-21T16:18:41.428914Z[0m [32m INFO[0m Getting packaged files for crate at /tmp/.tmpF1MW61/waterkit/sensor
Release	Run MarcoIeni/release-plz-action@v0.5	2026-02-21T16:18:41.5002885Z [2m2026-02-21T16:18:41.500058Z[0m [32m INFO[0m Getting packaged files for crate at /tmp/.tmpF1MW61/waterkit/sensor
Release	Run MarcoIeni/release-plz-action@v0.5	2026-02-21T16:18:41.5613245Z [2m2026-02-21T16:18:41.561116Z[0m [32m INFO[0m Getting packaged files for crate at /tmp/.tmpF1MW61/waterkit/sensor
Release	Run MarcoIeni/release-plz-action@v0.5	2026-02-21T16:18:41.6296466Z [2m2026-02-21T16:18:41.629410Z[0m [32m INFO[0m Getting packaged files for crate at /tmp/.tmpF1MW61/waterkit/sensor
Release	Run MarcoIeni/release-plz-action@v0.5	2026-02-21T16:18:41.7081067Z [2m2026-02-21T16:18:41.707899Z[0m [32m INFO[0m Getting packaged files for crate at /tmp/.tmpF1MW61/waterkit/sensor
Release	Run MarcoIeni/release-plz-action@v0.5	2026-02-21T16:18:41.8799654Z [2m2026-02-21T16:18:41.879764Z[0m [32m INFO[0m determining next version for waterkit-share 0.1.0
Release	Run MarcoIeni/release-plz-action@v0.5	2026-02-21T16:18:42.0047482Z [2m2026-02-21T16:18:42.004450Z[0m [33m WARN[0m README path '/tmp/.tmpF1MW61/waterkit/share/README.md' doesn't exist for package 'waterkit-share'. Hint: ensure the path set in Cargo.toml points to a file that exists and is included in the crate.
Release	Run MarcoIeni/release-plz-action@v0.5	2026-02-21T16:18:42.0202207Z [2m2026-02-21T16:18:42.020052Z[0m [33m WARN[0m README path '/tmp/.tmpF1MW61/waterkit/share/README.md' doesn't exist for package 'waterkit-share'. Hint: ensure the path set in Cargo.toml points to a file that exists and is included in the crate.
Release	Run MarcoIeni/release-plz-action@v0.5	2026-02-21T16:18:42.0231924Z [2m2026-02-21T16:18:42.023056Z[0m [32m INFO[0m Getting packaged files for crate at /tmp/.tmpF1MW61/waterkit/share
Release	Run MarcoIeni/release-plz-action@v0.5	2026-02-21T16:18:42.0966957Z [2m2026-02-21T16:18:42.096473Z[0m [32m INFO[0m Getting packaged files for crate at /tmp/.tmpF1MW61/waterkit/share
Release	Run MarcoIeni/release-plz-action@v0.5	2026-02-21T16:18:42.1689260Z [2m2026-02-21T16:18:42.168699Z[0m [32m INFO[0m Getting packaged files for crate at /tmp/.tmpF1MW61/waterkit/share
Release	Run MarcoIeni/release-plz-action@v0.5	2026-02-21T16:18:42.2494761Z [2m2026-02-21T16:18:42.249256Z[0m [32m INFO[0m determining next version for waterkit-speech 0.1.0
Release	Run MarcoIeni/release-plz-action@v0.5	2026-02-21T16:18:42.2569235Z [2m2026-02-21T16:18:42.256715Z[0m [33m WARN[0m README path '/tmp/.tmpF1MW61/waterkit/speech/README.md' doesn't exist for package 'waterkit-speech'. Hint: ensure the path set in Cargo.toml points to a file that exists and is included in the crate.
Release	Run MarcoIeni/release-plz-action@v0.5	2026-02-21T16:18:42.2685477Z [2m2026-02-21T16:18:42.268318Z[0m [33m WARN[0m README path '/tmp/.tmpF1MW61/waterkit/speech/README.md' doesn't exist for package 'waterkit-speech'. Hint: ensure the path set in Cargo.toml points to a file that exists and is included in the crate.
Release	Run MarcoIeni/release-plz-action@v0.5	2026-02-21T16:18:42.2714519Z [2m2026-02-21T16:18:42.271305Z[0m [32m INFO[0m Getting packaged files for crate at /tmp/.tmpF1MW61/waterkit/speech
Release	Run MarcoIeni/release-plz-action@v0.5	2026-02-21T16:18:42.3461137Z [2m2026-02-21T16:18:42.345936Z[0m [32m INFO[0m Getting packaged files for crate at /tmp/.tmpF1MW61/waterkit/speech
Release	Run MarcoIeni/release-plz-action@v0.5	2026-02-21T16:18:42.4239513Z [2m2026-02-21T16:18:42.423745Z[0m [32m INFO[0m Getting packaged files for crate at /tmp/.tmpF1MW61/waterkit/speech
Release	Run MarcoIeni/release-plz-action@v0.5	2026-02-21T16:18:42.5030707Z [2m2026-02-21T16:18:42.502888Z[0m [32m INFO[0m Getting packaged files for crate at /tmp/.tmpF1MW61/waterkit/speech
Release	Run MarcoIeni/release-plz-action@v0.5	2026-02-21T16:18:42.5767796Z [2m2026-02-21T16:18:42.576604Z[0m [32m INFO[0m Getting packaged files for crate at /tmp/.tmpF1MW61/waterkit/speech
Release	Run MarcoIeni/release-plz-action@v0.5	2026-02-21T16:18:42.6500305Z [2m2026-02-21T16:18:42.649841Z[0m [32m INFO[0m Getting packaged files for crate at /tmp/.tmpF1MW61/waterkit/speech
Release	Run MarcoIeni/release-plz-action@v0.5	2026-02-21T16:18:42.7319668Z [2m2026-02-21T16:18:42.731753Z[0m [32m INFO[0m determining next version for waterkit-system 0.1.0
Release	Run MarcoIeni/release-plz-action@v0.5	2026-02-21T16:18:42.7567790Z [2m2026-02-21T16:18:42.756627Z[0m [32m INFO[0m Getting packaged files for crate at /tmp/.tmpF1MW61/waterkit/system
Release	Run MarcoIeni/release-plz-action@v0.5	2026-02-21T16:18:42.8332583Z [2m2026-02-21T16:18:42.833046Z[0m [32m INFO[0m Getting packaged files for crate at /tmp/.tmpF1MW61/waterkit/system
Release	Run MarcoIeni/release-plz-action@v0.5	2026-02-21T16:18:42.9136586Z [2m2026-02-21T16:18:42.913464Z[0m [32m INFO[0m Getting packaged files for crate at /tmp/.tmpF1MW61/waterkit/system
Release	Run MarcoIeni/release-plz-action@v0.5	2026-02-21T16:18:42.9917606Z [2m2026-02-21T16:18:42.991570Z[0m [32m INFO[0m Getting packaged files for crate at /tmp/.tmpF1MW61/waterkit/system
Release	Run MarcoIeni/release-plz-action@v0.5	2026-02-21T16:18:43.0607701Z [2m2026-02-21T16:18:43.060552Z[0m [32m INFO[0m Getting packaged files for crate at /tmp/.tmpF1MW61/waterkit/system
Release	Run MarcoIeni/release-plz-action@v0.5	2026-02-21T16:18:43.1290601Z [2m2026-02-21T16:18:43.128863Z[0m [32m INFO[0m Getting packaged files for crate at /tmp/.tmpF1MW61/waterkit/system
Release	Run MarcoIeni/release-plz-action@v0.5	2026-02-21T16:18:43.2000788Z [2m2026-02-21T16:18:43.199902Z[0m [32m INFO[0m Getting packaged files for crate at /tmp/.tmpF1MW61/waterkit/system
Release	Run MarcoIeni/release-plz-action@v0.5	2026-02-21T16:18:43.2733727Z [2m2026-02-21T16:18:43.273152Z[0m [32m INFO[0m Getting packaged files for crate at /tmp/.tmpF1MW61/waterkit/system
Release	Run MarcoIeni/release-plz-action@v0.5	2026-02-21T16:18:43.3471827Z [2m2026-02-21T16:18:43.347000Z[0m [32m INFO[0m Getting packaged files for crate at /tmp/.tmpF1MW61/waterkit/system
Release	Run MarcoIeni/release-plz-action@v0.5	2026-02-21T16:18:43.4175465Z [2m2026-02-21T16:18:43.417346Z[0m [32m INFO[0m Getting packaged files for crate at /tmp/.tmpF1MW61/waterkit/system
Release	Run MarcoIeni/release-plz-action@v0.5	2026-02-21T16:18:43.4853629Z [2m2026-02-21T16:18:43.485160Z[0m [32m INFO[0m Getting packaged files for crate at /tmp/.tmpF1MW61/waterkit/system
Release	Run MarcoIeni/release-plz-action@v0.5	2026-02-21T16:18:43.5491154Z [2m2026-02-21T16:18:43.548954Z[0m [32m INFO[0m Getting packaged files for crate at /tmp/.tmpF1MW61/waterkit/system
Release	Run MarcoIeni/release-plz-action@v0.5	2026-02-21T16:18:43.6200095Z [2m2026-02-21T16:18:43.619799Z[0m [32m INFO[0m Getting packaged files for crate at /tmp/.tmpF1MW61/waterkit/system
Release	Run MarcoIeni/release-plz-action@v0.5	2026-02-21T16:18:43.6906714Z [2m2026-02-21T16:18:43.690435Z[0m [32m INFO[0m Getting packaged files for crate at /tmp/.tmpF1MW61/waterkit/system
Release	Run MarcoIeni/release-plz-action@v0.5	2026-02-21T16:18:43.7599125Z [2m2026-02-21T16:18:43.759732Z[0m [32m INFO[0m Getting packaged files for crate at /tmp/.tmpF1MW61/waterkit/system
Release	Run MarcoIeni/release-plz-action@v0.5	2026-02-21T16:18:43.8277121Z [2m2026-02-21T16:18:43.827487Z[0m [32m INFO[0m Getting packaged files for crate at /tmp/.tmpF1MW61/waterkit/system
Release	Run MarcoIeni/release-plz-action@v0.5	2026-02-21T16:18:43.9014387Z [2m2026-02-21T16:18:43.901273Z[0m [32m INFO[0m Getting packaged files for crate at /tmp/.tmpF1MW61/waterkit/system
Release	Run MarcoIeni/release-plz-action@v0.5	2026-02-21T16:18:44.0722681Z [2m2026-02-21T16:18:44.072077Z[0m [32m INFO[0m determining next version for waterkit-video 0.1.0
Release	Run MarcoIeni/release-plz-action@v0.5	2026-02-21T16:18:44.3269625Z [2m2026-02-21T16:18:44.326758Z[0m [32m INFO[0m Getting packaged files for crate at /tmp/.tmpF1MW61/waterkit/video
Release	Run MarcoIeni/release-plz-action@v0.5	2026-02-21T16:18:44.5151627Z [2m2026-02-21T16:18:44.514942Z[0m [32m INFO[0m Getting packaged files for crate at /tmp/.tmpF1MW61/waterkit/video
Release	Run MarcoIeni/release-plz-action@v0.5	2026-02-21T16:18:44.7040391Z [2m2026-02-21T16:18:44.703816Z[0m [32m INFO[0m Getting packaged files for crate at /tmp/.tmpF1MW61/waterkit/video
Release	Run MarcoIeni/release-plz-action@v0.5	2026-02-21T16:18:44.8894880Z [2m2026-02-21T16:18:44.889317Z[0m [32m INFO[0m Getting packaged files for crate at /tmp/.tmpF1MW61/waterkit/video
Release	Run MarcoIeni/release-plz-action@v0.5	2026-02-21T16:18:45.0836755Z [2m2026-02-21T16:18:45.083478Z[0m [32m INFO[0m Getting packaged files for crate at /tmp/.tmpF1MW61/waterkit/video
Release	Run MarcoIeni/release-plz-action@v0.5	2026-02-21T16:18:45.1467687Z [2m2026-02-21T16:18:45.146575Z[0m [32m INFO[0m Getting packaged files for crate at /tmp/.tmpF1MW61/waterkit/video
Release	Run MarcoIeni/release-plz-action@v0.5	2026-02-21T16:18:45.2155662Z [2m2026-02-21T16:18:45.215364Z[0m [32m INFO[0m Getting packaged files for crate at /tmp/.tmpF1MW61/waterkit/video
Release	Run MarcoIeni/release-plz-action@v0.5	2026-02-21T16:18:45.2848891Z [2m2026-02-21T16:18:45.284729Z[0m [32m INFO[0m Getting packaged files for crate at /tmp/.tmpF1MW61/waterkit/video
Release	Run MarcoIeni/release-plz-action@v0.5	2026-02-21T16:18:45.3547233Z [2m2026-02-21T16:18:45.354477Z[0m [32m INFO[0m Getting packaged files for crate at /tmp/.tmpF1MW61/waterkit/video
Release	Run MarcoIeni/release-plz-action@v0.5	2026-02-21T16:18:45.4229156Z [2m2026-02-21T16:18:45.422730Z[0m [32m INFO[0m Getting packaged files for crate at /tmp/.tmpF1MW61/waterkit/video
Release	Run MarcoIeni/release-plz-action@v0.5	2026-02-21T16:18:45.4847772Z [2m2026-02-21T16:18:45.484577Z[0m [32m INFO[0m Getting packaged files for crate at /tmp/.tmpF1MW61/waterkit/video
Release	Run MarcoIeni/release-plz-action@v0.5	2026-02-21T16:18:45.5692488Z [2m2026-02-21T16:18:45.569100Z[0m [32m INFO[0m determining next version for waterkit 0.1.0
Release	Run MarcoIeni/release-plz-action@v0.5	2026-02-21T16:18:45.5966618Z [2m2026-02-21T16:18:45.596479Z[0m [32m INFO[0m Getting packaged files for crate at /tmp/.tmpF1MW61/waterkit/
Release	Run MarcoIeni/release-plz-action@v0.5	2026-02-21T16:18:45.6818626Z [2m2026-02-21T16:18:45.681647Z[0m [32m INFO[0m Getting packaged files for crate at /tmp/.tmpF1MW61/waterkit/
Release	Run MarcoIeni/release-plz-action@v0.5	2026-02-21T16:18:45.7670235Z [2m2026-02-21T16:18:45.766850Z[0m [32m INFO[0m Getting packaged files for crate at /tmp/.tmpF1MW61/waterkit/
Release	Run MarcoIeni/release-plz-action@v0.5	2026-02-21T16:18:45.8511165Z [2m2026-02-21T16:18:45.850937Z[0m [32m INFO[0m Getting packaged files for crate at /tmp/.tmpF1MW61/waterkit/
Release	Run MarcoIeni/release-plz-action@v0.5	2026-02-21T16:18:45.9351465Z [2m2026-02-21T16:18:45.934935Z[0m [32m INFO[0m Getting packaged files for crate at /tmp/.tmpF1MW61/waterkit/
Release	Run MarcoIeni/release-plz-action@v0.5	2026-02-21T16:18:46.0190687Z [2m2026-02-21T16:18:46.018883Z[0m [32m INFO[0m Getting packaged files for crate at /tmp/.tmpF1MW61/waterkit/
Release	Run MarcoIeni/release-plz-action@v0.5	2026-02-21T16:18:46.0924047Z [2m2026-02-21T16:18:46.092239Z[0m [32m INFO[0m Getting packaged files for crate at /tmp/.tmpF1MW61/waterkit/
Release	Run MarcoIeni/release-plz-action@v0.5	2026-02-21T16:18:46.1657584Z [2m2026-02-21T16:18:46.165583Z[0m [32m INFO[0m Getting packaged files for crate at /tmp/.tmpF1MW61/waterkit/
Release	Run MarcoIeni/release-plz-action@v0.5	2026-02-21T16:18:46.2389087Z [2m2026-02-21T16:18:46.238730Z[0m [32m INFO[0m Getting packaged files for crate at /tmp/.tmpF1MW61/waterkit/
Release	Run MarcoIeni/release-plz-action@v0.5	2026-02-21T16:18:46.3118929Z [2m2026-02-21T16:18:46.311688Z[0m [32m INFO[0m Getting packaged files for crate at /tmp/.tmpF1MW61/waterkit/
Release	Run MarcoIeni/release-plz-action@v0.5	2026-02-21T16:18:46.3852648Z [2m2026-02-21T16:18:46.385077Z[0m [32m INFO[0m Getting packaged files for crate at /tmp/.tmpF1MW61/waterkit/
Release	Run MarcoIeni/release-plz-action@v0.5	2026-02-21T16:18:46.4585852Z [2m2026-02-21T16:18:46.458365Z[0m [32m INFO[0m Getting packaged files for crate at /tmp/.tmpF1MW61/waterkit/
Release	Run MarcoIeni/release-plz-action@v0.5	2026-02-21T16:18:46.5321459Z [2m2026-02-21T16:18:46.531945Z[0m [32m INFO[0m Getting packaged files for crate at /tmp/.tmpF1MW61/waterkit/
Release	Run MarcoIeni/release-plz-action@v0.5	2026-02-21T16:18:46.6063478Z [2m2026-02-21T16:18:46.606135Z[0m [32m INFO[0m Getting packaged files for crate at /tmp/.tmpF1MW61/waterkit/
Release	Run MarcoIeni/release-plz-action@v0.5	2026-02-21T16:18:46.6799630Z [2m2026-02-21T16:18:46.679790Z[0m [32m INFO[0m Getting packaged files for crate at /tmp/.tmpF1MW61/waterkit/
Release	Run MarcoIeni/release-plz-action@v0.5	2026-02-21T16:18:46.7554208Z [2m2026-02-21T16:18:46.755223Z[0m [32m INFO[0m Getting packaged files for crate at /tmp/.tmpF1MW61/waterkit/
Release	Run MarcoIeni/release-plz-action@v0.5	2026-02-21T16:18:46.8302201Z [2m2026-02-21T16:18:46.829989Z[0m [32m INFO[0m Getting packaged files for crate at /tmp/.tmpF1MW61/waterkit/
Release	Run MarcoIeni/release-plz-action@v0.5	2026-02-21T16:18:46.9042906Z [2m2026-02-21T16:18:46.904101Z[0m [32m INFO[0m Getting packaged files for crate at /tmp/.tmpF1MW61/waterkit/
Release	Run MarcoIeni/release-plz-action@v0.5	2026-02-21T16:18:46.9782167Z [2m2026-02-21T16:18:46.977999Z[0m [32m INFO[0m Getting packaged files for crate at /tmp/.tmpF1MW61/waterkit/
Release	Run MarcoIeni/release-plz-action@v0.5	2026-02-21T16:18:47.0526760Z [2m2026-02-21T16:18:47.052441Z[0m [32m INFO[0m Getting packaged files for crate at /tmp/.tmpF1MW61/waterkit/
Release	Run MarcoIeni/release-plz-action@v0.5	2026-02-21T16:18:47.1273253Z [2m2026-02-21T16:18:47.127099Z[0m [32m INFO[0m Getting packaged files for crate at /tmp/.tmpF1MW61/waterkit/
Release	Run MarcoIeni/release-plz-action@v0.5	2026-02-21T16:18:47.2020627Z [2m2026-02-21T16:18:47.201830Z[0m [32m INFO[0m Getting packaged files for crate at /tmp/.tmpF1MW61/waterkit/
Release	Run MarcoIeni/release-plz-action@v0.5	2026-02-21T16:18:47.2769839Z [2m2026-02-21T16:18:47.276828Z[0m [32m INFO[0m Getting packaged files for crate at /tmp/.tmpF1MW61/waterkit/
Release	Run MarcoIeni/release-plz-action@v0.5	2026-02-21T16:18:47.3521566Z [2m2026-02-21T16:18:47.351980Z[0m [32m INFO[0m Getting packaged files for crate at /tmp/.tmpF1MW61/waterkit/
Release	Run MarcoIeni/release-plz-action@v0.5	2026-02-21T16:18:47.4269058Z [2m2026-02-21T16:18:47.426739Z[0m [32m INFO[0m Getting packaged files for crate at /tmp/.tmpF1MW61/waterkit/
Release	Run MarcoIeni/release-plz-action@v0.5	2026-02-21T16:18:47.5021355Z [2m2026-02-21T16:18:47.501967Z[0m [32m INFO[0m Getting packaged files for crate at /tmp/.tmpF1MW61/waterkit/
Release	Run MarcoIeni/release-plz-action@v0.5	2026-02-21T16:18:47.5771881Z [2m2026-02-21T16:18:47.577021Z[0m [32m INFO[0m Getting packaged files for crate at /tmp/.tmpF1MW61/waterkit/
Release	Run MarcoIeni/release-plz-action@v0.5	2026-02-21T16:18:47.6525082Z [2m2026-02-21T16:18:47.652329Z[0m [32m INFO[0m Getting packaged files for crate at /tmp/.tmpF1MW61/waterkit/
Release	Run MarcoIeni/release-plz-action@v0.5	2026-02-21T16:18:47.7293446Z [2m2026-02-21T16:18:47.729175Z[0m [32m INFO[0m Getting packaged files for crate at /tmp/.tmpF1MW61/waterkit/
Release	Run MarcoIeni/release-plz-action@v0.5	2026-02-21T16:18:47.8082319Z [2m2026-02-21T16:18:47.808025Z[0m [32m INFO[0m Getting packaged files for crate at /tmp/.tmpF1MW61/waterkit/
Release	Run MarcoIeni/release-plz-action@v0.5	2026-02-21T16:18:47.8860209Z [2m2026-02-21T16:18:47.885835Z[0m [32m INFO[0m Getting packaged files for crate at /tmp/.tmpF1MW61/waterkit/
Release	Run MarcoIeni/release-plz-action@v0.5	2026-02-21T16:18:47.9636821Z [2m2026-02-21T16:18:47.963492Z[0m [32m INFO[0m Getting packaged files for crate at /tmp/.tmpF1MW61/waterkit/
Release	Run MarcoIeni/release-plz-action@v0.5	2026-02-21T16:18:48.0401478Z [2m2026-02-21T16:18:48.039941Z[0m [32m INFO[0m Getting packaged files for crate at /tmp/.tmpF1MW61/waterkit/
Release	Run MarcoIeni/release-plz-action@v0.5	2026-02-21T16:18:48.1133588Z [2m2026-02-21T16:18:48.113157Z[0m [32m INFO[0m Getting packaged files for crate at /tmp/.tmpF1MW61/waterkit/
Release	Run MarcoIeni/release-plz-action@v0.5	2026-02-21T16:18:48.1862322Z [2m2026-02-21T16:18:48.186056Z[0m [32m INFO[0m Getting packaged files for crate at /tmp/.tmpF1MW61/waterkit/
Release	Run MarcoIeni/release-plz-action@v0.5	2026-02-21T16:18:48.2614900Z [2m2026-02-21T16:18:48.261302Z[0m [32m INFO[0m Getting packaged files for crate at /tmp/.tmpF1MW61/waterkit/
Release	Run MarcoIeni/release-plz-action@v0.5	2026-02-21T16:18:48.3363314Z [2m2026-02-21T16:18:48.336117Z[0m [32m INFO[0m Getting packaged files for crate at /tmp/.tmpF1MW61/waterkit/
Release	Run MarcoIeni/release-plz-action@v0.5	2026-02-21T16:18:48.4130857Z [2m2026-02-21T16:18:48.412885Z[0m [32m INFO[0m Getting packaged files for crate at /tmp/.tmpF1MW61/waterkit/
Release	Run MarcoIeni/release-plz-action@v0.5	2026-02-21T16:18:48.4819385Z [2m2026-02-21T16:18:48.481757Z[0m [32m INFO[0m Getting packaged files for crate at /tmp/.tmpF1MW61/waterkit/
Release	Run MarcoIeni/release-plz-action@v0.5	2026-02-21T16:18:48.5522138Z [2m2026-02-21T16:18:48.551998Z[0m [32m INFO[0m Getting packaged files for crate at /tmp/.tmpF1MW61/waterkit/
Release	Run MarcoIeni/release-plz-action@v0.5	2026-02-21T16:18:48.6237802Z [2m2026-02-21T16:18:48.623558Z[0m [32m INFO[0m Getting packaged files for crate at /tmp/.tmpF1MW61/waterkit/
Release	Run MarcoIeni/release-plz-action@v0.5	2026-02-21T16:18:48.6941613Z [2m2026-02-21T16:18:48.694007Z[0m [32m INFO[0m Getting packaged files for crate at /tmp/.tmpF1MW61/waterkit/
Release	Run MarcoIeni/release-plz-action@v0.5	2026-02-21T16:18:48.7644728Z [2m2026-02-21T16:18:48.764301Z[0m [32m INFO[0m Getting packaged files for crate at /tmp/.tmpF1MW61/waterkit/
Release	Run MarcoIeni/release-plz-action@v0.5	2026-02-21T16:18:48.8337571Z [2m2026-02-21T16:18:48.833565Z[0m [32m INFO[0m Getting packaged files for crate at /tmp/.tmpF1MW61/waterkit/
Release	Run MarcoIeni/release-plz-action@v0.5	2026-02-21T16:18:48.9066502Z [2m2026-02-21T16:18:48.906435Z[0m [32m INFO[0m Getting packaged files for crate at /tmp/.tmpF1MW61/waterkit/
Release	Run MarcoIeni/release-plz-action@v0.5	2026-02-21T16:18:48.9771457Z [2m2026-02-21T16:18:48.976930Z[0m [32m INFO[0m Getting packaged files for crate at /tmp/.tmpF1MW61/waterkit/
Release	Run MarcoIeni/release-plz-action@v0.5	2026-02-21T16:18:49.0478746Z [2m2026-02-21T16:18:49.047676Z[0m [32m INFO[0m Getting packaged files for crate at /tmp/.tmpF1MW61/waterkit/
Release	Run MarcoIeni/release-plz-action@v0.5	2026-02-21T16:18:49.1163164Z [2m2026-02-21T16:18:49.116147Z[0m [32m INFO[0m Getting packaged files for crate at /tmp/.tmpF1MW61/waterkit/
Release	Run MarcoIeni/release-plz-action@v0.5	2026-02-21T16:18:49.1850874Z [2m2026-02-21T16:18:49.184910Z[0m [32m INFO[0m Getting packaged files for crate at /tmp/.tmpF1MW61/waterkit/
Release	Run MarcoIeni/release-plz-action@v0.5	2026-02-21T16:18:49.2535988Z [2m2026-02-21T16:18:49.253387Z[0m [32m INFO[0m Getting packaged files for crate at /tmp/.tmpF1MW61/waterkit/
Release	Run MarcoIeni/release-plz-action@v0.5	2026-02-21T16:18:49.3228053Z [2m2026-02-21T16:18:49.322601Z[0m [32m INFO[0m Getting packaged files for crate at /tmp/.tmpF1MW61/waterkit/
Release	Run MarcoIeni/release-plz-action@v0.5	2026-02-21T16:18:49.3926257Z [2m2026-02-21T16:18:49.392387Z[0m [32m INFO[0m Getting packaged files for crate at /tmp/.tmpF1MW61/waterkit/
Release	Run MarcoIeni/release-plz-action@v0.5	2026-02-21T16:18:49.4625402Z [2m2026-02-21T16:18:49.462323Z[0m [32m INFO[0m Getting packaged files for crate at /tmp/.tmpF1MW61/waterkit/
Release	Run MarcoIeni/release-plz-action@v0.5	2026-02-21T16:18:49.5315796Z [2m2026-02-21T16:18:49.531405Z[0m [32m INFO[0m Getting packaged files for crate at /tmp/.tmpF1MW61/waterkit/
Release	Run MarcoIeni/release-plz-action@v0.5	2026-02-21T16:18:49.6006698Z [2m2026-02-21T16:18:49.600448Z[0m [32m INFO[0m Getting packaged files for crate at /tmp/.tmpF1MW61/waterkit/
Release	Run MarcoIeni/release-plz-action@v0.5	2026-02-21T16:18:49.6698047Z [2m2026-02-21T16:18:49.669626Z[0m [32m INFO[0m Getting packaged files for crate at /tmp/.tmpF1MW61/waterkit/
Release	Run MarcoIeni/release-plz-action@v0.5	2026-02-21T16:18:49.7384050Z [2m2026-02-21T16:18:49.738220Z[0m [32m INFO[0m Getting packaged files for crate at /tmp/.tmpF1MW61/waterkit/
Release	Run MarcoIeni/release-plz-action@v0.5	2026-02-21T16:18:49.8076928Z [2m2026-02-21T16:18:49.807507Z[0m [32m INFO[0m Getting packaged files for crate at /tmp/.tmpF1MW61/waterkit/
Release	Run MarcoIeni/release-plz-action@v0.5	2026-02-21T16:18:49.8766379Z [2m2026-02-21T16:18:49.876475Z[0m [32m INFO[0m Getting packaged files for crate at /tmp/.tmpF1MW61/waterkit/
Release	Run MarcoIeni/release-plz-action@v0.5	2026-02-21T16:18:49.9461338Z [2m2026-02-21T16:18:49.945981Z[0m [32m INFO[0m Getting packaged files for crate at /tmp/.tmpF1MW61/waterkit/
Release	Run MarcoIeni/release-plz-action@v0.5	2026-02-21T16:18:50.0156879Z [2m2026-02-21T16:18:50.015498Z[0m [32m INFO[0m Getting packaged files for crate at /tmp/.tmpF1MW61/waterkit/
Release	Run MarcoIeni/release-plz-action@v0.5	2026-02-21T16:18:50.0847451Z [2m2026-02-21T16:18:50.084537Z[0m [32m INFO[0m Getting packaged files for crate at /tmp/.tmpF1MW61/waterkit/
Release	Run MarcoIeni/release-plz-action@v0.5	2026-02-21T16:18:50.1533633Z [2m2026-02-21T16:18:50.153167Z[0m [32m INFO[0m Getting packaged files for crate at /tmp/.tmpF1MW61/waterkit/
Release	Run MarcoIeni/release-plz-action@v0.5	2026-02-21T16:18:50.2221817Z [2m2026-02-21T16:18:50.221973Z[0m [32m INFO[0m Getting packaged files for crate at /tmp/.tmpF1MW61/waterkit/
Release	Run MarcoIeni/release-plz-action@v0.5	2026-02-21T16:18:50.2911644Z [2m2026-02-21T16:18:50.291006Z[0m [32m INFO[0m Getting packaged files for crate at /tmp/.tmpF1MW61/waterkit/
Release	Run MarcoIeni/release-plz-action@v0.5	2026-02-21T16:18:50.3605631Z [2m2026-02-21T16:18:50.360406Z[0m [32m INFO[0m Getting packaged files for crate at /tmp/.tmpF1MW61/waterkit/
Release	Run MarcoIeni/release-plz-action@v0.5	2026-02-21T16:18:50.4291665Z [2m2026-02-21T16:18:50.428993Z[0m [32m INFO[0m Getting packaged files for crate at /tmp/.tmpF1MW61/waterkit/
Release	Run MarcoIeni/release-plz-action@v0.5	2026-02-21T16:18:50.4983151Z [2m2026-02-21T16:18:50.498137Z[0m [32m INFO[0m Getting packaged files for crate at /tmp/.tmpF1MW61/waterkit/
Release	Run MarcoIeni/release-plz-action@v0.5	2026-02-21T16:18:50.5677531Z [2m2026-02-21T16:18:50.567591Z[0m [32m INFO[0m Getting packaged files for crate at /tmp/.tmpF1MW61/waterkit/
Release	Run MarcoIeni/release-plz-action@v0.5	2026-02-21T16:18:50.6373100Z [2m2026-02-21T16:18:50.637132Z[0m [32m INFO[0m Getting packaged files for crate at /tmp/.tmpF1MW61/waterkit/
Release	Run MarcoIeni/release-plz-action@v0.5	2026-02-21T16:18:50.7075735Z [2m2026-02-21T16:18:50.707368Z[0m [32m INFO[0m Getting packaged files for crate at /tmp/.tmpF1MW61/waterkit/
Release	Run MarcoIeni/release-plz-action@v0.5	2026-02-21T16:18:50.7769283Z [2m2026-02-21T16:18:50.776770Z[0m [32m INFO[0m Getting packaged files for crate at /tmp/.tmpF1MW61/waterkit/
Release	Run MarcoIeni/release-plz-action@v0.5	2026-02-21T16:18:50.8463510Z [2m2026-02-21T16:18:50.846118Z[0m [32m INFO[0m Getting packaged files for crate at /tmp/.tmpF1MW61/waterkit/
Release	Run MarcoIeni/release-plz-action@v0.5	2026-02-21T16:18:50.9161480Z [2m2026-02-21T16:18:50.915985Z[0m [32m INFO[0m Getting packaged files for crate at /tmp/.tmpF1MW61/waterkit/
Release	Run MarcoIeni/release-plz-action@v0.5	2026-02-21T16:18:50.9855041Z [2m2026-02-21T16:18:50.985338Z[0m [32m INFO[0m Getting packaged files for crate at /tmp/.tmpF1MW61/waterkit/
Release	Run MarcoIeni/release-plz-action@v0.5	2026-02-21T16:18:51.0552814Z [2m2026-02-21T16:18:51.055102Z[0m [32m INFO[0m Getting packaged files for crate at /tmp/.tmpF1MW61/waterkit/
Release	Run MarcoIeni/release-plz-action@v0.5	2026-02-21T16:18:51.1241286Z [2m2026-02-21T16:18:51.123903Z[0m [32m INFO[0m Getting packaged files for crate at /tmp/.tmpF1MW61/waterkit/
Release	Run MarcoIeni/release-plz-action@v0.5	2026-02-21T16:18:51.1930816Z [2m2026-02-21T16:18:51.192900Z[0m [32m INFO[0m Getting packaged files for crate at /tmp/.tmpF1MW61/waterkit/
Release	Run MarcoIeni/release-plz-action@v0.5	2026-02-21T16:18:51.2617865Z [2m2026-02-21T16:18:51.261605Z[0m [32m INFO[0m Getting packaged files for crate at /tmp/.tmpF1MW61/waterkit/
Release	Run MarcoIeni/release-plz-action@v0.5	2026-02-21T16:18:51.3308721Z [2m2026-02-21T16:18:51.330663Z[0m [32m INFO[0m Getting packaged files for crate at /tmp/.tmpF1MW61/waterkit/
Release	Run MarcoIeni/release-plz-action@v0.5	2026-02-21T16:18:51.3996832Z [2m2026-02-21T16:18:51.399515Z[0m [32m INFO[0m Getting packaged files for crate at /tmp/.tmpF1MW61/waterkit/
Release	Run MarcoIeni/release-plz-action@v0.5	2026-02-21T16:18:51.4684011Z [2m2026-02-21T16:18:51.468239Z[0m [32m INFO[0m Getting packaged files for crate at /tmp/.tmpF1MW61/waterkit/
Release	Run MarcoIeni/release-plz-action@v0.5	2026-02-21T16:18:51.5376706Z [2m2026-02-21T16:18:51.537435Z[0m [32m INFO[0m Getting packaged files for crate at /tmp/.tmpF1MW61/waterkit/
Release	Run MarcoIeni/release-plz-action@v0.5	2026-02-21T16:18:51.6065148Z [2m2026-02-21T16:18:51.606350Z[0m [32m INFO[0m Getting packaged files for crate at /tmp/.tmpF1MW61/waterkit/
Release	Run MarcoIeni/release-plz-action@v0.5	2026-02-21T16:18:51.6765783Z [2m2026-02-21T16:18:51.676349Z[0m [32m INFO[0m Getting packaged files for crate at /tmp/.tmpF1MW61/waterkit/
Release	Run MarcoIeni/release-plz-action@v0.5	2026-02-21T16:18:51.7457822Z [2m2026-02-21T16:18:51.745610Z[0m [32m INFO[0m Getting packaged files for crate at /tmp/.tmpF1MW61/waterkit/
Release	Run MarcoIeni/release-plz-action@v0.5	2026-02-21T16:18:51.8159382Z [2m2026-02-21T16:18:51.815754Z[0m [32m INFO[0m Getting packaged files for crate at /tmp/.tmpF1MW61/waterkit/
Release	Run MarcoIeni/release-plz-action@v0.5	2026-02-21T16:18:51.8866439Z [2m2026-02-21T16:18:51.886455Z[0m [32m INFO[0m Getting packaged files for crate at /tmp/.tmpF1MW61/waterkit/
Release	Run MarcoIeni/release-plz-action@v0.5	2026-02-21T16:18:51.9566819Z [2m2026-02-21T16:18:51.956482Z[0m [32m INFO[0m Getting packaged files for crate at /tmp/.tmpF1MW61/waterkit/
Release	Run MarcoIeni/release-plz-action@v0.5	2026-02-21T16:18:52.0267037Z [2m2026-02-21T16:18:52.026474Z[0m [32m INFO[0m Getting packaged files for crate at /tmp/.tmpF1MW61/waterkit/
Release	Run MarcoIeni/release-plz-action@v0.5	2026-02-21T16:18:52.0962018Z [2m2026-02-21T16:18:52.095985Z[0m [32m INFO[0m Getting packaged files for crate at /tmp/.tmpF1MW61/waterkit/
Release	Run MarcoIeni/release-plz-action@v0.5	2026-02-21T16:18:52.1655180Z [2m2026-02-21T16:18:52.165297Z[0m [32m INFO[0m Getting packaged files for crate at /tmp/.tmpF1MW61/waterkit/
Release	Run MarcoIeni/release-plz-action@v0.5	2026-02-21T16:18:52.2342762Z [2m2026-02-21T16:18:52.234103Z[0m [32m INFO[0m Getting packaged files for crate at /tmp/.tmpF1MW61/waterkit/
Release	Run MarcoIeni/release-plz-action@v0.5	2026-02-21T16:18:52.3037792Z [2m2026-02-21T16:18:52.303593Z[0m [32m INFO[0m Getting packaged files for crate at /tmp/.tmpF1MW61/waterkit/
Release	Run MarcoIeni/release-plz-action@v0.5	2026-02-21T16:18:52.3731084Z [2m2026-02-21T16:18:52.372923Z[0m [32m INFO[0m Getting packaged files for crate at /tmp/.tmpF1MW61/waterkit/
Release	Run MarcoIeni/release-plz-action@v0.5	2026-02-21T16:18:52.4420920Z [2m2026-02-21T16:18:52.441898Z[0m [32m INFO[0m Getting packaged files for crate at /tmp/.tmpF1MW61/waterkit/
Release	Run MarcoIeni/release-plz-action@v0.5	2026-02-21T16:18:52.5136488Z [2m2026-02-21T16:18:52.513422Z[0m [32m INFO[0m Getting packaged files for crate at /tmp/.tmpF1MW61/waterkit/
Release	Run MarcoIeni/release-plz-action@v0.5	2026-02-21T16:18:52.5849845Z [2m2026-02-21T16:18:52.584753Z[0m [32m INFO[0m Getting packaged files for crate at /tmp/.tmpF1MW61/waterkit/
Release	Run MarcoIeni/release-plz-action@v0.5	2026-02-21T16:18:52.6590982Z [2m2026-02-21T16:18:52.658851Z[0m [32m INFO[0m Getting packaged files for crate at /tmp/.tmpF1MW61/waterkit/
Release	Run MarcoIeni/release-plz-action@v0.5	2026-02-21T16:18:52.7305742Z [2m2026-02-21T16:18:52.730356Z[0m [32m INFO[0m Getting packaged files for crate at /tmp/.tmpF1MW61/waterkit/
Release	Run MarcoIeni/release-plz-action@v0.5	2026-02-21T16:18:52.8034678Z [2m2026-02-21T16:18:52.803237Z[0m [32m INFO[0m Getting packaged files for crate at /tmp/.tmpF1MW61/waterkit/
Release	Run MarcoIeni/release-plz-action@v0.5	2026-02-21T16:18:52.8761531Z [2m2026-02-21T16:18:52.875972Z[0m [32m INFO[0m Getting packaged files for crate at /tmp/.tmpF1MW61/waterkit/
Release	Run MarcoIeni/release-plz-action@v0.5	2026-02-21T16:18:52.9476720Z [2m2026-02-21T16:18:52.947492Z[0m [32m INFO[0m Getting packaged files for crate at /tmp/.tmpF1MW61/waterkit/
Release	Run MarcoIeni/release-plz-action@v0.5	2026-02-21T16:18:53.0198987Z [2m2026-02-21T16:18:53.019662Z[0m [32m INFO[0m Getting packaged files for crate at /tmp/.tmpF1MW61/waterkit/
Release	Run MarcoIeni/release-plz-action@v0.5	2026-02-21T16:18:53.0910033Z [2m2026-02-21T16:18:53.090774Z[0m [32m INFO[0m Getting packaged files for crate at /tmp/.tmpF1MW61/waterkit/
Release	Run MarcoIeni/release-plz-action@v0.5	2026-02-21T16:18:53.1613924Z [2m2026-02-21T16:18:53.161155Z[0m [32m INFO[0m Getting packaged files for crate at /tmp/.tmpF1MW61/waterkit/
Release	Run MarcoIeni/release-plz-action@v0.5	2026-02-21T16:18:53.2192101Z [2m2026-02-21T16:18:53.219008Z[0m [32m INFO[0m Getting packaged files for crate at /tmp/.tmpF1MW61/waterkit/
Release	Run MarcoIeni/release-plz-action@v0.5	2026-02-21T16:18:53.2772837Z [2m2026-02-21T16:18:53.277080Z[0m [32m INFO[0m Getting packaged files for crate at /tmp/.tmpF1MW61/waterkit/
Release	Run MarcoIeni/release-plz-action@v0.5	2026-02-21T16:18:53.3355127Z [2m2026-02-21T16:18:53.335278Z[0m [32m INFO[0m Getting packaged files for crate at /tmp/.tmpF1MW61/waterkit/
Release	Run MarcoIeni/release-plz-action@v0.5	2026-02-21T16:18:53.3965022Z [2m2026-02-21T16:18:53.396317Z[0m [32m INFO[0m Getting packaged files for crate at /tmp/.tmpF1MW61/waterkit/
Release	Run MarcoIeni/release-plz-action@v0.5	2026-02-21T16:18:53.4558813Z [2m2026-02-21T16:18:53.455689Z[0m [32m INFO[0m Getting packaged files for crate at /tmp/.tmpF1MW61/waterkit/
Release	Run MarcoIeni/release-plz-action@v0.5	2026-02-21T16:18:53.5159346Z [2m2026-02-21T16:18:53.515732Z[0m [32m INFO[0m Getting packaged files for crate at /tmp/.tmpF1MW61/waterkit/
Release	Run MarcoIeni/release-plz-action@v0.5	2026-02-21T16:18:53.5759277Z [2m2026-02-21T16:18:53.575764Z[0m [32m INFO[0m Getting packaged files for crate at /tmp/.tmpF1MW61/waterkit/
Release	Run MarcoIeni/release-plz-action@v0.5	2026-02-21T16:18:53.6362415Z [2m2026-02-21T16:18:53.636066Z[0m [32m INFO[0m Getting packaged files for crate at /tmp/.tmpF1MW61/waterkit/
Release	Run MarcoIeni/release-plz-action@v0.5	2026-02-21T16:18:53.6954563Z [2m2026-02-21T16:18:53.695250Z[0m [32m INFO[0m Getting packaged files for crate at /tmp/.tmpF1MW61/waterkit/
Release	Run MarcoIeni/release-plz-action@v0.5	2026-02-21T16:18:53.7558739Z [2m2026-02-21T16:18:53.755708Z[0m [32m INFO[0m Getting packaged files for crate at /tmp/.tmpF1MW61/waterkit/
Release	Run MarcoIeni/release-plz-action@v0.5	2026-02-21T16:18:53.8172955Z [2m2026-02-21T16:18:53.817101Z[0m [32m INFO[0m Getting packaged files for crate at /tmp/.tmpF1MW61/waterkit/
Release	Run MarcoIeni/release-plz-action@v0.5	2026-02-21T16:18:53.8781864Z [2m2026-02-21T16:18:53.878050Z[0m [32m INFO[0m Getting packaged files for crate at /tmp/.tmpF1MW61/waterkit/
Release	Run MarcoIeni/release-plz-action@v0.5	2026-02-21T16:18:53.9390931Z [2m2026-02-21T16:18:53.938931Z[0m [32m INFO[0m Getting packaged files for crate at /tmp/.tmpF1MW61/waterkit/
Release	Run MarcoIeni/release-plz-action@v0.5	2026-02-21T16:18:53.9983442Z [2m2026-02-21T16:18:53.998178Z[0m [32m INFO[0m Getting packaged files for crate at /tmp/.tmpF1MW61/waterkit/
Release	Run MarcoIeni/release-plz-action@v0.5	2026-02-21T16:18:54.0596309Z [2m2026-02-21T16:18:54.059410Z[0m [32m INFO[0m Getting packaged files for crate at /tmp/.tmpF1MW61/waterkit/
Release	Run MarcoIeni/release-plz-action@v0.5	2026-02-21T16:18:54.1189248Z [2m2026-02-21T16:18:54.118713Z[0m [32m INFO[0m Getting packaged files for crate at /tmp/.tmpF1MW61/waterkit/
Release	Run MarcoIeni/release-plz-action@v0.5	2026-02-21T16:18:54.1773351Z [2m2026-02-21T16:18:54.177159Z[0m [32m INFO[0m Getting packaged files for crate at /tmp/.tmpF1MW61/waterkit/
Release	Run MarcoIeni/release-plz-action@v0.5	2026-02-21T16:18:54.2354444Z [2m2026-02-21T16:18:54.235256Z[0m [32m INFO[0m Getting packaged files for crate at /tmp/.tmpF1MW61/waterkit/
Release	Run MarcoIeni/release-plz-action@v0.5	2026-02-21T16:18:54.2942277Z [2m2026-02-21T16:18:54.294068Z[0m [32m INFO[0m Getting packaged files for crate at /tmp/.tmpF1MW61/waterkit/
Release	Run MarcoIeni/release-plz-action@v0.5	2026-02-21T16:18:54.3535125Z [2m2026-02-21T16:18:54.353330Z[0m [32m INFO[0m Getting packaged files for crate at /tmp/.tmpF1MW61/waterkit/
Release	Run MarcoIeni/release-plz-action@v0.5	2026-02-21T16:18:54.4157914Z [2m2026-02-21T16:18:54.415646Z[0m [32m INFO[0m Getting packaged files for crate at /tmp/.tmpF1MW61/waterkit/
Release	Run MarcoIeni/release-plz-action@v0.5	2026-02-21T16:18:54.4751330Z [2m2026-02-21T16:18:54.474979Z[0m [32m INFO[0m Getting packaged files for crate at /tmp/.tmpF1MW61/waterkit/
Release	Run MarcoIeni/release-plz-action@v0.5	2026-02-21T16:18:54.5348307Z [2m2026-02-21T16:18:54.534652Z[0m [32m INFO[0m Getting packaged files for crate at /tmp/.tmpF1MW61/waterkit/
Release	Run MarcoIeni/release-plz-action@v0.5	2026-02-21T16:18:54.5951398Z [2m2026-02-21T16:18:54.594972Z[0m [32m INFO[0m Getting packaged files for crate at /tmp/.tmpF1MW61/waterkit/
Release	Run MarcoIeni/release-plz-action@v0.5	2026-02-21T16:18:54.6545076Z [2m2026-02-21T16:18:54.654316Z[0m [32m INFO[0m Getting packaged files for crate at /tmp/.tmpF1MW61/waterkit/
Release	Run MarcoIeni/release-plz-action@v0.5	2026-02-21T16:18:54.7142537Z [2m2026-02-21T16:18:54.714087Z[0m [32m INFO[0m Getting packaged files for crate at /tmp/.tmpF1MW61/waterkit/
Release	Run MarcoIeni/release-plz-action@v0.5	2026-02-21T16:18:54.7734533Z [2m2026-02-21T16:18:54.773255Z[0m [32m INFO[0m Getting packaged files for crate at /tmp/.tmpF1MW61/waterkit/
Release	Run MarcoIeni/release-plz-action@v0.5	2026-02-21T16:18:54.8347767Z [2m2026-02-21T16:18:54.834567Z[0m [32m INFO[0m Getting packaged files for crate at /tmp/.tmpF1MW61/waterkit/
Release	Run MarcoIeni/release-plz-action@v0.5	2026-02-21T16:18:54.8953766Z [2m2026-02-21T16:18:54.895190Z[0m [32m INFO[0m Getting packaged files for crate at /tmp/.tmpF1MW61/waterkit/
Release	Run MarcoIeni/release-plz-action@v0.5	2026-02-21T16:18:54.9542939Z [2m2026-02-21T16:18:54.954101Z[0m [32m INFO[0m Getting packaged files for crate at /tmp/.tmpF1MW61/waterkit/
Release	Run MarcoIeni/release-plz-action@v0.5	2026-02-21T16:18:55.0133639Z [2m2026-02-21T16:18:55.013158Z[0m [32m INFO[0m Getting packaged files for crate at /tmp/.tmpF1MW61/waterkit/
Release	Run MarcoIeni/release-plz-action@v0.5	2026-02-21T16:18:55.0718807Z [2m2026-02-21T16:18:55.071665Z[0m [32m INFO[0m Getting packaged files for crate at /tmp/.tmpF1MW61/waterkit/
Release	Run MarcoIeni/release-plz-action@v0.5	2026-02-21T16:18:55.1316200Z [2m2026-02-21T16:18:55.131423Z[0m [32m INFO[0m Getting packaged files for crate at /tmp/.tmpF1MW61/waterkit/
Release	Run MarcoIeni/release-plz-action@v0.5	2026-02-21T16:18:55.1892788Z [2m2026-02-21T16:18:55.189078Z[0m [32m INFO[0m Getting packaged files for crate at /tmp/.tmpF1MW61/waterkit/
Release	Run MarcoIeni/release-plz-action@v0.5	2026-02-21T16:18:55.2465683Z [2m2026-02-21T16:18:55.246380Z[0m [32m INFO[0m Getting packaged files for crate at /tmp/.tmpF1MW61/waterkit/
Release	Run MarcoIeni/release-plz-action@v0.5	2026-02-21T16:18:55.3054080Z [2m2026-02-21T16:18:55.305251Z[0m [32m INFO[0m Getting packaged files for crate at /tmp/.tmpF1MW61/waterkit/
Release	Run MarcoIeni/release-plz-action@v0.5	2026-02-21T16:18:55.3738905Z [2m2026-02-21T16:18:55.373753Z[0m [32m INFO[0m Getting packaged files for crate at /tmp/.tmpF1MW61/waterkit/
Release	Run MarcoIeni/release-plz-action@v0.5	2026-02-21T16:18:55.4430743Z [2m2026-02-21T16:18:55.442916Z[0m [32m INFO[0m Getting packaged files for crate at /tmp/.tmpF1MW61/waterkit/
Release	Run MarcoIeni/release-plz-action@v0.5	2026-02-21T16:18:55.5137235Z [2m2026-02-21T16:18:55.513505Z[0m [32m INFO[0m Getting packaged files for crate at /tmp/.tmpF1MW61/waterkit/
Release	Run MarcoIeni/release-plz-action@v0.5	2026-02-21T16:18:55.5824547Z [2m2026-02-21T16:18:55.582293Z[0m [32m INFO[0m Getting packaged files for crate at /tmp/.tmpF1MW61/waterkit/
Release	Run MarcoIeni/release-plz-action@v0.5	2026-02-21T16:18:55.6529199Z [2m2026-02-21T16:18:55.652713Z[0m [32m INFO[0m Getting packaged files for crate at /tmp/.tmpF1MW61/waterkit/
Release	Run MarcoIeni/release-plz-action@v0.5	2026-02-21T16:18:55.7217426Z [2m2026-02-21T16:18:55.721572Z[0m [32m INFO[0m Getting packaged files for crate at /tmp/.tmpF1MW61/waterkit/
Release	Run MarcoIeni/release-plz-action@v0.5	2026-02-21T16:18:55.7807269Z [2m2026-02-21T16:18:55.780555Z[0m [32m INFO[0m Getting packaged files for crate at /tmp/.tmpF1MW61/waterkit/
Release	Run MarcoIeni/release-plz-action@v0.5	2026-02-21T16:18:55.8474905Z [2m2026-02-21T16:18:55.847296Z[0m [32m INFO[0m Getting packaged files for crate at /tmp/.tmpF1MW61/waterkit/
Release	Run MarcoIeni/release-plz-action@v0.5	2026-02-21T16:18:55.9132327Z [2m2026-02-21T16:18:55.913022Z[0m [32m INFO[0m Getting packaged files for crate at /tmp/.tmpF1MW61/waterkit/
Release	Run MarcoIeni/release-plz-action@v0.5	2026-02-21T16:18:55.9735413Z [2m2026-02-21T16:18:55.973328Z[0m [32m INFO[0m Getting packaged files for crate at /tmp/.tmpF1MW61/waterkit/
Release	Run MarcoIeni/release-plz-action@v0.5	2026-02-21T16:18:56.0336737Z [2m2026-02-21T16:18:56.033459Z[0m [32m INFO[0m Getting packaged files for crate at /tmp/.tmpF1MW61/waterkit/
Release	Run MarcoIeni/release-plz-action@v0.5	2026-02-21T16:18:56.0925816Z [2m2026-02-21T16:18:56.092322Z[0m [32m INFO[0m Getting packaged files for crate at /tmp/.tmpF1MW61/waterkit/
Release	Run MarcoIeni/release-plz-action@v0.5	2026-02-21T16:18:56.1518523Z [2m2026-02-21T16:18:56.151617Z[0m [32m INFO[0m Getting packaged files for crate at /tmp/.tmpF1MW61/waterkit/
Release	Run MarcoIeni/release-plz-action@v0.5	2026-02-21T16:18:56.2211890Z [2m2026-02-21T16:18:56.220994Z[0m [32m INFO[0m Getting packaged files for crate at /tmp/.tmpF1MW61/waterkit/
Release	Run MarcoIeni/release-plz-action@v0.5	2026-02-21T16:18:56.2802240Z [2m2026-02-21T16:18:56.280055Z[0m [32m INFO[0m Getting packaged files for crate at /tmp/.tmpF1MW61/waterkit/
Release	Run MarcoIeni/release-plz-action@v0.5	2026-02-21T16:18:56.3384892Z [2m2026-02-21T16:18:56.338313Z[0m [32m INFO[0m Getting packaged files for crate at /tmp/.tmpF1MW61/waterkit/
Release	Run MarcoIeni/release-plz-action@v0.5	2026-02-21T16:18:56.3974723Z [2m2026-02-21T16:18:56.397303Z[0m [32m INFO[0m Getting packaged files for crate at /tmp/.tmpF1MW61/waterkit/
Release	Run MarcoIeni/release-plz-action@v0.5	2026-02-21T16:18:56.4543215Z [2m2026-02-21T16:18:56.454151Z[0m [32m INFO[0m Getting packaged files for crate at /tmp/.tmpF1MW61/waterkit/
Release	Run MarcoIeni/release-plz-action@v0.5	2026-02-21T16:18:56.5139775Z [2m2026-02-21T16:18:56.511683Z[0m [32m INFO[0m Getting packaged files for crate at /tmp/.tmpF1MW61/waterkit/
Release	Run MarcoIeni/release-plz-action@v0.5	2026-02-21T16:18:56.5691492Z [2m2026-02-21T16:18:56.568984Z[0m [32m INFO[0m Getting packaged files for crate at /tmp/.tmpF1MW61/waterkit/
Release	Run MarcoIeni/release-plz-action@v0.5	2026-02-21T16:18:56.6271435Z [2m2026-02-21T16:18:56.626959Z[0m [32m INFO[0m Getting packaged files for crate at /tmp/.tmpF1MW61/waterkit/
Release	Run MarcoIeni/release-plz-action@v0.5	2026-02-21T16:18:56.6858126Z [2m2026-02-21T16:18:56.685609Z[0m [32m INFO[0m Getting packaged files for crate at /tmp/.tmpF1MW61/waterkit/
Release	Run MarcoIeni/release-plz-action@v0.5	2026-02-21T16:18:56.7438679Z [2m2026-02-21T16:18:56.743654Z[0m [32m INFO[0m Getting packaged files for crate at /tmp/.tmpF1MW61/waterkit/
Release	Run MarcoIeni/release-plz-action@v0.5	2026-02-21T16:18:56.8021423Z [2m2026-02-21T16:18:56.801951Z[0m [32m INFO[0m Getting packaged files for crate at /tmp/.tmpF1MW61/waterkit/
Release	Run MarcoIeni/release-plz-action@v0.5	2026-02-21T16:18:56.8601763Z [2m2026-02-21T16:18:56.859992Z[0m [32m INFO[0m Getting packaged files for crate at /tmp/.tmpF1MW61/waterkit/
Release	Run MarcoIeni/release-plz-action@v0.5	2026-02-21T16:18:56.9207736Z [2m2026-02-21T16:18:56.920532Z[0m [32m INFO[0m Getting packaged files for crate at /tmp/.tmpF1MW61/waterkit/
Release	Run MarcoIeni/release-plz-action@v0.5	2026-02-21T16:18:56.9859408Z [2m2026-02-21T16:18:56.985761Z[0m [32m INFO[0m Getting packaged files for crate at /tmp/.tmpF1MW61/waterkit/
Release	Run MarcoIeni/release-plz-action@v0.5	2026-02-21T16:18:57.0502160Z [2m2026-02-21T16:18:57.049990Z[0m [32m INFO[0m Getting packaged files for crate at /tmp/.tmpF1MW61/waterkit/
Release	Run MarcoIeni/release-plz-action@v0.5	2026-02-21T16:18:57.1151052Z [2m2026-02-21T16:18:57.114868Z[0m [32m INFO[0m Getting packaged files for crate at /tmp/.tmpF1MW61/waterkit/
Release	Run MarcoIeni/release-plz-action@v0.5	2026-02-21T16:18:57.1817017Z [2m2026-02-21T16:18:57.181451Z[0m [32m INFO[0m Getting packaged files for crate at /tmp/.tmpF1MW61/waterkit/
Release	Run MarcoIeni/release-plz-action@v0.5	2026-02-21T16:18:57.2413782Z [2m2026-02-21T16:18:57.241143Z[0m [32m INFO[0m Getting packaged files for crate at /tmp/.tmpF1MW61/waterkit/
Release	Run MarcoIeni/release-plz-action@v0.5	2026-02-21T16:18:57.2999515Z [2m2026-02-21T16:18:57.299721Z[0m [32m INFO[0m Getting packaged files for crate at /tmp/.tmpF1MW61/waterkit/
Release	Run MarcoIeni/release-plz-action@v0.5	2026-02-21T16:18:57.3586249Z [2m2026-02-21T16:18:57.358378Z[0m [32m INFO[0m Getting packaged files for crate at /tmp/.tmpF1MW61/waterkit/
Release	Run MarcoIeni/release-plz-action@v0.5	2026-02-21T16:18:57.4219284Z [2m2026-02-21T16:18:57.421755Z[0m [32m INFO[0m Getting packaged files for crate at /tmp/.tmpF1MW61/waterkit/
Release	Run MarcoIeni/release-plz-action@v0.5	2026-02-21T16:18:57.4847669Z [2m2026-02-21T16:18:57.484602Z[0m [32m INFO[0m Getting packaged files for crate at /tmp/.tmpF1MW61/waterkit/
Release	Run MarcoIeni/release-plz-action@v0.5	2026-02-21T16:18:57.5466566Z [2m2026-02-21T16:18:57.546463Z[0m [32m INFO[0m Getting packaged files for crate at /tmp/.tmpF1MW61/waterkit/
Release	Run MarcoIeni/release-plz-action@v0.5	2026-02-21T16:18:57.6087682Z [2m2026-02-21T16:18:57.608598Z[0m [32m INFO[0m Getting packaged files for crate at /tmp/.tmpF1MW61/waterkit/
Release	Run MarcoIeni/release-plz-action@v0.5	2026-02-21T16:18:57.6720216Z [2m2026-02-21T16:18:57.671830Z[0m [32m INFO[0m Getting packaged files for crate at /tmp/.tmpF1MW61/waterkit/
Release	Run MarcoIeni/release-plz-action@v0.5	2026-02-21T16:18:57.7345583Z [2m2026-02-21T16:18:57.734308Z[0m [32m INFO[0m Getting packaged files for crate at /tmp/.tmpF1MW61/waterkit/
Release	Run MarcoIeni/release-plz-action@v0.5	2026-02-21T16:18:57.7967106Z [2m2026-02-21T16:18:57.796540Z[0m [32m INFO[0m Getting packaged files for crate at /tmp/.tmpF1MW61/waterkit/
Release	Run MarcoIeni/release-plz-action@v0.5	2026-02-21T16:18:57.8580148Z [2m2026-02-21T16:18:57.857811Z[0m [32m INFO[0m Getting packaged files for crate at /tmp/.tmpF1MW61/waterkit/
Release	Run MarcoIeni/release-plz-action@v0.5	2026-02-21T16:18:57.9195476Z [2m2026-02-21T16:18:57.919349Z[0m [32m INFO[0m Getting packaged files for crate at /tmp/.tmpF1MW61/waterkit/
Release	Run MarcoIeni/release-plz-action@v0.5	2026-02-21T16:18:57.9806723Z [2m2026-02-21T16:18:57.980473Z[0m [32m INFO[0m Getting packaged files for crate at /tmp/.tmpF1MW61/waterkit/
Release	Run MarcoIeni/release-plz-action@v0.5	2026-02-21T16:18:58.0416443Z [2m2026-02-21T16:18:58.041470Z[0m [32m INFO[0m Getting packaged files for crate at /tmp/.tmpF1MW61/waterkit/
Release	Run MarcoIeni/release-plz-action@v0.5	2026-02-21T16:18:58.1035740Z [2m2026-02-21T16:18:58.103344Z[0m [32m INFO[0m Getting packaged files for crate at /tmp/.tmpF1MW61/waterkit/
Release	Run MarcoIeni/release-plz-action@v0.5	2026-02-21T16:18:58.1644775Z [2m2026-02-21T16:18:58.164265Z[0m [32m INFO[0m Getting packaged files for crate at /tmp/.tmpF1MW61/waterkit/
Release	Run MarcoIeni/release-plz-action@v0.5	2026-02-21T16:18:58.2262778Z [2m2026-02-21T16:18:58.226118Z[0m [32m INFO[0m Getting packaged files for crate at /tmp/.tmpF1MW61/waterkit/
Release	Run MarcoIeni/release-plz-action@v0.5	2026-02-21T16:18:58.2863748Z [2m2026-02-21T16:18:58.286186Z[0m [32m INFO[0m Getting packaged files for crate at /tmp/.tmpF1MW61/waterkit/
Release	Run MarcoIeni/release-plz-action@v0.5	2026-02-21T16:18:58.3464004Z [2m2026-02-21T16:18:58.346208Z[0m [32m INFO[0m Getting packaged files for crate at /tmp/.tmpF1MW61/waterkit/
Release	Run MarcoIeni/release-plz-action@v0.5	2026-02-21T16:18:58.4065676Z [2m2026-02-21T16:18:58.406337Z[0m [32m INFO[0m Getting packaged files for crate at /tmp/.tmpF1MW61/waterkit/
Release	Run MarcoIeni/release-plz-action@v0.5	2026-02-21T16:18:58.4669661Z [2m2026-02-21T16:18:58.466773Z[0m [32m INFO[0m Getting packaged files for crate at /tmp/.tmpF1MW61/waterkit/
Release	Run MarcoIeni/release-plz-action@v0.5	2026-02-21T16:18:58.6460038Z [2m2026-02-21T16:18:58.645835Z[0m [32m INFO[0m Checking API compatibility with cargo-semver-checks...
Release	Run MarcoIeni/release-plz-action@v0.5	2026-02-21T16:19:15.5467756Z [2m2026-02-21T16:19:15.546539Z[0m [32m INFO[0m waterkit-build: next version is 0.1.1 (✓ API compatible changes)
Release	Run MarcoIeni/release-plz-action@v0.5	2026-02-21T16:19:15.5491761Z [2m2026-02-21T16:19:15.549049Z[0m [32m INFO[0m waterkit-dialog: next version is 0.1.1
Release	Run MarcoIeni/release-plz-action@v0.5	2026-02-21T16:19:15.5526195Z [2m2026-02-21T16:19:15.552475Z[0m [32m INFO[0m waterkit-permission: next version is 0.1.1
Release	Run MarcoIeni/release-plz-action@v0.5	2026-02-21T16:19:15.5560230Z [2m2026-02-21T16:19:15.555895Z[0m [32m INFO[0m waterkit-location: next version is 0.1.1
Release	Run MarcoIeni/release-plz-action@v0.5	2026-02-21T16:19:15.5597533Z [2m2026-02-21T16:19:15.559628Z[0m [32m INFO[0m waterkit-audio: next version is 0.1.1
Release	Run MarcoIeni/release-plz-action@v0.5	2026-02-21T16:19:15.5642734Z [2m2026-02-21T16:19:15.564143Z[0m [32m INFO[0m waterkit-background: next version is 0.1.1
Release	Run MarcoIeni/release-plz-action@v0.5	2026-02-21T16:19:15.5666695Z [2m2026-02-21T16:19:15.566541Z[0m [32m INFO[0m waterkit-biometric: next version is 0.1.1
Release	Run MarcoIeni/release-plz-action@v0.5	2026-02-21T16:19:15.5699490Z [2m2026-02-21T16:19:15.569820Z[0m [32m INFO[0m waterkit-bluetooth: next version is 0.1.1
Release	Run MarcoIeni/release-plz-action@v0.5	2026-02-21T16:19:15.5725417Z [2m2026-02-21T16:19:15.572393Z[0m [32m INFO[0m waterkit-calendar: next version is 0.1.1
Release	Run MarcoIeni/release-plz-action@v0.5	2026-02-21T16:19:15.5746193Z [2m2026-02-21T16:19:15.574496Z[0m [32m INFO[0m waterkit-codec: next version is 0.1.1
Release	Run MarcoIeni/release-plz-action@v0.5	2026-02-21T16:19:15.5782882Z [2m2026-02-21T16:19:15.578161Z[0m [32m INFO[0m waterkit-camera: next version is 0.1.1
Release	Run MarcoIeni/release-plz-action@v0.5	2026-02-21T16:19:15.5821091Z [2m2026-02-21T16:19:15.581978Z[0m [32m INFO[0m waterkit-clipboard: next version is 0.1.1
Release	Run MarcoIeni/release-plz-action@v0.5	2026-02-21T16:19:15.5851486Z [2m2026-02-21T16:19:15.585019Z[0m [32m INFO[0m waterkit-contacts: next version is 0.1.1
Release	Run MarcoIeni/release-plz-action@v0.5	2026-02-21T16:19:15.5872358Z [2m2026-02-21T16:19:15.587109Z[0m [32m INFO[0m waterkit-deeplink: next version is 0.1.1
Release	Run MarcoIeni/release-plz-action@v0.5	2026-02-21T16:19:15.5897553Z [2m2026-02-21T16:19:15.589633Z[0m [32m INFO[0m waterkit-fs: next version is 0.1.1
Release	Run MarcoIeni/release-plz-action@v0.5	2026-02-21T16:19:15.5925430Z [2m2026-02-21T16:19:15.592395Z[0m [32m INFO[0m waterkit-haptic: next version is 0.1.1
Release	Run MarcoIeni/release-plz-action@v0.5	2026-02-21T16:19:15.5956238Z [2m2026-02-21T16:19:15.595473Z[0m [32m INFO[0m waterkit-health: next version is 0.1.1
Release	Run MarcoIeni/release-plz-action@v0.5	2026-02-21T16:19:15.5978721Z [2m2026-02-21T16:19:15.597749Z[0m [32m INFO[0m waterkit-nfc: next version is 0.1.1
Release	Run MarcoIeni/release-plz-action@v0.5	2026-02-21T16:19:15.6003399Z [2m2026-02-21T16:19:15.600200Z[0m [32m INFO[0m waterkit-notification: next version is 0.1.1
Release	Run MarcoIeni/release-plz-action@v0.5	2026-02-21T16:19:15.6032469Z [2m2026-02-21T16:19:15.603119Z[0m [32m INFO[0m waterkit-passkey: next version is 0.1.1
Release	Run MarcoIeni/release-plz-action@v0.5	2026-02-21T16:19:15.6056345Z [2m2026-02-21T16:19:15.605506Z[0m [32m INFO[0m waterkit-screen: next version is 0.1.1
Release	Run MarcoIeni/release-plz-action@v0.5	2026-02-21T16:19:15.6095636Z [2m2026-02-21T16:19:15.609418Z[0m [32m INFO[0m waterkit-secret: next version is 0.1.1
Release	Run MarcoIeni/release-plz-action@v0.5	2026-02-21T16:19:15.6123241Z [2m2026-02-21T16:19:15.612199Z[0m [32m INFO[0m waterkit-sensor: next version is 0.1.1
Release	Run MarcoIeni/release-plz-action@v0.5	2026-02-21T16:19:15.6158556Z [2m2026-02-21T16:19:15.615730Z[0m [32m INFO[0m waterkit-share: next version is 0.1.1
Release	Run MarcoIeni/release-plz-action@v0.5	2026-02-21T16:19:15.6180649Z [2m2026-02-21T16:19:15.617936Z[0m [32m INFO[0m waterkit-speech: next version is 0.1.1
Release	Run MarcoIeni/release-plz-action@v0.5	2026-02-21T16:19:15.6204305Z [2m2026-02-21T16:19:15.620305Z[0m [32m INFO[0m waterkit-system: next version is 0.1.1
Release	Run MarcoIeni/release-plz-action@v0.5	2026-02-21T16:19:15.6235442Z [2m2026-02-21T16:19:15.623398Z[0m [32m INFO[0m waterkit-video: next version is 0.1.1
Release	Run MarcoIeni/release-plz-action@v0.5	2026-02-21T16:19:15.6262963Z [2m2026-02-21T16:19:15.626176Z[0m [32m INFO[0m waterkit: next version is 0.1.0
Release	Run MarcoIeni/release-plz-action@v0.5	2026-02-21T16:19:21.0819699Z [2m2026-02-21T16:19:21.081742Z[0m [32m INFO[0m updated pr https://github.com/water-rs/waterkit/pull/18
Release	Run MarcoIeni/release-plz-action@v0.5	2026-02-21T16:19:21.1645133Z release_pr_output: {"prs":[{"base_branch":"main","head_branch":"release-plz-2026-02-20T19-58-35Z","html_url":"https://github.com/water-rs/waterkit/pull/18","number":18,"releases":[{"package_name":"waterkit-build","version":"0.1.1"},{"package_name":"waterkit-dialog","version":"0.1.1"},{"package_name":"waterkit-permission","version":"0.1.1"},{"package_name":"waterkit-location","version":"0.1.1"},{"package_name":"waterkit-audio","version":"0.1.1"},{"package_name":"waterkit-background","version":"0.1.1"},{"package_name":"waterkit-biometric","version":"0.1.1"},{"package_name":"waterkit-bluetooth","version":"0.1.1"},{"package_name":"waterkit-calendar","version":"0.1.1"},{"package_name":"waterkit-codec","version":"0.1.1"},{"package_name":"waterkit-camera","version":"0.1.1"},{"package_name":"waterkit-clipboard","version":"0.1.1"},{"package_name":"waterkit-contacts","version":"0.1.1"},{"package_name":"waterkit-deeplink","version":"0.1.1"},{"package_name":"waterkit-fs","version":"0.1.1"},{"package_name":"waterkit-haptic","version":"0.1.1"},{"package_name":"waterkit-health","version":"0.1.1"},{"package_name":"waterkit-nfc","version":"0.1.1"},{"package_name":"waterkit-notification","version":"0.1.1"},{"package_name":"waterkit-passkey","version":"0.1.1"},{"package_name":"waterkit-screen","version":"0.1.1"},{"package_name":"waterkit-secret","version":"0.1.1"},{"package_name":"waterkit-sensor","version":"0.1.1"},{"package_name":"waterkit-share","version":"0.1.1"},{"package_name":"waterkit-speech","version":"0.1.1"},{"package_name":"waterkit-system","version":"0.1.1"},{"package_name":"waterkit-video","version":"0.1.1"},{"package_name":"waterkit","version":"0.1.0"}]}]}
Release	Run MarcoIeni/release-plz-action@v0.5	2026-02-21T16:19:21.1733234Z -- Running release-plz release --
Release	Run MarcoIeni/release-plz-action@v0.5	2026-02-21T16:19:21.2366305Z [2m2026-02-21T16:19:21.236440Z[0m [32m INFO[0m using release-plz config file release-plz.toml
Release	Run MarcoIeni/release-plz-action@v0.5	2026-02-21T16:19:21.4518536Z [2m2026-02-21T16:19:21.451679Z[0m [32m INFO[0m waterkit-build 0.1.0: Already published - Tag waterkit-build-v0.1.0 already exists
Release	Run MarcoIeni/release-plz-action@v0.5	2026-02-21T16:19:58.4651243Z [2m2026-02-21T16:19:58.464897Z[0m [32m INFO[0m published waterkit-dialog 0.1.0
Release	Run MarcoIeni/release-plz-action@v0.5	2026-02-21T16:20:17.7819496Z [2m2026-02-21T16:20:17.781747Z[0m [32m INFO[0m published waterkit-permission 0.1.0
Release	Run MarcoIeni/release-plz-action@v0.5	2026-02-21T16:20:27.0695726Z [2m2026-02-21T16:20:27.069349Z[0m [32m INFO[0m published waterkit-location 0.1.0
Release	Run MarcoIeni/release-plz-action@v0.5	2026-02-21T16:21:17.3955853Z [2m2026-02-21T16:21:17.395339Z[0m [32m INFO[0m published waterkit-audio 0.1.0
Release	Run MarcoIeni/release-plz-action@v0.5	2026-02-21T16:21:17.3976570Z [2m2026-02-21T16:21:17.397458Z[0m [33m WARN[0m waterkit-background: failed to parse changelog at path "/home/runner/work/waterkit/waterkit/background/CHANGELOG.md": can't read changelog file
Release	Run MarcoIeni/release-plz-action@v0.5	2026-02-21T16:21:17.3977347Z 
Release	Run MarcoIeni/release-plz-action@v0.5	2026-02-21T16:21:17.3977421Z Caused by:
Release	Run MarcoIeni/release-plz-action@v0.5	2026-02-21T16:21:17.3978041Z     failed to open file `/home/runner/work/waterkit/waterkit/background/CHANGELOG.md`: No such file or directory (os error 2). The git release body will be empty.
Release	Run MarcoIeni/release-plz-action@v0.5	2026-02-21T16:21:26.2782459Z [2m2026-02-21T16:21:26.278033Z[0m [32m INFO[0m published waterkit-background 0.1.0
Release	Run MarcoIeni/release-plz-action@v0.5	2026-02-21T16:21:28.9269425Z [2m2026-02-21T16:21:28.926635Z[0m [31mERROR[0m failed to release package
Release	Run MarcoIeni/release-plz-action@v0.5	2026-02-21T16:21:28.9270233Z 
Release	Run MarcoIeni/release-plz-action@v0.5	2026-02-21T16:21:28.9270454Z Caused by:
Release	Run MarcoIeni/release-plz-action@v0.5	2026-02-21T16:21:28.9271144Z     failed to publish waterkit-biometric: \x1b[1m\x1b[92m    Updating\x1b[0m crates.io index
Release	Run MarcoIeni/release-plz-action@v0.5	2026-02-21T16:21:28.9272144Z     \x1b[1m\x1b[92m   Packaging\x1b[0m waterkit-biometric v0.1.0 (/home/runner/work/waterkit/waterkit/biometric)
Release	Run MarcoIeni/release-plz-action@v0.5	2026-02-21T16:21:28.9272693Z     \x1b[1m\x1b[92m    Updating\x1b[0m crates.io index
Release	Run MarcoIeni/release-plz-action@v0.5	2026-02-21T16:21:28.9273072Z     \x1b[1m\x1b[92m    Packaged\x1b[0m 15 files, 75.3KiB (20.8KiB compressed)
Release	Run MarcoIeni/release-plz-action@v0.5	2026-02-21T16:21:28.9273614Z     \x1b[1m\x1b[92m   Verifying\x1b[0m waterkit-biometric v0.1.0 (/home/runner/work/waterkit/waterkit/biometric)
Release	Run MarcoIeni/release-plz-action@v0.5	2026-02-21T16:21:28.9274426Z     \x1b[1m\x1b[92m   Compiling\x1b[0m waterkit-biometric v0.1.0 (/home/runner/work/waterkit/waterkit/target/package/waterkit-biometric-0.1.0)
Release	Run MarcoIeni/release-plz-action@v0.5	2026-02-21T16:21:28.9275596Z     \x1b[1m\x1b[92m   Compiling\x1b[0m tokio-macros v2.6.0
Release	Run MarcoIeni/release-plz-action@v0.5	2026-02-21T16:21:28.9275924Z     \x1b[1m\x1b[92m   Compiling\x1b[0m tokio v1.49.0
Release	Run MarcoIeni/release-plz-action@v0.5	2026-02-21T16:21:28.9276357Z     \x1b[1m\x1b[92m    Finished\x1b[0m `dev` profile [unoptimized + debuginfo] target(s) in 2.41s
Release	Run MarcoIeni/release-plz-action@v0.5	2026-02-21T16:21:28.9276968Z     \x1b[1m\x1b[92m   Uploading\x1b[0m waterkit-biometric v0.1.0 (/home/runner/work/waterkit/waterkit/biometric)
Release	Run MarcoIeni/release-plz-action@v0.5	2026-02-21T16:21:28.9277657Z     \x1b[1m\x1b[91merror\x1b[0m: failed to publish waterkit-biometric v0.1.0 to registry at https://crates.io
Release	Run MarcoIeni/release-plz-action@v0.5	2026-02-21T16:21:28.9278098Z     
Release	Run MarcoIeni/release-plz-action@v0.5	2026-02-21T16:21:28.9278257Z     Caused by:
Release	Run MarcoIeni/release-plz-action@v0.5	2026-02-21T16:21:28.9279075Z       the remote server responded with an error (status 429 Too Many Requests): You have published too many new crates in a short period of time. Please try again after Sat, 21 Feb 2026 16:26:44 GMT or email help@crates.io to have your limit increased.
Release	Run MarcoIeni/release-plz-action@v0.5	2026-02-21T16:21:28.9280077Z     
Release	Run MarcoIeni/release-plz-action@v0.5	2026-02-21T16:21:28.9280247Z Error: failed to release package
Release	Run MarcoIeni/release-plz-action@v0.5	2026-02-21T16:21:28.9280413Z 
Release	Run MarcoIeni/release-plz-action@v0.5	2026-02-21T16:21:28.9280484Z Caused by:
Release	Run MarcoIeni/release-plz-action@v0.5	2026-02-21T16:21:28.9280912Z     failed to publish waterkit-biometric: [1m[92m    Updating[0m crates.io index
Release	Run MarcoIeni/release-plz-action@v0.5	2026-02-21T16:21:28.9281610Z     [1m[92m   Packaging[0m waterkit-biometric v0.1.0 (/home/runner/work/waterkit/waterkit/biometric)
Release	Run MarcoIeni/release-plz-action@v0.5	2026-02-21T16:21:28.9282101Z     [1m[92m    Updating[0m crates.io index
Release	Run MarcoIeni/release-plz-action@v0.5	2026-02-21T16:21:28.9282470Z     [1m[92m    Packaged[0m 15 files, 75.3KiB (20.8KiB compressed)
Release	Run MarcoIeni/release-plz-action@v0.5	2026-02-21T16:21:28.9283021Z     [1m[92m   Verifying[0m waterkit-biometric v0.1.0 (/home/runner/work/waterkit/waterkit/biometric)
Release	Run MarcoIeni/release-plz-action@v0.5	2026-02-21T16:21:28.9283819Z     [1m[92m   Compiling[0m waterkit-biometric v0.1.0 (/home/runner/work/waterkit/waterkit/target/package/waterkit-biometric-0.1.0)
Release	Run MarcoIeni/release-plz-action@v0.5	2026-02-21T16:21:28.9284879Z     [1m[92m   Compiling[0m tokio-macros v2.6.0
Release	Run MarcoIeni/release-plz-action@v0.5	2026-02-21T16:21:28.9285588Z     [1m[92m   Compiling[0m tokio v1.49.0
Release	Run MarcoIeni/release-plz-action@v0.5	2026-02-21T16:21:28.9286316Z     [1m[92m    Finished[0m `dev` profile [unoptimized + debuginfo] target(s) in 2.41s
Release	Run MarcoIeni/release-plz-action@v0.5	2026-02-21T16:21:28.9287629Z     [1m[92m   Uploading[0m waterkit-biometric v0.1.0 (/home/runner/work/waterkit/waterkit/biometric)
Release	Run MarcoIeni/release-plz-action@v0.5	2026-02-21T16:21:28.9288905Z     [1m[91merror[0m: failed to publish waterkit-biometric v0.1.0 to registry at https://crates.io
Release	Run MarcoIeni/release-plz-action@v0.5	2026-02-21T16:21:28.9289536Z     
Release	Run MarcoIeni/release-plz-action@v0.5	2026-02-21T16:21:28.9289698Z     Caused by:
Release	Run MarcoIeni/release-plz-action@v0.5	2026-02-21T16:21:28.9290533Z       the remote server responded with an error (status 429 Too Many Requests): You have published too many new crates in a short period of time. Please try again after Sat, 21 Feb 2026 16:26:44 GMT or email help@crates.io to have your limit increased.
Release	Run MarcoIeni/release-plz-action@v0.5	2026-02-21T16:21:28.9291406Z     
Release	Run MarcoIeni/release-plz-action@v0.5	2026-02-21T16:21:28.9301650Z ##[error]Process completed with exit code 1.
Release	Post Run actions/checkout@v4	﻿2026-02-21T16:21:28.9386886Z Post job cleanup.
Release	Post Run actions/checkout@v4	2026-02-21T16:21:29.0318645Z [command]/usr/bin/git version
Release	Post Run actions/checkout@v4	2026-02-21T16:21:29.0356436Z git version 2.52.0
Release	Post Run actions/checkout@v4	2026-02-21T16:21:29.0393190Z Copying '/home/runner/.gitconfig' to '/home/runner/work/_temp/831d2a77-22ea-453a-8b0d-65f51aa1567e/.gitconfig'
Release	Post Run actions/checkout@v4	2026-02-21T16:21:29.0402635Z Temporarily overriding HOME='/home/runner/work/_temp/831d2a77-22ea-453a-8b0d-65f51aa1567e' before making global git config changes
Release	Post Run actions/checkout@v4	2026-02-21T16:21:29.0403607Z Adding repository directory to the temporary git global config as a safe directory
Release	Post Run actions/checkout@v4	2026-02-21T16:21:29.0414993Z [command]/usr/bin/git config --global --add safe.directory /home/runner/work/waterkit/waterkit
Release	Post Run actions/checkout@v4	2026-02-21T16:21:29.0449840Z [command]/usr/bin/git config --local --name-only --get-regexp core\.sshCommand
Release	Post Run actions/checkout@v4	2026-02-21T16:21:29.0481141Z [command]/usr/bin/git submodule foreach --recursive sh -c "git config --local --name-only --get-regexp 'core\.sshCommand' && git config --local --unset-all 'core.sshCommand' || :"
Release	Post Run actions/checkout@v4	2026-02-21T16:21:29.0699970Z [command]/usr/bin/git config --local --name-only --get-regexp http\.https\:\/\/github\.com\/\.extraheader
Release	Post Run actions/checkout@v4	2026-02-21T16:21:29.0720665Z http.https://github.com/.extraheader
Release	Post Run actions/checkout@v4	2026-02-21T16:21:29.0733441Z [command]/usr/bin/git config --local --unset-all http.https://github.com/.extraheader
Release	Post Run actions/checkout@v4	2026-02-21T16:21:29.0763317Z [command]/usr/bin/git submodule foreach --recursive sh -c "git config --local --name-only --get-regexp 'http\.https\:\/\/github\.com\/\.extraheader' && git config --local --unset-all 'http.https://github.com/.extraheader' || :"
Release	Post Run actions/checkout@v4	2026-02-21T16:21:29.0986965Z [command]/usr/bin/git config --local --name-only --get-regexp ^includeIf\.gitdir:
Release	Post Run actions/checkout@v4	2026-02-21T16:21:29.1019223Z [command]/usr/bin/git submodule foreach --recursive git config --local --show-origin --name-only --get-regexp remote.origin.url
Release	Complete job	﻿2026-02-21T16:21:29.1356805Z Cleaning up orphan processes
